Season,Date,HomeTeam,AwayTeam,FTHG,FTAG,FTR,HTHG,HTAG,HTR,HS,AS,HST,AST,HF,AF,HC,AC,HY,AY,HR,AR,HomeElo,AwayElo,EloDiff,HomeRollingGoalsScored,HomeRollingGoalsConceded,HomeRollingPoints,AwayRollingGoalsScored,AwayRollingGoalsConceded,AwayRollingPoints,HomePromoted,AwayPromoted,HomeSquadValPercentile,AwaySquadValPercentile,HomeTransferImpact,AwayTransferImpact,HomeNetSpend,AwayNetSpend,HomeNewManager,AwayNewManager
2015-2016,2015-08-08,Bournemouth,Aston Villa,0,1,A,0,0,D,11,7,2,3,13,13,6,3,3,4,0,0,1500.0,1500.0,0.0,1.3,1.3,1.1,1.3,1.3,1.1,1,0,0.5,0.5,0.0,0.0,0.0,0.0,0,0
2015-2016,2015-08-08,Chelsea,Swansea,2,2,D,2,1,H,11,18,3,10,15,16,4,8,1,3,1,0,1500.0,1500.0,0.0,1.3,1.3,1.1,1.3,1.3,1.1,0,0,0.5,0.5,0.0,0.0,0.0,0.0,0,0
2015-2016,2015-08-08,Everton,Watford,2,2,D,0,1,A,10,11,5,5,7,13,8,2,1,2,0,0,1500.0,1500.0,0.0,1.3,1.3,1.1,1.3,1.3,1.1,0,1,0.5,0.5,0.0,0.0,0.0,0.0,0,0
2015-2016,2015-08-08,Leicester,Sunderland,4,2,H,3,0,H,19,10,8,5,13,17,6,3,2,4,0,0,1500.0,1500.0,0.0,1.3,1.3,1.1,1.3,1.3,1.1,0,0,0.5,0.5,0.0,0.0,0.0,0.0,0,0
2015-2016,2015-08-08,Man United,Tottenham,1,0,H,1,0,H,9,9,1,4,12,12,1,2,2,3,0,0,1500.0,1500.0,0.0,1.3,1.3,1.1,1.3,1.3,1.1,0,0,0.5,0.5,0.0,0.0,0.0,0.0,0,0
2015-2016,2015-08-08,Norwich,Crystal Palace,1,3,A,0,1,A,17,11,6,7,14,20,1,4,1,0,0,0,1500.0,1500.0,0.0,1.3,1.3,1.1,1.3,1.3,1.1,1,0,0.5,0.5,0.0,0.0,0.0,0.0,0,0
2015-2016,2015-08-09,Arsenal,West Ham,0,2,A,0,1,A,22,8,6,4,12,9,5,4,1,3,0,0,1500.0,1500.0,0.0,1.3,1.3,1.1,1.3,1.3,1.1,0,0,0.5,0.5,0.0,0.0,0.0,0.0,0,0
2015-2016,2015-08-09,Newcastle,Southampton,2,2,D,1,1,D,9,15,4,5,9,12,6,6,2,4,0,0,1500.0,1500.0,0.0,1.3,1.3,1.1,1.3,1.3,1.1,0,0,0.5,0.5,0.0,0.0,0.0,0.0,0,0
2015-2016,2015-08-09,Stoke,Liverpool,0,1,A,0,0,D,7,8,1,3,9,16,3,5,2,4,0,0,1500.0,1500.0,0.0,1.3,1.3,1.1,1.3,1.3,1.1,0,0,0.5,0.5,0.0,0.0,0.0,0.0,0,0
2015-2016,2015-08-10,West Brom,Man City,0,3,A,0,2,A,9,19,2,7,12,9,6,6,4,1,0,0,1500.0,1500.0,0.0,1.3,1.3,1.1,1.3,1.3,1.1,0,0,0.5,0.5,0.0,0.0,0.0,0.0,0,0
2015-2016,2015-08-14,Aston Villa,Man United,0,1,A,0,1,A,5,9,1,2,14,10,3,5,2,2,0,0,1512.8012999960577,1507.1987000039423,5.602599992115302,1.0,0.0,3.0,1.0,0.0,3.0,0,0,0.5,0.5,0.0,0.0,0.0,0.0,0,0
2015-2016,2015-08-15,Southampton,Everton,0,3,A,0,2,A,17,10,4,4,11,10,9,9,4,2,0,0,1502.8012999960577,1497.1987000039423,5.602599992115302,2.0,2.0,1.0,2.0,2.0,1.0,0,0,0.5,0.5,0.0,0.0,0.0,0.0,0,0
2015-2016,2015-08-15,Sunderland,Norwich,1,3,A,0,2,A,6,19,2,6,7,7,6,6,1,2,0,0,1492.8012999960577,1487.1987000039423,5.602599992115302,2.0,4.0,0.0,1.0,3.0,0.0,0,1,0.5,0.5,0.0,0.0,0.0,0.0,0,0
2015-2016,2015-08-15,Swansea,Newcastle,2,0,H,1,0,H,19,4,6,2,11,8,4,4,2,1,0,1,1502.8012999960577,1497.1987000039423,5.602599992115302,2.0,2.0,1.0,2.0,2.0,1.0,0,0,0.5,0.5,0.0,0.0,0.0,0.0,0,0
2015-2016,2015-08-15,Tottenham,Stoke,2,2,D,2,0,H,13,16,7,7,15,11,4,3,2,2,0,0,1492.8012999960577,1487.1987000039423,5.602599992115302,0.0,1.0,0.0,0.0,1.0,0.0,0,0,0.5,0.5,0.0,0.0,0.0,0.0,0,0
2015-2016,2015-08-15,Watford,West Brom,0,0,D,0,0,D,16,6,5,0,13,10,2,4,1,2,0,0,1502.8012999960577,1487.1987000039423,15.602599992115302,2.0,2.0,1.0,0.0,3.0,0.0,1,0,0.5,0.5,0.0,0.0,0.0,0.0,0,0
2015-2016,2015-08-15,West Ham,Leicester,1,2,A,0,2,A,10,11,3,6,11,12,8,4,1,3,1,0,1512.8012999960577,1507.1987000039423,5.602599992115302,2.0,0.0,3.0,4.0,2.0,3.0,0,0,0.5,0.5,0.0,0.0,0.0,0.0,0,0
2015-2016,2015-08-16,Crystal Palace,Arsenal,1,2,A,1,1,D,11,20,4,7,14,12,6,6,1,1,0,0,1512.8012999960577,1487.1987000039423,25.6025999921153,3.0,1.0,3.0,0.0,2.0,0.0,0,0,0.5,0.5,0.0,0.0,0.0,0.0,0,0
2015-2016,2015-08-16,Man City,Chelsea,3,0,H,1,0,H,18,10,8,3,19,13,5,1,4,2,0,0,1512.8012999960577,1497.1987000039423,15.602599992115302,3.0,0.0,3.0,2.0,2.0,1.0,0,0,0.5,0.5,0.0,0.0,0.0,0.0,0,0
2015-2016,2015-08-17,Liverpool,Bournemouth,1,0,H,1,0,H,18,13,2,2,11,18,6,8,1,4,0,0,1512.8012999960577,1487.1987000039423,25.6025999921153,1.0,0.0,3.0,0.0,1.0,0.0,0,1,0.5,0.5,0.0,0.0,0.0,0.0,0,0
2015-2016,2015-08-22,Man United,Newcastle,0,0,D,0,0,D,20,7,8,0,15,11,11,5,2,2,0,0,1520.1479205774972,1490.1479205774972,30.0,1.0,0.0,3.0,1.0,2.0,0.5,0,0,0.5,0.5,0.0,0.0,0.0,0.0,0,0
2015-2016,2015-08-22,Crystal Palace,Aston Villa,2,1,H,0,0,D,16,11,6,2,12,15,6,4,3,3,0,0,1499.3358366874975,1499.8520794225028,-0.5162427350053349,2.0,1.5,1.5,0.5,0.5,1.5,0,0,0.5,0.5,0.0,0.0,0.0,0.0,0,0
2015-2016,2015-08-22,Leicester,Tottenham,1,1,D,0,0,D,13,19,2,6,7,14,2,7,1,4,0,0,1520.1479205774972,1489.8520794225028,30.295841154994378,3.0,1.5,3.0,1.0,1.5,0.5,0,0,0.5,0.5,0.0,0.0,0.0,0.0,0,0
2015-2016,2015-08-22,Sunderland,Swansea,1,1,D,0,1,A,10,20,2,9,16,9,3,4,4,2,0,0,1479.8520794225028,1509.8520794225028,-30.0,1.5,3.5,0.0,2.0,1.0,2.0,0,0,0.5,0.5,0.0,0.0,0.0,0.0,0,0
2015-2016,2015-08-22,West Ham,Bournemouth,3,4,A,0,2,A,10,15,4,7,8,11,5,4,0,0,1,0,1499.8520794225028,1480.6641633125025,19.187916110000288,1.5,1.0,1.5,0.0,1.0,0.0,0,1,0.5,0.5,0.0,0.0,0.0,0.0,0,0
2015-2016,2015-08-22,Norwich,Stoke,1,1,D,1,1,D,21,6,7,1,16,5,9,0,4,1,0,0,1500.1479205774972,1490.1479205774972,10.0,2.0,2.0,1.5,1.0,1.5,0.5,1,0,0.5,0.5,0.0,0.0,0.0,0.0,0,0
2015-2016,2015-08-23,Everton,Man City,0,2,A,0,0,D,10,16,1,9,5,7,8,7,0,3,0,0,1510.1479205774972,1519.59157410193,-9.443653524432875,2.5,1.0,2.0,3.0,0.0,3.0,0,0,0.5,0.5,0.0,0.0,0.0,0.0,0,0
2015-2016,2015-08-23,Watford,Southampton,0,0,D,0,0,D,13,14,0,5,10,11,5,2,0,2,0,0,1499.59157410193,1489.8520794225028,9.739494679427253,1.0,1.0,1.0,1.0,2.5,0.5,1,0,0.5,0.5,0.0,0.0,0.0,0.0,0,0
2015-2016,2015-08-23,West Brom,Chelsea,2,3,A,1,3,A,15,15,6,5,9,12,8,7,2,1,0,1,1490.40842589807,1490.40842589807,0.0,0.0,1.5,0.5,1.0,2.5,0.5,0,0,0.5,0.5,0.0,0.0,0.0,0.0,0,0
2015-2016,2015-08-24,Arsenal,Liverpool,0,0,D,0,0,D,19,15,5,8,2,13,7,8,1,4,0,0,1500.6641633125025,1519.3358366874975,-18.671673374994953,1.0,1.5,1.5,1.0,0.0,3.0,0,0,0.5,0.5,0.0,0.0,0.0,0.0,0,0
2015-2016,2015-08-29,Chelsea,Crystal Palace,1,2,A,0,0,D,26,13,9,6,9,15,7,7,1,1,0,0,1503.2097258941276,1506.548235042498,-3.338509148370349,1.6666666666666667,2.3333333333333335,1.3333333333333333,2.0,1.3333333333333333,2.0,0,0,0.5,0.5,0.0,0.0,0.0,0.0,0,0
2015-2016,2015-08-29,Aston Villa,Sunderland,2,2,D,2,1,H,21,7,6,3,10,14,5,4,2,1,0,0,1492.6396810675024,1477.8641434883177,14.775537579184629,0.6666666666666666,1.0,1.0,1.3333333333333333,2.6666666666666665,0.3333333333333333,0,0,0.5,0.5,0.0,0.0,0.0,0.0,0,0
2015-2016,2015-08-29,Liverpool,West Ham,0,3,A,0,2,A,13,12,1,5,17,11,5,7,3,1,1,1,1521.6348163882976,1486.5501000405882,35.084716347709445,0.6666666666666666,0.0,2.3333333333333335,2.0,2.0,1.0,0,0,0.5,0.5,0.0,0.0,0.0,0.0,0,0
2015-2016,2015-08-29,Bournemouth,Leicester,1,1,D,1,0,H,5,4,2,2,9,19,4,4,2,4,0,0,1493.9661426944172,1516.5641585354754,-22.598015841058213,1.3333333333333333,1.6666666666666667,1.0,2.3333333333333335,1.3333333333333333,2.3333333333333335,1,0,0.5,0.5,0.0,0.0,0.0,0.0,0,0
2015-2016,2015-08-29,Tottenham,Everton,0,0,D,0,0,D,20,8,6,3,20,9,6,2,4,1,0,0,1493.4358414645246,1497.598960296883,-4.16311883235835,1.0,1.3333333333333333,0.6666666666666666,1.6666666666666667,1.3333333333333333,1.3333333333333333,0,0,0.5,0.5,0.0,0.0,0.0,0.0,0,0
2015-2016,2015-08-29,Stoke,West Brom,0,1,A,0,1,A,13,15,5,5,4,9,6,5,1,4,2,0,1493.2122639218746,1477.6071259020123,15.605138019862352,1.0,1.3333333333333333,0.6666666666666666,0.6666666666666666,2.0,0.3333333333333333,0,0,0.5,0.5,0.0,0.0,0.0,0.0,0,0
2015-2016,2015-08-29,Man City,Watford,2,0,H,0,0,D,18,7,5,0,9,12,9,3,1,2,0,0,1532.140534382544,1496.5340261913436,35.60650819120042,2.6666666666666665,0.0,3.0,0.6666666666666666,0.6666666666666666,1.0,0,1,0.5,0.5,0.0,0.0,0.0,0.0,0,0
2015-2016,2015-08-29,Newcastle,Arsenal,0,1,A,0,0,D,1,22,0,9,15,8,0,9,6,1,1,0,1493.7242589733924,1498.3651836117024,-4.640924638310025,0.6666666666666666,1.3333333333333333,0.6666666666666666,0.6666666666666666,1.0,1.3333333333333333,0,0,0.5,0.5,0.0,0.0,0.0,0.0,0,0
2015-2016,2015-08-30,Southampton,Norwich,3,0,H,1,0,H,23,6,8,1,4,12,6,4,0,0,0,1,1492.9096273330892,1497.0835772331197,-4.173949900030493,0.6666666666666666,1.6666666666666667,0.6666666666666666,1.6666666666666667,1.6666666666666667,1.3333333333333333,0,1,0.5,0.5,0.0,0.0,0.0,0.0,0,0
2015-2016,2015-08-30,Swansea,Man United,2,1,H,0,0,D,9,11,4,4,6,15,0,1,2,2,0,0,1511.840015356688,1516.571582181602,-4.731566824914125,1.6666666666666667,1.0,1.6666666666666667,0.6666666666666666,0.0,2.3333333333333335,0,0,0.5,0.5,0.0,0.0,0.0,0.0,0,0
2015-2016,2015-09-12,Arsenal,Stoke,2,0,H,1,0,H,29,9,12,4,6,13,13,1,1,1,0,0,1511.0429342283078,1480.0024725034816,31.040461724826173,0.75,0.75,1.75,0.75,1.25,0.5,0,0,0.5,0.5,0.0,0.0,0.0,0.0,0,0
2015-2016,2015-09-12,Crystal Palace,Man City,0,1,A,0,0,D,10,21,2,7,13,13,4,4,2,3,0,0,1519.2607492170291,1538.4242866002564,-19.16353738322732,2.0,1.25,2.25,2.5,0.0,3.0,0,0,0.5,0.5,0.0,0.0,0.0,0.0,0,0
2015-2016,2015-09-12,Everton,Chelsea,3,1,H,2,1,H,14,15,9,2,12,12,7,14,2,2,0,0,1500.2894724706528,1490.4972117195964,9.792260751056347,1.25,1.0,1.25,1.5,2.25,1.0,0,0,0.5,0.5,0.0,0.0,0.0,0.0,0,0
2015-2016,2015-09-12,Man United,Liverpool,3,1,H,0,0,D,9,8,3,4,6,11,4,4,1,2,0,0,1509.2469108038506,1507.9315200887372,1.3153907151133808,0.75,0.5,1.75,0.5,0.75,1.75,0,0,0.5,0.5,0.0,0.0,0.0,0.0,0,0
2015-2016,2015-09-12,Norwich,Bournemouth,3,1,H,1,0,H,12,7,4,2,10,11,4,4,2,3,0,0,1489.7738002279168,1491.7744735600186,-2.000673332101769,1.25,2.0,1.0,1.25,1.5,1.0,1,1,0.5,0.5,0.0,0.0,0.0,0.0,0,0
2015-2016,2015-09-12,Watford,Swansea,1,0,H,0,0,D,17,8,6,3,11,14,1,3,1,1,1,0,1490.2502739736312,1519.1646867344393,-28.91441276080809,0.5,1.0,0.75,1.75,1.0,2.0,1,0,0.5,0.5,0.0,0.0,0.0,0.0,0,0
2015-2016,2015-09-12,West Brom,Southampton,0,0,D,0,0,D,8,14,1,4,5,5,4,5,1,0,0,0,1490.8169173204053,1500.2194043382922,-9.40248701788687,0.75,1.5,1.0,1.25,1.25,1.25,0,0,0.5,0.5,0.0,0.0,0.0,0.0,0,0
2015-2016,2015-09-13,Leicester,Aston Villa,3,2,H,0,1,A,21,11,6,4,8,13,4,5,2,1,0,0,1518.755827669874,1489.451323781471,29.304503888402905,2.0,1.25,2.0,1.0,1.25,1.0,0,0,0.5,0.5,0.0,0.0,0.0,0.0,0,0
2015-2016,2015-09-13,Sunderland,Tottenham,0,1,A,0,0,D,12,15,2,4,11,12,6,8,2,1,0,0,1481.052500774349,1490.7453292907549,-9.692828516405825,1.5,2.5,0.5,0.75,1.0,0.75,0,0,0.5,0.5,0.0,0.0,0.0,0.0,0,0
2015-2016,2015-09-14,West Ham,Newcastle,2,0,H,1,0,H,17,14,3,4,8,11,6,7,0,2,0,0,1500.2533963401486,1481.046508356787,19.20688798336164,2.25,1.5,1.5,0.5,1.25,0.5,0,0,0.5,0.5,0.0,0.0,0.0,0.0,0,0
2015-2016,2015-09-19,Aston Villa,West Brom,0,1,A,0,1,A,13,11,3,6,10,11,2,7,2,3,0,0,1483.0101920462753,1488.2668491891325,-5.256657142857193,1.2,1.6,0.8,0.6,1.2,1.0,0,0,0.5,0.5,0.0,0.0,0.0,0.0,0,0
2015-2016,2015-09-19,Bournemouth,Sunderland,2,0,H,2,0,H,15,9,5,2,14,15,7,3,2,4,0,1,1484.522623178507,1468.5102475832525,16.012375595254525,1.2,1.8,0.8,1.2,2.2,0.4,1,0,0.5,0.5,0.0,0.0,0.0,0.0,0,0
2015-2016,2015-09-19,Chelsea,Arsenal,2,0,H,0,0,D,22,9,7,2,12,11,5,5,3,1,0,2,1483.556136315923,1517.4405072224006,-33.88437090647767,1.4,2.4,0.8,1.0,0.6,2.0,0,0,0.5,0.5,0.0,0.0,0.0,0.0,0,0
2015-2016,2015-09-19,Man City,West Ham,1,2,A,1,2,A,27,6,8,3,10,7,16,3,1,2,0,0,1550.7098532005116,1506.9509304492794,43.75892275123215,2.2,0.0,3.0,2.2,1.2,1.8,0,0,0.5,0.5,0.0,0.0,0.0,0.0,0,0
2015-2016,2015-09-19,Newcastle,Watford,1,2,A,0,2,A,15,13,5,4,8,12,5,5,1,2,0,0,1474.348974247656,1498.232345850074,-23.88337160241781,0.4,1.4,0.4,0.6,0.8,1.2,0,1,0.5,0.5,0.0,0.0,0.0,0.0,0,0
2015-2016,2015-09-19,Stoke,Leicester,2,2,D,2,0,H,11,12,4,5,7,12,3,4,1,4,0,0,1473.6048995093888,1525.1969594050697,-51.592059895680904,0.6,1.4,0.4,2.2,1.4,2.2,0,0,0.5,0.5,0.0,0.0,0.0,0.0,0,0
2015-2016,2015-09-19,Swansea,Everton,0,0,D,0,0,D,12,17,3,2,12,11,2,4,2,2,0,1,1511.1826148579967,1507.2305478743262,3.95206698367042,1.4,1.0,1.6,1.6,1.0,1.6,0,0,0.5,0.5,0.0,0.0,0.0,0.0,0,0
2015-2016,2015-09-20,Liverpool,Norwich,1,1,D,0,0,D,23,7,7,2,4,13,6,2,1,2,0,0,1500.7676719635951,1497.0256506094283,3.742021354166809,0.6,1.2,1.4,1.6,1.8,1.4,0,1,0.5,0.5,0.0,0.0,0.0,0.0,0,0
2015-2016,2015-09-20,Southampton,Man United,2,3,A,1,1,D,15,10,8,3,6,13,5,5,2,0,0,0,1502.769472469565,1516.4107589289927,-13.641286459427647,1.0,1.0,1.2,1.2,0.6,2.0,0,0,0.5,0.5,0.0,0.0,0.0,0.0,0,0
2015-2016,2015-09-20,Tottenham,Crystal Palace,1,0,H,0,0,D,22,12,6,4,9,11,6,5,1,2,0,0,1503.2875824818514,1506.975182616774,-3.6876001349226044,0.8,0.8,1.2,1.6,1.2,1.8,0,0,0.5,0.5,0.0,0.0,0.0,0.0,0,0
2015-2016,2015-09-26,Leicester,Arsenal,2,5,A,1,2,A,16,26,7,12,9,12,6,5,1,1,0,0,1526.5813055546878,1509.3208255335167,17.260480021171134,2.1666666666666665,1.5,2.0,0.8333333333333334,0.8333333333333334,1.6666666666666667,0,0,0.5,0.5,0.0,0.0,0.0,0.0,0,0
2015-2016,2015-09-26,Liverpool,Aston Villa,3,2,H,1,0,H,21,10,12,4,8,13,11,1,0,0,0,0,1497.8674221428666,1470.3489006854493,27.518521457417364,0.6666666666666666,1.1666666666666667,1.3333333333333333,1.0,1.5,0.6666666666666666,0,0,0.5,0.5,0.0,0.0,0.0,0.0,0,0
2015-2016,2015-09-26,Man United,Sunderland,3,0,H,1,0,H,12,9,7,4,12,17,5,2,0,3,0,0,1528.8464079410878,1461.7305486711382,67.11585926994962,1.5,0.8333333333333334,2.1666666666666665,1.0,2.1666666666666665,0.3333333333333333,0,0,0.5,0.5,0.0,0.0,0.0,0.0,0,0
2015-2016,2015-09-26,Newcastle,Chelsea,2,2,D,1,0,H,11,16,5,4,12,15,4,6,1,2,0,0,1462.1925519965093,1491.6758180048068,-29.483266008297505,0.5,1.5,0.3333333333333333,1.5,2.0,1.1666666666666667,0,0,0.5,0.5,0.0,0.0,0.0,0.0,0,0
2015-2016,2015-09-26,Southampton,Swansea,3,1,H,1,0,H,18,11,7,4,18,14,4,3,3,1,0,0,1490.3338234574699,1508.2768289319317,-17.94300547446187,1.1666666666666667,1.3333333333333333,1.0,1.1666666666666667,0.8333333333333334,1.5,0,0,0.5,0.5,0.0,0.0,0.0,0.0,0,0
2015-2016,2015-09-26,Stoke,Bournemouth,2,1,H,1,0,H,8,11,5,6,13,11,3,7,1,0,0,0,1472.2205533597707,1491.3023220906214,-19.081768730850627,0.8333333333333334,1.5,0.5,1.3333333333333333,1.5,1.1666666666666667,0,1,0.5,0.5,0.0,0.0,0.0,0.0,0,0
2015-2016,2015-09-26,Tottenham,Man City,4,1,H,1,1,D,15,22,8,8,17,6,5,9,5,1,0,0,1510.5843792090873,1536.7931505111453,-26.20877130205804,0.8333333333333334,0.6666666666666666,1.5,2.0,0.3333333333333333,2.5,0,0,0.5,0.5,0.0,0.0,0.0,0.0,0,0
2015-2016,2015-09-26,West Ham,Norwich,2,2,D,1,1,D,19,16,7,7,7,17,7,5,0,0,0,0,1520.8676331386457,1499.9259004301568,20.94173270848887,2.1666666666666665,1.1666666666666667,2.0,1.5,1.6666666666666667,1.3333333333333333,0,1,0.5,0.5,0.0,0.0,0.0,0.0,0,0
2015-2016,2015-09-27,Watford,Crystal Palace,0,1,A,0,0,D,15,16,2,3,17,22,6,4,4,4,0,0,1510.3887681012206,1499.678385889538,10.7103822116826,0.8333333333333334,0.8333333333333334,1.5,1.3333333333333333,1.1666666666666667,1.5,1,0,0.5,0.5,0.0,0.0,0.0,0.0,0,0
2015-2016,2015-09-28,West Brom,Everton,2,3,A,1,0,H,9,12,4,4,9,8,6,4,0,3,0,0,1500.9281405499585,1510.1363338003912,-9.208193250432714,0.6666666666666666,1.0,1.3333333333333333,1.3333333333333333,0.8333333333333334,1.5,0,0,0.5,0.5,0.0,0.0,0.0,0.0,0,0
2015-2016,2015-10-03,Chelsea,Southampton,1,3,A,1,1,D,10,13,3,5,14,14,4,6,2,5,0,0,1493.6780347494205,1498.0149890850857,-4.3369543356652684,1.5714285714285714,2.0,1.1428571428571428,1.4285714285714286,1.2857142857142858,1.2857142857142858,0,0,0.5,0.5,0.0,0.0,0.0,0.0,0,0
2015-2016,2015-10-03,Bournemouth,Watford,1,1,D,1,1,D,12,11,6,2,8,13,5,3,1,1,0,0,1483.5901191198511,1497.305909901453,-13.715790781601982,1.2857142857142858,1.5714285714285714,1.0,0.7142857142857143,0.8571428571428571,1.2857142857142858,1,1,0.5,0.5,0.0,0.0,0.0,0.0,0,0
2015-2016,2015-10-03,Norwich,Leicester,1,2,A,0,1,A,17,16,2,5,4,4,16,8,0,1,0,0,1503.272779742166,1513.3288438482023,-10.056064106036274,1.5714285714285714,1.7142857142857142,1.2857142857142858,2.142857142857143,2.0,1.7142857142857142,1,0,0.5,0.5,0.0,0.0,0.0,0.0,0,0
2015-2016,2015-10-03,Aston Villa,Stoke,0,1,A,0,0,D,13,12,2,5,12,12,9,5,1,0,0,0,1463.862793045179,1479.932756330541,-16.069963285362064,1.1428571428571428,1.7142857142857142,0.5714285714285714,1.0,1.4285714285714286,0.8571428571428571,0,0,0.5,0.5,0.0,0.0,0.0,0.0,0,0
2015-2016,2015-10-03,Man City,Newcastle,6,1,H,1,1,D,23,6,11,4,13,8,6,3,3,1,0,0,1528.8856634605163,1460.1903352518957,68.6953282086206,1.8571428571428572,0.8571428571428571,2.142857142857143,0.7142857142857143,1.5714285714285714,0.42857142857142855,0,0,0.5,0.5,0.0,0.0,0.0,0.0,0,0
2015-2016,2015-10-03,Sunderland,West Ham,2,2,D,2,1,H,12,20,3,6,14,11,1,8,2,4,1,0,1456.2009747258383,1517.5207538266366,-61.319779100798314,0.8571428571428571,2.2857142857142856,0.2857142857142857,2.142857142857143,1.2857142857142858,1.8571428571428572,0,0,0.5,0.5,0.0,0.0,0.0,0.0,0,0
2015-2016,2015-10-03,Crystal Palace,West Brom,2,0,H,0,0,D,21,7,8,2,14,13,8,3,3,3,0,0,1512.7612440893056,1488.372844594397,24.388399494908526,1.2857142857142858,1.0,1.7142857142857142,0.8571428571428571,1.2857142857142858,1.1428571428571428,0,0,0.5,0.5,0.0,0.0,0.0,0.0,0,0
2015-2016,2015-10-04,Arsenal,Man United,3,0,H,3,0,H,12,9,5,5,8,17,3,6,1,3,0,0,1522.5732872400022,1534.3759818863878,-11.80269464638559,1.4285714285714286,1.0,1.8571428571428572,1.7142857142857142,0.7142857142857143,2.2857142857142856,0,0,0.5,0.5,0.0,0.0,0.0,0.0,0,0
2015-2016,2015-10-04,Everton,Liverpool,1,1,D,1,1,D,14,13,4,4,10,19,5,11,3,3,0,0,1522.6916297559526,1504.353529783137,18.3380999728156,1.5714285714285714,1.0,1.7142857142857142,1.0,1.2857142857142858,1.5714285714285714,0,0,0.5,0.5,0.0,0.0,0.0,0.0,0,0
2015-2016,2015-10-04,Swansea,Tottenham,2,2,D,2,1,H,11,19,2,11,8,19,5,6,1,4,0,0,1500.5956633043158,1518.4918662597163,-17.89620295540044,1.1428571428571428,1.1428571428571428,1.2857142857142858,1.2857142857142858,0.7142857142857143,1.7142857142857142,0,0,0.5,0.5,0.0,0.0,0.0,0.0,0,0
2015-2016,2015-10-17,Everton,Man United,0,3,A,0,2,A,12,10,3,7,12,14,5,3,2,2,0,0,1519.4114607654792,1526.8613459269775,-7.449885161498287,1.5,1.0,1.625,1.5,1.0,2.0,0,0,0.5,0.5,0.0,0.0,0.0,0.0,0,0
2015-2016,2015-10-17,Chelsea,Aston Villa,2,0,H,1,0,H,9,8,3,1,22,17,4,4,1,3,0,0,1480.9921644000735,1451.4930111309093,29.499153269164253,1.5,2.125,1.0,1.0,1.625,0.5,0,0,0.5,0.5,0.0,0.0,0.0,0.0,0,0
2015-2016,2015-10-17,Man City,Bournemouth,5,1,H,4,1,H,15,5,11,1,11,5,1,7,2,1,0,0,1534.3789358634745,1481.1564874053697,53.222448458104736,2.375,0.875,2.25,1.25,1.5,1.0,0,1,0.5,0.5,0.0,0.0,0.0,0.0,0,0
2015-2016,2015-10-17,Crystal Palace,West Ham,1,3,A,1,1,D,6,24,1,4,9,11,1,9,1,3,1,0,1519.3265684441092,1518.629483139537,0.6970853045722833,1.375,0.875,1.875,2.125,1.375,1.75,0,0,0.5,0.5,0.0,0.0,0.0,0.0,0,0
2015-2016,2015-10-17,West Brom,Sunderland,1,0,H,0,0,D,8,9,1,2,12,13,1,5,2,2,0,0,1481.8075202395935,1455.092245412938,26.71527482665556,0.75,1.375,1.0,1.0,2.25,0.375,0,0,0.5,0.5,0.0,0.0,0.0,0.0,0,0
2015-2016,2015-10-17,Watford,Arsenal,0,3,A,0,0,D,8,17,1,6,11,12,3,9,2,1,0,0,1499.7395416159345,1530.0879231994124,-30.34838158347793,0.75,0.875,1.25,1.625,0.875,2.0,1,0,0.5,0.5,0.0,0.0,0.0,0.0,0,0
2015-2016,2015-10-17,Southampton,Leicester,2,2,D,2,0,H,14,26,6,7,16,10,6,7,2,0,0,0,1510.7008594344327,1525.8613153789,-15.16045594446723,1.625,1.25,1.5,2.125,1.875,1.875,0,0,0.5,0.5,0.0,0.0,0.0,0.0,0,0
2015-2016,2015-10-17,Tottenham,Liverpool,0,0,D,0,0,D,13,12,4,3,15,11,8,6,1,2,0,0,1520.8119752444095,1507.6336987736104,13.17827647079912,1.375,0.875,1.625,1.0,1.25,1.5,0,0,0.5,0.5,0.0,0.0,0.0,0.0,0,0
2015-2016,2015-10-18,Newcastle,Norwich,6,2,H,3,2,H,11,18,6,6,10,10,3,7,1,1,0,0,1454.6970628489375,1490.7403082114683,-36.0432453625308,0.75,2.125,0.375,1.5,1.75,1.125,0,1,0.5,0.5,0.0,0.0,0.0,0.0,0,0
2015-2016,2015-10-19,Swansea,Stoke,0,1,A,0,1,A,14,9,2,2,6,14,1,2,2,2,0,0,1498.2755543196226,1492.3025382448106,5.973016074811994,1.25,1.25,1.25,1.0,1.25,1.125,0,0,0.5,0.5,0.0,0.0,0.0,0.0,0,0
2015-2016,2015-10-24,Stoke,Watford,0,2,A,0,1,A,12,13,1,3,10,18,11,5,3,1,0,0,1505.2614898659358,1487.761238561751,17.500251304184758,1.0,1.1111111111111112,1.3333333333333333,0.6666666666666666,1.1111111111111112,1.1111111111111112,0,1,0.5,0.5,0.0,0.0,0.0,0.0,0,0
2015-2016,2015-10-24,West Ham,Chelsea,2,1,H,1,0,H,12,8,5,4,10,12,7,4,1,5,0,1,1531.4492619954897,1487.4284042335569,44.0208577619328,2.2222222222222223,1.3333333333333333,1.8888888888888888,1.5555555555555556,1.8888888888888888,1.2222222222222223,0,0,0.5,0.5,0.0,0.0,0.0,0.0,0,0
2015-2016,2015-10-24,Arsenal,Everton,2,1,H,2,1,H,20,10,5,5,11,14,7,5,2,0,0,1,1542.066226253596,1506.808922611102,35.25730364249398,1.7777777777777777,0.7777777777777778,2.111111111111111,1.3333333333333333,1.2222222222222223,1.4444444444444444,0,0,0.5,0.5,0.0,0.0,0.0,0.0,0,0
2015-2016,2015-10-24,Aston Villa,Swansea,1,2,A,0,0,D,9,11,3,4,10,8,4,6,2,3,0,0,1445.056771297426,1485.3166026984975,-40.25983140107155,0.8888888888888888,1.6666666666666667,0.4444444444444444,1.1111111111111112,1.2222222222222223,1.1111111111111112,0,0,0.5,0.5,0.0,0.0,0.0,0.0,0,0
2015-2016,2015-10-24,Leicester,Crystal Palace,1,0,H,0,0,D,12,9,3,4,7,11,3,2,3,1,0,0,1528.2557895382988,1506.5067895881564,21.748999950142434,2.111111111111111,1.8888888888888888,1.7777777777777777,1.3333333333333333,1.1111111111111112,1.6666666666666667,0,0,0.5,0.5,0.0,0.0,0.0,0.0,0,0
2015-2016,2015-10-24,Norwich,West Brom,0,1,A,0,0,D,16,7,3,4,11,6,13,3,1,2,0,0,1482.560616706925,1488.3139089751578,-5.753292268232826,1.5555555555555556,2.2222222222222223,1.0,0.7777777777777778,1.2222222222222223,1.2222222222222223,1,0,0.5,0.5,0.0,0.0,0.0,0.0,0,0
2015-2016,2015-10-25,Liverpool,Southampton,1,1,D,0,0,D,15,8,2,3,8,11,10,7,1,0,0,1,1510.7806962847887,1508.3063852750338,2.474311009754956,0.8888888888888888,1.1111111111111112,1.4444444444444444,1.6666666666666667,1.3333333333333333,1.4444444444444444,0,0,0.5,0.5,0.0,0.0,0.0,0.0,0,0
2015-2016,2015-10-25,Bournemouth,Tottenham,1,5,A,1,3,A,11,14,3,9,8,15,4,5,0,1,0,0,1475.3012973614498,1517.6649777332311,-42.363680371781356,1.2222222222222223,1.8888888888888888,0.8888888888888888,1.2222222222222223,0.7777777777777778,1.5555555555555556,1,0,0.5,0.5,0.0,0.0,0.0,0.0,0,0
2015-2016,2015-10-25,Sunderland,Newcastle,3,0,H,1,0,H,9,21,3,8,12,10,1,10,0,2,0,1,1448.5858566773736,1462.876754353481,-14.290897676107306,0.8888888888888888,2.111111111111111,0.3333333333333333,1.3333333333333333,2.111111111111111,0.6666666666666666,0,0,0.5,0.5,0.0,0.0,0.0,0.0,0,0
2015-2016,2015-10-25,Man United,Man City,0,0,D,0,0,D,6,6,1,1,17,13,6,4,2,2,0,0,1539.463884081355,1540.2341259073944,-0.7702418260394097,1.6666666666666667,0.8888888888888888,2.111111111111111,2.6666666666666665,0.8888888888888888,2.3333333333333335,0,0,0.5,0.5,0.0,0.0,0.0,0.0,0,0
2015-2016,2015-10-31,Chelsea,Liverpool,1,3,A,1,1,D,8,16,2,7,9,21,1,7,1,4,0,0,1481.3514875937553,1507.913900215249,-26.56241262149365,1.5,1.9,1.1,0.9,1.1,1.4,0,0,0.5,0.5,0.0,0.0,0.0,0.0,0,0
2015-2016,2015-10-31,Crystal Palace,Man United,0,0,D,0,0,D,10,5,5,1,12,15,7,3,3,3,0,0,1499.8742851556874,1536.6830263982276,-36.808741242540236,1.2,1.1,1.5,1.5,0.8,2.0,0,0,0.5,0.5,0.0,0.0,0.0,0.0,0,0
2015-2016,2015-10-31,Man City,Norwich,2,1,H,0,0,D,21,5,5,3,4,13,12,4,2,2,0,1,1543.0149835905218,1469.912612309223,73.1023712812987,2.4,0.8,2.2,1.4,2.1,0.9,0,1,0.5,0.5,0.0,0.0,0.0,0.0,0,0
2015-2016,2015-10-31,Newcastle,Stoke,0,0,D,0,0,D,15,9,6,2,6,16,11,4,1,3,0,0,1455.2948072558454,1492.0028584140061,-36.70805115816074,1.2,2.2,0.6,0.9,1.2,1.2,0,0,0.5,0.5,0.0,0.0,0.0,0.0,0,0
2015-2016,2015-10-31,Swansea,Arsenal,0,3,A,0,0,D,8,15,3,5,12,7,4,4,2,0,0,0,1497.0193154693711,1548.3586445388135,-51.33932906944233,1.2,1.2,1.3,1.8,0.8,2.2,0,0,0.5,0.5,0.0,0.0,0.0,0.0,0,0
2015-2016,2015-10-31,Watford,West Ham,2,0,H,1,0,H,20,8,5,3,16,12,7,2,3,0,0,1,1501.0198700136807,1537.5261786352912,-36.506308621610515,0.8,1.0,1.3,2.2,1.3,2.0,1,0,0.5,0.5,0.0,0.0,0.0,0.0,0,0
2015-2016,2015-10-31,West Brom,Leicester,2,3,A,1,0,H,14,13,6,5,3,11,6,4,0,2,0,0,1500.9619133728597,1534.8882939707678,-33.926380597908064,0.8,1.1,1.4,2.0,1.7,1.9,0,0,0.5,0.5,0.0,0.0,0.0,0.0,0,0
2015-2016,2015-11-01,Everton,Sunderland,6,2,H,2,1,H,15,17,8,9,6,5,6,1,3,2,0,0,1500.5165043258844,1456.1678037750091,44.348700550875265,1.3,1.3,1.3,1.1,1.9,0.6,0,0,0.5,0.5,0.0,0.0,0.0,0.0,0,0
2015-2016,2015-11-01,Southampton,Bournemouth,2,0,H,2,0,H,11,16,2,2,5,5,4,6,0,2,1,0,1511.1731813445735,1463.6574426081913,47.51573873638222,1.6,1.3,1.4,1.2,2.2,0.8,0,1,0.5,0.5,0.0,0.0,0.0,0.0,0,0
2015-2016,2015-11-02,Tottenham,Aston Villa,3,1,H,2,0,H,17,13,6,2,6,15,4,3,0,3,0,0,1529.3088324864896,1433.3540585265523,95.95477395993726,1.6,0.8,1.7,0.9,1.7,0.4,0,0,0.5,0.5,0.0,0.0,0.0,0.0,0,0
2015-2016,2015-11-07,Man United,West Brom,2,0,H,0,0,D,13,4,3,0,11,10,5,1,1,3,0,1,1538.4820236984874,1489.0827614741931,49.39926222429426,1.4,0.8,1.8,1.0,1.1,1.4,0,0,0.5,0.5,0.0,0.0,0.0,0.0,0,0
2015-2016,2015-11-07,Leicester,Watford,2,1,H,0,0,D,12,8,6,4,10,10,4,2,0,1,0,0,1546.7674458694344,1509.2124510422973,37.55499482713708,1.9,1.7,1.9,0.8,0.8,1.5,0,1,0.5,0.5,0.0,0.0,0.0,0.0,0,0
2015-2016,2015-11-07,Sunderland,Southampton,0,1,A,0,0,D,9,11,3,4,3,7,10,11,1,3,0,0,1450.0988679856275,1517.165326119442,-67.06645813381442,1.1,2.1,0.6,1.6,1.1,1.6,0,0,0.5,0.5,0.0,0.0,0.0,0.0,0,0
2015-2016,2015-11-07,Bournemouth,Newcastle,0,1,A,0,1,A,20,2,5,1,9,11,16,0,2,2,0,0,1457.665297833323,1453.4930058019204,4.172292031402549,1.2,2.3,0.8,1.0,2.0,0.6,1,0,0.5,0.5,0.0,0.0,0.0,0.0,0,0
2015-2016,2015-11-07,Stoke,Chelsea,1,0,H,0,0,D,8,19,2,4,13,10,1,9,3,1,0,0,1493.8046598679312,1469.2687096479335,24.53595021999763,0.9,1.1,1.3,1.4,2.0,1.0,0,0,0.5,0.5,0.0,0.0,0.0,0.0,0,0
2015-2016,2015-11-07,West Ham,Everton,1,1,D,1,1,D,16,13,5,4,11,12,3,5,1,2,0,0,1529.3335976066746,1506.585440115266,22.74815749140862,2.0,1.5,1.7,1.7,1.3,1.5,0,0,0.5,0.5,0.0,0.0,0.0,0.0,0,0
2015-2016,2015-11-07,Norwich,Swansea,1,0,H,0,0,D,9,8,5,0,12,7,5,2,1,0,0,0,1464.5198419355786,1485.6278352648792,-21.107993329300598,1.4,2.0,0.9,1.0,1.3,1.2,1,0,0.5,0.5,0.0,0.0,0.0,0.0,0,0
2015-2016,2015-11-08,Arsenal,Tottenham,1,1,D,0,1,A,10,14,4,4,12,17,7,6,0,1,0,0,1559.7501247433054,1534.1994166650368,25.5507080782686,2.1,0.6,2.5,1.9,0.8,2.0,0,0,0.5,0.5,0.0,0.0,0.0,0.0,0,0
2015-2016,2015-11-08,Aston Villa,Man City,0,0,D,0,0,D,3,13,0,3,7,7,3,8,1,1,0,0,1428.463474348005,1548.4077539641662,-119.94427961616111,0.9,2.0,0.1,2.3,0.9,2.2,0,0,0.5,0.5,0.0,0.0,0.0,0.0,0,0
2015-2016,2015-11-08,Liverpool,Crystal Palace,1,2,A,1,1,D,22,9,4,4,7,6,14,6,1,2,0,0,1519.9966781610708,1498.0752878554276,21.921390305643172,1.1,1.2,1.4,0.9,1.0,1.3,0,0,0.5,0.5,0.0,0.0,0.0,0.0,0,0
2015-2016,2015-11-21,Man City,Liverpool,1,4,A,1,3,A,11,14,3,9,5,13,11,5,0,3,0,0,1547.8343411599683,1506.6247842042033,41.20955695576504,2.0,0.9,2.0,1.1,1.4,1.1,0,0,0.5,0.5,0.0,0.0,0.0,0.0,0,0
2015-2016,2015-11-21,Chelsea,Norwich,1,0,H,0,0,D,21,4,7,2,4,12,6,5,1,4,0,0,1462.707130596939,1472.2873850994902,-9.58025450255127,1.4,1.8,1.0,1.2,1.9,0.9,0,1,0.5,0.5,0.0,0.0,0.0,0.0,0,0
2015-2016,2015-11-21,Everton,Aston Villa,4,0,H,3,0,H,16,10,9,3,6,9,2,3,0,0,0,0,1509.9784078381674,1429.036887152203,80.9415206859644,1.5,1.4,1.3,0.9,1.9,0.2,0,0,0.5,0.5,0.0,0.0,0.0,0.0,0,0
2015-2016,2015-11-21,Newcastle,Leicester,0,3,A,0,1,A,9,18,1,7,9,12,4,9,4,1,0,0,1466.4045940405406,1553.002962366363,-86.59836832582232,1.1,1.8,0.9,1.9,1.7,1.9,0,0,0.5,0.5,0.0,0.0,0.0,0.0,0,0
2015-2016,2015-11-21,Southampton,Stoke,0,1,A,0,1,A,16,16,1,4,8,8,7,3,2,0,0,0,1528.110400780449,1500.3662389189258,27.744161861523253,1.7,0.8,1.9,0.8,0.9,1.5,0,0,0.5,0.5,0.0,0.0,0.0,0.0,0,0
2015-2016,2015-11-21,Watford,Man United,1,2,A,0,1,A,10,13,5,6,6,12,4,10,1,2,0,0,1502.9769345453687,1544.428763455437,-41.45182891006834,0.9,1.0,1.4,1.5,0.8,1.8,1,0,0.5,0.5,0.0,0.0,0.0,0.0,0,0
2015-2016,2015-11-21,West Brom,Arsenal,2,1,H,2,1,H,4,11,1,3,14,10,3,5,3,2,0,0,1483.1360217172435,1556.2859757028484,-73.14995398560495,1.0,1.3,1.3,2.0,0.6,2.3,0,0,0.5,0.5,0.0,0.0,0.0,0.0,0,0
2015-2016,2015-11-21,Swansea,Bournemouth,2,2,D,2,2,D,11,16,4,4,7,9,4,5,3,2,0,0,1477.8602921009676,1444.7537095947027,33.106582506264886,0.8,1.4,0.9,1.2,2.3,0.8,0,1,0.5,0.5,0.0,0.0,0.0,0.0,0,0
2015-2016,2015-11-22,Tottenham,West Ham,4,1,H,2,0,H,22,10,12,4,13,9,7,6,2,2,0,0,1537.6635657054937,1525.9406298837732,11.722935821720512,1.8,0.7,2.0,2.0,1.4,1.8,0,0,0.5,0.5,0.0,0.0,0.0,0.0,0,0
2015-2016,2015-11-23,Crystal Palace,Sunderland,0,1,A,0,0,D,19,12,7,4,18,11,11,2,1,3,0,0,1511.4471818122952,1439.1537933246204,72.29338848767475,1.0,0.9,1.6,1.0,1.9,0.6,0,0,0.5,0.5,0.0,0.0,0.0,0.0,0,0
2015-2016,2015-11-28,Bournemouth,Everton,3,3,D,0,2,A,19,11,10,6,6,6,10,5,2,0,0,0,1448.4077756890094,1515.1953007432696,-66.78752505426019,1.0,2.2,0.6,1.9,1.2,1.6,1,0,0.5,0.5,0.0,0.0,0.0,0.0,0,0
2015-2016,2015-11-28,Crystal Palace,Newcastle,5,1,H,3,1,H,19,7,8,2,7,13,7,5,1,1,0,0,1496.8583137694243,1456.0190552664476,40.83925850297669,0.8,0.9,1.3,1.1,2.1,0.8,0,0,0.5,0.5,0.0,0.0,0.0,0.0,0,0
2015-2016,2015-11-28,Aston Villa,Watford,2,3,A,1,1,D,12,14,6,6,6,13,10,10,2,3,0,0,1423.8199942471008,1491.3075548812114,-67.48756063411065,0.8,2.1,0.2,1.0,1.2,1.3,0,1,0.5,0.5,0.0,0.0,0.0,0.0,0,0
2015-2016,2015-11-28,Man City,Southampton,3,1,H,2,0,H,16,12,9,8,14,11,6,4,2,1,0,0,1533.9799366516806,1514.5908171660658,19.389119485614856,1.9,1.3,1.7,1.7,0.9,1.8,0,0,0.5,0.5,0.0,0.0,0.0,0.0,0,0
2015-2016,2015-11-28,Sunderland,Stoke,2,0,H,0,0,D,18,7,5,3,4,10,9,5,0,2,0,1,1453.7426613674913,1513.885822533309,-60.14316116581767,1.0,1.8,0.8,0.8,0.8,1.7,0,0,0.5,0.5,0.0,0.0,0.0,0.0,0,0
2015-2016,2015-11-28,Leicester,Man United,1,1,D,1,1,D,7,10,3,2,5,7,1,8,0,1,0,0,1563.388501140456,1556.0981431195944,7.290358020861504,2.1,1.6,2.1,1.7,0.9,2.0,0,0,0.5,0.5,0.0,0.0,0.0,0.0,0,0
2015-2016,2015-11-29,Liverpool,Swansea,1,0,H,0,0,D,10,8,2,0,12,6,8,7,3,1,0,0,1520.479188712491,1474.206226006661,46.27296270582997,1.5,1.5,1.3,0.9,1.5,0.9,0,0,0.5,0.5,0.0,0.0,0.0,0.0,0,0
2015-2016,2015-11-29,Norwich,Arsenal,1,1,D,1,1,D,7,12,2,3,8,6,3,6,1,1,0,0,1464.832668769482,1547.0572473387126,-82.22457856923052,1.1,1.9,0.8,2.1,0.8,2.2,1,0,0.5,0.5,0.0,0.0,0.0,0.0,0,0
2015-2016,2015-11-29,Tottenham,Chelsea,0,0,D,0,0,D,9,5,4,1,14,9,4,4,4,2,0,0,1544.5543574345345,1470.161846926947,74.39251050758753,2.1,0.7,2.2,1.2,1.6,1.0,0,0,0.5,0.5,0.0,0.0,0.0,0.0,0,0
2015-2016,2015-11-29,West Ham,West Brom,1,1,D,1,0,H,17,7,6,3,15,16,5,2,0,2,0,0,1519.0498381547325,1492.3647500813793,26.6850880733532,1.8,1.4,1.8,1.0,1.1,1.6,0,0,0.5,0.5,0.0,0.0,0.0,0.0,0,0
2015-2016,2015-12-05,Arsenal,Sunderland,3,1,H,1,1,D,16,11,7,4,7,11,3,2,1,1,0,0,1547.568419169554,1462.6004952563724,84.96792391318172,2.1,0.9,2.0,1.0,1.6,1.0,0,0,0.5,0.5,0.0,0.0,0.0,0.0,0,0
2015-2016,2015-12-05,Chelsea,Bournemouth,0,1,A,0,0,D,19,15,6,5,10,13,11,4,2,1,0,0,1474.7982775525163,1447.4547450003863,27.34353255213,1.1,1.4,1.1,1.2,2.4,0.6,0,1,0.5,0.5,0.0,0.0,0.0,0.0,0,0
2015-2016,2015-12-05,Man United,West Ham,0,0,D,0,0,D,21,9,1,2,9,13,6,2,1,0,0,0,1559.0916522449288,1515.5569897127905,43.53466253213833,1.7,0.8,2.1,1.6,1.5,1.6,0,0,0.5,0.5,0.0,0.0,0.0,0.0,0,0
2015-2016,2015-12-05,Southampton,Aston Villa,1,1,D,0,1,A,23,9,5,2,4,9,10,4,1,2,0,0,1507.8979552522023,1412.8869330060963,95.011022246106,1.5,1.2,1.5,0.8,2.2,0.1,0,0,0.5,0.5,0.0,0.0,0.0,0.0,0,0
2015-2016,2015-12-05,Stoke,Man City,2,0,H,2,0,H,7,11,4,4,9,10,1,6,0,1,0,0,1505.027988644428,1540.672798565544,-35.64480992111612,0.8,0.9,1.7,2.0,1.4,1.7,0,0,0.5,0.5,0.0,0.0,0.0,0.0,0,0
2015-2016,2015-12-05,Swansea,Leicester,0,3,A,0,2,A,10,16,2,5,3,19,3,8,2,3,0,0,1468.184013981525,1560.3949920151215,-92.21097803359658,0.7,1.5,0.6,2.1,1.6,2.1,0,0,0.5,0.5,0.0,0.0,0.0,0.0,0,0
2015-2016,2015-12-05,Watford,Norwich,2,0,H,1,0,H,14,6,7,1,11,10,4,1,3,3,0,0,1502.240616122216,1464.3214969386406,37.919119183575276,1.3,1.2,1.6,1.2,1.7,0.9,1,1,0.5,0.5,0.0,0.0,0.0,0.0,0,0
2015-2016,2015-12-05,West Brom,Tottenham,1,1,D,1,1,D,11,9,4,3,13,10,3,6,3,2,0,0,1495.8575985233213,1539.9179268089651,-44.06032828564389,1.0,1.2,1.4,2.1,0.7,2.2,0,0,0.5,0.5,0.0,0.0,0.0,0.0,0,0
2015-2016,2015-12-06,Newcastle,Liverpool,2,0,H,0,0,D,6,10,1,1,6,10,2,7,3,1,0,0,1449.8643814081386,1526.501400737627,-76.63701932948834,1.2,2.5,0.8,1.6,1.2,1.6,0,0,0.5,0.5,0.0,0.0,0.0,0.0,0,0
2015-2016,2015-12-07,Everton,Crystal Palace,1,1,D,0,0,D,19,14,4,5,4,11,13,6,1,2,0,0,1516.1483314318928,1503.0129876277333,13.135343804159447,2.2,1.5,1.6,1.1,0.9,1.3,0,0,0.5,0.5,0.0,0.0,0.0,0.0,0,0
2015-2016,2015-12-12,Bournemouth,Man United,2,1,H,1,1,D,11,11,5,5,12,12,5,7,2,1,0,0,1460.9642218828335,1555.1804154732097,-94.21619359037618,1.2,2.1,0.9,1.4,0.7,1.9,1,0,0.5,0.5,0.0,0.0,0.0,0.0,0,0
2015-2016,2015-12-12,Crystal Palace,Southampton,1,0,H,1,0,H,12,15,5,3,11,13,8,5,0,0,0,0,1506.1588717729928,1502.8086393340718,3.3502324389210116,1.2,0.9,1.4,1.6,1.3,1.5,0,0,0.5,0.5,0.0,0.0,0.0,0.0,0,0
2015-2016,2015-12-12,Man City,Swansea,2,1,H,1,0,H,13,13,5,7,13,15,5,5,3,1,0,0,1532.5041926445604,1457.9598654588037,74.54432718575663,1.9,1.6,1.4,0.7,1.7,0.6,0,0,0.5,0.5,0.0,0.0,0.0,0.0,0,0
2015-2016,2015-12-12,Norwich,Everton,1,1,D,0,1,A,9,15,2,3,9,6,5,4,1,0,0,0,1458.0949720279982,1513.0024472866332,-54.90747525863503,0.9,1.8,0.6,2.0,1.5,1.4,1,0,0.5,0.5,0.0,0.0,0.0,0.0,0,0
2015-2016,2015-12-12,Sunderland,Watford,0,1,A,0,1,A,14,13,2,6,6,9,8,3,1,0,0,0,1457.472481642964,1508.4671410328583,-50.994659389894196,1.1,1.8,1.0,1.4,1.2,1.6,0,1,0.5,0.5,0.0,0.0,0.0,0.0,0,0
2015-2016,2015-12-12,West Ham,Stoke,0,0,D,0,0,D,22,12,9,3,7,9,11,7,1,2,0,0,1519.4682264845096,1513.1965945654117,6.271631919097899,1.4,1.5,1.4,1.0,0.7,2.0,0,0,0.5,0.5,0.0,0.0,0.0,0.0,0,0
2015-2016,2015-12-13,Aston Villa,Arsenal,0,2,A,0,2,A,18,8,2,4,8,7,5,5,0,0,0,0,1417.9762489242269,1552.6964327829623,-134.72018385873548,0.7,2.0,0.2,2.2,1.0,2.0,0,0,0.5,0.5,0.0,0.0,0.0,0.0,0,0
2015-2016,2015-12-13,Liverpool,West Brom,2,2,D,1,1,D,28,4,8,2,7,10,4,4,0,0,0,0,1517.1728296659053,1494.2612954105398,22.911534255365495,1.5,1.1,1.6,1.1,1.3,1.4,0,0,0.5,0.5,0.0,0.0,0.0,0.0,0,0
2015-2016,2015-12-13,Tottenham,Newcastle,1,2,A,1,0,H,20,8,8,4,13,14,6,2,2,2,0,0,1541.5142299217466,1459.1929524798602,82.32127744188642,2.1,0.8,2.0,1.4,2.3,1.1,0,0,0.5,0.5,0.0,0.0,0.0,0.0,0,0
2015-2016,2015-12-14,Leicester,Chelsea,2,1,H,1,0,H,9,11,5,5,16,8,1,8,2,0,0,0,1570.6191405378427,1461.2888006700691,109.33033986777355,2.1,1.4,2.1,1.0,1.2,1.1,0,0,0.5,0.5,0.0,0.0,0.0,0.0,0,0
2015-2016,2015-12-19,Chelsea,Sunderland,3,1,H,2,0,H,17,11,7,3,12,12,2,2,1,3,0,0,1456.6770700566092,1446.0712744738587,10.605795582750488,0.9,1.4,0.8,1.1,1.7,1.0,0,0,0.5,0.5,0.0,0.0,0.0,0.0,0,0
2015-2016,2015-12-19,Everton,Leicester,2,3,A,1,1,D,13,10,5,5,6,14,10,2,2,1,0,0,1514.2930758980663,1575.2308711513026,-60.937795253236345,2.1,1.6,1.4,2.1,1.3,2.3,0,0,0.5,0.5,0.0,0.0,0.0,0.0,0,0
2015-2016,2015-12-19,Man United,Norwich,1,2,A,0,1,A,11,6,2,4,4,10,11,0,0,2,0,0,1545.3468714272565,1456.8043434165652,88.54252801069129,1.2,0.7,1.6,0.9,1.8,0.6,0,1,0.5,0.5,0.0,0.0,0.0,0.0,0,0
2015-2016,2015-12-19,Newcastle,Aston Villa,1,1,D,1,0,H,8,10,4,7,9,14,3,7,1,3,0,0,1474.0066284485367,1408.9722627714289,65.03436567710787,1.5,2.2,1.4,0.7,2.1,0.2,0,0,0.5,0.5,0.0,0.0,0.0,0.0,0,0
2015-2016,2015-12-19,Southampton,Tottenham,0,2,A,0,2,A,11,13,4,6,18,9,4,7,1,1,0,0,1495.6985577135817,1526.70055395307,-31.001996239488335,1.4,1.1,1.5,2.1,1.0,1.7,0,0,0.5,0.5,0.0,0.0,0.0,0.0,0,0
2015-2016,2015-12-19,Stoke,Crystal Palace,1,2,A,0,1,A,26,12,5,3,6,12,7,3,2,0,0,0,1516.1633865320935,1513.268953393483,2.894433138610566,0.8,0.5,2.0,1.3,0.8,1.7,0,0,0.5,0.5,0.0,0.0,0.0,0.0,0,0
2015-2016,2015-12-19,West Brom,Bournemouth,1,2,A,0,0,D,6,16,2,7,12,9,4,8,2,1,2,0,1497.658423483975,1470.7977659287867,26.860657555188254,1.2,1.5,1.2,1.2,2.2,0.9,0,1,0.5,0.5,0.0,0.0,0.0,0.0,0,0
2015-2016,2015-12-20,Swansea,West Ham,0,0,D,0,0,D,21,11,2,2,6,9,8,9,0,1,0,0,1452.5997257064219,1516.5014345178279,-63.901708811406024,0.8,1.9,0.5,1.2,1.4,1.2,0,0,0.5,0.5,0.0,0.0,0.0,0.0,0,0
2015-2016,2015-12-20,Watford,Liverpool,3,0,H,2,0,H,6,12,5,4,6,9,7,9,1,0,0,0,1519.8683482019637,1513.77570159247,6.092646609493613,1.3,1.1,1.6,1.6,1.2,1.6,1,0,0.5,0.5,0.0,0.0,0.0,0.0,0,0
2015-2016,2015-12-21,Arsenal,Man City,2,1,H,2,0,H,8,20,5,6,5,16,4,8,0,2,0,0,1561.7004189357604,1537.8643323969422,23.83608653881811,2.4,0.8,2.3,2.0,1.5,1.7,0,0,0.5,0.5,0.0,0.0,0.0,0.0,0,0
2015-2016,2015-12-26,Man City,Sunderland,4,1,H,3,0,H,19,11,9,3,10,11,5,1,1,1,0,0,1531.2849788994952,1439.1514082698625,92.13357062963269,2.0,1.3,1.7,1.2,1.7,1.0,0,0,0.5,0.5,0.0,0.0,0.0,0.0,0,0
2015-2016,2015-12-26,Bournemouth,Crystal Palace,0,0,D,0,0,D,10,8,4,0,10,13,8,9,1,0,0,0,1484.2950503816674,1526.1468439080109,-41.8517935263435,1.3,2.1,1.2,1.4,0.9,1.7,1,0,0.5,0.5,0.0,0.0,0.0,0.0,0,0
2015-2016,2015-12-26,Chelsea,Watford,2,2,D,1,1,D,17,12,2,3,7,15,9,4,1,4,0,0,1463.5969362606054,1526.9062551270188,-63.30931886641338,1.0,1.3,1.0,1.6,1.0,1.9,0,1,0.5,0.5,0.0,0.0,0.0,0.0,0,0
2015-2016,2015-12-26,Liverpool,Leicester,1,0,H,0,0,D,25,7,4,3,11,8,7,6,2,1,0,0,1506.737794667415,1586.3504583634106,-79.61266369599548,1.3,1.3,1.3,2.2,1.0,2.6,0,0,0.5,0.5,0.0,0.0,0.0,0.0,0,0
2015-2016,2015-12-26,Aston Villa,West Ham,1,1,D,0,1,A,15,10,8,4,14,13,9,6,3,3,0,0,1413.3946233482593,1517.5367042724984,-104.14208092423905,0.6,1.9,0.3,1.0,1.2,1.2,0,0,0.5,0.5,0.0,0.0,0.0,0.0,0,0
2015-2016,2015-12-26,Newcastle,Everton,0,1,A,0,0,D,10,20,1,7,16,12,1,7,2,2,0,0,1469.5842678717063,1503.1734886859583,-33.58922081425203,1.4,2.1,1.4,2.0,1.7,1.1,0,0,0.5,0.5,0.0,0.0,0.0,0.0,0,0
2015-2016,2015-12-26,Southampton,Arsenal,4,0,H,1,0,H,15,7,5,4,10,9,3,4,1,0,0,0,1483.7383376467833,1568.2797724332074,-84.54143478642413,1.1,1.2,1.2,2.1,0.7,2.3,0,0,0.5,0.5,0.0,0.0,0.0,0.0,0,0
2015-2016,2015-12-26,Stoke,Man United,2,0,H,2,0,H,13,11,3,6,13,16,1,12,1,2,0,0,1503.2854960175655,1530.3968148819804,-27.111318864414898,0.7,0.6,1.7,1.0,0.9,1.3,0,0,0.5,0.5,0.0,0.0,0.0,0.0,0,0
2015-2016,2015-12-26,Tottenham,Norwich,3,0,H,2,0,H,15,11,10,3,4,13,9,4,1,2,0,0,1538.6607740198685,1471.7543999618413,66.90637405802727,1.9,0.9,1.7,0.9,1.7,0.8,0,1,0.5,0.5,0.0,0.0,0.0,0.0,0,0
2015-2016,2015-12-26,Swansea,West Brom,1,0,H,1,0,H,7,9,2,3,10,13,0,7,1,3,0,0,1451.5644559517514,1484.1611390310943,-32.59668307934294,0.7,1.6,0.6,1.1,1.4,1.2,0,0,0.5,0.5,0.0,0.0,0.0,0.0,0,0
2015-2016,2015-12-28,Everton,Stoke,3,4,A,1,2,A,15,8,3,5,10,12,6,2,2,1,0,0,1515.0620004362704,1511.2178364796991,3.844163956571265,2.0,1.6,1.3,0.8,0.6,1.7,0,0,0.5,0.5,0.0,0.0,0.0,0.0,0,0
2015-2016,2015-12-28,Arsenal,Bournemouth,2,0,H,1,0,H,13,10,6,3,7,8,9,3,2,0,0,0,1558.7244123332978,1482.6368639535904,76.08754837970741,1.8,1.1,2.0,1.2,2.0,1.2,0,1,0.5,0.5,0.0,0.0,0.0,0.0,0,0
2015-2016,2015-12-28,Crystal Palace,Swansea,0,0,D,0,0,D,10,5,2,3,11,16,7,4,3,2,0,0,1527.8050303360878,1459.6484104527906,68.15661988329725,1.2,0.9,1.5,0.6,1.4,0.8,0,0,0.5,0.5,0.0,0.0,0.0,0.0,0,0
2015-2016,2015-12-28,Man United,Chelsea,0,0,D,0,0,D,12,8,2,3,16,6,5,3,4,2,0,0,1522.4644744198467,1462.544801888831,59.91967253101575,1.0,0.8,1.3,1.1,1.2,1.1,0,0,0.5,0.5,0.0,0.0,0.0,0.0,0,0
2015-2016,2015-12-28,Norwich,Aston Villa,2,0,H,1,0,H,9,6,4,3,10,21,3,7,2,5,0,0,1466.2200002191453,1413.5138363727372,52.70616384640812,0.8,1.8,0.8,0.7,1.9,0.4,1,0,0.5,0.5,0.0,0.0,0.0,0.0,0,0
2015-2016,2015-12-28,West Brom,Newcastle,1,0,H,0,0,D,22,7,5,2,7,13,18,6,0,0,0,0,1476.077184530055,1457.6957561213942,18.381428408660895,1.1,1.3,1.2,1.3,1.6,1.4,0,0,0.5,0.5,0.0,0.0,0.0,0.0,0,0
2015-2016,2015-12-28,West Ham,Southampton,2,1,H,0,1,A,13,15,5,4,6,12,4,7,1,3,0,0,1517.4174912480205,1493.293697746693,24.123793501327555,0.9,1.1,1.2,1.2,1.1,1.2,0,0,0.5,0.5,0.0,0.0,0.0,0.0,0,0
2015-2016,2015-12-28,Watford,Tottenham,1,2,A,1,1,D,9,10,1,3,11,13,5,3,4,2,1,0,1527.9583894987932,1544.1951737625645,-16.23678426377137,1.7,1.1,1.9,2.0,0.7,1.9,1,0,0.5,0.5,0.0,0.0,0.0,0.0,0,0
2015-2016,2015-12-29,Leicester,Man City,0,0,D,0,0,D,11,21,4,5,11,8,1,13,1,3,0,0,1576.9365804984295,1536.2572897942553,40.679290704174264,2.0,1.0,2.3,1.8,1.3,1.7,0,0,0.5,0.5,0.0,0.0,0.0,0.0,0,0
2015-2016,2015-12-30,Sunderland,Liverpool,0,1,A,0,0,D,8,17,3,6,8,16,6,4,1,3,0,0,1434.1790973751024,1516.151672532396,-81.9725751572937,1.1,1.9,0.9,1.3,1.2,1.5,0,0,0.5,0.5,0.0,0.0,0.0,0.0,0,0
2015-2016,2016-01-02,Leicester,Bournemouth,0,0,D,0,0,D,16,9,2,0,9,5,7,1,1,1,0,1,1573.095178486612,1477.3115074348743,95.78367105173766,1.8,0.8,2.3,1.1,1.7,1.2,0,1,0.5,0.5,0.0,0.0,0.0,0.0,0,0
2015-2016,2016-01-02,Arsenal,Newcastle,1,0,H,0,0,D,16,15,3,6,10,9,7,4,2,2,0,0,1564.0497688520138,1450.9770379779302,113.07273087408362,1.7,1.1,2.0,0.7,1.5,1.1,0,0,0.5,0.5,0.0,0.0,0.0,0.0,0,0
2015-2016,2016-01-02,Man United,Swansea,2,1,H,0,0,D,19,9,6,4,14,10,4,2,2,1,0,0,1518.1613031003085,1464.142773360333,54.01852973997552,0.7,0.8,1.1,0.6,1.3,0.9,0,0,0.5,0.5,0.0,0.0,0.0,0.0,0,0
2015-2016,2016-01-02,Norwich,Southampton,1,0,H,0,0,D,10,10,1,4,9,7,4,9,1,0,0,1,1472.0875048612345,1486.7216541188855,-14.63414925765096,0.8,1.2,1.1,1.1,1.1,1.1,1,0,0.5,0.5,0.0,0.0,0.0,0.0,0,0
2015-2016,2016-01-02,Sunderland,Aston Villa,3,1,H,1,0,H,13,8,6,3,8,13,3,3,3,4,0,0,1423.6606915249713,1407.646331730648,16.014359794323354,1.1,1.9,0.9,0.7,1.9,0.4,0,0,0.5,0.5,0.0,0.0,0.0,0.0,0,0
2015-2016,2016-01-02,West Brom,Stoke,2,1,H,0,0,D,16,10,5,3,7,15,4,6,1,1,0,1,1482.795902673519,1524.1207786829812,-41.32487600946206,1.1,1.3,1.2,1.1,0.9,1.7,0,0,0.5,0.5,0.0,0.0,0.0,0.0,0,0
2015-2016,2016-01-02,Watford,Man City,1,2,A,0,0,D,11,16,3,5,6,10,4,5,1,0,0,0,1515.593139948147,1540.0986918060728,-24.505551857925866,1.8,1.0,1.9,1.3,1.2,1.5,1,0,0.5,0.5,0.0,0.0,0.0,0.0,0,0
2015-2016,2016-01-02,West Ham,Liverpool,2,0,H,1,0,H,18,23,10,2,11,8,3,9,1,1,0,0,1523.989534875828,1526.6700783825272,-2.680543506699223,0.8,1.1,1.2,1.4,1.2,1.7,0,0,0.5,0.5,0.0,0.0,0.0,0.0,0,0
2015-2016,2016-01-03,Crystal Palace,Chelsea,0,3,A,0,1,A,8,10,4,4,12,15,5,7,3,0,0,0,1523.3106674285455,1466.8479732083692,56.46269422017622,1.1,0.6,1.6,0.9,1.2,0.9,0,0,0.5,0.5,0.0,0.0,0.0,0.0,0,0
2015-2016,2016-01-03,Everton,Tottenham,1,1,D,1,1,D,12,19,3,4,8,11,4,4,1,2,0,0,1502.1590582329884,1556.5604233132108,-54.40136508022238,2.3,1.7,1.3,2.2,0.8,2.1,0,0,0.5,0.5,0.0,0.0,0.0,0.0,0,0
2015-2016,2016-01-12,Aston Villa,Crystal Palace,1,0,H,0,0,D,13,9,3,1,15,9,9,0,2,1,0,0,1400.8666840057954,1509.0889172063798,-108.22223320058447,0.7,2.0,0.4,1.1,0.8,1.6,0,0,0.5,0.5,0.0,0.0,0.0,0.0,0,0
2015-2016,2016-01-12,Bournemouth,West Ham,1,3,A,1,0,H,11,10,4,5,8,5,4,7,1,1,0,0,1482.4172832615288,1531.2594853473508,-48.84220208582201,1.0,1.2,1.3,0.8,1.0,1.2,1,0,0.5,0.5,0.0,0.0,0.0,0.0,0,0
2015-2016,2016-01-12,Newcastle,Man United,3,3,D,1,2,A,14,12,6,4,10,12,5,3,1,3,0,0,1446.4413047295573,1523.9975344591548,-77.55622972959759,0.7,1.3,1.1,0.9,0.9,1.3,0,0,0.5,0.5,0.0,0.0,0.0,0.0,0,0
2015-2016,2016-01-13,Man City,Everton,0,0,D,0,0,D,22,7,5,2,5,6,12,5,0,1,0,0,1552.2380324320518,1500.854107948465,51.383924483586725,1.5,1.3,1.7,2.3,1.6,1.4,0,0,0.5,0.5,0.0,0.0,0.0,0.0,0,0
2015-2016,2016-01-13,Liverpool,Arsenal,3,3,D,2,2,D,22,14,6,5,9,7,9,3,2,0,0,0,1519.4001279110043,1568.5855021003867,-49.1853741893824,1.3,1.3,1.6,1.6,1.0,2.0,0,0,0.5,0.5,0.0,0.0,0.0,0.0,0,0
2015-2016,2016-01-13,Swansea,Sunderland,2,4,A,2,1,H,10,7,5,5,9,12,8,6,2,0,1,0,1458.3065420014868,1430.4403392498239,27.866202751662968,0.5,1.4,0.6,1.1,2.0,0.9,0,0,0.5,0.5,0.0,0.0,0.0,0.0,0,0
2015-2016,2016-01-13,Chelsea,West Brom,2,2,D,1,1,D,14,13,2,6,13,8,7,7,3,3,0,0,1481.0697234305349,1491.1229710586422,-10.053247628107329,1.1,1.0,1.2,1.2,1.4,1.2,0,0,0.5,0.5,0.0,0.0,0.0,0.0,0,0
2015-2016,2016-01-13,Stoke,Norwich,3,1,H,0,0,D,14,5,4,2,5,8,7,3,0,1,0,1,1515.793710297858,1479.6787560964844,36.11495420137362,1.2,0.9,1.7,0.9,1.1,1.4,0,1,0.5,0.5,0.0,0.0,0.0,0.0,0,0
2015-2016,2016-01-13,Tottenham,Leicester,0,1,A,0,0,D,21,10,5,2,13,10,16,8,1,0,0,0,1557.865373597734,1567.9894026599575,-10.124029062223372,1.8,0.8,1.9,1.7,0.8,2.1,0,0,0.5,0.5,0.0,0.0,0.0,0.0,0,0
2015-2016,2016-01-13,Southampton,Watford,2,0,H,1,0,H,15,4,7,1,9,11,8,1,1,2,0,0,1479.1304028836355,1503.453799322168,-24.323396438532427,1.0,1.1,1.0,1.7,1.2,1.6,0,1,0.5,0.5,0.0,0.0,0.0,0.0,0,0
2015-2016,2016-01-16,Aston Villa,Leicester,1,1,D,0,1,A,14,12,5,5,13,15,3,4,3,2,0,0,1411.103294730725,1580.5200433697337,-169.41674863900857,0.7,1.7,0.7,1.5,0.6,2.1,0,0,0.5,0.5,0.0,0.0,0.0,0.0,0,0
2015-2016,2016-01-16,Bournemouth,Norwich,3,0,H,1,0,H,15,10,8,3,8,13,5,3,1,1,0,0,1470.9553932133483,1473.4076102033368,-2.4522169899885284,1.1,1.3,1.3,0.9,1.2,1.4,1,1,0.5,0.5,0.0,0.0,0.0,0.0,0,0
2015-2016,2016-01-16,Chelsea,Everton,3,3,D,0,0,D,14,9,7,4,12,5,6,4,1,1,0,0,1478.5371760342584,1504.9549958510258,-26.417819816767405,1.2,0.9,1.3,1.7,1.4,1.2,0,0,0.5,0.5,0.0,0.0,0.0,0.0,0,0
2015-2016,2016-01-16,Man City,Crystal Palace,4,0,H,2,0,H,17,9,4,3,10,11,5,6,0,2,0,0,1548.137144529491,1498.8523064814501,49.28483804804091,1.3,1.2,1.5,1.1,0.9,1.5,0,0,0.5,0.5,0.0,0.0,0.0,0.0,0,0
2015-2016,2016-01-16,Newcastle,West Ham,2,1,H,2,0,H,23,10,10,3,9,4,3,3,1,0,0,0,1445.7962181487155,1542.7213753955314,-96.92515724681584,1.0,1.6,1.1,1.1,0.9,1.5,0,0,0.5,0.5,0.0,0.0,0.0,0.0,0,0
2015-2016,2016-01-16,Southampton,West Brom,3,0,H,2,0,H,9,9,5,0,10,11,1,3,0,0,0,0,1486.9860599185974,1493.6555184549186,-6.6694585363211445,1.0,1.1,1.0,1.2,1.3,1.3,0,0,0.5,0.5,0.0,0.0,0.0,0.0,0,0
2015-2016,2016-01-16,Tottenham,Sunderland,4,1,H,1,1,D,26,5,11,2,8,13,11,3,0,2,0,0,1545.334732887958,1443.9629999782321,101.37173290972578,1.5,0.8,1.6,1.3,1.6,1.2,0,0,0.5,0.5,0.0,0.0,0.0,0.0,0,0
2015-2016,2016-01-17,Liverpool,Man United,0,1,A,0,0,D,19,7,4,1,6,18,5,4,0,2,0,0,1517.9479054530304,1524.6426210399966,-6.69471558696614,1.3,1.5,1.4,1.2,1.2,1.3,0,0,0.5,0.5,0.0,0.0,0.0,0.0,0,0
2015-2016,2016-01-17,Stoke,Arsenal,0,0,D,0,0,D,14,8,6,3,16,10,6,6,0,0,0,0,1522.0648561910057,1570.0377245583607,-47.97286836735498,1.5,1.0,1.9,1.6,1.3,1.8,0,0,0.5,0.5,0.0,0.0,0.0,0.0,0,0
2015-2016,2016-01-18,Swansea,Watford,1,0,H,1,0,H,10,13,2,2,8,11,6,3,2,2,0,0,1444.7838812730786,1495.598142287206,-50.814261014127396,0.7,1.5,0.6,1.5,1.4,1.3,0,1,0.5,0.5,0.0,0.0,0.0,0.0,0,0
2015-2016,2016-01-23,Leicester,Stoke,3,0,H,1,0,H,15,3,5,2,10,13,8,4,0,1,0,0,1578.5482367102525,1520.5784884504765,57.969748259776,1.4,0.6,1.9,1.4,1.0,1.7,0,0,0.5,0.5,0.0,0.0,0.0,0.0,0,0
2015-2016,2016-01-23,Crystal Palace,Tottenham,1,3,A,1,0,H,11,24,3,11,11,12,3,10,2,2,0,0,1492.9028140333905,1550.1110269255457,-57.20821289215519,0.9,1.2,1.2,1.8,0.8,1.8,0,0,0.5,0.5,0.0,0.0,0.0,0.0,0,0
2015-2016,2016-01-23,Man United,Southampton,0,1,A,0,0,D,8,7,1,2,11,8,4,4,0,0,0,0,1537.2654110422664,1494.3625929804086,42.902818061857715,1.1,1.2,1.3,1.2,1.1,1.0,0,0,0.5,0.5,0.0,0.0,0.0,0.0,0,0
2015-2016,2016-01-23,Norwich,Liverpool,4,5,A,2,1,H,6,13,5,7,10,14,3,3,0,1,0,0,1466.1437406004995,1505.3251154507607,-39.181374850261136,0.8,1.5,1.1,1.2,1.4,1.4,1,0,0.5,0.5,0.0,0.0,0.0,0.0,0,0
2015-2016,2016-01-23,Sunderland,Bournemouth,1,1,D,1,1,D,10,15,5,5,5,9,3,4,1,1,0,0,1439.1867059406443,1478.2192628161856,-39.03255687554133,1.4,1.9,1.2,1.4,1.2,1.6,0,1,0.5,0.5,0.0,0.0,0.0,0.0,0,0
2015-2016,2016-01-23,West Brom,Aston Villa,0,0,D,0,0,D,4,15,0,4,7,13,2,6,0,1,0,0,1486.2789853931074,1413.0751013902063,73.20388400290108,1.2,1.4,1.3,0.8,1.8,0.7,0,0,0.5,0.5,0.0,0.0,0.0,0.0,0,0
2015-2016,2016-01-23,Watford,Newcastle,2,1,H,0,0,D,13,11,5,2,10,12,2,7,2,1,0,0,1487.0044394238523,1455.7077193706573,31.29672005319503,1.4,1.3,1.3,1.1,1.7,1.1,1,0,0.5,0.5,0.0,0.0,0.0,0.0,0,0
2015-2016,2016-01-23,West Ham,Man City,2,2,D,1,1,D,10,16,3,3,11,15,5,2,2,3,0,0,1532.8098741735896,1554.0866369775506,-21.27676280396099,1.1,1.0,1.4,1.7,1.2,1.7,0,0,0.5,0.5,0.0,0.0,0.0,0.0,0,0
2015-2016,2016-01-24,Arsenal,Chelsea,0,1,A,0,1,A,9,12,1,6,14,13,6,7,1,3,1,0,1571.5240922988899,1476.4504172519808,95.0736750469091,1.5,1.2,1.8,1.5,1.1,1.4,0,0,0.5,0.5,0.0,0.0,0.0,0.0,0,0
2015-2016,2016-01-24,Everton,Swansea,1,2,A,1,2,A,20,7,2,5,5,12,7,1,0,3,0,0,1507.0417546333035,1453.3775841364322,53.66417049687129,1.9,1.6,1.2,0.8,1.4,0.9,0,0,0.5,0.5,0.0,0.0,0.0,0.0,0,0
2015-2016,2016-02-02,Leicester,Liverpool,2,0,H,0,0,D,13,14,6,2,6,7,3,12,0,1,0,0,1584.290906434894,1517.0579527428856,67.23295369200832,1.4,0.6,1.9,1.3,1.7,1.4,0,0,0.5,0.5,0.0,0.0,0.0,0.0,0,0
2015-2016,2016-02-02,Arsenal,Southampton,0,0,D,0,0,D,21,14,11,3,11,19,13,3,2,1,0,0,1556.4334402840989,1508.2584149035922,48.17502538050667,1.4,1.1,1.8,1.3,1.0,1.3,0,0,0.5,0.5,0.0,0.0,0.0,0.0,0,0
2015-2016,2016-02-02,Crystal Palace,Bournemouth,1,2,A,1,1,D,14,8,3,4,11,15,5,3,3,4,0,0,1481.677357671305,1479.9562545088384,1.7211031624665338,1.0,1.4,1.2,1.3,1.1,1.6,0,1,0.5,0.5,0.0,0.0,0.0,0.0,0,0
2015-2016,2016-02-02,Man United,Stoke,3,0,H,2,0,H,15,10,5,0,13,13,2,5,2,1,0,0,1523.3695891190828,1514.835818725835,8.533770393247778,0.9,1.2,1.0,1.3,1.3,1.4,0,0,0.5,0.5,0.0,0.0,0.0,0.0,0,0
2015-2016,2016-02-02,Norwich,Tottenham,0,3,A,0,2,A,10,17,2,6,8,9,6,8,2,2,0,0,1454.4109033083746,1561.3364832876314,-106.92557997925678,1.2,1.9,1.1,1.7,0.8,1.8,1,0,0.5,0.5,0.0,0.0,0.0,0.0,0,0
2015-2016,2016-02-02,West Brom,Swansea,1,1,D,0,0,D,17,18,7,4,12,13,7,7,0,0,0,0,1481.6694544972179,1467.5329181655115,14.136536331706338,1.0,1.3,1.1,0.8,1.3,1.1,0,0,0.5,0.5,0.0,0.0,0.0,0.0,0,0
2015-2016,2016-02-02,West Ham,Aston Villa,2,0,H,0,0,D,25,6,6,2,9,11,5,5,3,0,0,1,1530.5820333187103,1417.6846322860958,112.89740103261443,1.2,0.8,1.5,0.8,1.4,0.8,0,0,0.5,0.5,0.0,0.0,0.0,0.0,0,0
2015-2016,2016-02-02,Sunderland,Man City,0,1,A,0,1,A,11,6,2,2,6,15,8,4,1,4,0,0,1437.4497142479916,1556.31447783243,-118.86476358443838,1.4,2.0,1.0,1.8,1.0,1.8,0,0,0.5,0.5,0.0,0.0,0.0,0.0,0,0
2015-2016,2016-02-03,Everton,Newcastle,3,0,H,1,0,H,18,7,7,3,8,15,3,3,1,2,0,1,1492.8864206042242,1449.3165631970073,43.56985740721689,1.6,1.8,0.9,1.2,1.6,1.1,0,0,0.5,0.5,0.0,0.0,0.0,0.0,0,0
2015-2016,2016-02-03,Watford,Chelsea,0,0,D,0,0,D,12,12,3,4,10,13,7,7,2,1,0,0,1493.3955955975023,1491.5410692667717,1.8545263307305504,1.5,1.2,1.6,1.5,1.1,1.4,1,0,0.5,0.5,0.0,0.0,0.0,0.0,0,0
2015-2016,2016-02-06,Newcastle,West Brom,1,0,H,1,0,H,19,7,7,0,12,12,8,4,0,3,0,0,1443.228657959762,1478.497629166673,-35.26897120691115,1.1,1.4,1.1,1.0,1.3,1.1,0,0,0.5,0.5,0.0,0.0,0.0,0.0,0,0
2015-2016,2016-02-06,Aston Villa,Norwich,2,0,H,1,0,H,10,12,3,4,10,11,2,11,0,2,0,0,1413.1453584275296,1444.6102111265889,-31.464852699059293,0.6,1.3,0.8,1.1,2.1,1.0,0,1,0.5,0.5,0.0,0.0,0.0,0.0,0,0
2015-2016,2016-02-06,Liverpool,Sunderland,2,2,D,0,0,D,16,7,5,2,4,12,7,2,1,1,0,0,1511.531075105294,1427.9921528263594,83.53892227893448,1.2,1.9,1.1,1.2,2.1,0.7,0,0,0.5,0.5,0.0,0.0,0.0,0.0,0,0
2015-2016,2016-02-06,Man City,Leicester,1,3,A,0,1,A,22,14,4,7,9,15,11,4,2,2,0,0,1565.772039254062,1589.8177840724857,-24.0457448184236,1.6,0.9,1.8,1.5,0.5,2.1,0,0,0.5,0.5,0.0,0.0,0.0,0.0,0,0
2015-2016,2016-02-06,Stoke,Everton,0,3,A,0,3,A,11,14,3,6,11,8,6,4,1,0,0,0,1507.8618741066123,1498.9743258414696,8.887548265142641,1.3,1.4,1.4,1.6,1.5,1.1,0,0,0.5,0.5,0.0,0.0,0.0,0.0,0,0
2015-2016,2016-02-06,Swansea,Crystal Palace,1,1,D,1,0,H,19,12,3,2,11,14,9,5,1,2,0,0,1470.7047434960564,1468.8304713106754,1.8742721853809599,0.9,1.3,1.2,0.6,1.5,0.9,0,0,0.5,0.5,0.0,0.0,0.0,0.0,0,0
2015-2016,2016-02-06,Tottenham,Watford,1,0,H,0,0,D,26,3,9,0,12,9,15,1,0,1,0,0,1571.1371754694171,1490.5451806366339,80.59199483278326,2.0,0.8,2.0,1.2,1.0,1.4,0,1,0.5,0.5,0.0,0.0,0.0,0.0,0,0
2015-2016,2016-02-06,Southampton,West Ham,1,0,H,1,0,H,8,18,2,2,17,10,4,5,1,2,1,0,1512.2821857367912,1535.1213071772765,-22.839121440485314,1.2,0.7,1.4,1.3,0.7,1.7,0,0,0.5,0.5,0.0,0.0,0.0,0.0,0,0
2015-2016,2016-02-07,Bournemouth,Arsenal,0,2,A,0,2,A,17,10,4,5,6,8,7,3,0,1,0,0,1492.8031408694678,1552.4096694508999,-59.60652858143203,1.2,0.9,1.8,1.3,1.0,1.8,1,0,0.5,0.5,0.0,0.0,0.0,0.0,0,0
2015-2016,2016-02-07,Chelsea,Man United,1,1,D,0,0,D,16,17,5,7,6,9,10,11,0,3,0,0,1494.3914842276401,1530.3435337383055,-35.95204951066535,1.5,1.1,1.4,1.1,1.1,1.2,0,0,0.5,0.5,0.0,0.0,0.0,0.0,0,0
2015-2016,2016-02-13,Crystal Palace,Watford,1,2,A,1,1,D,14,10,7,3,11,16,8,5,0,2,0,0,1471.6814084183065,1485.320525411721,-13.639116993414518,0.6,1.5,0.9,1.0,1.1,1.1,0,1,0.5,0.5,0.0,0.0,0.0,0.0,0,0
2015-2016,2016-02-13,Bournemouth,Stoke,1,3,A,0,1,A,11,11,2,6,7,18,9,2,4,2,0,0,1481.6457334254935,1494.8265714495583,-13.18083802406477,1.1,1.1,1.5,1.1,1.7,1.1,1,0,0.5,0.5,0.0,0.0,0.0,0.0,0,0
2015-2016,2016-02-13,Chelsea,Newcastle,5,1,H,3,0,H,15,10,5,4,16,14,8,3,0,1,1,0,1492.5686380001487,1451.3868112675161,41.181826732632544,1.6,1.1,1.5,1.0,1.4,1.1,0,0,0.5,0.5,0.0,0.0,0.0,0.0,0,0
2015-2016,2016-02-13,Everton,West Brom,0,1,A,0,1,A,34,5,6,1,9,12,14,1,1,3,0,0,1512.0096284985236,1470.3394758589188,41.670152639604794,1.8,1.4,1.3,0.9,1.3,1.0,0,0,0.5,0.5,0.0,0.0,0.0,0.0,0,0
2015-2016,2016-02-13,Sunderland,Man United,2,1,H,1,1,D,21,12,5,6,7,15,6,8,2,3,0,0,1432.832709149727,1532.166379965797,-99.33367081607003,1.3,2.0,0.8,1.2,1.2,1.2,0,0,0.5,0.5,0.0,0.0,0.0,0.0,0,0
2015-2016,2016-02-13,Swansea,Southampton,0,1,A,0,0,D,13,13,2,5,10,12,5,4,0,3,0,0,1467.8538063884253,1520.0971238466486,-52.24331745822337,1.0,1.1,1.3,1.2,0.6,1.6,0,0,0.5,0.5,0.0,0.0,0.0,0.0,0,0
2015-2016,2016-02-13,Norwich,West Ham,2,2,D,0,0,D,13,11,3,6,16,11,3,3,2,2,0,0,1436.5576176709662,1527.3063690674192,-90.74875139645292,1.1,2.1,1.0,1.3,0.8,1.6,1,0,0.5,0.5,0.0,0.0,0.0,0.0,0,0
2015-2016,2016-02-14,Arsenal,Leicester,2,1,H,0,1,A,24,7,6,3,9,10,11,1,4,3,0,1,1563.5670768948742,1601.969749721994,-38.402672827119886,1.2,0.9,1.8,1.5,0.6,2.1,0,0,0.5,0.5,0.0,0.0,0.0,0.0,0,0
2015-2016,2016-02-14,Aston Villa,Liverpool,0,6,A,0,2,A,6,11,1,9,10,9,0,6,3,1,0,0,1421.1979518831522,1506.6905187819264,-85.49256689877416,0.7,1.2,1.0,1.4,1.9,1.2,0,0,0.5,0.5,0.0,0.0,0.0,0.0,0,0
2015-2016,2016-02-14,Man City,Tottenham,1,2,A,0,0,D,19,6,4,3,12,17,7,1,1,3,0,0,1553.6200736045537,1576.36183069433,-22.74175708977623,1.7,1.0,1.8,2.0,0.7,2.2,0,0,0.5,0.5,0.0,0.0,0.0,0.0,0,0
2015-2016,2016-02-27,Leicester,Norwich,1,0,H,0,0,D,13,9,3,1,9,11,3,4,0,2,0,0,1593.7243183874753,1436.2914082439281,157.43291014354713,1.4,0.7,1.8,1.2,2.2,1.0,0,1,0.5,0.5,0.0,0.0,0.0,0.0,0,0
2015-2016,2016-02-27,Southampton,Chelsea,1,2,A,1,0,H,7,16,2,4,10,11,7,8,3,1,0,0,1531.4630797723516,1498.7149130776058,32.748166694745805,1.3,0.5,1.9,2.0,1.0,1.8,0,0,0.5,0.5,0.0,0.0,0.0,0.0,0,0
2015-2016,2016-02-27,Stoke,Aston Villa,2,1,H,0,0,D,11,5,3,1,7,15,11,0,0,3,0,0,1507.2746829972916,1410.780636900489,96.49404609680255,1.4,1.8,1.3,0.7,1.6,1.0,0,0,0.5,0.5,0.0,0.0,0.0,0.0,0,0
2015-2016,2016-02-27,Watford,Bournemouth,0,0,D,0,0,D,14,11,1,3,14,17,4,5,3,1,0,0,1497.7562331616627,1469.1976218777602,28.558611283902565,1.1,1.2,1.1,1.0,1.3,1.2,1,1,0.5,0.5,0.0,0.0,0.0,0.0,0,0
2015-2016,2016-02-27,West Brom,Crystal Palace,3,2,H,3,0,H,11,15,5,2,14,16,3,6,2,2,0,0,1484.2051620864486,1459.2457006683649,24.95946141808372,0.8,1.1,1.2,0.6,1.7,0.6,0,0,0.5,0.5,0.0,0.0,0.0,0.0,0,0
2015-2016,2016-02-27,West Ham,Sunderland,1,0,H,1,0,H,9,13,3,4,11,9,5,6,1,0,0,0,1527.5725784944573,1442.8135306776664,84.75904781679083,1.5,1.0,1.6,1.5,2.0,1.1,0,0,0.5,0.5,0.0,0.0,0.0,0.0,0,0
2015-2016,2016-02-28,Tottenham,Swansea,2,1,H,0,1,A,34,10,14,4,11,14,7,7,2,3,0,0,1588.5495609931984,1456.4878504627222,132.06171053047615,2.1,0.6,2.5,0.9,1.0,1.3,0,0,0.5,0.5,0.0,0.0,0.0,0.0,0,0
2015-2016,2016-02-28,Man United,Arsenal,3,2,H,2,1,H,7,13,5,5,21,15,2,3,4,3,0,0,1522.1855584378575,1571.812508229393,-49.62694979153548,1.2,1.2,1.2,1.2,1.0,1.8,0,0,0.5,0.5,0.0,0.0,0.0,0.0,0,0
2015-2016,2016-03-01,Aston Villa,Everton,1,3,A,0,2,A,14,10,5,7,8,7,9,8,3,1,0,0,1405.9015130608987,1498.1439422709939,-92.24242921009522,0.7,1.7,0.9,1.7,1.4,1.2,0,0,0.5,0.5,0.0,0.0,0.0,0.0,0,0
2015-2016,2016-03-01,Sunderland,Crystal Palace,2,2,D,1,0,H,17,13,6,5,11,14,4,5,1,1,0,0,1437.6809307927194,1452.6948655927129,-15.013934799993422,1.4,1.8,1.1,0.6,1.9,0.3,0,0,0.5,0.5,0.0,0.0,0.0,0.0,0,0
2015-2016,2016-03-01,Bournemouth,Southampton,2,0,H,1,0,H,9,6,4,1,11,18,10,2,0,0,0,0,1472.7377264243873,1517.8179556642071,-45.0802292398198,0.8,1.2,1.0,1.4,0.5,1.9,1,0,0.5,0.5,0.0,0.0,0.0,0.0,0,0
2015-2016,2016-03-01,Norwich,Chelsea,1,2,A,0,2,A,13,10,2,2,17,5,4,4,3,2,0,0,1432.5886050144036,1512.3600371857503,-79.77143217134676,1.0,2.2,0.7,1.9,1.0,1.8,1,0,0.5,0.5,0.0,0.0,0.0,0.0,0,0
2015-2016,2016-03-01,Leicester,West Brom,2,2,D,2,1,H,22,11,5,3,10,8,11,3,0,2,0,0,1597.4271216169998,1490.7559971621006,106.6711244548992,1.2,0.5,1.8,1.0,1.1,1.5,0,0,0.5,0.5,0.0,0.0,0.0,0.0,0,0
2015-2016,2016-03-02,Arsenal,Swansea,1,2,A,1,1,D,18,11,4,2,8,11,7,3,0,2,0,0,1563.2522868682418,1452.3239985309185,110.92828833732324,1.2,1.2,1.5,1.0,1.2,1.2,0,0,0.5,0.5,0.0,0.0,0.0,0.0,0,0
2015-2016,2016-03-02,Liverpool,Man City,3,0,H,2,0,H,11,4,7,2,14,14,3,2,0,1,0,0,1517.1078337645895,1541.4323433056852,-24.324509541095722,1.8,1.7,1.4,1.6,1.1,1.5,0,0,0.5,0.5,0.0,0.0,0.0,0.0,0,0
2015-2016,2016-03-02,Man United,Watford,1,0,H,0,0,D,14,13,3,3,7,17,9,7,1,2,0,0,1530.7457797990087,1494.2161286150356,36.5296511839731,1.4,1.2,1.5,0.8,1.2,0.9,0,1,0.5,0.5,0.0,0.0,0.0,0.0,0,0
2015-2016,2016-03-02,Stoke,Newcastle,1,0,H,0,0,D,9,5,2,3,11,6,5,2,1,0,0,0,1512.153806836882,1445.240536190059,66.9132706468231,1.5,1.7,1.6,0.9,1.8,0.8,0,0,0.5,0.5,0.0,0.0,0.0,0.0,0,0
2015-2016,2016-03-02,West Ham,Tottenham,1,0,H,1,0,H,14,9,3,2,10,11,6,3,0,3,0,0,1532.7051783794043,1592.713412925002,-60.008234545597816,1.6,1.0,1.8,2.1,0.7,2.5,0,0,0.5,0.5,0.0,0.0,0.0,0.0,0,0
2015-2016,2016-03-05,Man City,Aston Villa,4,0,H,0,0,D,22,2,9,1,10,10,9,1,0,1,0,0,1533.5766557061932,1395.6782693228233,137.89838638336983,1.5,1.2,1.5,0.7,1.9,0.8,0,0,0.5,0.5,0.0,0.0,0.0,0.0,0,0
2015-2016,2016-03-05,Newcastle,Bournemouth,1,3,A,0,1,A,14,16,3,5,13,8,5,4,1,3,0,0,1439.7062953617321,1481.1700437279057,-41.463748366173604,0.8,1.8,0.7,1.0,1.2,1.2,0,1,0.5,0.5,0.0,0.0,0.0,0.0,0,0
2015-2016,2016-03-05,Chelsea,Stoke,1,1,D,1,0,H,20,16,7,5,9,10,8,4,1,2,0,0,1522.9416051738415,1517.6880476652088,5.253557508632639,1.9,0.9,2.0,1.4,1.7,1.6,0,0,0.5,0.5,0.0,0.0,0.0,0.0,0,0
2015-2016,2016-03-05,Everton,West Ham,2,3,A,1,0,H,15,17,8,5,12,13,9,6,2,3,1,0,1508.3671860090692,1541.5591796001233,-33.19199359105414,1.8,1.2,1.5,1.6,0.9,2.0,0,0,0.5,0.5,0.0,0.0,0.0,0.0,0,0
2015-2016,2016-03-05,Watford,Leicester,0,1,A,0,0,D,11,14,4,7,10,11,3,8,2,2,0,0,1487.9552544689186,1592.09339274004,-104.1381382711213,0.6,1.1,0.8,1.4,0.6,1.9,1,0,0.5,0.5,0.0,0.0,0.0,0.0,0,0
2015-2016,2016-03-05,Tottenham,Arsenal,2,2,D,0,1,A,26,10,11,4,9,10,9,2,2,2,0,1,1583.859411704283,1547.8314589967422,36.02795270754086,1.8,0.8,2.2,1.3,1.0,1.5,0,0,0.5,0.5,0.0,0.0,0.0,0.0,0,0
2015-2016,2016-03-05,Swansea,Norwich,1,0,H,0,0,D,10,8,3,3,14,15,5,0,2,5,0,0,1467.744826402418,1422.0070370263124,45.73778937610564,1.1,1.3,1.2,1.1,2.1,0.7,0,1,0.5,0.5,0.0,0.0,0.0,0.0,0,0
2015-2016,2016-03-05,Southampton,Sunderland,1,1,D,0,0,D,16,11,5,3,9,9,12,2,2,1,1,0,1509.3856383606887,1435.2824816118577,74.103156748831,1.0,0.7,1.6,1.5,1.6,1.2,0,0,0.5,0.5,0.0,0.0,0.0,0.0,0,0
2015-2016,2016-03-06,Crystal Palace,Liverpool,1,2,A,0,0,D,14,19,4,5,12,16,6,6,1,2,0,1,1455.0933147735745,1524.9635213640815,-69.870206590507,0.8,2.1,0.3,2.1,1.4,1.7,0,0,0.5,0.5,0.0,0.0,0.0,0.0,0,0
2015-2016,2016-03-06,West Brom,Man United,1,0,H,0,0,D,9,7,2,1,8,7,4,5,1,0,0,1,1496.0897260390605,1537.0066539451257,-40.91692790606521,1.2,1.2,1.6,1.5,1.0,1.8,0,0,0.5,0.5,0.0,0.0,0.0,0.0,0,0
2015-2016,2016-03-12,Bournemouth,Swansea,3,2,H,1,1,D,12,12,4,4,12,11,5,3,1,0,0,0,1492.839089881388,1473.7800126247002,19.059077256687715,1.3,1.1,1.5,1.2,1.3,1.4,1,0,0.5,0.5,0.0,0.0,0.0,0.0,0,0
2015-2016,2016-03-12,Norwich,Man City,0,0,D,0,0,D,5,15,0,3,15,10,3,8,3,1,0,0,1415.9718508040303,1537.6308198125312,-121.65896900850089,0.9,2.2,0.4,1.5,1.1,1.5,1,0,0.5,0.5,0.0,0.0,0.0,0.0,0,0
2015-2016,2016-03-12,Stoke,Southampton,1,2,A,0,2,A,13,11,2,4,13,12,1,4,1,2,0,1,1520.6280930861392,1504.7557482439888,15.872344842150369,1.1,1.5,1.4,1.0,0.6,1.7,0,0,0.5,0.5,0.0,0.0,0.0,0.0,0,0
2015-2016,2016-03-13,Aston Villa,Tottenham,0,2,A,0,1,A,11,19,2,8,6,6,5,8,0,0,0,0,1391.6241052164853,1580.1327137234991,-188.50860850701383,0.7,2.1,0.8,1.8,0.9,2.0,0,0,0.5,0.5,0.0,0.0,0.0,0.0,0,0
2015-2016,2016-03-14,Leicester,Newcastle,1,0,H,1,0,H,10,13,1,2,4,9,8,4,0,0,0,0,1601.9742931781288,1428.03724920825,173.9370439698789,1.5,0.6,2.1,0.9,2.0,0.7,0,0,0.5,0.5,0.0,0.0,0.0,0.0,0,0
2015-2016,2016-03-19,Chelsea,West Ham,2,2,D,1,1,D,22,13,5,6,13,14,10,9,3,5,0,0,1520.0015597529111,1553.458714324631,-33.45715457171991,2.0,1.0,2.0,1.7,1.0,2.0,0,0,0.5,0.5,0.0,0.0,0.0,0.0,0,0
2015-2016,2016-03-19,Everton,Arsenal,0,2,A,0,2,A,8,11,2,3,7,10,7,5,0,0,0,0,1496.4676512845615,1551.558156977526,-55.0905056929646,1.9,1.5,1.2,1.3,1.2,1.3,0,0,0.5,0.5,0.0,0.0,0.0,0.0,0,0
2015-2016,2016-03-19,Crystal Palace,Leicester,0,1,A,0,1,A,12,8,4,3,9,13,10,7,1,1,0,0,1444.228277013146,1605.3989686957195,-161.17069168257353,0.9,2.3,0.2,1.6,0.6,2.3,0,0,0.5,0.5,0.0,0.0,0.0,0.0,0,0
2015-2016,2016-03-19,West Brom,Norwich,0,1,A,0,0,D,10,7,0,1,8,13,4,3,1,2,0,0,1504.4053835952993,1416.5944397474216,87.81094384787775,1.2,1.2,1.6,0.8,2.2,0.2,0,1,0.5,0.5,0.0,0.0,0.0,0.0,0,0
2015-2016,2016-03-19,Watford,Stoke,1,2,A,0,1,A,9,9,4,6,10,14,9,2,3,1,0,0,1478.0743540308297,1507.4114049089542,-29.3370508781245,0.5,1.0,0.8,1.1,1.5,1.4,1,0,0.5,0.5,0.0,0.0,0.0,0.0,0,0
2015-2016,2016-03-19,Swansea,Aston Villa,1,0,H,0,0,D,10,12,1,2,9,10,4,6,3,2,0,0,1467.0786876381849,1384.1178739443696,82.96081369381523,1.3,1.4,1.4,0.6,2.0,0.8,0,0,0.5,0.5,0.0,0.0,0.0,0.0,0,0
2015-2016,2016-03-20,Man City,Man United,0,1,A,0,1,A,26,5,2,3,9,12,11,5,1,1,0,0,1537.0082308691399,1528.6909963888868,8.317234480253092,1.5,1.1,1.5,1.5,1.1,1.7,0,0,0.5,0.5,0.0,0.0,0.0,0.0,0,0
2015-2016,2016-03-20,Newcastle,Sunderland,1,1,D,0,1,A,17,14,8,4,14,7,2,5,4,1,0,0,1424.6125736906592,1439.9123717285577,-15.299798037898427,0.9,2.0,0.7,1.6,1.6,1.3,0,0,0.5,0.5,0.0,0.0,0.0,0.0,0,0
2015-2016,2016-03-20,Southampton,Liverpool,3,2,H,0,2,A,16,18,5,9,10,13,3,5,1,3,0,0,1517.9724364211738,1535.82855912451,-17.85612270333627,1.2,0.6,2.0,2.2,1.5,1.7,0,0,0.5,0.5,0.0,0.0,0.0,0.0,0,0
2015-2016,2016-03-20,Tottenham,Bournemouth,3,0,H,2,0,H,17,2,8,0,11,6,4,5,0,1,0,0,1587.6389449956148,1499.5404148679033,88.09853012771146,1.9,0.8,2.2,1.6,1.3,1.7,0,1,0.5,0.5,0.0,0.0,0.0,0.0,0,0
2015-2016,2016-04-02,Sunderland,West Brom,0,0,D,0,0,D,22,3,7,0,11,13,9,3,1,1,0,0,1442.3030648845352,1489.4712407664183,-47.168175881883144,1.4,1.6,1.1,1.0,1.2,1.3,0,0,0.5,0.5,0.0,0.0,0.0,0.0,0,0
2015-2016,2016-04-02,West Ham,Crystal Palace,2,2,D,2,1,H,18,12,6,5,12,19,4,5,2,2,1,0,1555.350891415753,1435.9709415908571,119.3799498248959,1.7,1.2,1.8,0.9,2.1,0.2,0,0,0.5,0.5,0.0,0.0,0.0,0.0,0,0
2015-2016,2016-04-02,Arsenal,Watford,4,0,H,2,0,H,19,6,12,2,7,10,8,3,1,1,0,0,1562.8436049487336,1466.0680979268332,96.77550702190047,1.4,1.2,1.3,0.5,1.0,0.8,0,1,0.5,0.5,0.0,0.0,0.0,0.0,0,0
2015-2016,2016-04-02,Aston Villa,Chelsea,0,4,A,0,2,A,15,11,4,8,12,8,7,2,4,1,1,0,1378.9456794595214,1518.1093826617891,-139.1637032022677,0.5,2.1,0.5,1.9,1.2,1.8,0,0,0.5,0.5,0.0,0.0,0.0,0.0,0,0
2015-2016,2016-04-02,Bournemouth,Man City,0,4,A,0,3,A,11,15,2,7,9,8,4,4,0,1,0,0,1494.4808173412828,1523.9878382581899,-29.507020916907095,1.5,1.3,1.7,1.3,1.1,1.2,1,0,0.5,0.5,0.0,0.0,0.0,0.0,0,0
2015-2016,2016-04-02,Liverpool,Tottenham,1,1,D,0,0,D,15,18,7,5,11,11,12,9,2,0,0,0,1528.149759585043,1592.6985425222354,-64.5487829371923,2.3,1.8,1.4,2.2,0.7,2.5,0,0,0.5,0.5,0.0,0.0,0.0,0.0,0,0
2015-2016,2016-04-02,Norwich,Newcastle,3,2,H,1,0,H,13,13,6,5,6,11,6,5,0,0,0,0,1431.5285825763026,1422.2218805346818,9.306702041620838,0.8,1.9,0.5,1.0,2.0,0.8,1,0,0.5,0.5,0.0,0.0,0.0,0.0,0,0
2015-2016,2016-04-02,Stoke,Swansea,2,2,D,1,0,H,12,12,5,3,6,16,5,5,0,1,0,0,1519.4176610129507,1472.250882123033,47.16677888991762,1.0,1.5,1.4,1.2,1.0,1.7,0,0,0.5,0.5,0.0,0.0,0.0,0.0,0,0
2015-2016,2016-04-03,Leicester,Southampton,1,0,H,1,0,H,11,10,4,2,12,13,7,8,2,2,0,0,1613.6563041180084,1525.6512359606409,88.00506815736753,1.6,0.6,2.3,1.3,0.8,2.0,0,0,0.5,0.5,0.0,0.0,0.0,0.0,0,0
2015-2016,2016-04-03,Man United,Everton,1,0,H,0,0,D,10,7,2,1,15,6,5,5,2,0,0,0,1541.7113889998368,1485.182203313354,56.52918568648283,1.4,1.0,1.7,1.6,1.3,1.2,0,0,0.5,0.5,0.0,0.0,0.0,0.0,0,0
2015-2016,2016-04-09,Aston Villa,Bournemouth,1,2,A,0,1,A,6,12,1,3,13,11,3,8,2,2,0,0,1370.0681513190439,1482.4792569173753,-112.41110559833146,0.4,2.4,0.4,1.2,1.7,1.4,0,1,0.5,0.5,0.0,0.0,0.0,0.0,0,0
2015-2016,2016-04-09,Crystal Palace,Norwich,1,0,H,0,0,D,13,13,6,4,13,10,10,4,2,1,0,0,1441.5612767878335,1438.4823312020312,3.0789455858023302,1.1,2.2,0.3,1.1,1.8,0.8,0,1,0.5,0.5,0.0,0.0,0.0,0.0,0,0
2015-2016,2016-04-09,Man City,West Brom,2,1,H,1,1,D,13,13,4,2,10,7,8,8,0,1,0,0,1535.9893986820973,1490.980249892057,45.0091487900404,1.7,1.1,1.4,0.8,1.0,1.3,0,0,0.5,0.5,0.0,0.0,0.0,0.0,0,0
2015-2016,2016-04-09,Southampton,Newcastle,3,1,H,2,0,H,20,5,6,3,8,7,11,2,0,0,0,0,1520.5896046884804,1415.2681319089531,105.32147277952731,1.0,0.9,1.7,0.9,2.0,0.7,0,0,0.5,0.5,0.0,0.0,0.0,0.0,0,0
2015-2016,2016-04-09,Swansea,Chelsea,1,0,H,1,0,H,12,8,6,2,15,13,1,9,5,4,0,0,1476.2503034216475,1526.9869108022667,-50.73660738061926,1.3,1.2,1.5,2.1,1.0,2.0,0,0,0.5,0.5,0.0,0.0,0.0,0.0,0,0
2015-2016,2016-04-09,Watford,Everton,1,1,D,1,1,D,13,12,5,7,13,10,7,6,2,1,0,0,1461.194948323413,1479.4055260906416,-18.210577767228642,0.5,1.2,0.8,1.5,1.3,1.1,1,0,0.5,0.5,0.0,0.0,0.0,0.0,0,0
2015-2016,2016-04-09,West Ham,Arsenal,3,3,D,2,2,D,19,11,7,6,11,8,7,4,2,0,0,0,1549.7605562187766,1567.7167545521538,-17.956198333377188,1.6,1.3,1.6,1.5,0.9,1.5,0,0,0.5,0.5,0.0,0.0,0.0,0.0,0,0
2015-2016,2016-04-10,Liverpool,Stoke,4,1,H,2,1,H,14,10,6,3,14,14,6,3,0,2,0,0,1527.1329180406249,1515.4182397143363,11.71467832628855,2.4,1.7,1.5,1.2,1.7,1.4,0,0,0.5,0.5,0.0,0.0,0.0,0.0,0,0
2015-2016,2016-04-10,Sunderland,Leicester,0,2,A,0,0,D,15,17,1,7,9,9,1,7,1,1,0,0,1440.7940557588965,1618.7179353901688,-177.92387963127226,1.0,1.4,0.9,1.6,0.5,2.5,0,0,0.5,0.5,0.0,0.0,0.0,0.0,0,0
2015-2016,2016-04-10,Tottenham,Man United,3,0,H,0,0,D,16,5,8,1,10,10,2,7,3,3,0,0,1593.7153840666535,1547.4880662225492,46.22731784410439,1.9,0.7,2.3,1.2,0.7,1.9,0,0,0.5,0.5,0.0,0.0,0.0,0.0,0,0
2015-2016,2016-04-13,Crystal Palace,Everton,0,0,D,0,0,D,18,9,6,5,7,9,10,7,0,1,0,1,1448.678516168211,1481.7170719142289,-33.03855574601789,1.2,1.8,0.6,1.6,1.4,1.1,0,0,0.5,0.5,0.0,0.0,0.0,0.0,0,0
2015-2016,2016-04-16,Chelsea,Man City,0,3,A,0,1,A,11,11,4,8,12,15,11,3,2,3,1,0,1518.3953987192795,1542.042274809861,-23.6468760905816,1.8,0.8,1.9,1.5,1.2,1.4,0,0,0.5,0.5,0.0,0.0,0.0,0.0,0,0
2015-2016,2016-04-16,Everton,Southampton,1,1,D,0,0,D,7,18,2,4,8,14,3,10,1,1,0,0,1483.6208632273424,1525.2837282823268,-41.66286505498442,1.3,1.1,1.1,1.2,1.0,1.7,0,0,0.5,0.5,0.0,0.0,0.0,0.0,0,0
2015-2016,2016-04-16,Man United,Aston Villa,1,0,H,1,0,H,13,7,4,1,9,10,14,3,0,1,0,0,1541.4647482492248,1360.4252197854921,181.03952846373272,1.1,1.0,1.6,0.5,2.6,0.3,0,0,0.5,0.5,0.0,0.0,0.0,0.0,0,0
2015-2016,2016-04-16,Newcastle,Swansea,3,0,H,1,0,H,12,11,7,1,13,9,3,7,2,1,0,0,1410.5740083151068,1484.8418155046347,-74.26780718952796,0.8,2.2,0.4,1.2,1.1,1.5,0,0,0.5,0.5,0.0,0.0,0.0,0.0,0,0
2015-2016,2016-04-16,Norwich,Sunderland,0,3,A,0,1,A,19,8,6,3,7,11,14,0,2,2,0,0,1431.3650918216538,1433.0000199975052,-1.634928175851428,0.7,1.4,0.8,0.9,1.2,0.9,1,0,0.5,0.5,0.0,0.0,0.0,0.0,0,0
2015-2016,2016-04-16,West Brom,Watford,0,1,A,0,1,A,16,11,4,4,11,17,9,3,0,3,0,0,1484.9273737642932,1458.8834024998257,26.043971264467473,0.9,0.9,1.3,0.6,1.2,0.9,0,1,0.5,0.5,0.0,0.0,0.0,0.0,0,0
2015-2016,2016-04-17,Arsenal,Crystal Palace,1,1,D,1,0,H,21,7,6,2,7,13,10,5,0,2,0,0,1570.0352296179422,1446.7747248550975,123.26050476284468,1.8,1.2,1.5,1.1,1.5,0.7,0,0,0.5,0.5,0.0,0.0,0.0,0.0,0,0
2015-2016,2016-04-17,Bournemouth,Liverpool,1,2,A,0,2,A,18,19,5,6,9,9,5,4,0,0,0,0,1492.122188450927,1534.0239244651154,-41.90173601418837,1.3,1.7,1.6,2.5,1.5,1.7,1,0,0.5,0.5,0.0,0.0,0.0,0.0,0,0
2015-2016,2016-04-17,Leicester,West Ham,2,2,D,1,0,H,6,19,2,4,14,14,0,5,1,3,1,0,1626.5119711515601,1547.4420811529883,79.06988999857185,1.5,0.5,2.5,1.8,1.4,1.7,0,0,0.5,0.5,0.0,0.0,0.0,0.0,0,0
2015-2016,2016-04-18,Stoke,Tottenham,0,4,A,0,1,A,12,23,2,6,12,12,5,3,2,0,0,0,1508.5272332898458,1599.7387020399779,-91.2114687501321,1.3,1.8,1.4,1.9,0.6,2.3,0,0,0.5,0.5,0.0,0.0,0.0,0.0,0,0
2015-2016,2016-04-19,Newcastle,Man City,1,1,D,1,1,D,5,9,3,5,13,8,5,3,3,2,0,0,1419.8347275163644,1554.2051864644845,-134.37045894812013,1.0,2.0,0.7,1.6,1.0,1.6,0,0,0.5,0.5,0.0,0.0,0.0,0.0,0,0
2015-2016,2016-04-20,Liverpool,Everton,4,0,H,2,0,H,37,3,13,0,8,11,9,1,1,1,0,1,1545.6807129236845,1481.9573889948012,63.72332392888325,2.7,1.5,2.0,1.3,1.0,1.2,0,0,0.5,0.5,0.0,0.0,0.0,0.0,0,0
2015-2016,2016-04-20,Man United,Crystal Palace,2,0,H,1,0,H,16,5,10,0,13,7,10,2,1,2,0,0,1544.774936017368,1452.4413661687904,92.33356984857755,1.2,0.9,1.9,1.1,1.4,0.8,0,0,0.5,0.5,0.0,0.0,0.0,0.0,0,0
2015-2016,2016-04-20,West Ham,Watford,3,1,H,2,0,H,18,7,7,4,11,17,4,2,0,2,0,1,1552.1835358736178,1472.3600389288245,79.8234969447933,1.8,1.4,1.7,0.5,1.1,0.9,0,1,0.5,0.5,0.0,0.0,0.0,0.0,0,0
2015-2016,2016-04-21,Arsenal,West Brom,2,0,H,2,0,H,16,8,7,1,14,14,2,6,0,1,0,0,1564.3685883042492,1471.4507373352944,92.91785096895478,1.9,1.2,1.6,0.9,1.0,1.2,0,0,0.5,0.5,0.0,0.0,0.0,0.0,0,0
2015-2016,2016-04-23,Aston Villa,Southampton,2,4,A,1,2,A,16,17,7,7,8,9,6,11,2,0,0,0,1357.115032017349,1526.947202514868,-169.83217049751897,0.5,2.5,0.3,1.3,1.1,1.7,0,0,0.5,0.5,0.0,0.0,0.0,0.0,0,0
2015-2016,2016-04-23,Bournemouth,Chelsea,1,4,A,1,2,A,13,16,4,4,11,4,10,7,1,0,0,0,1480.465399992358,1506.232487064656,-25.767087072297954,1.2,1.8,1.3,1.7,1.1,1.6,1,0,0.5,0.5,0.0,0.0,0.0,0.0,0,0
2015-2016,2016-04-23,Liverpool,Newcastle,2,2,D,2,0,H,13,6,4,3,8,17,5,4,1,1,0,0,1551.2887578563714,1420.8207743336247,130.46798352274664,2.6,1.1,2.0,1.1,1.8,0.8,0,0,0.5,0.5,0.0,0.0,0.0,0.0,0,0
2015-2016,2016-04-23,Man City,Stoke,4,0,H,2,0,H,11,14,6,2,8,8,9,4,0,0,0,0,1553.2191396472242,1498.274332964628,54.94480668259621,1.6,1.1,1.4,1.3,1.9,1.4,0,0,0.5,0.5,0.0,0.0,0.0,0.0,0,0
2015-2016,2016-04-24,Leicester,Swansea,4,0,H,2,0,H,18,9,9,1,15,10,4,6,1,2,0,0,1621.7705164309307,1475.581096303377,146.1894201275536,1.5,0.7,2.3,1.1,1.3,1.4,0,0,0.5,0.5,0.0,0.0,0.0,0.0,0,0
2015-2016,2016-04-24,Sunderland,Arsenal,0,0,D,0,0,D,12,20,3,7,10,8,7,7,2,4,0,0,1445.7578987568181,1569.3240509737782,-123.56615221696006,1.1,1.1,1.1,2.1,1.2,1.8,0,0,0.5,0.5,0.0,0.0,0.0,0.0,0,0
2015-2016,2016-04-25,Tottenham,West Brom,1,1,D,1,0,H,19,16,2,3,8,13,9,7,0,1,0,0,1609.9916023651956,1466.4952746657655,143.49632769943014,2.0,0.6,2.3,0.8,1.1,1.1,0,0,0.5,0.5,0.0,0.0,0.0,0.0,0,0
2015-2016,2016-04-30,Newcastle,Crystal Palace,1,0,H,0,0,D,10,9,4,3,11,12,4,8,2,0,0,0,1426.6265942724895,1447.4733553760245,-20.846761103535073,1.2,2.0,0.6,1.0,1.5,0.7,0,0,0.5,0.5,0.0,0.0,0.0,0.0,0,0
2015-2016,2016-04-30,Arsenal,Norwich,1,0,H,0,0,D,14,12,3,3,8,7,7,3,1,0,0,0,1568.6468008901718,1418.6072130623409,150.03958782783093,1.9,1.2,1.6,0.7,1.4,0.8,0,1,0.5,0.5,0.0,0.0,0.0,0.0,0,0
2015-2016,2016-04-30,Everton,Bournemouth,2,1,H,1,1,D,12,16,5,2,4,8,3,5,1,0,0,0,1476.3493440621144,1468.3607342276705,7.988609834443878,1.0,1.4,0.9,1.3,2.0,1.3,0,1,0.5,0.5,0.0,0.0,0.0,0.0,0,0
2015-2016,2016-04-30,Watford,Aston Villa,3,2,H,1,1,D,18,7,6,2,14,10,8,4,2,3,0,1,1467.1182905617718,1349.0983278817944,118.01996267997743,0.6,1.4,0.8,0.5,2.9,0.0,1,0,0.5,0.5,0.0,0.0,0.0,0.0,0,0
2015-2016,2016-04-30,West Brom,West Ham,0,3,A,0,2,A,15,8,5,4,14,7,8,6,0,0,0,0,1472.5442737304388,1557.4252842406704,-84.88101051023159,0.9,1.1,1.2,1.9,1.5,1.7,0,0,0.5,0.5,0.0,0.0,0.0,0.0,0,0
2015-2016,2016-04-30,Stoke,Sunderland,1,1,D,0,0,D,11,14,3,5,13,13,2,8,2,2,0,0,1492.460115405875,1446.4351488404245,46.02496656545054,1.3,2.0,1.4,1.1,1.0,1.2,0,0,0.5,0.5,0.0,0.0,0.0,0.0,0,0
2015-2016,2016-05-01,Man United,Leicester,1,1,D,1,1,D,21,14,6,3,16,10,6,5,3,0,0,1,1549.7429468101338,1625.672596759782,-75.92964994964814,1.1,0.9,1.9,1.6,0.6,2.3,0,0,0.5,0.5,0.0,0.0,0.0,0.0,0,0
2015-2016,2016-05-01,Southampton,Man City,4,2,H,2,1,H,14,6,7,5,12,9,8,2,2,1,0,0,1534.9639066504226,1559.0333572059772,-24.069450555554567,1.6,1.3,1.7,1.9,0.8,1.7,0,0,0.5,0.5,0.0,0.0,0.0,0.0,0,0
2015-2016,2016-05-01,Swansea,Liverpool,3,1,H,2,0,H,18,11,9,3,12,13,4,7,2,2,0,1,1471.6790159745258,1545.4829379175067,-73.80392194298088,1.0,1.6,1.3,2.8,1.1,2.1,0,0,0.5,0.5,0.0,0.0,0.0,0.0,0,0
2015-2016,2016-05-02,Chelsea,Tottenham,2,2,D,0,2,A,13,16,5,5,9,20,7,8,3,9,0,0,1518.3371528293435,1603.9426033005223,-85.60545047117876,2.1,1.2,1.8,2.0,0.7,2.1,0,0,0.5,0.5,0.0,0.0,0.0,0.0,0,0
2015-2016,2016-05-07,Crystal Palace,Stoke,2,1,H,0,1,A,17,12,4,3,8,18,4,3,2,3,0,0,1439.7129551495336,1488.4883376233008,-48.775382473767195,0.9,1.4,0.7,1.1,2.0,1.2,0,0,0.5,0.5,0.0,0.0,0.0,0.0,0,0
2015-2016,2016-05-07,Aston Villa,Newcastle,0,0,D,0,0,D,2,9,0,3,8,13,0,5,1,1,0,0,1344.6616937149333,1434.3869944989804,-89.72530078404702,0.7,2.6,0.0,1.2,1.5,0.9,0,0,0.5,0.5,0.0,0.0,0.0,0.0,0,0
2015-2016,2016-05-07,Norwich,Man United,0,1,A,0,0,D,8,15,2,2,11,10,1,6,1,0,0,0,1414.7742726373729,1549.0512527378305,-134.27698010045765,0.7,1.3,0.8,1.1,0.9,1.9,1,0,0.5,0.5,0.0,0.0,0.0,0.0,0,0
2015-2016,2016-05-07,Bournemouth,West Brom,1,1,D,0,1,A,12,12,4,4,5,8,5,3,2,1,0,0,1461.3725286916067,1462.1093887029585,-0.7368600113518369,1.3,1.9,1.3,0.8,1.4,0.9,1,0,0.5,0.5,0.0,0.0,0.0,0.0,0,0
2015-2016,2016-05-07,Sunderland,Chelsea,3,2,H,1,2,A,15,9,4,8,11,9,3,3,4,1,0,1,1450.4069266229988,1517.923081282652,-67.51615465965324,1.0,0.9,1.2,2.2,1.3,1.8,0,0,0.5,0.5,0.0,0.0,0.0,0.0,0,0
2015-2016,2016-05-07,West Ham,Swansea,1,4,A,0,2,A,25,13,7,6,11,8,13,3,3,0,0,0,1567.8601692681507,1480.9264577753786,86.93371149277209,2.2,1.4,2.0,1.3,1.6,1.6,0,0,0.5,0.5,0.0,0.0,0.0,0.0,0,0
2015-2016,2016-05-07,Leicester,Everton,3,1,H,2,0,H,32,9,8,5,4,12,12,4,0,3,0,0,1626.3642908320853,1483.3375495981782,143.02674123390716,1.6,0.5,2.4,0.9,1.5,0.9,0,0,0.5,0.5,0.0,0.0,0.0,0.0,0,0
2015-2016,2016-05-08,Liverpool,Watford,2,0,H,1,0,H,19,14,5,3,10,15,8,8,1,2,0,0,1536.2354961166538,1471.5549247286328,64.68057138802101,2.7,1.2,2.0,0.9,1.5,1.1,0,1,0.5,0.5,0.0,0.0,0.0,0.0,0,0
2015-2016,2016-05-08,Man City,Arsenal,2,2,D,1,1,D,14,5,3,2,16,10,7,2,2,1,0,0,1551.1846721372603,1572.4797413151398,-21.29506917787944,2.0,1.0,1.7,1.8,1.1,1.6,0,0,0.5,0.5,0.0,0.0,0.0,0.0,0,0
2015-2016,2016-05-08,Tottenham,Southampton,1,2,A,1,1,D,20,10,6,2,8,16,10,2,0,3,0,0,1604.3566748472138,1542.8125917191394,61.54408312807436,2.0,0.8,1.9,1.9,1.5,1.7,0,0,0.5,0.5,0.0,0.0,0.0,0.0,0,0
2015-2016,2016-05-10,West Ham,Man United,3,2,H,1,0,H,20,3,6,2,6,18,6,2,1,3,0,0,1552.9451519942686,1558.0678703689255,-5.12271837465687,2.1,1.6,1.9,1.1,0.7,2.2,0,0,0.5,0.5,0.0,0.0,0.0,0.0,0,0
2015-2016,2016-05-11,Liverpool,Chelsea,1,1,D,0,1,A,28,13,9,7,11,12,7,3,3,1,0,0,1541.821330725051,1508.8553266802655,32.96600404478545,2.3,1.2,2.0,1.9,1.5,1.5,0,0,0.5,0.5,0.0,0.0,0.0,0.0,0,0
2015-2016,2016-05-11,Norwich,Watford,4,2,H,3,1,H,18,12,6,7,8,12,5,1,2,3,0,0,1405.757655006278,1465.9690901202357,-60.211435113957805,0.5,1.2,0.7,0.7,1.6,0.8,1,1,0.5,0.5,0.0,0.0,0.0,0.0,0,0
2015-2016,2016-05-11,Sunderland,Everton,3,0,H,2,0,H,14,17,8,6,15,7,5,5,1,0,0,0,1459.4746812253852,1479.3779713489596,-19.90329012357438,1.1,1.0,1.2,1.0,1.7,0.9,0,0,0.5,0.5,0.0,0.0,0.0,0.0,0,0
2015-2016,2016-05-15,Newcastle,Tottenham,5,1,H,2,0,H,19,17,10,5,7,6,3,8,1,2,1,0,1434.682637933646,1590.015483627656,-155.33284569401008,1.2,1.4,1.0,1.9,0.9,1.6,0,0,0.5,0.5,0.0,0.0,0.0,0.0,0,0
2015-2016,2016-05-15,Arsenal,Aston Villa,4,0,H,1,0,H,16,5,7,2,12,6,5,4,0,1,0,0,1574.7070814158305,1344.3660502802677,230.34103113556284,1.8,1.0,1.7,0.6,2.4,0.1,0,0,0.5,0.5,0.0,0.0,0.0,0.0,0,0
2015-2016,2016-05-15,Everton,Norwich,3,0,H,2,0,H,15,10,8,2,7,11,4,11,0,0,0,0,1471.6433486033468,1414.6174283855048,57.025920217841986,0.7,1.9,0.6,0.9,1.3,1.0,0,1,0.5,0.5,0.0,0.0,0.0,0.0,0,0
2015-2016,2016-05-15,Swansea,Man City,1,1,D,1,1,D,4,18,1,5,4,19,4,4,1,3,0,0,1495.8414750492607,1548.9573320365696,-53.115856987308916,1.6,1.5,1.9,2.2,0.9,1.8,0,0,0.5,0.5,0.0,0.0,0.0,0.0,0,0
2015-2016,2016-05-15,Chelsea,Leicester,1,1,D,0,0,D,17,18,4,5,4,12,7,6,0,0,0,0,1512.5058863360862,1630.3238690813039,-117.8179827452177,1.8,1.5,1.3,1.8,0.6,2.4,0,0,0.5,0.5,0.0,0.0,0.0,0.0,0,0
2015-2016,2016-05-15,Stoke,West Ham,2,1,H,0,1,A,7,20,4,7,8,12,4,10,3,1,0,0,1479.9521097399436,1560.2802789675163,-80.32816922757274,1.0,2.1,0.9,2.3,1.8,1.9,0,0,0.5,0.5,0.0,0.0,0.0,0.0,0,0
2015-2016,2016-05-15,Watford,Sunderland,2,2,D,0,1,A,21,6,6,4,11,10,7,4,1,0,0,0,1457.1093167410088,1467.209303970998,-10.09998722998921,0.9,2.0,0.7,1.4,0.9,1.5,1,0,0.5,0.5,0.0,0.0,0.0,0.0,0,0
2015-2016,2016-05-15,West Brom,Liverpool,1,1,D,1,1,D,13,7,1,3,11,14,7,5,3,1,0,0,1464.891132867513,1538.1707710692303,-73.27963820171726,0.6,1.3,0.7,2.1,1.3,1.8,0,0,0.5,0.5,0.0,0.0,0.0,0.0,0,0
2015-2016,2016-05-15,Southampton,Crystal Palace,4,1,H,1,0,H,18,16,5,4,7,14,2,5,1,2,0,0,1557.153782938697,1448.2491830328909,108.90459990580621,2.0,1.4,2.0,0.9,1.2,1.0,0,0,0.5,0.5,0.0,0.0,0.0,0.0,0,0
2015-2016,2016-05-17,Man United,Bournemouth,3,1,H,1,0,H,12,7,5,0,9,8,7,1,1,0,0,0,1550.7327433956777,1458.5907845270522,92.14195886862558,1.0,0.8,1.9,1.4,2.0,1.3,0,1,0.5,0.5,0.0,0.0,0.0,0.0,0,0
2016-2017,2016-08-13,Everton,Tottenham,1,1,D,1,0,H,12,13,6,4,10,14,5,6,0,0,0,0,1484.18580010334,1554.905344227416,-70.71954412407604,0.8,1.6,0.9,2.0,1.3,1.6,0,0,0.5,0.5,0.0,0.0,0.0,0.0,0,0
2016-2017,2016-08-13,Burnley,Swansea,0,1,A,0,0,D,10,17,3,9,10,14,7,4,3,2,0,0,1398.9606325500197,1496.1501208584054,-97.18948830838576,1.3,1.3,1.1,1.5,1.5,1.7,1,0,0.5,0.5,0.0,0.0,0.0,0.0,0,0
2016-2017,2016-08-13,Man City,Sunderland,2,1,H,1,0,H,16,7,4,3,11,14,9,6,1,2,0,0,1535.2090441016755,1478.8184146335425,56.390629468133056,1.9,1.0,1.6,1.4,0.9,1.5,0,0,0.5,0.5,0.0,0.0,0.0,0.0,0,0
2016-2017,2016-08-13,Crystal Palace,West Brom,0,1,A,0,0,D,14,13,4,3,12,15,3,6,2,2,0,0,1460.5401254145268,1474.886500222389,-14.346374807862276,0.8,1.4,0.9,0.5,1.2,0.7,0,0,0.5,0.5,0.0,0.0,0.0,0.0,0,0
2016-2017,2016-08-13,Middlesbrough,Stoke,1,1,D,1,0,H,12,12,2,1,18,14,9,6,3,5,0,0,1398.9606325500197,1492.5705592469792,-93.60992669695952,1.3,1.3,1.1,1.1,2.2,0.9,1,0,0.5,0.5,0.0,0.0,0.0,0.0,0,0
2016-2017,2016-08-13,Southampton,Watford,1,1,D,0,1,A,24,5,6,1,8,12,6,2,1,2,0,1,1543.2419507655848,1468.2046198648623,75.03733090072251,2.4,1.3,2.3,1.1,2.1,0.8,0,0,0.5,0.5,0.0,0.0,0.0,0.0,0,0
2016-2017,2016-08-13,Hull,Leicester,2,1,H,1,0,H,14,18,5,5,8,17,5,3,2,2,0,0,1398.9606325500197,1590.8680328121545,-191.90740026213484,1.3,1.3,1.1,1.7,0.5,2.4,1,0,0.5,0.5,0.0,0.0,0.0,0.0,0,0
2016-2017,2016-08-14,Arsenal,Liverpool,3,4,A,1,1,D,9,16,5,7,13,17,5,4,3,3,0,0,1554.113948486579,1527.2568325333314,26.857115953247558,2.1,0.8,2.0,2.0,1.3,1.6,0,0,0.5,0.5,0.0,0.0,0.0,0.0,0,0
2016-2017,2016-08-14,Bournemouth,Man United,1,3,A,0,1,A,9,11,3,7,7,10,4,2,0,1,0,0,1467.5330578241076,1538.993411721803,-71.46035389769554,1.3,2.3,1.0,1.2,0.9,1.9,0,0,0.5,0.5,0.0,0.0,0.0,0.0,0,0
2016-2017,2016-08-15,Chelsea,West Ham,2,1,H,0,0,D,16,7,6,3,16,16,7,1,5,2,0,0,1509.1127959800183,1535.5921128482426,-26.47931686822426,1.7,1.5,1.1,2.3,2.0,1.6,0,0,0.5,0.5,0.0,0.0,0.0,0.0,0,0
2016-2017,2016-08-19,Man United,Southampton,2,0,H,1,0,H,12,13,5,1,11,8,4,0,0,0,0,0,1549.8130061678428,1538.5909628846334,11.22204328320936,1.5,0.9,2.2,2.4,1.3,2.3,0,0,0.5,0.5,0.0,0.0,0.0,0.0,0,0
2016-2017,2016-08-20,Leicester,Arsenal,0,0,D,0,0,D,8,13,1,4,11,7,2,7,1,2,0,0,1578.2827487949698,1540.616753501786,37.66599529318387,1.7,0.7,2.1,2.2,1.0,1.9,0,0,0.5,0.5,0.0,0.0,0.0,0.0,0,0
2016-2017,2016-08-20,Burnley,Liverpool,2,0,H,2,0,H,3,26,2,5,14,5,1,12,0,1,0,0,1388.8797412853744,1540.7540275181243,-151.8742862327499,0.0,1.0,0.0,2.2,1.3,1.9,1,0,0.5,0.5,0.0,0.0,0.0,0.0,0,0
2016-2017,2016-08-20,Stoke,Man City,1,4,A,0,2,A,8,12,3,6,12,13,7,7,3,4,0,0,1492.7544596056084,1540.988998532489,-48.23453892688053,1.1,2.2,0.9,2.1,1.1,1.8,0,0,0.5,0.5,0.0,0.0,0.0,0.0,0,0
2016-2017,2016-08-20,Swansea,Hull,0,2,A,0,0,D,13,12,3,4,7,10,8,3,0,0,0,0,1506.2310121230507,1411.5459165672044,94.68509555584637,1.5,1.5,1.7,2.0,1.0,3.0,0,1,0.5,0.5,0.0,0.0,0.0,0.0,0,0
2016-2017,2016-08-20,Tottenham,Crystal Palace,1,0,H,0,0,D,20,10,5,2,19,9,10,4,3,3,0,0,1555.7461139313148,1448.1235759681585,107.62253796315622,1.9,1.2,1.6,0.7,1.3,0.9,0,0,0.5,0.5,0.0,0.0,0.0,0.0,0,0
2016-2017,2016-08-20,West Brom,Everton,1,2,A,1,1,D,11,13,4,7,16,10,7,4,3,1,0,0,1487.3030496687572,1483.3450303994412,3.9580192693160825,0.5,1.2,0.7,0.9,1.5,1.0,0,0,0.5,0.5,0.0,0.0,0.0,0.0,0,0
2016-2017,2016-08-20,Watford,Chelsea,1,2,A,0,0,D,6,13,2,4,20,10,0,5,4,3,0,0,1472.8556077458134,1517.0277302107354,-44.17212246492204,1.2,2.1,0.9,1.8,1.5,1.3,0,0,0.5,0.5,0.0,0.0,0.0,0.0,0,0
2016-2017,2016-08-21,Sunderland,Middlesbrough,1,2,A,0,2,A,18,8,5,3,11,14,8,1,1,1,0,0,1473.038460202729,1398.7767321913905,74.26172801133862,1.4,1.0,1.4,1.0,1.0,1.0,0,1,0.5,0.5,0.0,0.0,0.0,0.0,0,0
2016-2017,2016-08-21,West Ham,Bournemouth,1,0,H,0,0,D,15,8,2,5,15,15,1,6,3,1,0,1,1527.6771786175254,1456.713463378068,70.96371523945754,2.1,2.0,1.3,1.1,2.5,0.7,0,0,0.5,0.5,0.0,0.0,0.0,0.0,0,0
2016-2017,2016-08-27,Hull,Man United,0,1,A,0,0,D,8,29,2,9,9,6,1,6,2,3,0,0,1426.628278008896,1556.716826872345,-130.0885488634492,2.0,0.5,3.0,1.6,0.9,2.2,1,0,0.5,0.5,0.0,0.0,0.0,0.0,0,0
2016-2017,2016-08-27,Chelsea,Burnley,3,0,H,2,0,H,22,6,10,0,6,9,9,5,2,2,0,0,1528.6208974602011,1400.361806692636,128.2590907675651,1.8,1.4,1.5,1.0,0.5,1.5,0,1,0.5,0.5,0.0,0.0,0.0,0.0,0,0
2016-2017,2016-08-27,Crystal Palace,Bournemouth,1,1,D,0,1,A,24,10,5,3,15,10,10,4,2,1,0,0,1443.4768697535658,1451.2720663558496,-7.795196602283795,0.7,1.3,0.9,0.8,2.4,0.4,0,0,0.5,0.5,0.0,0.0,0.0,0.0,0,0
2016-2017,2016-08-27,Everton,Stoke,1,0,H,0,0,D,21,8,9,1,14,11,9,2,2,1,0,0,1496.2509731796695,1481.2754577801338,14.975515399535652,1.1,1.5,1.3,1.1,2.4,0.9,0,0,0.5,0.5,0.0,0.0,0.0,0.0,0,0
2016-2017,2016-08-27,Southampton,Sunderland,1,1,D,0,0,D,16,5,7,2,15,8,5,5,2,2,0,0,1531.687142180131,1458.4049851399259,73.28215704020522,2.2,1.4,2.0,1.4,1.1,1.3,0,0,0.5,0.5,0.0,0.0,0.0,0.0,0,0
2016-2017,2016-08-27,Tottenham,Liverpool,1,1,D,0,1,A,11,13,4,3,11,17,5,5,3,5,0,0,1560.3928201459075,1529.2719621108627,31.120858035044876,1.8,1.2,1.6,2.1,1.4,1.8,0,0,0.5,0.5,0.0,0.0,0.0,0.0,0,0
2016-2017,2016-08-27,Watford,Arsenal,1,3,A,0,3,A,14,10,6,7,18,15,3,2,6,1,0,0,1461.2624404963476,1544.3839787722811,-83.12153827593352,1.2,2.1,0.9,2.0,1.0,1.7,0,0,0.5,0.5,0.0,0.0,0.0,0.0,0,0
2016-2017,2016-08-27,Leicester,Swansea,2,1,H,1,0,H,13,9,6,3,14,10,4,6,2,2,0,0,1574.5155235244747,1491.1486506813592,83.36687284311552,1.6,0.7,1.9,1.3,1.4,1.7,0,0,0.5,0.5,0.0,0.0,0.0,0.0,0,0
2016-2017,2016-08-28,Man City,West Ham,3,1,H,2,0,H,22,9,5,2,5,10,5,4,1,3,0,0,1552.4680003579635,1533.1185756397438,19.34942471821978,2.5,1.1,2.1,2.0,1.8,1.5,0,0,0.5,0.5,0.0,0.0,0.0,0.0,0,0
2016-2017,2016-08-28,West Brom,Middlesbrough,0,0,D,0,0,D,13,7,2,2,12,11,5,4,1,3,0,0,1474.397106888529,1413.4102072541937,60.98689963433526,0.6,1.3,0.7,1.5,1.0,2.0,0,1,0.5,0.5,0.0,0.0,0.0,0.0,0,0
2016-2017,2016-09-10,Burnley,Hull,1,1,D,0,0,D,13,11,2,3,13,3,5,9,2,0,0,0,1396.1253242730527,1417.4921375268248,-21.36681325377208,0.6666666666666666,1.3333333333333333,1.0,1.3333333333333333,0.6666666666666666,2.0,1,1,0.5,0.5,0.0,0.0,0.0,0.0,0,0
2016-2017,2016-09-10,Liverpool,Leicester,4,1,H,2,1,H,17,12,11,3,4,8,1,7,1,2,0,0,1532.8764026428714,1579.678759792811,-46.80235714993955,1.8,1.4,1.6,1.7,0.8,1.9,0,0,0.5,0.5,0.0,0.0,0.0,0.0,0,0
2016-2017,2016-09-10,Bournemouth,West Brom,1,0,H,0,0,D,12,12,5,2,9,11,10,5,1,3,0,0,1453.8653364332692,1470.068939425745,-16.20360299247568,0.9,2.2,0.5,0.6,1.3,0.7,0,0,0.5,0.5,0.0,0.0,0.0,0.0,0,0
2016-2017,2016-09-10,Arsenal,Southampton,2,1,H,1,1,D,17,11,2,5,10,8,6,1,2,5,0,0,1554.869398144083,1527.0758372760727,27.793560868010445,1.9,1.1,1.7,2.0,1.3,1.8,0,0,0.5,0.5,0.0,0.0,0.0,0.0,0,0
2016-2017,2016-09-10,Middlesbrough,Crystal Palace,1,2,A,1,1,D,12,12,4,4,5,9,6,6,1,2,0,0,1417.7383747169777,1440.883599676146,-23.145224959168445,1.0,0.6666666666666666,1.6666666666666667,0.6,1.2,0.9,1,0,0.5,0.5,0.0,0.0,0.0,0.0,0,0
2016-2017,2016-09-10,Stoke,Tottenham,0,4,A,0,1,A,15,20,2,8,13,18,10,8,3,2,0,0,1474.468984825853,1556.7883796138988,-82.31939478804566,0.9,2.4,0.6,1.6,1.3,1.4,0,0,0.5,0.5,0.0,0.0,0.0,0.0,0,0
2016-2017,2016-09-10,West Ham,Watford,2,4,A,2,2,D,19,13,4,8,10,15,4,4,2,2,0,0,1526.424696138062,1450.7770211245456,75.64767501351639,1.9,1.9,1.4,1.3,2.0,0.9,0,0,0.5,0.5,0.0,0.0,0.0,0.0,0,0
2016-2017,2016-09-10,Man United,Man City,1,2,A,1,2,A,14,18,3,6,15,10,4,4,4,2,0,0,1565.8529673544163,1559.1618798596453,6.691087494770954,1.6,0.9,2.2,2.4,1.2,2.1,0,0,0.5,0.5,0.0,0.0,0.0,0.0,0,0
2016-2017,2016-09-11,Swansea,Chelsea,2,2,D,0,1,A,6,28,2,7,17,8,1,11,3,4,0,0,1485.985414413023,1532.8573798797845,-46.871965466761594,1.3,1.6,1.4,1.7,1.4,1.5,0,0,0.5,0.5,0.0,0.0,0.0,0.0,0,0
2016-2017,2016-09-12,Sunderland,Everton,0,3,A,0,0,D,11,20,2,9,11,8,5,4,1,1,0,0,1463.0162900439843,1503.0574461339502,-40.04115608996585,1.5,1.2,1.3,1.1,1.4,1.5,0,0,0.5,0.5,0.0,0.0,0.0,0.0,0,0
2016-2017,2016-09-16,Chelsea,Liverpool,1,2,A,0,2,A,12,13,4,5,6,13,6,4,1,1,0,0,1534.37471941511,1541.3571058053649,-6.982386390254987,1.9,1.5,1.6,2.0,1.4,1.6,0,0,0.5,0.5,0.0,0.0,0.0,0.0,0,0
2016-2017,2016-09-17,Man City,Bournemouth,4,0,H,2,0,H,20,6,12,2,8,11,5,5,1,1,1,0,1572.1396781414353,1461.4991852976939,110.64049284374141,2.4,1.2,2.1,1.0,1.8,0.8,0,0,0.5,0.5,0.0,0.0,0.0,0.0,0,0
2016-2017,2016-09-17,West Brom,West Ham,4,2,H,3,0,H,8,23,6,5,14,6,2,6,2,1,0,0,1462.4350905613203,1511.7599524583686,-49.32486189704832,0.5,1.2,0.7,1.8,2.0,1.3,0,0,0.5,0.5,0.0,0.0,0.0,0.0,0,0
2016-2017,2016-09-17,Everton,Middlesbrough,3,1,H,3,1,H,11,7,6,0,5,15,6,3,2,1,0,0,1514.7662697534754,1405.5617041569874,109.20456559648801,1.4,1.4,1.7,1.0,1.0,1.25,0,1,0.5,0.5,0.0,0.0,0.0,0.0,0,0
2016-2017,2016-09-17,Hull,Arsenal,1,4,A,0,1,A,6,24,2,9,9,12,2,4,0,2,1,0,1419.7175150203773,1561.348568901567,-141.6310538811897,1.25,0.75,1.75,1.8,0.9,1.9,1,0,0.5,0.5,0.0,0.0,0.0,0.0,0,0
2016-2017,2016-09-17,Leicester,Burnley,3,0,H,1,0,H,14,7,6,2,10,9,7,1,0,1,0,0,1571.1980566303175,1393.8999467795002,177.29810985081735,1.7,1.2,1.6,0.75,1.25,1.0,0,1,0.5,0.5,0.0,0.0,0.0,0.0,0,0
2016-2017,2016-09-18,Crystal Palace,Stoke,4,1,H,2,0,H,14,11,8,4,15,9,10,5,2,1,0,0,1453.0602702361364,1463.9605349322014,-10.90026469606505,0.7,1.3,0.9,0.7,2.6,0.5,0,0,0.5,0.5,0.0,0.0,0.0,0.0,0,0
2016-2017,2016-09-18,Southampton,Swansea,1,0,H,0,0,D,19,9,6,3,14,9,7,1,1,1,0,0,1520.5966665185888,1484.4680748776975,36.12859164089127,2.1,1.4,1.8,1.3,1.6,1.4,0,0,0.5,0.5,0.0,0.0,0.0,0.0,0,0
2016-2017,2016-09-18,Tottenham,Sunderland,1,0,H,0,0,D,31,6,9,2,7,16,14,1,1,5,0,1,1567.2968295075505,1451.307466424459,115.98936308309135,1.9,1.2,1.6,1.5,1.3,1.3,0,0,0.5,0.5,0.0,0.0,0.0,0.0,0,0
2016-2017,2016-09-18,Watford,Man United,3,1,H,1,0,H,10,15,5,2,14,19,5,7,3,4,0,0,1465.441764804239,1552.8751690726262,-87.43340426838722,1.6,2.1,1.1,1.7,0.8,2.2,0,0,0.5,0.5,0.0,0.0,0.0,0.0,0,0
2016-2017,2016-09-24,Arsenal,Chelsea,3,0,H,3,0,H,14,9,5,2,9,11,9,1,0,2,0,0,1570.1560327713794,1521.75964134525,48.39639142612941,2.1,0.9,2.1,2.0,1.4,1.6,0,0,0.5,0.5,0.0,0.0,0.0,0.0,0,0
2016-2017,2016-09-24,Bournemouth,Everton,1,0,H,1,0,H,12,13,1,2,10,14,5,3,2,2,0,0,1456.9141612367355,1519.380569910145,-62.46640867340943,0.8,2.1,0.5,1.6,1.4,1.9,0,0,0.5,0.5,0.0,0.0,0.0,0.0,0,0
2016-2017,2016-09-24,Liverpool,Hull,5,1,H,3,0,H,32,2,12,1,8,8,13,2,1,2,0,1,1553.9721838752248,1410.9100511505649,143.06213272465993,1.8,1.5,1.6,1.2,1.4,1.4,0,1,0.5,0.5,0.0,0.0,0.0,0.0,0,0
2016-2017,2016-09-24,Man United,Leicester,4,1,H,4,0,H,16,10,7,3,9,12,8,6,0,2,0,0,1543.2367071271422,1574.5681667948224,-31.331459667680292,1.7,1.1,1.9,1.8,1.2,1.6,0,0,0.5,0.5,0.0,0.0,0.0,0.0,0,0
2016-2017,2016-09-24,Middlesbrough,Tottenham,1,2,A,0,2,A,6,19,2,5,14,9,2,10,2,1,0,0,1400.9474040003179,1571.7739507681924,-170.82654676787456,1.0,1.4,1.0,1.7,1.2,1.6,1,0,0.5,0.5,0.0,0.0,0.0,0.0,0,0
2016-2017,2016-09-24,Stoke,West Brom,1,1,D,0,0,D,12,9,2,3,9,13,6,6,3,4,0,0,1456.4702527940563,1470.9867984415584,-14.516545647502198,0.7,2.6,0.5,0.9,1.3,1.0,0,0,0.5,0.5,0.0,0.0,0.0,0.0,0,0
2016-2017,2016-09-24,Sunderland,Crystal Palace,2,3,A,1,0,H,11,20,4,4,15,12,3,5,0,2,0,0,1446.8303451638171,1460.5505523742816,-13.720207210464423,1.2,1.4,1.0,1.1,1.4,1.1,0,0,0.5,0.5,0.0,0.0,0.0,0.0,0,0
2016-2017,2016-09-24,Swansea,Man City,1,3,A,1,1,D,13,18,5,4,15,9,2,7,2,4,0,0,1478.1972669197078,1576.7247022023937,-98.52743528268593,1.2,1.7,1.1,2.5,1.2,2.1,0,0,0.5,0.5,0.0,0.0,0.0,0.0,0,0
2016-2017,2016-09-25,West Ham,Southampton,0,3,A,0,1,A,13,18,1,9,9,14,6,2,5,2,0,0,1503.2082445781305,1526.8674744765785,-23.659229898448075,1.8,2.2,1.2,1.9,1.3,1.8,0,0,0.5,0.5,0.0,0.0,0.0,0.0,0,0
2016-2017,2016-09-26,Burnley,Watford,2,0,H,1,0,H,13,12,4,3,11,15,7,6,1,3,0,0,1390.5298366149952,1475.0802267497231,-84.55039013472788,0.6,1.6,0.8,1.8,2.2,1.1,1,0,0.5,0.5,0.0,0.0,0.0,0.0,0,0
2016-2017,2016-09-30,Everton,Crystal Palace,1,1,D,1,0,H,13,10,3,2,16,11,10,9,5,4,0,0,1510.456690452771,1472.9840645018212,37.472625950949805,1.6,1.1,1.9,1.3,1.5,1.3,0,0,0.5,0.5,0.0,0.0,0.0,0.0,0,0
2016-2017,2016-10-01,Hull,Chelsea,0,2,A,0,0,D,8,22,3,9,13,15,5,7,2,2,0,0,1406.9511198391767,1515.7887506554064,-108.83763081622965,1.1666666666666667,2.0,1.1666666666666667,1.6,1.6,1.3,1,0,0.5,0.5,0.0,0.0,0.0,0.0,0,0
2016-2017,2016-10-01,West Ham,Middlesbrough,1,1,D,0,0,D,19,9,2,3,13,12,4,5,2,3,0,0,1491.0456718630028,1392.9581788669364,98.08749299606643,1.5,2.4,0.9,1.0,1.5,0.8333333333333334,0,1,0.5,0.5,0.0,0.0,0.0,0.0,0,0
2016-2017,2016-10-01,Sunderland,West Brom,1,1,D,0,1,A,7,17,2,7,7,13,6,5,1,3,0,0,1434.3968330362777,1473.3987354557116,-39.00190241943392,1.4,1.7,0.9,1.0,1.2,1.1,0,0,0.5,0.5,0.0,0.0,0.0,0.0,0,0
2016-2017,2016-10-01,Watford,Bournemouth,2,2,D,0,1,A,17,11,7,2,17,12,4,5,3,4,0,0,1465.5246094034696,1465.8380406941094,-0.3134312906397554,1.7,2.1,1.1,0.8,1.9,0.8,0,0,0.5,0.5,0.0,0.0,0.0,0.0,0,0
2016-2017,2016-10-01,Swansea,Liverpool,1,2,A,1,0,H,8,18,3,6,11,9,3,10,2,2,0,0,1468.1548833539166,1557.931115186613,-89.77623183269634,1.3,1.7,1.1,2.1,1.4,1.8,0,0,0.5,0.5,0.0,0.0,0.0,0.0,0,0
2016-2017,2016-10-02,Burnley,Arsenal,0,1,A,0,0,D,10,18,1,3,2,3,2,6,0,0,0,0,1400.0854539612487,1576.126923461223,-176.04146949997426,0.8333333333333334,1.3333333333333333,1.1666666666666667,2.2,0.9,2.1,1,0,0.5,0.5,0.0,0.0,0.0,0.0,0,0
2016-2017,2016-10-02,Leicester,Southampton,0,0,D,0,0,D,9,11,1,5,9,9,3,6,1,0,0,0,1566.5192668193401,1539.0300471917062,27.48921962763393,1.7,1.4,1.5,2.1,1.2,2.0,0,0,0.5,0.5,0.0,0.0,0.0,0.0,0,0
2016-2017,2016-10-02,Man United,Stoke,1,1,D,0,0,D,24,7,9,6,14,9,13,2,3,0,0,0,1551.2856071026245,1454.058315779903,97.22729132272138,1.9,1.2,1.9,0.8,2.3,0.6,0,0,0.5,0.5,0.0,0.0,0.0,0.0,0,0
2016-2017,2016-10-02,Tottenham,Man City,2,0,H,2,0,H,13,12,7,6,20,10,4,3,2,2,0,0,1579.763175901574,1586.7670857681849,-7.003909866610911,1.5,1.3,1.6,2.7,1.2,2.3,0,0,0.5,0.5,0.0,0.0,0.0,0.0,0,0
2016-2017,2016-10-15,Chelsea,Leicester,3,0,H,2,0,H,16,5,6,0,6,12,8,5,1,1,0,0,1525.5344380399877,1563.0061137208218,-37.471675680834096,1.6,1.4,1.5,1.3,1.4,1.3,0,0,0.5,0.5,0.0,0.0,0.0,0.0,0,0
2016-2017,2016-10-15,Arsenal,Swansea,3,2,H,2,1,H,16,13,6,6,7,10,5,6,0,1,1,0,1583.9725639588555,1457.8607045577232,126.11185940113228,2.3,0.9,2.3,1.4,1.5,1.1,0,0,0.5,0.5,0.0,0.0,0.0,0.0,0,0
2016-2017,2016-10-15,Bournemouth,Hull,6,1,H,3,1,H,22,11,10,4,8,14,5,4,0,3,0,0,1468.6310252383535,1397.2054324545954,71.42559278375802,0.9,1.7,0.9,1.0,2.0,1.0,0,1,0.5,0.5,0.0,0.0,0.0,0.0,0,0
2016-2017,2016-10-15,Crystal Palace,West Ham,0,1,A,0,1,A,12,12,3,4,12,13,7,6,1,3,0,1,1476.7465130258188,1485.8910389801786,-9.144525954359779,1.4,1.4,1.4,1.3,2.5,0.7,0,0,0.5,0.5,0.0,0.0,0.0,0.0,0,0
2016-2017,2016-10-15,Stoke,Sunderland,2,0,H,2,0,H,18,11,6,1,10,13,6,4,1,1,0,0,1459.1947452921236,1432.6589856709836,26.53575962113996,0.9,2.0,0.7,1.4,1.7,0.9,0,0,0.5,0.5,0.0,0.0,0.0,0.0,0,0
2016-2017,2016-10-15,West Brom,Tottenham,1,1,D,0,0,D,8,20,4,8,14,10,5,8,2,2,0,0,1475.1365828210057,1587.1486749714886,-112.01209215048289,1.0,1.2,1.1,1.6,1.2,1.8,0,0,0.5,0.5,0.0,0.0,0.0,0.0,0,0
2016-2017,2016-10-15,Man City,Everton,1,1,D,0,0,D,19,3,8,2,7,9,13,1,0,2,0,0,1579.3815866982702,1506.6942419287734,72.6873447694968,2.3,1.4,2.0,1.5,1.1,1.7,0,0,0.5,0.5,0.0,0.0,0.0,0.0,0,0
2016-2017,2016-10-16,Middlesbrough,Watford,0,1,A,0,0,D,10,4,3,2,15,10,4,6,4,1,0,0,1398.1128117497606,1462.7316248592256,-64.61881310946501,1.0,1.4285714285714286,0.8571428571428571,1.6,2.1,0.9,1,0,0.5,0.5,0.0,0.0,0.0,0.0,0,0
2016-2017,2016-10-16,Southampton,Burnley,3,1,H,0,0,D,34,6,14,1,11,10,8,4,1,2,0,0,1542.5432002902246,1392.239813463616,150.30338682660863,1.7,1.0,1.8,0.7142857142857143,1.2857142857142858,1.0,0,1,0.5,0.5,0.0,0.0,0.0,0.0,0,0
2016-2017,2016-10-17,Liverpool,Man United,0,0,D,0,0,D,9,7,3,1,14,20,3,1,0,4,0,0,1568.2252939828063,1546.149177590404,22.076116392402355,2.2,1.2,2.1,1.9,1.2,1.9,0,0,0.5,0.5,0.0,0.0,0.0,0.0,0,0
2016-2017,2016-10-22,Burnley,Everton,2,1,H,1,0,H,9,20,3,8,16,15,2,8,2,3,0,0,1388.4115758608361,1511.292056557802,-122.88048069696583,0.75,1.5,0.875,1.5,0.9,1.8,1,0,0.5,0.5,0.0,0.0,0.0,0.0,0,0
2016-2017,2016-10-22,Hull,Stoke,0,2,A,0,1,A,9,12,2,6,16,8,5,7,2,3,0,0,1391.7745603644503,1465.7056710770796,-73.93111071262933,1.0,2.5,0.875,1.0,1.9,0.9,1,0,0.5,0.5,0.0,0.0,0.0,0.0,0,0
2016-2017,2016-10-22,Bournemouth,Tottenham,0,0,D,0,0,D,8,16,1,4,10,15,7,4,2,4,0,0,1474.0618973284986,1586.8030768580472,-112.74117952954862,1.4,1.6,1.2,1.5,1.1,1.8,0,0,0.5,0.5,0.0,0.0,0.0,0.0,0,0
2016-2017,2016-10-22,Arsenal,Middlesbrough,0,0,D,0,0,D,9,11,5,4,6,13,8,3,1,0,0,0,1588.2504661073042,1387.0979650356378,201.1525010716664,2.5,1.1,2.3,0.875,1.375,0.75,0,1,0.5,0.5,0.0,0.0,0.0,0.0,0,0
2016-2017,2016-10-22,Liverpool,West Brom,2,1,H,2,0,H,21,6,7,1,9,13,3,2,1,3,0,0,1564.8494535780128,1475.4821809344471,89.36727264356568,2.0,1.2,1.9,1.1,1.0,1.2,0,0,0.5,0.5,0.0,0.0,0.0,0.0,0,0
2016-2017,2016-10-22,Swansea,Watford,0,0,D,0,0,D,11,10,5,2,15,16,7,2,2,1,0,0,1453.5828024092746,1473.7464715733483,-20.16366916407378,1.3,1.7,0.8,1.7,1.9,1.2,0,0,0.5,0.5,0.0,0.0,0.0,0.0,0,0
2016-2017,2016-10-22,West Ham,Sunderland,1,0,H,0,0,D,20,10,3,2,10,13,6,2,2,5,0,0,1498.448047694349,1426.1480598860276,72.29998780832148,1.3,2.1,1.0,1.1,1.7,0.6,0,0,0.5,0.5,0.0,0.0,0.0,0.0,0,0
2016-2017,2016-10-22,Leicester,Crystal Palace,3,1,H,1,0,H,17,23,4,7,10,8,8,8,0,0,0,0,1554.7866414455623,1464.1895043116483,90.59713713391398,1.2,1.6,1.2,1.4,1.4,1.4,0,0,0.5,0.5,0.0,0.0,0.0,0.0,0,0
2016-2017,2016-10-23,Chelsea,Man United,4,0,H,2,0,H,14,16,6,5,7,17,5,7,3,2,0,0,1533.7539103152471,1549.5250179951975,-15.771107679950319,1.7,1.1,1.8,1.8,1.2,1.7,0,0,0.5,0.5,0.0,0.0,0.0,0.0,0,0
2016-2017,2016-10-23,Man City,Southampton,1,1,D,0,1,A,14,6,3,2,11,10,10,3,3,3,0,0,1574.7837720692416,1546.3714378930044,28.41233417623721,2.2,1.1,2.1,1.6,0.9,1.8,0,0,0.5,0.5,0.0,0.0,0.0,0.0,0,0
2016-2017,2016-10-29,Crystal Palace,Liverpool,2,4,A,2,3,A,7,17,6,10,15,5,3,3,1,2,0,0,1459.184076204622,1569.881496592232,-110.69742038761001,1.3,1.6,1.1,2.1,1.2,2.1,0,0,0.5,0.5,0.0,0.0,0.0,0.0,0,0
2016-2017,2016-10-29,Man United,Burnley,0,0,D,0,0,D,37,7,11,1,12,9,19,1,1,3,1,0,1541.9029169455346,1399.0691786502402,142.83373829529432,1.6,1.3,1.7,0.8888888888888888,1.4444444444444444,1.1111111111111112,0,1,0.5,0.5,0.0,0.0,0.0,0.0,0,0
2016-2017,2016-10-29,Middlesbrough,Bournemouth,2,0,H,1,0,H,10,15,3,3,3,5,4,7,1,1,0,0,1394.0953429317772,1474.4284536489893,-80.3331107172121,0.7777777777777778,1.2222222222222223,0.7777777777777778,1.3,1.5,1.2,1,0,0.5,0.5,0.0,0.0,0.0,0.0,0,0
2016-2017,2016-10-29,Sunderland,Arsenal,1,4,A,0,1,A,3,21,1,7,9,13,0,8,4,3,0,0,1420.7370778735115,1581.2530882111648,-160.51601033765337,0.8,1.8,0.3,2.3,0.9,2.3,0,0,0.5,0.5,0.0,0.0,0.0,0.0,0,0
2016-2017,2016-10-29,Tottenham,Leicester,1,1,D,1,0,H,22,6,5,1,11,20,8,1,3,4,0,0,1586.4365205375566,1559.7920695525886,26.64445098496799,1.4,0.9,1.9,1.2,1.6,1.2,0,0,0.5,0.5,0.0,0.0,0.0,0.0,0,0
2016-2017,2016-10-29,Watford,Hull,1,0,H,0,0,D,22,8,0,2,13,8,7,2,1,2,0,0,1476.0047379137138,1381.0256423198452,94.97909559386858,1.5,1.5,1.3,0.8888888888888888,2.4444444444444446,0.7777777777777778,0,1,0.5,0.5,0.0,0.0,0.0,0.0,0,0
2016-2017,2016-10-29,West Brom,Man City,0,4,A,0,2,A,9,21,1,8,17,10,1,7,4,3,0,0,1470.450137920228,1571.2473506291565,-100.79721270892856,1.1,1.1,1.1,2.1,1.0,2.1,0,0,0.5,0.5,0.0,0.0,0.0,0.0,0,0
2016-2017,2016-10-30,Everton,West Ham,2,0,H,0,0,D,17,13,6,3,15,12,8,8,2,3,0,0,1500.6344537683979,1503.8590297068652,-3.2245759384672965,1.6,0.8,1.8,1.1,1.9,1.0,0,0,0.5,0.5,0.0,0.0,0.0,0.0,0,0
2016-2017,2016-10-30,Southampton,Chelsea,0,2,A,0,1,A,9,13,1,7,13,16,7,3,0,0,0,0,1549.9078593330896,1541.37601136491,8.53184796817959,1.5,0.9,1.6,2.0,1.0,2.0,0,0,0.5,0.5,0.0,0.0,0.0,0.0,0,0
2016-2017,2016-10-31,Stoke,Swansea,3,1,H,1,1,D,17,14,4,6,7,14,6,4,2,0,0,0,1476.4545891216846,1451.324536068909,25.130053052775565,1.1,1.7,1.2,0.9,1.6,0.6,0,0,0.5,0.5,0.0,0.0,0.0,0.0,0,0
2016-2017,2016-11-05,Bournemouth,Sunderland,1,2,A,1,1,D,22,9,7,4,14,17,12,2,3,2,0,1,1464.9939084063287,1412.461465474013,52.53244293231569,1.2,1.4,1.2,0.7,2.0,0.2,0,0,0.5,0.5,0.0,0.0,0.0,0.0,0,0
2016-2017,2016-11-05,Burnley,Crystal Palace,3,2,H,2,0,H,14,16,7,5,11,12,4,7,1,2,0,0,1405.1060710078323,1449.4918754549135,-44.38580444708123,0.8,1.3,1.1,1.4,1.6,1.1,1,0,0.5,0.5,0.0,0.0,0.0,0.0,0,0
2016-2017,2016-11-05,Chelsea,Everton,5,0,H,3,0,H,21,1,9,0,5,16,4,2,0,3,0,0,1554.402016480505,1507.9189018820991,46.48311459840579,2.1,0.9,2.2,1.5,0.8,1.8,0,0,0.5,0.5,0.0,0.0,0.0,0.0,0,0
2016-2017,2016-11-05,Man City,Middlesbrough,1,1,D,1,0,H,25,5,7,3,7,15,8,2,1,3,0,0,1581.224405043182,1403.5298881744377,177.69451686874436,2.4,0.9,2.3,0.9,1.1,1.0,0,1,0.5,0.5,0.0,0.0,0.0,0.0,0,0
2016-2017,2016-11-05,West Ham,Stoke,1,1,D,0,0,D,9,12,2,4,11,10,6,4,4,1,0,0,1496.5745815931639,1483.001099040711,13.573482552452788,1.0,1.9,1.0,1.2,1.7,1.2,0,0,0.5,0.5,0.0,0.0,0.0,0.0,0,0
2016-2017,2016-11-06,Arsenal,Tottenham,1,1,D,1,0,H,15,10,2,3,11,17,7,2,1,2,0,0,1589.5287006106632,1582.944699072314,6.584001538349185,2.3,1.0,2.3,1.4,0.5,2.0,0,0,0.5,0.5,0.0,0.0,0.0,0.0,0,0
2016-2017,2016-11-06,Hull,Southampton,2,1,H,0,1,A,6,19,2,7,13,15,1,10,0,5,0,0,1376.1142772946928,1536.8818542174947,-160.76757692280194,0.8,2.3,0.7,1.1,1.0,1.3,1,0,0.5,0.5,0.0,0.0,0.0,0.0,0,0
2016-2017,2016-11-06,Leicester,West Brom,1,2,A,0,0,D,5,11,2,5,8,8,5,6,0,2,0,0,1563.2838910178311,1460.4730835062023,102.81080751162881,1.2,1.6,1.2,1.0,1.4,1.0,0,0,0.5,0.5,0.0,0.0,0.0,0.0,0,0
2016-2017,2016-11-06,Liverpool,Watford,6,1,H,3,0,H,28,11,17,8,14,10,6,3,1,2,0,0,1579.5736973419405,1480.9161029388663,98.6575944030742,2.4,1.3,2.3,1.4,1.3,1.5,0,0,0.5,0.5,0.0,0.0,0.0,0.0,0,0
2016-2017,2016-11-06,Swansea,Man United,1,3,A,0,3,A,6,9,1,3,9,16,2,0,0,2,0,0,1444.7780261498826,1535.8660245879425,-91.08799843805991,0.9,1.8,0.5,1.3,1.2,1.5,0,0,0.5,0.5,0.0,0.0,0.0,0.0,0,0
2016-2017,2016-11-19,Southampton,Liverpool,0,0,D,0,0,D,3,15,0,2,8,11,1,8,1,1,0,0,1525.1504421291036,1584.4070256825219,-59.256583553418295,1.1,1.1,1.2,2.6,1.1,2.3,0,0,0.5,0.5,0.0,0.0,0.0,0.0,0,0
2016-2017,2016-11-19,Crystal Palace,Man City,1,2,A,0,1,A,9,10,2,4,12,15,2,7,1,2,0,0,1441.0790479607435,1574.588125633379,-133.50907767263539,1.6,1.8,1.1,2.3,0.9,2.1,0,0,0.5,0.5,0.0,0.0,0.0,0.0,0,0
2016-2017,2016-11-19,Man United,Arsenal,1,1,D,0,0,D,12,5,5,1,14,11,10,4,3,3,0,0,1546.1224763694072,1586.5537114624444,-40.43123509303723,1.3,1.2,1.5,2.1,0.7,2.4,0,0,0.5,0.5,0.0,0.0,0.0,0.0,0,0
2016-2017,2016-11-19,Everton,Swansea,1,1,D,0,1,A,14,5,6,3,13,12,10,3,4,2,0,0,1501.9017802224373,1434.521574368418,67.38020585401932,1.4,1.2,1.7,0.9,2.1,0.2,0,0,0.5,0.5,0.0,0.0,0.0,0.0,0,0
2016-2017,2016-11-19,Stoke,Bournemouth,0,1,A,0,1,A,14,9,6,2,17,10,3,4,3,2,0,0,1486.1583412972357,1450.8655601035748,35.29278119366086,1.2,1.7,1.2,1.2,1.3,1.2,0,0,0.5,0.5,0.0,0.0,0.0,0.0,0,0
2016-2017,2016-11-19,Tottenham,West Ham,3,2,H,0,1,A,14,11,6,3,13,16,4,5,3,2,0,1,1585.9196882205329,1493.4173393366393,92.50234888389355,1.4,0.5,2.0,1.0,1.8,1.1,0,0,0.5,0.5,0.0,0.0,0.0,0.0,0,0
2016-2017,2016-11-19,Watford,Leicester,2,1,H,2,1,H,10,10,3,2,12,18,4,6,2,3,0,0,1476.082774598285,1548.0301326439599,-71.94735804567495,1.4,1.8,1.4,1.2,1.6,1.2,0,0,0.5,0.5,0.0,0.0,0.0,0.0,0,0
2016-2017,2016-11-19,Sunderland,Hull,3,0,H,1,0,H,11,17,4,7,9,8,2,8,1,0,1,0,1426.589813776767,1387.845689383084,38.74412439368302,0.8,1.9,0.5,0.8,2.3,0.7,0,1,0.5,0.5,0.0,0.0,0.0,0.0,0,0
2016-2017,2016-11-20,Middlesbrough,Chelsea,0,1,A,0,1,A,12,13,1,3,13,10,2,3,2,3,0,0,1410.1661675842408,1560.4191381401668,-150.2529705559259,0.9,1.1,1.0,2.4,0.8,2.2,1,0,0.5,0.5,0.0,0.0,0.0,0.0,0,0
2016-2017,2016-11-21,West Brom,Burnley,4,0,H,3,0,H,16,5,6,2,12,12,4,3,0,0,0,0,1475.7268418800736,1413.5188985020022,62.20794337807138,1.1,1.5,1.0,1.1,1.4,1.4,0,1,0.5,0.5,0.0,0.0,0.0,0.0,0,0
2016-2017,2016-11-26,Burnley,Man City,1,2,A,1,1,D,10,21,5,5,5,15,5,8,2,3,0,0,1407.8755833091016,1583.6266362602887,-175.75105295118715,0.9,1.8,1.1,2.1,0.9,2.1,1,0,0.5,0.5,0.0,0.0,0.0,0.0,0,0
2016-2017,2016-11-26,Chelsea,Tottenham,2,1,H,1,1,D,9,12,5,6,13,16,3,8,2,1,0,0,1568.9827441947195,1590.884072101411,-21.90132790669145,2.3,0.7,2.2,1.6,0.7,2.0,0,0,0.5,0.5,0.0,0.0,0.0,0.0,0,0
2016-2017,2016-11-26,Hull,West Brom,1,1,D,0,1,A,10,11,4,2,7,10,2,6,3,2,0,0,1381.6395106048935,1481.3701570729743,-99.73064646808075,0.6,2.6,0.4,1.4,1.3,1.3,1,0,0.5,0.5,0.0,0.0,0.0,0.0,0,0
2016-2017,2016-11-26,Leicester,Middlesbrough,2,2,D,1,1,D,11,6,3,2,15,12,2,3,4,4,0,0,1538.835802551094,1401.602561529688,137.233241021406,1.3,1.8,1.1,0.7,1.1,0.7,0,1,0.5,0.5,0.0,0.0,0.0,0.0,0,0
2016-2017,2016-11-26,Liverpool,Sunderland,2,0,H,0,0,D,27,6,7,1,5,9,9,4,1,3,0,0,1585.5743692656208,1432.7959925549574,152.77837671066345,2.6,0.9,2.4,1.0,1.7,0.8,0,0,0.5,0.5,0.0,0.0,0.0,0.0,0,0
2016-2017,2016-11-26,Swansea,Crystal Palace,5,4,H,1,1,D,18,12,9,4,12,24,10,6,4,5,0,0,1438.9980863203782,1432.0405373338338,6.957548986544452,1.0,2.0,0.3,1.7,1.9,1.1,0,0,0.5,0.5,0.0,0.0,0.0,0.0,0,0
2016-2017,2016-11-27,Arsenal,Bournemouth,3,1,H,1,1,D,16,9,3,3,12,13,3,10,3,5,0,0,1588.251633466951,1464.5740225453796,123.67761092157139,2.2,0.8,2.4,1.3,1.2,1.5,0,0,0.5,0.5,0.0,0.0,0.0,0.0,0,0
2016-2017,2016-11-27,Man United,West Ham,1,1,D,1,1,D,17,6,8,2,16,16,8,4,3,1,0,0,1544.4245543649006,1488.4529554557612,55.9715989091394,1.2,1.3,1.3,1.1,2.1,0.8,0,0,0.5,0.5,0.0,0.0,0.0,0.0,0,0
2016-2017,2016-11-27,Southampton,Everton,1,0,H,1,0,H,17,13,7,1,11,15,5,2,0,2,0,0,1523.9830985460046,1497.425268270477,26.55783027552752,1.1,0.9,1.3,1.3,1.2,1.5,0,0,0.5,0.5,0.0,0.0,0.0,0.0,0,0
2016-2017,2016-11-27,Watford,Stoke,0,1,A,0,1,A,11,14,2,1,24,14,3,3,3,0,1,0,1485.2771046911507,1472.4498788554308,12.8272258357199,1.5,1.7,1.7,1.1,1.4,1.2,0,0,0.5,0.5,0.0,0.0,0.0,0.0,0,0
2016-2017,2016-12-03,Crystal Palace,Southampton,3,0,H,2,0,H,9,17,4,3,11,13,4,9,3,1,0,0,1425.025323331202,1530.4934664312007,-105.46814309999877,2.0,2.3,1.0,1.1,0.8,1.5,0,0,0.5,0.5,0.0,0.0,0.0,0.0,0,0
2016-2017,2016-12-03,Man City,Chelsea,1,3,A,1,0,H,14,10,5,4,14,9,9,2,2,3,2,0,1591.4802490950806,1576.7719943752754,14.708254719805154,2.0,0.9,2.1,2.2,0.8,2.2,0,0,0.5,0.5,0.0,0.0,0.0,0.0,0,0
2016-2017,2016-12-03,West Ham,Arsenal,1,5,A,0,1,A,10,19,3,10,10,11,3,2,3,3,0,0,1492.6630831714872,1592.5768474121146,-99.91376424062742,1.1,1.9,0.9,2.2,0.8,2.4,0,0,0.5,0.5,0.0,0.0,0.0,0.0,0,0
2016-2017,2016-12-03,Stoke,Burnley,2,0,H,2,0,H,10,14,4,4,7,13,4,9,3,2,0,0,1485.5877700886283,1400.0219704743097,85.56579961431862,1.2,1.3,1.5,1.0,1.7,1.1,0,1,0.5,0.5,0.0,0.0,0.0,0.0,0,0
2016-2017,2016-12-03,Tottenham,Swansea,5,0,H,2,0,H,28,1,15,0,11,17,5,0,0,4,0,0,1583.094821920855,1446.01330032301,137.08152159784504,1.6,0.8,1.9,1.4,2.2,0.6,0,0,0.5,0.5,0.0,0.0,0.0,0.0,0,0
2016-2017,2016-12-03,West Brom,Watford,3,1,H,2,0,H,11,17,3,5,12,8,3,4,2,1,0,1,1481.3779096892629,1472.1392134579532,9.238696231309632,1.5,1.4,1.3,1.4,1.5,1.7,0,0,0.5,0.5,0.0,0.0,0.0,0.0,0,0
2016-2017,2016-12-03,Sunderland,Leicester,2,1,H,0,0,D,22,17,6,5,8,12,3,4,3,1,0,0,1429.0116628713918,1532.9023570478012,-103.8906941764094,0.9,1.8,0.7,1.3,1.9,0.9,0,0,0.5,0.5,0.0,0.0,0.0,0.0,0,0
2016-2017,2016-12-04,Bournemouth,Liverpool,4,3,H,0,2,A,12,10,8,3,9,17,4,9,2,2,0,0,1460.248808600216,1589.3586989491864,-129.10989034897034,1.3,1.4,1.4,2.7,0.8,2.6,0,0,0.5,0.5,0.0,0.0,0.0,0.0,0,0
2016-2017,2016-12-04,Everton,Man United,1,1,D,0,1,A,13,10,6,2,13,11,6,3,2,3,0,0,1490.914900385281,1540.2144266491746,-49.29952626389354,1.2,1.3,1.2,1.2,1.4,1.1,0,0,0.5,0.5,0.0,0.0,0.0,0.0,0,0
2016-2017,2016-12-05,Middlesbrough,Hull,1,0,H,0,0,D,16,6,4,2,6,11,13,7,1,1,0,0,1407.536007032981,1381.631757988605,25.904249044376,0.9,1.3,0.7,0.7,2.6,0.5,1,1,0.5,0.5,0.0,0.0,0.0,0.0,0,0
2016-2017,2016-12-10,Leicester,Man City,4,2,H,3,0,H,10,19,6,4,10,7,3,11,2,1,0,0,1522.7903785484002,1578.2936316098098,-55.50325306140962,1.3,1.7,0.9,1.9,1.1,1.8,0,0,0.5,0.5,0.0,0.0,0.0,0.0,0,0
2016-2017,2016-12-10,Swansea,Sunderland,3,0,H,0,0,D,14,11,5,2,10,8,7,4,1,2,0,0,1441.9439156356257,1439.1236413707927,2.8202742648329604,1.2,2.5,0.5,1.1,1.6,1.0,0,0,0.5,0.5,0.0,0.0,0.0,0.0,0,0
2016-2017,2016-12-10,Arsenal,Stoke,3,1,H,1,1,D,21,12,6,5,9,6,7,7,0,0,0,0,1602.5793294767388,1490.7026710549585,111.87665842178035,2.5,0.8,2.4,1.4,0.9,1.8,0,0,0.5,0.5,0.0,0.0,0.0,0.0,0,0
2016-2017,2016-12-10,Burnley,Bournemouth,3,2,H,2,1,H,16,17,7,4,14,18,4,11,2,2,0,0,1394.9070695079795,1471.0847035361242,-76.17763402814467,0.9,1.8,1.0,1.6,1.7,1.4,1,0,0.5,0.5,0.0,0.0,0.0,0.0,0,0
2016-2017,2016-12-10,Hull,Crystal Palace,3,3,D,1,0,H,15,14,6,6,16,14,4,7,2,4,0,0,1375.1048584768726,1435.182696147369,-60.077837670496365,0.6,2.6,0.4,2.1,2.2,1.0,1,0,0.5,0.5,0.0,0.0,0.0,0.0,0,0
2016-2017,2016-12-10,Watford,Everton,3,2,H,1,1,D,11,11,6,4,11,16,2,4,2,2,0,0,1465.1836889983283,1489.4658943506354,-24.282205352307074,1.1,1.6,1.4,1.0,1.4,1.0,0,0,0.5,0.5,0.0,0.0,0.0,0.0,0,0
2016-2017,2016-12-11,Liverpool,West Ham,2,2,D,1,2,A,18,7,3,3,7,8,11,4,2,0,0,0,1578.5228040132783,1482.660601106863,95.8622029064154,2.6,1.1,2.3,1.0,2.0,0.9,0,0,0.5,0.5,0.0,0.0,0.0,0.0,0,0
2016-2017,2016-12-11,Chelsea,West Brom,1,0,H,0,0,D,12,6,2,1,6,10,3,1,2,4,0,0,1589.9586118605462,1488.3334341488878,101.62517771165835,2.3,0.7,2.4,1.8,1.4,1.6,0,0,0.5,0.5,0.0,0.0,0.0,0.0,0,0
2016-2017,2016-12-11,Southampton,Middlesbrough,1,0,H,0,0,D,14,6,3,2,14,12,4,2,4,3,0,0,1520.3360936150336,1414.0629065447133,106.27318707032032,1.0,0.9,1.5,0.9,1.1,1.0,0,1,0.5,0.5,0.0,0.0,0.0,0.0,0,0
2016-2017,2016-12-11,Man United,Tottenham,1,0,H,1,0,H,15,12,5,4,19,17,3,8,3,3,0,0,1541.6634326838202,1587.1642066082395,-45.50077392441926,1.2,1.3,1.2,1.7,0.8,1.9,0,0,0.5,0.5,0.0,0.0,0.0,0.0,0,0
2016-2017,2016-12-13,Bournemouth,Leicester,1,0,H,1,0,H,9,12,3,4,5,15,4,11,0,3,0,0,1461.7692938523603,1531.516615880946,-69.74732202858559,1.8,1.6,1.4,1.4,1.9,0.9,0,0,0.5,0.5,0.0,0.0,0.0,0.0,0,0
2016-2017,2016-12-13,Everton,Arsenal,2,1,H,1,1,D,14,9,4,3,10,10,8,3,1,1,1,0,1481.6113683464991,1607.1392549624907,-125.52788661599152,0.9,1.6,0.7,2.4,0.8,2.4,0,0,0.5,0.5,0.0,0.0,0.0,0.0,0,0
2016-2017,2016-12-14,Crystal Palace,Man United,1,2,A,0,1,A,6,16,3,6,16,10,1,8,2,2,0,0,1436.3267178524288,1550.1075589938864,-113.78084114145759,2.0,2.4,0.8,1.2,1.0,1.5,0,0,0.5,0.5,0.0,0.0,0.0,0.0,0,0
2016-2017,2016-12-14,Man City,Watford,2,0,H,1,0,H,13,5,7,2,16,20,5,2,1,2,0,0,1569.5673942772642,1473.0382150024645,96.52917927479962,1.7,1.5,1.5,1.1,1.7,1.4,0,0,0.5,0.5,0.0,0.0,0.0,0.0,0,0
2016-2017,2016-12-14,Middlesbrough,Liverpool,0,3,A,0,1,A,8,15,3,4,11,14,5,2,1,0,0,0,1409.3884352415112,1573.4153572948387,-164.02692205332755,0.8,0.9,1.0,2.6,1.2,2.1,1,0,0.5,0.5,0.0,0.0,0.0,0.0,0,0
2016-2017,2016-12-14,Stoke,Southampton,0,0,D,0,0,D,5,15,3,4,9,10,3,11,1,2,1,0,1486.1427455692067,1525.0105649182358,-38.867819349029105,1.4,0.8,1.8,1.0,0.9,1.5,0,0,0.5,0.5,0.0,0.0,0.0,0.0,0,0
2016-2017,2016-12-14,Sunderland,Chelsea,0,1,A,0,1,A,8,19,3,6,15,10,5,5,3,2,0,0,1431.9995740828447,1594.7296037116705,-162.73002962882583,1.1,1.8,1.0,2.3,0.5,2.7,0,0,0.5,0.5,0.0,0.0,0.0,0.0,0,0
2016-2017,2016-12-14,Tottenham,Hull,3,0,H,1,0,H,27,10,9,5,6,14,5,5,0,2,0,0,1578.7200802981733,1373.9608367718126,204.7592435263607,1.6,0.9,1.6,0.8,2.5,0.5,0,1,0.5,0.5,0.0,0.0,0.0,0.0,0,0
2016-2017,2016-12-14,West Brom,Swansea,3,1,H,0,0,D,13,8,4,4,8,8,0,11,0,0,0,0,1483.5624422977635,1449.0679829235737,34.49445937418977,1.4,1.3,1.3,1.5,2.4,0.8,0,0,0.5,0.5,0.0,0.0,0.0,0.0,0,0
2016-2017,2016-12-14,West Ham,Burnley,1,0,H,1,0,H,20,8,7,2,12,15,6,1,0,2,0,0,1487.7680478253026,1404.2224791917433,83.54556863355924,1.0,1.8,1.0,1.2,1.7,1.3,0,1,0.5,0.5,0.0,0.0,0.0,0.0,0,0
2016-2017,2016-12-17,Stoke,Leicester,2,2,D,2,0,H,16,14,7,8,9,12,9,9,2,6,0,1,1484.401155786956,1522.3851639695376,-37.98400818258165,1.3,0.7,1.8,1.3,1.6,0.9,0,0,0.5,0.5,0.0,0.0,0.0,0.0,0,0
2016-2017,2016-12-17,Middlesbrough,Swansea,3,0,H,2,0,H,10,14,4,2,10,11,3,8,1,0,0,0,1401.210696326464,1442.7566109820534,-41.54591465558951,0.7,1.0,1.0,1.5,2.4,0.8,1,0,0.5,0.5,0.0,0.0,0.0,0.0,0,0
2016-2017,2016-12-17,Crystal Palace,Chelsea,0,1,A,0,1,A,6,13,2,6,12,15,5,3,2,3,0,0,1426.7231544660801,1602.9434550750896,-176.22030060900943,1.8,2.4,0.5,2.4,0.2,3.0,0,0,0.5,0.5,0.0,0.0,0.0,0.0,0,0
2016-2017,2016-12-17,Sunderland,Watford,1,0,H,0,0,D,12,9,4,4,10,9,4,11,1,2,0,0,1423.7857227194256,1468.159837163936,-44.37411444451027,0.9,1.6,1.0,1.1,1.7,1.4,0,0,0.5,0.5,0.0,0.0,0.0,0.0,0,0
2016-2017,2016-12-17,West Ham,Hull,1,0,H,0,0,D,18,16,6,5,13,9,10,6,2,4,0,0,1492.927345028709,1371.0108121117737,121.91653291693524,1.1,1.5,1.3,0.7,2.3,0.5,0,1,0.5,0.5,0.0,0.0,0.0,0.0,0,0
2016-2017,2016-12-17,West Brom,Man United,0,2,A,0,1,A,10,10,1,5,9,13,2,3,3,3,0,0,1489.8738142392838,1559.711122380235,-69.83730814095134,1.6,1.3,1.5,1.0,1.0,1.5,0,0,0.5,0.5,0.0,0.0,0.0,0.0,0,0
2016-2017,2016-12-18,Bournemouth,Southampton,1,3,A,1,1,D,10,14,5,8,6,12,7,4,0,2,0,0,1470.9007457637686,1526.7521547004865,-55.85140893671792,1.8,1.6,1.4,0.7,0.9,1.3,0,0,0.5,0.5,0.0,0.0,0.0,0.0,0,0
2016-2017,2016-12-18,Man City,Arsenal,2,1,H,0,1,A,14,6,5,1,9,13,8,1,4,2,0,0,1574.4457721157928,1596.405822683762,-21.96005056796912,1.6,1.4,1.5,2.2,1.0,2.1,0,0,0.5,0.5,0.0,0.0,0.0,0.0,0,0
2016-2017,2016-12-18,Tottenham,Burnley,2,1,H,1,1,D,30,5,9,2,10,11,11,2,1,2,0,0,1581.6701049582123,1399.063181988337,182.6069229698753,1.7,0.8,1.6,1.0,1.8,1.0,0,1,0.5,0.5,0.0,0.0,0.0,0.0,0,0
2016-2017,2016-12-19,Everton,Liverpool,0,1,A,0,0,D,6,11,1,4,13,9,1,6,3,1,0,0,1492.344800625228,1581.593096209886,-89.24829558465808,1.1,1.6,1.0,2.4,1.1,2.1,0,0,0.5,0.5,0.0,0.0,0.0,0.0,0,0
2016-2017,2016-12-26,Hull,Man City,0,3,A,0,0,D,10,16,3,6,11,14,4,7,1,0,0,0,1366.651134554104,1582.2366299246428,-215.58549537053887,0.7,2.2,0.5,1.8,1.3,1.8,1,0,0.5,0.5,0.0,0.0,0.0,0.0,0,0
2016-2017,2016-12-26,Arsenal,West Brom,1,0,H,0,0,D,26,3,11,1,11,7,6,5,2,1,0,0,1588.614964874912,1479.0078366785742,109.60712819633773,2.2,1.2,1.8,1.5,1.4,1.4,0,0,0.5,0.5,0.0,0.0,0.0,0.0,0,0
2016-2017,2016-12-26,Chelsea,Bournemouth,3,0,H,1,0,H,14,7,4,3,13,14,5,5,1,1,0,0,1610.78418783823,1459.6368424995806,151.14734533864953,2.3,0.2,3.0,1.7,1.7,1.3,0,0,0.5,0.5,0.0,0.0,0.0,0.0,0,0
2016-2017,2016-12-26,Burnley,Middlesbrough,1,0,H,0,0,D,6,8,4,2,17,18,7,3,6,5,0,0,1395.777842506461,1409.543949319229,-13.76610681276793,1.1,1.9,1.0,0.9,0.9,1.2,1,1,0.5,0.5,0.0,0.0,0.0,0.0,0,0
2016-2017,2016-12-26,Swansea,West Ham,1,4,A,0,1,A,14,14,7,7,10,12,8,4,0,0,0,0,1434.4233579892884,1497.2870225863787,-62.86366459709029,1.4,2.5,0.8,1.1,1.4,1.5,0,0,0.5,0.5,0.0,0.0,0.0,0.0,0,0
2016-2017,2016-12-26,Man United,Sunderland,3,1,H,1,0,H,26,7,9,4,6,9,5,5,1,1,0,0,1570.5770999409447,1432.19822222598,138.37887771496457,1.1,0.9,1.7,0.9,1.5,1.2,0,0,0.5,0.5,0.0,0.0,0.0,0.0,0,0
2016-2017,2016-12-26,Watford,Crystal Palace,1,1,D,0,1,A,9,10,3,4,18,17,7,3,2,4,0,0,1459.7473376573814,1418.8824217029396,40.86491595444181,0.9,1.6,1.3,1.7,2.4,0.4,0,0,0.5,0.5,0.0,0.0,0.0,0.0,0,0
2016-2017,2016-12-26,Leicester,Everton,0,2,A,0,0,D,7,8,2,3,14,7,3,4,3,0,0,0,1524.1514093328847,1482.0354404427853,42.11596889009934,1.5,1.8,0.9,1.0,1.6,0.9,0,0,0.5,0.5,0.0,0.0,0.0,0.0,0,0
2016-2017,2016-12-27,Liverpool,Stoke,4,1,H,2,1,H,20,6,6,2,9,6,8,2,0,1,0,0,1591.9024563923285,1482.634910423609,109.26754596871956,2.3,1.0,2.1,1.4,0.8,1.8,0,0,0.5,0.5,0.0,0.0,0.0,0.0,0,0
2016-2017,2016-12-28,Southampton,Tottenham,1,4,A,1,1,D,9,17,2,5,7,16,2,10,1,4,1,0,1538.0160579646745,1584.9554444400883,-46.93938647541381,1.0,1.0,1.5,1.7,0.9,1.6,0,0,0.5,0.5,0.0,0.0,0.0,0.0,0,0
2016-2017,2016-12-30,Hull,Everton,2,2,D,1,1,D,13,20,4,7,10,13,5,5,2,2,0,0,1359.8604188501822,1495.9120353789783,-136.0516165287961,0.6,1.9,0.5,1.1,1.5,1.1,1,0,0.5,0.5,0.0,0.0,0.0,0.0,0,0
2016-2017,2016-12-31,Burnley,Sunderland,4,1,H,1,0,H,16,11,6,3,10,8,6,2,1,1,0,0,1403.3455732805205,1428.1529912285375,-24.80741794801702,1.1,1.6,1.3,1.0,1.6,1.2,1,0,0.5,0.5,0.0,0.0,0.0,0.0,0,0
2016-2017,2016-12-31,Chelsea,Stoke,4,2,H,1,0,H,18,5,7,2,12,10,8,3,3,2,0,0,1614.5974095335948,1478.0218970686224,136.57551246497246,2.3,0.2,3.0,1.3,1.2,1.5,0,0,0.5,0.5,0.0,0.0,0.0,0.0,0,0
2016-2017,2016-12-31,Leicester,West Ham,1,0,H,1,0,H,12,25,4,5,11,8,7,7,5,3,0,0,1510.2748143966917,1508.3518402077138,1.9229741889778325,1.5,1.7,0.9,1.4,1.5,1.5,0,0,0.5,0.5,0.0,0.0,0.0,0.0,0,0
2016-2017,2016-12-31,Liverpool,Man City,1,0,H,1,0,H,5,9,1,2,12,12,4,6,2,1,0,0,1596.5154697473151,1589.0273456285645,7.4881241187506475,2.7,1.1,2.3,2.0,1.2,2.0,0,0,0.5,0.5,0.0,0.0,0.0,0.0,0,0
2016-2017,2016-12-31,Man United,Middlesbrough,2,1,H,0,0,D,32,9,12,2,9,14,12,2,1,1,0,0,1574.6223309383872,1401.9762185451693,172.6461123932179,1.4,1.0,1.9,0.9,0.9,1.2,0,1,0.5,0.5,0.0,0.0,0.0,0.0,0,0
2016-2017,2016-12-31,Southampton,West Brom,1,2,A,1,1,D,10,7,1,3,13,17,8,3,1,3,1,0,1526.5006143405114,1474.4017572655098,52.09885707500166,0.8,1.3,1.2,1.4,1.4,1.3,0,0,0.5,0.5,0.0,0.0,0.0,0.0,0,0
2016-2017,2016-12-31,Swansea,Bournemouth,0,3,A,0,2,A,14,11,5,6,14,9,4,3,2,0,0,0,1423.3585403679533,1455.8236208042158,-32.4650804362625,1.3,2.6,0.8,1.1,1.9,1.0,0,0,0.5,0.5,0.0,0.0,0.0,0.0,0,0
2016-2017,2017-01-01,Arsenal,Crystal Palace,2,0,H,1,0,H,22,7,7,4,9,7,8,4,1,1,0,0,1593.2210442879764,1422.7283771118655,170.4926671761109,2.0,1.0,1.8,1.8,2.4,0.5,0,0,0.5,0.5,0.0,0.0,0.0,0.0,0,0
2016-2017,2017-01-01,Watford,Tottenham,1,4,A,0,3,A,6,19,2,6,11,6,0,3,3,0,0,0,1455.9013822484555,1596.4708880642513,-140.56950581579576,0.9,1.7,1.1,2.0,0.9,1.8,0,0,0.5,0.5,0.0,0.0,0.0,0.0,0,0
2016-2017,2017-01-02,Everton,Southampton,3,0,H,0,0,D,17,12,6,3,5,14,10,8,0,1,0,0,1494.8780946490926,1512.3826240416395,-17.50452939254683,1.2,1.5,1.2,0.8,1.4,1.1,0,0,0.5,0.5,0.0,0.0,0.0,0.0,0,0
2016-2017,2017-01-02,Man City,Burnley,2,1,H,0,0,D,14,11,3,3,11,11,8,8,4,3,1,0,1582.0260359558495,1411.2145249492582,170.81151100659122,1.9,1.2,1.9,1.3,1.6,1.3,0,1,0.5,0.5,0.0,0.0,0.0,0.0,0,0
2016-2017,2017-01-02,Middlesbrough,Leicester,0,0,D,0,0,D,9,10,1,4,10,9,2,2,3,0,0,0,1398.5303998272223,1517.4225895167353,-118.89218968951309,1.0,1.1,1.1,1.3,1.6,0.9,1,0,0.5,0.5,0.0,0.0,0.0,0.0,0,0
2016-2017,2017-01-02,Sunderland,Liverpool,2,2,D,1,1,D,10,21,5,15,10,10,2,5,2,3,0,0,1420.2840395597998,1603.5167794200302,-183.23273986023037,1.1,1.9,1.2,2.6,1.0,2.3,0,0,0.5,0.5,0.0,0.0,0.0,0.0,0,0
2016-2017,2017-01-02,West Brom,Hull,3,1,H,0,1,A,8,17,5,6,5,4,7,9,0,0,0,0,1488.5197475643818,1360.8943595800679,127.62538798431387,1.5,1.3,1.6,0.8,1.9,0.6,0,1,0.5,0.5,0.0,0.0,0.0,0.0,0,0
2016-2017,2017-01-02,West Ham,Man United,0,2,A,0,0,D,8,13,2,6,9,13,2,1,1,2,1,0,1501.2040650876702,1578.0681496563343,-76.86408456866411,1.3,1.6,1.2,1.6,0.7,2.2,0,0,0.5,0.5,0.0,0.0,0.0,0.0,0,0
2016-2017,2017-01-03,Crystal Palace,Swansea,1,2,A,0,1,A,7,11,3,4,13,14,4,5,2,1,0,0,1419.2470589189254,1411.4388463653224,7.808212553602971,1.7,2.3,0.5,1.3,2.9,0.7,0,0,0.5,0.5,0.0,0.0,0.0,0.0,0,0
2016-2017,2017-01-03,Stoke,Watford,2,0,H,1,0,H,17,9,5,2,10,15,7,6,1,2,0,0,1473.9430626310618,1447.0637882033127,26.879274427749124,1.3,1.6,1.2,1.0,2.1,1.0,0,0,0.5,0.5,0.0,0.0,0.0,0.0,0,0
2016-2017,2017-01-03,Bournemouth,Arsenal,3,3,D,2,0,H,12,14,6,4,10,12,4,7,3,3,1,0,1467.7433148068467,1596.7023624809165,-128.95904767406978,1.4,1.9,1.2,2.2,1.0,2.0,0,0,0.5,0.5,0.0,0.0,0.0,0.0,0,0
2016-2017,2017-01-04,Tottenham,Chelsea,2,0,H,1,0,H,9,11,2,2,9,8,1,6,3,2,0,0,1605.3084821093942,1618.6762439711554,-13.36776186176121,2.4,1.0,2.0,2.3,0.4,3.0,0,0,0.5,0.5,0.0,0.0,0.0,0.0,0,0
2016-2017,2017-01-14,Burnley,Southampton,1,0,H,0,0,D,9,20,3,5,14,14,2,7,1,2,0,0,1407.738481033838,1504.7133966744884,-96.97491564065035,1.4,1.8,1.2,0.8,1.5,1.1,1,0,0.5,0.5,0.0,0.0,0.0,0.0,0,0
2016-2017,2017-01-14,Hull,Bournemouth,3,1,H,1,1,D,14,8,3,6,13,11,4,5,0,1,0,0,1356.6456837228056,1468.574898321027,-111.92921459822128,0.9,2.1,0.6,1.7,2.0,1.3,1,0,0.5,0.5,0.0,0.0,0.0,0.0,0,0
2016-2017,2017-01-14,Leicester,Chelsea,0,3,A,0,1,A,7,8,2,3,8,9,3,5,1,0,0,0,1516.879363877669,1611.1192971954958,-94.23993331782685,1.2,1.5,0.9,2.1,0.6,2.7,0,0,0.5,0.5,0.0,0.0,0.0,0.0,0,0
2016-2017,2017-01-14,Sunderland,Stoke,1,3,A,1,3,A,14,14,3,6,16,11,5,2,3,1,0,0,1422.634869763177,1480.445307888504,-57.81043812532698,1.2,1.7,1.3,1.2,1.5,1.2,0,0,0.5,0.5,0.0,0.0,0.0,0.0,0,0
2016-2017,2017-01-14,Swansea,Arsenal,0,4,A,0,1,A,12,14,3,6,12,8,3,2,2,0,0,0,1424.4459188243482,1595.8707789667362,-171.42486014238807,1.4,2.7,1.0,2.1,1.2,1.8,0,0,0.5,0.5,0.0,0.0,0.0,0.0,0,0
2016-2017,2017-01-14,Tottenham,West Brom,4,0,H,2,0,H,21,3,11,0,11,12,8,0,0,2,0,0,1612.8654288850537,1492.768423421644,120.09700546340969,2.5,0.9,2.2,1.8,1.0,1.9,0,0,0.5,0.5,0.0,0.0,0.0,0.0,0,0
2016-2017,2017-01-14,Watford,Middlesbrough,0,0,D,0,0,D,12,5,5,1,15,15,3,1,3,1,0,0,1440.5615429458705,1399.0736254662886,41.48791747958194,0.9,2.3,0.7,0.8,1.1,0.9,0,1,0.5,0.5,0.0,0.0,0.0,0.0,0,0
2016-2017,2017-01-14,West Ham,Crystal Palace,3,0,H,0,0,D,14,10,3,1,10,14,2,2,4,2,0,0,1490.539142443938,1406.2399864598997,84.2991559840384,1.3,1.6,1.2,1.6,2.1,0.5,0,0,0.5,0.5,0.0,0.0,0.0,0.0,0,0
2016-2017,2017-01-15,Everton,Man City,4,0,H,1,0,H,6,13,4,5,17,7,3,6,2,2,0,0,1502.5473220162437,1585.5020798712696,-82.95475785502595,1.3,1.5,1.2,1.7,1.3,1.9,0,0,0.5,0.5,0.0,0.0,0.0,0.0,0,0
2016-2017,2017-01-15,Man United,Liverpool,1,1,D,0,1,A,9,13,3,4,17,13,5,7,1,3,0,0,1588.7330723000664,1601.165949216653,-12.432876916586565,1.8,0.7,2.4,2.4,1.0,2.1,0,0,0.5,0.5,0.0,0.0,0.0,0.0,0,0
2016-2017,2017-01-21,Crystal Palace,Everton,0,1,A,0,0,D,8,16,2,8,10,15,8,7,0,1,0,0,1401.0972793138733,1512.0571137411152,-110.95983442724196,1.4,2.1,0.5,1.7,1.0,1.5,0,0,0.5,0.5,0.0,0.0,0.0,0.0,0,0
2016-2017,2017-01-21,Bournemouth,Watford,2,2,D,0,1,A,15,10,5,3,6,16,9,4,1,1,0,0,1458.2316827858024,1436.7003189617417,21.53136382406069,1.7,2.1,1.3,0.8,1.7,0.8,0,0,0.5,0.5,0.0,0.0,0.0,0.0,0,0
2016-2017,2017-01-21,Middlesbrough,West Ham,1,3,A,1,2,A,11,13,2,5,7,14,7,5,2,1,0,0,1402.9348494504175,1495.6818495899645,-92.74700013954703,0.7,1.0,0.9,1.5,1.5,1.4,1,0,0.5,0.5,0.0,0.0,0.0,0.0,0,0
2016-2017,2017-01-21,Liverpool,Swansea,2,3,A,0,0,D,16,6,5,3,7,7,6,3,1,1,0,0,1603.6342878940616,1416.4732125220228,187.1610753720388,1.9,1.0,1.9,1.3,2.8,1.0,0,0,0.5,0.5,0.0,0.0,0.0,0.0,0,0
2016-2017,2017-01-21,Man City,Tottenham,2,2,D,0,0,D,17,6,7,2,10,7,5,4,2,4,0,0,1575.992288146398,1617.2609214581996,-41.26863331180152,1.6,1.6,1.8,2.8,0.8,2.4,0,0,0.5,0.5,0.0,0.0,0.0,0.0,0,0
2016-2017,2017-01-21,West Brom,Sunderland,2,0,H,2,0,H,14,9,5,3,15,12,1,4,1,1,0,0,1488.372930848498,1411.4264901431732,76.9464407053249,1.6,1.3,1.6,1.1,1.9,1.0,0,0,0.5,0.5,0.0,0.0,0.0,0.0,0,0
2016-2017,2017-01-21,Stoke,Man United,1,1,D,1,0,H,6,25,1,8,12,13,1,7,4,0,0,0,1491.6536875085078,1586.2647336226578,-94.61104611414999,1.4,1.5,1.4,1.6,0.7,2.2,0,0,0.5,0.5,0.0,0.0,0.0,0.0,0,0
2016-2017,2017-01-22,Arsenal,Burnley,2,1,H,0,0,D,24,13,8,7,12,11,10,4,1,3,1,0,1603.8434852690616,1417.6514143071165,186.1920709619451,2.4,1.1,2.0,1.2,1.6,1.2,0,1,0.5,0.5,0.0,0.0,0.0,0.0,0,0
2016-2017,2017-01-22,Chelsea,Hull,2,0,H,1,0,H,9,9,5,4,12,10,9,7,1,3,0,0,1621.2850700538065,1366.9888992580302,254.29617079577633,1.9,0.6,2.7,1.0,2.1,0.6,0,1,0.5,0.5,0.0,0.0,0.0,0.0,0,0
2016-2017,2017-01-22,Southampton,Leicester,3,0,H,2,0,H,20,11,7,2,8,10,7,2,0,1,0,0,1494.80046340121,1506.7135910193583,-11.913127618148337,0.7,1.4,1.1,1.1,1.6,0.9,0,0,0.5,0.5,0.0,0.0,0.0,0.0,0,0
2016-2017,2017-01-31,Arsenal,Watford,1,2,A,0,2,A,20,10,5,6,12,15,9,5,3,3,0,0,1607.0725522081543,1440.0622596343244,167.01029257382993,2.5,1.1,2.2,0.8,1.8,0.6,0,0,0.5,0.5,0.0,0.0,0.0,0.0,0,0
2016-2017,2017-01-31,Bournemouth,Crystal Palace,0,2,A,0,0,D,10,11,2,4,14,23,2,3,0,4,0,0,1454.8697421132197,1391.412624114881,63.45711799833862,1.8,2.3,1.1,1.3,2.0,0.5,0,0,0.5,0.5,0.0,0.0,0.0,0.0,0,0
2016-2017,2017-01-31,Burnley,Leicester,1,0,H,0,0,D,24,13,3,5,4,8,10,2,1,0,0,0,1414.4223473680238,1499.1959726460666,-84.7736252780428,1.3,1.4,1.2,1.0,1.7,0.9,1,0,0.5,0.5,0.0,0.0,0.0,0.0,0,0
2016-2017,2017-01-31,Liverpool,Chelsea,1,1,D,0,1,A,7,8,3,2,13,8,3,3,2,1,0,0,1586.848279558078,1623.5874380198998,-36.73915846182172,2.1,1.3,1.8,2.0,0.6,2.7,0,0,0.5,0.5,0.0,0.0,0.0,0.0,0,0
2016-2017,2017-01-31,Middlesbrough,West Brom,1,1,D,1,1,D,11,16,3,5,12,13,4,2,2,1,0,0,1392.726121653717,1493.6789908824896,-100.95286922877267,0.8,1.2,0.9,1.4,1.3,1.6,1,0,0.5,0.5,0.0,0.0,0.0,0.0,0,0
2016-2017,2017-01-31,Sunderland,Tottenham,0,0,D,0,0,D,3,14,1,3,9,13,2,12,2,1,0,0,1406.1204301091816,1618.9354265201994,-212.81499641101777,0.8,2.1,0.7,2.7,0.8,2.2,0,0,0.5,0.5,0.0,0.0,0.0,0.0,0,0
2016-2017,2017-01-31,Swansea,Southampton,2,1,H,1,0,H,11,10,5,2,10,19,5,4,2,0,0,0,1433.2592208580063,1502.3180817745017,-69.0588609164954,1.5,2.9,1.2,1.0,1.4,1.3,0,0,0.5,0.5,0.0,0.0,0.0,0.0,0,0
2016-2017,2017-02-01,Man United,Hull,0,0,D,0,0,D,15,6,6,2,20,16,7,1,1,4,0,0,1586.419827746374,1364.686531291937,221.7332964544371,1.6,0.7,2.2,1.0,2.0,0.6,0,1,0.5,0.5,0.0,0.0,0.0,0.0,0,0
2016-2017,2017-02-01,Stoke,Everton,1,1,D,1,1,D,14,14,7,5,21,12,5,5,1,0,0,0,1491.4985933847915,1521.7417689401075,-30.24317555531593,1.5,1.5,1.5,1.7,0.9,1.7,0,0,0.5,0.5,0.0,0.0,0.0,0.0,0,0
2016-2017,2017-02-01,West Ham,Man City,0,4,A,0,3,A,6,11,1,4,11,14,2,4,3,3,0,0,1505.890577386665,1574.3177830843983,-68.42720569773337,1.6,1.3,1.7,1.6,1.7,1.6,0,0,0.5,0.5,0.0,0.0,0.0,0.0,0,0
2016-2017,2017-02-04,Hull,Liverpool,2,0,H,1,0,H,7,22,4,5,9,12,1,15,2,1,0,0,1371.9738736189338,1585.0473443911815,-213.07347077224767,0.9,1.9,0.6,2.0,1.4,1.6,1,0,0.5,0.5,0.0,0.0,0.0,0.0,0,0
2016-2017,2017-02-04,Crystal Palace,Sunderland,0,4,A,0,4,A,21,10,9,7,8,8,6,1,3,3,0,0,1405.7983930272667,1409.2580040060561,-3.459610978789442,1.1,1.5,0.8,0.8,1.9,0.8,0,0,0.5,0.5,0.0,0.0,0.0,0.0,0,0
2016-2017,2017-02-04,Everton,Bournemouth,6,3,H,3,0,H,15,18,10,8,14,4,4,8,3,1,0,0,1523.7229813836448,1440.483973200834,83.23900818281072,1.8,0.9,1.8,1.7,2.2,1.1,0,0,0.5,0.5,0.0,0.0,0.0,0.0,0,0
2016-2017,2017-02-04,Chelsea,Arsenal,3,1,H,1,0,H,13,9,6,5,14,8,10,13,1,1,0,0,1625.3883731867963,1590.6118870351866,34.77648615160979,1.9,0.6,2.5,2.3,1.2,1.9,0,0,0.5,0.5,0.0,0.0,0.0,0.0,0,0
2016-2017,2017-02-04,West Brom,Stoke,1,0,H,1,0,H,16,12,4,2,6,13,5,6,2,2,0,0,1493.6515651702307,1489.5173809412543,4.134184228976437,1.4,1.3,1.6,1.5,1.6,1.3,0,0,0.5,0.5,0.0,0.0,0.0,0.0,0,0
2016-2017,2017-02-04,Tottenham,Middlesbrough,1,0,H,0,0,D,17,8,5,0,8,11,11,2,0,1,0,0,1615.7978526233248,1392.753547365976,223.04430525734892,2.6,0.6,2.3,0.7,1.1,0.9,0,1,0.5,0.5,0.0,0.0,0.0,0.0,0,0
2016-2017,2017-02-04,Watford,Burnley,2,1,H,2,0,H,16,11,7,7,12,10,3,6,5,0,0,1,1456.5229248072922,1423.9843774321382,32.53854737515394,1.0,1.8,0.9,1.3,1.2,1.5,0,1,0.5,0.5,0.0,0.0,0.0,0.0,0,0
2016-2017,2017-02-04,Southampton,West Ham,1,3,A,1,2,A,21,6,7,4,12,15,3,2,0,2,0,0,1493.2062924735935,1494.9843325502536,-1.7780400766600906,1.0,1.6,1.0,1.5,1.6,1.6,0,0,0.5,0.5,0.0,0.0,0.0,0.0,0,0
2016-2017,2017-02-05,Leicester,Man United,0,3,A,0,2,A,11,15,1,9,12,13,10,3,2,4,0,0,1489.6339425819522,1579.1324854193772,-89.49854283742502,0.8,1.6,0.8,1.5,0.6,2.2,0,0,0.5,0.5,0.0,0.0,0.0,0.0,0,0
2016-2017,2017-02-05,Man City,Swansea,2,1,H,1,0,H,17,4,5,2,9,13,10,3,2,3,0,0,1585.2240279208097,1442.3710101589145,142.85301776189522,1.8,1.6,1.6,1.2,2.6,1.2,0,0,0.5,0.5,0.0,0.0,0.0,0.0,0,0
2016-2017,2017-02-11,Stoke,Crystal Palace,1,0,H,0,0,D,7,6,4,1,10,14,5,5,1,3,0,0,1482.4279652992332,1393.0891082883322,89.33885701090094,1.3,1.7,1.0,0.8,1.9,0.5,0,0,0.5,0.5,0.0,0.0,0.0,0.0,0,0
2016-2017,2017-02-11,West Ham,West Brom,2,2,D,0,1,A,16,8,4,3,7,14,7,5,3,2,0,0,1507.7384050795715,1500.7409808122518,6.9974242673197296,1.7,1.2,1.9,1.2,1.2,1.6,0,0,0.5,0.5,0.0,0.0,0.0,0.0,0,0
2016-2017,2017-02-11,Arsenal,Hull,2,0,H,1,0,H,17,9,7,4,12,9,3,8,3,1,0,1,1584.3075259268278,1385.1181530685708,199.189372858257,1.9,1.4,1.6,1.1,1.8,0.9,0,1,0.5,0.5,0.0,0.0,0.0,0.0,0,0
2016-2017,2017-02-11,Liverpool,Tottenham,2,0,H,2,0,H,17,7,9,2,14,14,10,3,3,4,0,0,1571.9030649415445,1618.4928637429302,-46.58979880138577,1.7,1.2,1.6,2.2,0.6,2.3,0,0,0.5,0.5,0.0,0.0,0.0,0.0,0,0
2016-2017,2017-02-11,Man United,Watford,2,0,H,1,0,H,22,9,11,3,10,12,5,1,1,0,0,0,1589.4346496410467,1462.8830335341486,126.55161610689811,1.7,0.5,2.4,1.1,1.6,1.2,0,0,0.5,0.5,0.0,0.0,0.0,0.0,0,0
2016-2017,2017-02-11,Sunderland,Southampton,0,4,A,0,2,A,6,15,1,8,12,14,6,2,1,0,0,0,1421.9672887449906,1480.4522199442756,-58.48493119928503,1.0,1.8,0.8,1.1,1.6,1.0,0,0,0.5,0.5,0.0,0.0,0.0,0.0,0,0
2016-2017,2017-02-11,Middlesbrough,Everton,0,0,D,0,0,D,9,7,3,3,14,9,5,2,2,0,0,0,1390.0585362463705,1528.8890374285932,-138.83050118222263,0.6,1.2,0.6,2.3,1.1,2.0,1,0,0.5,0.5,0.0,0.0,0.0,0.0,0,0
2016-2017,2017-02-12,Burnley,Chelsea,1,1,D,1,1,D,6,13,4,2,12,11,1,1,3,2,0,0,1417.6242687052818,1631.692734295155,-214.0684655898733,1.4,1.2,1.5,1.9,0.6,2.5,1,0,0.5,0.5,0.0,0.0,0.0,0.0,0,0
2016-2017,2017-02-12,Swansea,Leicester,2,0,H,2,0,H,10,9,4,1,7,14,7,3,2,2,0,0,1438.4082551814165,1479.3317783602827,-40.92352317886616,1.3,2.3,1.2,0.7,1.7,0.8,0,0,0.5,0.5,0.0,0.0,0.0,0.0,0,0
2016-2017,2017-02-13,Bournemouth,Man City,0,2,A,0,1,A,5,17,1,5,8,11,3,7,2,3,0,0,1435.3179171558857,1589.1867828983077,-153.86886574242203,1.6,2.5,0.8,1.9,1.4,1.9,0,0,0.5,0.5,0.0,0.0,0.0,0.0,0,0
2016-2017,2017-02-25,Chelsea,Swansea,3,1,H,1,1,D,16,3,5,2,11,14,8,1,1,3,0,0,1628.522671199333,1446.7240971800397,181.79857401929326,1.9,0.7,2.3,1.2,2.3,1.2,0,0,0.5,0.5,0.0,0.0,0.0,0.0,0,0
2016-2017,2017-02-25,Crystal Palace,Middlesbrough,1,0,H,1,0,H,15,11,3,4,13,15,4,2,3,1,0,0,1388.056449236048,1391.1715375968909,-3.1150883608429467,0.5,1.7,0.4,0.6,1.1,0.7,0,1,0.5,0.5,0.0,0.0,0.0,0.0,0,0
2016-2017,2017-02-25,Everton,Sunderland,2,0,H,1,0,H,20,10,8,1,10,16,10,6,0,2,0,0,1527.7760360780728,1410.7780435890127,116.99799248906015,2.1,0.8,2.1,1.0,1.9,0.8,0,0,0.5,0.5,0.0,0.0,0.0,0.0,0,0
2016-2017,2017-02-25,Hull,Burnley,1,1,D,0,0,D,15,10,1,3,8,13,6,3,1,1,0,1,1382.0865793473156,1420.794331801104,-38.707752453788316,0.8,1.7,0.8,1.2,1.1,1.3,1,1,0.5,0.5,0.0,0.0,0.0,0.0,0,0
2016-2017,2017-02-25,Watford,West Ham,1,1,D,1,0,H,9,13,1,2,18,14,4,6,4,1,0,1,1458.6136381589047,1504.7525736634245,-46.13893550451985,0.8,1.6,0.9,1.7,1.2,1.9,0,0,0.5,0.5,0.0,0.0,0.0,0.0,0,0
2016-2017,2017-02-25,West Brom,Bournemouth,2,1,H,2,1,H,13,12,4,4,12,5,8,6,2,0,0,0,1503.7268122283988,1426.8560818383523,76.87073039004645,1.4,1.3,1.7,1.4,2.4,0.8,0,0,0.5,0.5,0.0,0.0,0.0,0.0,0,0
2016-2017,2017-02-26,Tottenham,Stoke,4,0,H,4,0,H,21,5,9,3,11,14,8,5,2,3,0,0,1610.0181367275707,1487.4606243515175,122.55751237605318,2.2,0.7,2.3,1.3,1.4,1.3,0,0,0.5,0.5,0.0,0.0,0.0,0.0,0,0
2016-2017,2017-02-27,Leicester,Liverpool,3,1,H,2,0,H,13,17,7,7,8,5,5,12,0,0,0,0,1471.0159363616594,1580.377791956904,-109.3618555952446,0.3,1.7,0.5,1.7,1.0,1.8,0,0,0.5,0.5,0.0,0.0,0.0,0.0,0,0
2016-2017,2017-03-04,Leicester,Hull,3,1,H,1,1,D,17,10,5,4,12,13,10,4,1,1,0,0,1481.2853270306746,1380.3405225676397,100.94480446303487,0.6,1.7,0.8,0.9,1.5,0.9,0,1,0.5,0.5,0.0,0.0,0.0,0.0,0,0
2016-2017,2017-03-04,Liverpool,Arsenal,3,1,H,2,0,H,18,7,7,3,8,15,9,3,1,2,0,0,1570.108401287889,1587.339099648083,-17.230698360194083,1.5,1.3,1.5,1.8,1.3,1.6,0,0,0.5,0.5,0.0,0.0,0.0,0.0,0,0
2016-2017,2017-03-04,Man United,Bournemouth,1,1,D,1,1,D,20,3,7,1,9,11,15,2,3,2,0,1,1593.7040450162906,1421.5483226392003,172.15572237709034,1.8,0.5,2.4,1.4,2.6,0.5,0,0,0.5,0.5,0.0,0.0,0.0,0.0,0,0
2016-2017,2017-03-04,Stoke,Middlesbrough,2,0,H,2,0,H,13,8,8,2,16,20,6,1,1,2,0,0,1483.1135133915654,1383.8900081548406,99.2235052367248,1.3,1.8,1.2,0.6,0.9,0.7,0,1,0.5,0.5,0.0,0.0,0.0,0.0,0,0
2016-2017,2017-03-04,Swansea,Burnley,3,2,H,1,1,D,23,6,10,4,7,13,9,2,2,2,0,0,1443.4259615101355,1422.5403885807798,20.885572929355703,1.2,2.3,1.2,1.3,1.1,1.4,0,1,0.5,0.5,0.0,0.0,0.0,0.0,0,0
2016-2017,2017-03-04,Watford,Southampton,3,4,A,1,2,A,16,20,4,11,16,9,6,5,3,2,0,0,1457.075692702675,1491.6414651002535,-34.565772397578485,0.9,1.5,1.0,1.4,1.6,1.0,0,0,0.5,0.5,0.0,0.0,0.0,0.0,0,0
2016-2017,2017-03-04,West Brom,Crystal Palace,0,2,A,0,0,D,11,10,1,4,8,12,5,5,0,1,0,0,1509.0345714275509,1395.3379786780981,113.69659274945275,1.3,1.3,1.7,0.5,1.5,0.7,0,0,0.5,0.5,0.0,0.0,0.0,0.0,0,0
2016-2017,2017-03-05,Sunderland,Man City,0,2,A,0,1,A,11,14,3,7,11,4,6,4,1,0,0,0,1406.3210656678339,1597.648618215841,-191.32755254800713,1.0,2.0,0.8,1.9,1.0,2.2,0,0,0.5,0.5,0.0,0.0,0.0,0.0,0,0
2016-2017,2017-03-05,Tottenham,Everton,3,2,H,1,0,H,20,8,7,4,9,14,7,2,1,2,0,0,1614.3652476875227,1532.2330139992516,82.13223368827107,2.3,0.7,2.3,2.1,0.7,2.1,0,0,0.5,0.5,0.0,0.0,0.0,0.0,0,0
2016-2017,2017-03-06,West Ham,Chelsea,1,2,A,0,1,A,11,9,2,4,8,8,6,4,0,1,0,0,1506.2905191196542,1631.8208068692372,-125.53028774958307,1.7,1.3,1.7,2.1,0.8,2.3,0,0,0.5,0.5,0.0,0.0,0.0,0.0,0,0
2016-2017,2017-03-08,Man City,Stoke,0,0,D,0,0,D,12,5,1,2,8,11,8,1,1,3,0,0,1605.0789147999155,1487.9349116185476,117.1440031813679,1.9,1.0,2.2,1.3,1.6,1.4,0,0,0.5,0.5,0.0,0.0,0.0,0.0,0,0
2016-2017,2017-03-11,Bournemouth,West Ham,3,2,H,1,1,D,21,15,9,7,20,15,5,6,4,2,0,0,1428.0944451446949,1497.0240201367687,-68.92957499207387,1.4,2.4,0.6,1.7,1.5,1.4,0,0,0.5,0.5,0.0,0.0,0.0,0.0,0,0
2016-2017,2017-03-11,Everton,West Brom,3,0,H,2,0,H,16,5,5,2,8,12,4,6,1,2,0,0,1527.0425085435872,1493.5577222434017,33.48478630018553,2.3,0.9,2.1,1.3,1.3,1.7,0,0,0.5,0.5,0.0,0.0,0.0,0.0,0,0
2016-2017,2017-03-11,Hull,Swansea,2,1,H,0,0,D,15,11,7,3,14,5,2,7,3,1,0,0,1375.5552878433543,1450.080517620528,-74.52522977717376,1.0,1.7,0.9,1.5,2.2,1.5,1,0,0.5,0.5,0.0,0.0,0.0,0.0,0,0
2016-2017,2017-03-12,Liverpool,Burnley,2,1,H,1,1,D,10,11,3,1,12,16,11,1,2,2,0,0,1577.7701766969055,1415.8858324703872,161.88434422651835,1.7,1.4,1.5,1.4,1.2,1.4,0,1,0.5,0.5,0.0,0.0,0.0,0.0,0,0
2016-2017,2017-03-18,Everton,Hull,4,0,H,1,0,H,14,6,8,0,9,7,5,8,2,0,0,1,1533.3790140874007,1384.823376170519,148.55563791688178,2.4,0.9,2.1,1.2,1.5,1.2,0,1,0.5,0.5,0.0,0.0,0.0,0.0,0,0
2016-2017,2017-03-18,Crystal Palace,Watford,1,0,H,0,0,D,7,6,0,2,8,15,3,2,0,2,0,0,1410.8148278622473,1445.2143002458156,-34.39947238356831,0.7,1.4,1.0,1.2,1.8,1.0,0,0,0.5,0.5,0.0,0.0,0.0,0.0,0,0
2016-2017,2017-03-18,Sunderland,Burnley,0,0,D,0,0,D,14,17,5,3,14,7,3,5,2,1,0,0,1398.8907690837593,1412.2597222421805,-13.368953158421164,0.9,2.2,0.5,1.4,1.4,1.1,0,1,0.5,0.5,0.0,0.0,0.0,0.0,0,0
2016-2017,2017-03-18,Stoke,Chelsea,1,2,A,1,1,D,5,20,1,7,16,11,5,11,4,2,1,0,1493.480844314808,1641.0873058521227,-147.60646153731454,1.2,1.2,1.5,2.2,0.9,2.3,0,0,0.5,0.5,0.0,0.0,0.0,0.0,0,0
2016-2017,2017-03-18,West Brom,Arsenal,3,1,H,1,1,D,12,11,8,2,5,6,4,5,1,0,0,0,1487.2212166995882,1579.6773242390664,-92.45610753947813,1.3,1.5,1.7,1.8,1.4,1.6,0,0,0.5,0.5,0.0,0.0,0.0,0.0,0,0
2016-2017,2017-03-18,West Ham,Leicester,2,3,A,1,3,A,20,11,7,5,10,14,6,5,0,1,0,0,1487.9159225048875,1486.07056175496,1.8453607499275222,1.5,1.7,1.1,0.7,1.6,1.0,0,0,0.5,0.5,0.0,0.0,0.0,0.0,0,0
2016-2017,2017-03-18,Bournemouth,Swansea,2,0,H,1,0,H,12,10,6,1,10,9,2,4,0,2,0,0,1437.2025427765761,1440.8124292933635,-3.6098865167873555,1.7,2.3,0.9,1.5,2.0,1.5,0,0,0.5,0.5,0.0,0.0,0.0,0.0,0,0
2016-2017,2017-03-19,Middlesbrough,Man United,1,3,A,0,1,A,10,14,3,6,9,8,8,3,1,1,0,0,1379.0686099278585,1587.157922510796,-208.0893125829375,0.3,1.1,0.4,1.7,0.5,2.2,1,0,0.5,0.5,0.0,0.0,0.0,0.0,0,0
2016-2017,2017-03-19,Tottenham,Southampton,2,1,H,2,0,H,12,8,6,3,12,13,5,1,3,3,0,0,1619.555753143187,1503.502857557113,116.0528955860741,2.4,0.8,2.3,1.8,1.9,1.2,0,0,0.5,0.5,0.0,0.0,0.0,0.0,0,0
2016-2017,2017-03-19,Man City,Liverpool,1,1,D,0,0,D,13,13,3,4,14,7,9,8,3,3,0,0,1599.532982103655,1581.3962869251122,18.136695178542823,1.7,0.9,2.0,1.5,1.4,1.5,0,0,0.5,0.5,0.0,0.0,0.0,0.0,0,0
2016-2017,2017-04-01,Burnley,Tottenham,0,2,A,0,0,D,13,19,2,7,9,6,3,7,2,0,0,0,1414.7027432247187,1624.0316036865765,-209.32886046185786,1.0,1.3,0.9,2.2,0.8,2.3,1,0,0.5,0.5,0.0,0.0,0.0,0.0,0,0
2016-2017,2017-04-01,Chelsea,Crystal Palace,1,2,A,1,2,A,24,8,11,3,12,14,9,3,3,2,0,0,1649.7255932115486,1418.9488151599742,230.7767780515744,2.1,1.0,2.3,0.7,1.3,1.2,0,0,0.5,0.5,0.0,0.0,0.0,0.0,0,0
2016-2017,2017-04-01,Hull,West Ham,2,1,H,0,1,A,7,12,3,4,16,9,5,5,2,2,0,0,1380.9638988042439,1475.0657499185302,-94.10185111428632,1.0,1.7,1.1,1.7,1.9,1.1,1,0,0.5,0.5,0.0,0.0,0.0,0.0,0,0
2016-2017,2017-04-01,Leicester,Stoke,2,0,H,1,0,H,23,10,10,2,7,11,10,4,1,4,0,0,1498.9207343413173,1484.8425569553822,14.078177385935078,1.0,1.6,1.3,1.1,1.0,1.5,0,0,0.5,0.5,0.0,0.0,0.0,0.0,0,0
2016-2017,2017-04-01,Liverpool,Everton,3,1,H,2,1,H,10,9,6,4,17,10,2,3,1,3,0,0,1584.6712817538669,1537.2384914536758,47.43279030019107,1.5,1.5,1.3,2.6,0.7,2.3,0,0,0.5,0.5,0.0,0.0,0.0,0.0,0,0
2016-2017,2017-04-01,Man United,West Brom,0,0,D,0,0,D,18,3,3,1,15,13,6,1,3,3,0,0,1594.1434927352968,1497.004120136736,97.13937259856084,1.8,0.6,2.2,1.4,1.5,1.7,0,0,0.5,0.5,0.0,0.0,0.0,0.0,0,0
2016-2017,2017-04-01,Southampton,Bournemouth,0,0,D,0,0,D,14,12,4,3,14,8,6,3,1,0,0,0,1499.0270070137235,1444.4972662997059,54.529740714017635,1.6,2.0,0.9,1.6,2.3,0.9,0,0,0.5,0.5,0.0,0.0,0.0,0.0,0,0
2016-2017,2017-04-01,Watford,Sunderland,1,0,H,0,0,D,23,11,10,3,12,8,13,9,1,3,0,0,1437.0803129480887,1396.4477481012211,40.63256484686758,1.1,1.8,0.9,0.8,1.9,0.6,0,0,0.5,0.5,0.0,0.0,0.0,0.0,0,0
2016-2017,2017-04-02,Arsenal,Man City,2,2,D,1,2,A,8,14,3,5,8,15,3,8,3,2,0,0,1569.8944208019186,1596.2579872749004,-26.363566472981802,1.8,1.5,1.6,1.5,1.0,1.8,0,0,0.5,0.5,0.0,0.0,0.0,0.0,0,0
2016-2017,2017-04-02,Swansea,Middlesbrough,0,0,D,0,0,D,15,8,3,1,9,16,11,3,2,3,0,0,1433.5177057702338,1372.0830397033576,61.43466606687616,1.5,1.9,1.5,0.4,1.3,0.4,0,1,0.5,0.5,0.0,0.0,0.0,0.0,0,0
2016-2017,2017-04-04,Leicester,Sunderland,2,0,H,0,0,D,19,15,8,3,12,13,5,6,0,1,0,0,1505.750419810366,1390.288003630742,115.46241617962414,1.1,1.6,1.3,0.7,1.6,0.6,0,0,0.5,0.5,0.0,0.0,0.0,0.0,0,0
2016-2017,2017-04-04,Burnley,Stoke,1,0,H,0,0,D,7,15,3,2,9,16,3,5,3,2,0,0,1407.7495731754868,1478.0128714863333,-70.2632983108465,0.9,1.3,0.9,0.9,1.2,1.2,1,0,0.5,0.5,0.0,0.0,0.0,0.0,0,0
2016-2017,2017-04-04,Watford,West Brom,2,0,H,1,0,H,9,18,2,2,11,14,5,6,1,4,1,0,1443.2400574185679,1502.1386865231598,-58.89862910459192,1.1,1.4,1.2,1.1,1.4,1.5,0,0,0.5,0.5,0.0,0.0,0.0,0.0,0,0
2016-2017,2017-04-04,Man United,Everton,1,1,D,0,1,A,18,11,3,4,10,18,6,5,1,4,0,1,1589.008926348873,1531.2443425326233,57.7645838162498,1.5,0.5,2.0,2.4,1.0,2.0,0,0,0.5,0.5,0.0,0.0,0.0,0.0,0,0
2016-2017,2017-04-05,Arsenal,West Ham,3,0,H,0,0,D,21,7,8,2,11,5,5,0,2,2,0,0,1567.806168529651,1465.2354959835784,102.5706725460725,1.9,1.7,1.4,1.8,1.9,1.1,0,0,0.5,0.5,0.0,0.0,0.0,0.0,0,0
2016-2017,2017-04-05,Chelsea,Man City,2,1,H,2,1,H,10,17,4,7,10,14,2,9,1,3,0,0,1632.318486515571,1598.3462395471681,33.97224696840294,1.8,1.0,2.0,1.7,1.1,1.9,0,0,0.5,0.5,0.0,0.0,0.0,0.0,0,0
2016-2017,2017-04-05,Hull,Middlesbrough,4,2,H,3,2,H,17,12,5,4,13,12,8,4,2,1,0,0,1390.7941527391959,1376.4216748080987,14.372477931097137,1.1,1.5,1.4,0.3,1.1,0.5,1,1,0.5,0.5,0.0,0.0,0.0,0.0,0,0
2016-2017,2017-04-05,Liverpool,Bournemouth,2,2,D,1,1,D,20,7,8,2,11,8,7,2,1,1,0,0,1590.6654306749194,1448.6731903866685,141.99224028825097,1.6,1.4,1.5,1.3,2.0,0.9,0,0,0.5,0.5,0.0,0.0,0.0,0.0,0,0
2016-2017,2017-04-05,Southampton,Crystal Palace,3,1,H,1,1,D,25,17,9,3,16,11,11,11,2,1,0,0,1494.851082926761,1436.3559218559517,58.49516107080922,1.5,1.6,1.0,0.9,1.2,1.5,0,0,0.5,0.5,0.0,0.0,0.0,0.0,0,0
2016-2017,2017-04-05,Swansea,Tottenham,1,3,A,1,0,H,4,18,1,8,7,8,5,7,1,1,0,0,1429.1790706654926,1630.9847737358084,-201.80570307031576,1.3,1.8,1.3,2.0,0.7,2.3,0,0,0.5,0.5,0.0,0.0,0.0,0.0,0,0
2016-2017,2017-04-08,Tottenham,Watford,4,0,H,3,0,H,19,8,6,2,12,12,7,5,0,1,0,0,1638.1356498986643,1452.0625526986564,186.07309720000785,2.1,0.8,2.3,1.3,1.2,1.5,0,0,0.5,0.5,0.0,0.0,0.0,0.0,0,0
2016-2017,2017-04-08,West Brom,Southampton,0,1,A,0,1,A,17,10,6,3,12,12,7,3,2,2,0,0,1493.3161912430712,1500.5813789804838,-7.265187737412589,1.1,1.2,1.5,1.7,1.5,1.3,0,0,0.5,0.5,0.0,0.0,0.0,0.0,0,0
2016-2017,2017-04-08,Bournemouth,Chelsea,1,3,A,1,2,A,12,15,1,5,7,11,4,4,2,3,0,0,1454.6946668226112,1638.6428510881083,-183.94818426549705,1.4,1.9,1.0,2.0,0.9,2.3,0,0,0.5,0.5,0.0,0.0,0.0,0.0,0,0
2016-2017,2017-04-08,Man City,Hull,3,1,H,1,0,H,23,6,7,1,6,8,7,3,0,2,0,0,1592.021874974631,1397.6162209811748,194.4056539934561,1.6,1.2,1.6,1.2,1.6,1.4,0,1,0.5,0.5,0.0,0.0,0.0,0.0,0,0
2016-2017,2017-04-08,Middlesbrough,Burnley,0,0,D,0,0,D,12,7,5,2,9,12,4,3,0,3,0,0,1369.5996065661197,1416.8957659363682,-47.29615937024846,0.5,1.5,0.4,0.9,1.3,0.9,1,1,0.5,0.5,0.0,0.0,0.0,0.0,0,0
2016-2017,2017-04-08,Stoke,Liverpool,1,2,A,1,0,H,9,14,4,4,7,11,5,8,0,2,0,0,1468.866678725452,1584.6439542389767,-115.77727551352473,0.6,1.2,0.9,1.7,1.5,1.5,0,0,0.5,0.5,0.0,0.0,0.0,0.0,0,0
2016-2017,2017-04-08,West Ham,Swansea,1,0,H,1,0,H,14,4,6,1,12,12,4,3,5,1,0,0,1460.484248649929,1422.0281945026368,38.45605414729221,1.5,2.2,0.8,1.4,1.7,1.3,0,0,0.5,0.5,0.0,0.0,0.0,0.0,0,0
2016-2017,2017-04-09,Everton,Leicester,4,2,H,3,2,H,12,6,7,4,8,15,4,6,2,2,0,0,1535.4968367779065,1510.2380904594218,25.258746318484782,2.1,1.1,1.8,1.3,1.6,1.5,0,0,0.5,0.5,0.0,0.0,0.0,0.0,0,0
2016-2017,2017-04-09,Sunderland,Man United,0,3,A,0,1,A,9,18,4,9,14,20,4,5,1,5,1,0,1385.8003329816863,1584.7564321035898,-198.95609912190343,0.5,1.6,0.5,1.4,0.5,1.8,0,0,0.5,0.5,0.0,0.0,0.0,0.0,0,0
2016-2017,2017-04-10,Crystal Palace,Arsenal,3,0,H,1,0,H,17,11,6,3,11,10,5,8,0,1,0,0,1430.6256258022288,1572.5574158633003,-141.93179006107152,0.9,1.3,1.5,2.0,1.7,1.4,0,0,0.5,0.5,0.0,0.0,0.0,0.0,0,0
2016-2017,2017-04-15,Crystal Palace,Leicester,2,2,D,0,1,A,15,6,4,2,10,16,8,5,0,2,0,0,1441.8266938336583,1503.6948424411635,-61.86814860750519,1.2,1.0,1.8,1.5,1.7,1.5,0,0,0.5,0.5,0.0,0.0,0.0,0.0,0,0
2016-2017,2017-04-15,Everton,Burnley,3,1,H,0,0,D,29,13,7,6,15,14,6,7,2,0,0,0,1542.0400847961648,1418.4011750821098,123.63890971405499,2.4,1.3,1.8,0.8,1.1,1.0,0,1,0.5,0.5,0.0,0.0,0.0,0.0,0,0
2016-2017,2017-04-15,Southampton,Man City,0,3,A,0,0,D,8,18,1,5,9,8,3,8,3,0,0,0,1513.1888724031492,1595.1249576348393,-81.93608523169019,1.8,1.2,1.6,1.9,0.9,1.9,0,0,0.5,0.5,0.0,0.0,0.0,0.0,0,0
2016-2017,2017-04-15,Stoke,Hull,3,1,H,1,0,H,14,14,4,3,12,5,3,7,0,2,0,0,1459.3204733335133,1394.5131383209664,64.8073350125469,0.6,1.3,0.8,1.3,1.7,1.4,0,1,0.5,0.5,0.0,0.0,0.0,0.0,0,0
2016-2017,2017-04-15,Sunderland,West Ham,2,2,D,1,1,D,14,7,4,3,14,10,8,1,1,0,0,1,1378.5739216397076,1466.6975276106466,-88.12360597093902,0.4,1.6,0.5,1.3,2.1,0.8,0,0,0.5,0.5,0.0,0.0,0.0,0.0,0,0
2016-2017,2017-04-15,Tottenham,Bournemouth,4,0,H,2,0,H,24,5,14,1,8,10,13,1,0,1,0,0,1641.3665717008485,1447.0649417260088,194.30162997483967,2.1,0.8,2.3,1.3,2.0,0.9,0,0,0.5,0.5,0.0,0.0,0.0,0.0,0,0
2016-2017,2017-04-15,Watford,Swansea,1,0,H,1,0,H,15,13,7,4,8,13,6,2,0,0,0,0,1448.8316308964722,1415.8149155419192,33.01671535455307,1.3,1.6,1.4,1.1,1.6,1.0,0,0,0.5,0.5,0.0,0.0,0.0,0.0,0,0
2016-2017,2017-04-16,Man United,Chelsea,2,0,H,1,0,H,9,5,3,0,16,20,1,3,3,3,0,0,1591.9828434455685,1646.2725761847107,-54.28973273914221,1.5,0.5,1.8,2.0,1.0,2.3,0,0,0.5,0.5,0.0,0.0,0.0,0.0,0,0
2016-2017,2017-04-16,West Brom,Liverpool,0,1,A,0,1,A,7,15,2,2,15,9,4,4,3,1,0,0,1480.7086978204059,1594.1901596309153,-113.48146181050947,0.9,1.3,1.2,1.7,1.3,1.8,0,0,0.5,0.5,0.0,0.0,0.0,0.0,0,0
2016-2017,2017-04-17,Middlesbrough,Arsenal,1,2,A,0,1,A,13,12,5,4,11,16,2,4,2,2,0,0,1368.0941974203781,1561.3563478318708,-193.2621504114927,0.5,1.5,0.4,1.7,1.7,1.3,1,0,0.5,0.5,0.0,0.0,0.0,0.0,0,0
2016-2017,2017-04-22,Bournemouth,Middlesbrough,4,0,H,2,0,H,20,5,10,2,4,14,4,3,0,2,0,1,1443.9602888843954,1360.715831291521,83.24445759287437,1.3,2.2,0.9,0.5,1.4,0.4,0,1,0.5,0.5,0.0,0.0,0.0,0.0,0,0
2016-2017,2017-04-22,Hull,Watford,2,0,H,0,0,D,8,13,3,2,10,11,4,7,3,1,1,0,1388.9302408750063,1455.1798062325972,-66.24956535759088,1.4,2.0,1.3,1.2,1.4,1.6,1,0,0.5,0.5,0.0,0.0,0.0,0.0,0,0
2016-2017,2017-04-22,Swansea,Stoke,2,0,H,1,0,H,10,9,6,3,5,14,11,4,2,2,0,0,1409.4667402057942,1464.9033707794733,-55.43663057367917,0.9,1.6,0.7,0.8,1.3,1.0,0,0,0.5,0.5,0.0,0.0,0.0,0.0,0,0
2016-2017,2017-04-22,West Ham,Everton,0,0,D,0,0,D,15,4,3,0,9,15,8,4,2,3,0,0,1467.0392246306342,1546.366053984636,-79.3268293540018,1.5,1.9,0.9,2.6,1.3,2.0,0,0,0.5,0.5,0.0,0.0,0.0,0.0,0,0
2016-2017,2017-04-23,Burnley,Man United,0,2,A,0,2,A,8,12,0,6,17,16,3,3,2,1,0,0,1414.0752058936387,1600.6747349711713,-186.59952907753268,0.8,1.4,0.7,1.6,0.4,2.0,1,0,0.5,0.5,0.0,0.0,0.0,0.0,0,0
2016-2017,2017-04-23,Liverpool,Crystal Palace,1,2,A,1,1,D,14,7,1,3,8,10,4,3,1,2,0,0,1603.8023265964616,1440.7335565578878,163.0687700385738,1.7,1.2,2.0,1.4,1.1,1.9,0,0,0.5,0.5,0.0,0.0,0.0,0.0,0,0
2016-2017,2017-04-25,Chelsea,Southampton,4,2,H,2,1,H,17,12,7,4,13,9,6,7,2,2,0,0,1637.5806846591079,1502.6694191167699,134.91126554233801,1.8,1.2,2.0,1.8,1.4,1.6,0,0,0.5,0.5,0.0,0.0,0.0,0.0,0,0
2016-2017,2017-04-26,Arsenal,Leicester,1,0,H,0,0,D,12,7,5,3,9,13,12,1,2,4,0,0,1568.734713960728,1504.787979716934,63.946734243794026,1.5,1.8,1.3,1.7,1.6,1.6,0,0,0.5,0.5,0.0,0.0,0.0,0.0,0,0
2016-2017,2017-04-26,Crystal Palace,Tottenham,0,1,A,0,0,D,6,18,1,4,13,15,2,11,3,3,0,0,1457.1276431080341,1644.4712245424619,-187.34358143442773,1.4,1.2,1.9,2.3,0.6,2.5,0,0,0.5,0.5,0.0,0.0,0.0,0.0,0,0
2016-2017,2017-04-26,Middlesbrough,Sunderland,1,0,H,1,0,H,6,10,2,4,15,11,3,5,3,3,0,0,1355.5498954419168,1378.23222461972,-22.68232917780324,0.4,1.7,0.3,0.6,1.6,0.6,1,0,0.5,0.5,0.0,0.0,0.0,0.0,0,0
2016-2017,2017-04-27,Man City,Man United,0,0,D,0,0,D,19,3,6,1,10,8,7,4,1,0,0,1,1605.6444109212187,1608.2325670195567,-2.588156098338004,2.0,0.7,2.1,1.7,0.3,2.2,0,0,0.5,0.5,0.0,0.0,0.0,0.0,0,0
2016-2017,2017-04-29,Sunderland,Bournemouth,0,1,A,0,0,D,17,15,5,7,13,9,6,5,3,2,0,0,1370.421583464403,1449.1262247339996,-78.70464126959655,0.6,1.7,0.5,1.4,1.6,1.2,0,0,0.5,0.5,0.0,0.0,0.0,0.0,0,0
2016-2017,2017-04-29,West Brom,Leicester,0,1,A,0,1,A,16,6,4,1,14,9,5,6,2,2,0,0,1471.0965308548596,1499.1851232327188,-28.088592377859186,0.8,1.3,1.1,1.7,1.6,1.6,0,0,0.5,0.5,0.0,0.0,0.0,0.0,0,0
2016-2017,2017-04-29,Crystal Palace,Burnley,0,2,A,0,1,A,15,9,5,3,11,12,14,4,2,0,0,0,1449.5899387875493,1406.5173738452534,43.07256494229591,1.4,0.9,1.9,0.7,1.4,0.7,0,1,0.5,0.5,0.0,0.0,0.0,0.0,0,0
2016-2017,2017-04-29,Southampton,Hull,0,0,D,0,0,D,11,9,2,1,9,13,6,6,0,3,0,0,1498.5593897068952,1397.961869371316,100.59752033557925,1.7,1.8,1.3,1.4,2.0,1.3,0,1,0.5,0.5,0.0,0.0,0.0,0.0,0,0
2016-2017,2017-04-29,Stoke,West Ham,0,0,D,0,0,D,19,12,4,4,12,3,5,3,1,0,0,0,1456.17901983848,1466.4449041819778,-10.265884343497873,0.8,1.4,1.0,1.2,1.8,0.7,0,0,0.5,0.5,0.0,0.0,0.0,0.0,0,0
2016-2017,2017-04-30,Middlesbrough,Man City,2,2,D,1,0,H,14,22,6,4,9,9,4,11,4,4,0,0,1363.3605365972337,1602.9119006370695,-239.5513640398358,0.5,1.6,0.6,1.6,0.7,1.9,1,0,0.5,0.5,0.0,0.0,0.0,0.0,0,0
2016-2017,2017-04-30,Tottenham,Arsenal,2,0,H,0,0,D,20,12,11,4,7,15,14,5,1,3,0,0,1652.0089288629467,1574.3375704449431,77.67135841800359,2.4,0.6,2.7,1.4,1.7,1.3,0,0,0.5,0.5,0.0,0.0,0.0,0.0,0,0
2016-2017,2017-04-30,Everton,Chelsea,0,3,A,0,0,D,12,11,4,5,13,11,2,4,3,4,0,0,1546.9603744332924,1641.6907140689825,-94.73033963569014,2.0,1.0,1.8,2.1,1.3,2.2,0,0,0.5,0.5,0.0,0.0,0.0,0.0,0,0
2016-2017,2017-04-30,Man United,Swansea,1,1,D,1,0,H,12,12,6,4,11,13,5,2,2,2,0,0,1610.9650773037058,1418.1910911467876,192.77398615691823,1.7,0.3,2.2,1.0,1.4,1.0,0,0,0.5,0.5,0.0,0.0,0.0,0.0,0,0
2016-2017,2017-05-01,Watford,Liverpool,0,1,A,0,1,A,9,12,2,8,11,9,3,5,3,1,0,0,1446.1481777362876,1587.4082400463153,-141.2600623100277,1.0,1.5,1.3,1.8,1.2,2.0,0,0,0.5,0.5,0.0,0.0,0.0,0.0,0,0
2016-2017,2017-05-05,West Ham,Tottenham,1,0,H,0,0,D,13,11,5,5,8,9,3,7,4,2,0,0,1468.9717230500935,1657.298737186633,-188.32701413653945,1.0,1.6,0.7,2.5,0.6,2.7,0,0,0.5,0.5,0.0,0.0,0.0,0.0,0,0
2016-2017,2017-05-06,Bournemouth,Stoke,2,2,D,0,1,A,12,14,2,3,10,15,0,7,2,0,0,0,1459.7383880230454,1453.6522009703642,6.086187052681225,1.5,1.4,1.5,0.7,1.4,0.8,0,0,0.5,0.5,0.0,0.0,0.0,0.0,0,0
2016-2017,2017-05-06,Burnley,West Brom,2,2,D,0,0,D,14,11,4,3,9,14,5,8,1,3,0,0,1420.4173391625861,1459.0558125666525,-38.63847340406642,0.8,1.3,0.9,0.7,1.4,0.8,1,0,0.5,0.5,0.0,0.0,0.0,0.0,0,0
2016-2017,2017-05-06,Hull,Sunderland,0,2,A,0,0,D,16,12,6,5,10,8,7,4,3,1,0,0,1403.169353405654,1359.8094201753572,43.35993323029675,1.4,1.8,1.4,0.2,1.8,0.2,1,0,0.5,0.5,0.0,0.0,0.0,0.0,0,0
2016-2017,2017-05-06,Leicester,Watford,3,0,H,1,0,H,11,14,5,7,8,10,10,1,0,0,0,0,1511.2258415209258,1437.330186390459,73.89565513046682,1.8,1.3,1.9,0.8,1.5,1.0,0,0,0.5,0.5,0.0,0.0,0.0,0.0,0,0
2016-2017,2017-05-06,Man City,Crystal Palace,5,0,H,1,0,H,26,5,12,2,12,8,9,3,1,3,0,0,1599.0982068637036,1435.6899734702165,163.40823339348708,1.6,0.8,1.7,1.4,1.0,1.9,0,0,0.5,0.5,0.0,0.0,0.0,0.0,0,0
2016-2017,2017-05-06,Swansea,Everton,1,0,H,1,0,H,9,8,4,2,5,13,9,5,0,0,0,0,1425.0633046706237,1536.8087130453653,-111.7454083747416,0.9,1.5,0.8,2.0,1.3,1.7,0,0,0.5,0.5,0.0,0.0,0.0,0.0,0,0
2016-2017,2017-05-07,Arsenal,Man United,2,0,H,0,0,D,9,10,4,4,14,10,5,9,1,0,0,0,1569.047762121257,1604.0928637798697,-35.04510165861279,1.3,1.7,1.3,1.5,0.4,2.0,0,0,0.5,0.5,0.0,0.0,0.0,0.0,0,0
2016-2017,2017-05-07,Liverpool,Southampton,0,0,D,0,0,D,17,4,8,0,9,4,3,6,1,3,0,0,1596.226231392144,1493.3519056725572,102.87432571958675,1.7,1.2,2.0,1.6,1.6,1.4,0,0,0.5,0.5,0.0,0.0,0.0,0.0,0,0
2016-2017,2017-05-08,Chelsea,Middlesbrough,3,0,H,2,0,H,21,2,7,1,8,21,8,1,0,2,0,0,1651.8423754569096,1367.1742303705996,284.66814508631,2.1,1.2,2.2,0.7,1.8,0.6,0,1,0.5,0.5,0.0,0.0,0.0,0.0,0,0
2016-2017,2017-05-10,Southampton,Arsenal,0,2,A,0,0,D,14,11,3,4,5,5,8,5,1,2,0,0,1498.6069875006654,1577.1996912736781,-78.59270377301277,1.5,1.3,1.5,1.4,1.4,1.6,0,0,0.5,0.5,0.0,0.0,0.0,0.0,0,0
2016-2017,2017-05-12,Everton,Watford,1,0,H,0,0,D,15,14,6,2,7,11,9,8,0,3,0,0,1526.4707817420826,1431.9553830648908,94.5153986771918,1.8,1.4,1.4,0.8,1.6,1.0,0,0,0.5,0.5,0.0,0.0,0.0,0.0,0,0
2016-2017,2017-05-12,West Brom,Chelsea,0,1,A,0,0,D,7,24,2,5,13,8,5,8,3,0,0,0,1460.803802498628,1653.8117995060672,-193.00799700743914,0.7,1.4,0.8,2.3,1.1,2.4,0,0,0.5,0.5,0.0,0.0,0.0,0.0,0,0
2016-2017,2017-05-13,Bournemouth,Burnley,2,1,H,1,0,H,18,14,6,3,6,11,7,1,0,1,0,0,1456.7764645573257,1418.6693492306106,38.107115326715075,1.6,1.4,1.6,0.9,1.4,0.9,0,1,0.5,0.5,0.0,0.0,0.0,0.0,0,0
2016-2017,2017-05-13,Man City,Leicester,2,1,H,2,1,H,17,9,5,4,12,16,9,3,3,3,0,0,1602.6983480021895,1516.6006448464939,86.09770315569563,1.9,0.8,1.7,2.1,1.1,2.2,0,0,0.5,0.5,0.0,0.0,0.0,0.0,0,0
2016-2017,2017-05-13,Middlesbrough,Southampton,1,2,A,0,1,A,14,14,3,4,19,11,6,3,3,0,0,0,1365.204806321442,1487.9916145284715,-122.78680820702948,0.7,2.0,0.6,1.1,1.5,1.2,1,0,0.5,0.5,0.0,0.0,0.0,0.0,0,0
2016-2017,2017-05-13,Stoke,Arsenal,1,4,A,0,1,A,10,10,4,6,13,7,7,6,1,2,0,0,1456.614124436084,1587.815064245872,-131.200939809788,0.9,1.2,0.9,1.4,1.4,1.6,0,0,0.5,0.5,0.0,0.0,0.0,0.0,0,0
2016-2017,2017-05-13,Sunderland,Swansea,0,2,A,0,2,A,13,3,4,3,13,6,8,4,4,0,0,0,1373.7163963381822,1435.4012359739063,-61.684839635724074,0.4,1.4,0.5,0.9,1.2,1.1,0,0,0.5,0.5,0.0,0.0,0.0,0.0,0,0
2016-2017,2017-05-14,Crystal Palace,Hull,4,0,H,2,0,H,12,9,4,0,13,14,3,7,3,5,0,0,1432.0898323317306,1389.262377242829,42.827455088901615,1.3,1.5,1.6,1.3,1.9,1.3,0,1,0.5,0.5,0.0,0.0,0.0,0.0,0,0
2016-2017,2017-05-14,Tottenham,Man United,2,1,H,1,0,H,14,8,7,2,14,15,8,3,1,2,0,0,1644.809870760697,1595.9409346274485,48.86893613324855,2.5,0.5,2.7,1.3,0.6,1.7,0,0,0.5,0.5,0.0,0.0,0.0,0.0,0,0
2016-2017,2017-05-14,West Ham,Liverpool,0,4,A,0,1,A,10,26,3,11,5,10,4,6,2,0,0,0,1481.4605894760293,1590.9711495640358,-109.51056008800651,1.0,1.5,0.9,1.6,0.9,2.1,0,0,0.5,0.5,0.0,0.0,0.0,0.0,0,0
2016-2017,2017-05-15,Chelsea,Watford,4,3,H,2,1,H,24,9,9,3,7,12,8,3,2,4,0,1,1661.196979297617,1427.0341209646463,234.1628583329707,2.1,1.0,2.4,0.7,1.6,0.9,0,0,0.5,0.5,0.0,0.0,0.0,0.0,0,0
2016-2017,2017-05-16,Arsenal,Sunderland,2,0,H,0,0,D,36,6,13,2,15,10,17,3,4,2,0,0,1596.919435367537,1362.6180463534008,234.30138901413625,1.7,1.2,1.9,0.4,1.4,0.5,0,0,0.5,0.5,0.0,0.0,0.0,0.0,0,0
2016-2017,2017-05-16,Man City,West Brom,3,1,H,2,0,H,21,5,10,2,8,11,7,1,1,2,0,0,1607.801601741955,1453.4186227070784,154.3829790348766,1.9,0.9,1.7,0.5,1.4,0.5,0,0,0.5,0.5,0.0,0.0,0.0,0.0,0,0
2016-2017,2017-05-17,Southampton,Man United,0,0,D,0,0,D,17,11,6,1,7,10,7,3,2,1,0,0,1497.3366962384837,1589.9814306835287,-92.64473444504506,0.9,1.3,1.2,1.3,0.7,1.6,0,0,0.5,0.5,0.0,0.0,0.0,0.0,0,0
2016-2017,2017-05-18,Leicester,Tottenham,1,6,A,0,2,A,12,26,5,12,11,8,4,4,3,1,0,0,1511.4973911067284,1650.769374704617,-139.2719835978885,1.9,1.2,1.9,2.3,0.6,2.7,0,0,0.5,0.5,0.0,0.0,0.0,0.0,0,0
2016-2017,2017-05-21,Leicester,Bournemouth,1,1,D,0,1,A,21,10,5,4,11,10,9,1,4,1,0,0,1502.6229401519279,1462.9983499251102,39.624590226817645,1.7,1.7,1.6,1.7,1.4,1.8,0,0,0.5,0.5,0.0,0.0,0.0,0.0,0,0
2016-2017,2017-05-21,Arsenal,Everton,3,1,H,2,0,H,17,22,9,7,10,15,4,6,2,4,1,0,1599.4668840863542,1531.3920438423272,68.07484024402697,1.8,0.9,2.2,1.7,1.1,1.7,0,0,0.5,0.5,0.0,0.0,0.0,0.0,0,0
2016-2017,2017-05-21,Burnley,West Ham,1,2,A,1,1,D,9,14,1,4,11,14,2,5,2,2,0,0,1412.447463862826,1471.7342570487278,-59.28679318590184,0.8,1.3,0.9,0.9,1.7,0.9,1,0,0.5,0.5,0.0,0.0,0.0,0.0,0,0
2016-2017,2017-05-21,Chelsea,Sunderland,5,1,H,1,1,D,28,7,8,3,8,15,11,1,1,1,0,0,1663.7462012465207,1360.0705976345837,303.67560361193705,2.3,1.2,2.4,0.4,1.4,0.5,0,0,0.5,0.5,0.0,0.0,0.0,0.0,0,0
2016-2017,2017-05-21,Hull,Tottenham,1,7,A,0,3,A,10,19,4,14,14,5,2,3,0,0,0,0,1383.1563591065672,1659.6438256594174,-276.48746655285026,1.2,2.0,1.3,2.6,0.5,2.7,1,0,0.5,0.5,0.0,0.0,0.0,0.0,0,0
2016-2017,2017-05-21,Man United,Crystal Palace,2,0,H,2,0,H,9,6,2,1,16,10,3,6,2,0,0,0,1590.1931006229859,1438.1958504679924,151.99725015499348,1.0,0.6,1.4,1.5,1.5,1.6,0,0,0.5,0.5,0.0,0.0,0.0,0.0,0,0
2016-2017,2017-05-21,Southampton,Stoke,0,1,A,0,0,D,14,14,6,3,12,10,4,10,2,4,0,0,1497.1250262990266,1447.509753314419,49.6152729846076,0.8,1.1,1.3,0.8,1.6,0.6,0,0,0.5,0.5,0.0,0.0,0.0,0.0,0,0
2016-2017,2017-05-21,Swansea,West Brom,2,1,H,0,1,A,12,16,2,5,8,10,7,4,1,1,0,0,1446.4995859586877,1449.6625528171512,-3.1629668584635056,0.8,1.0,1.1,0.6,1.5,0.5,0,0,0.5,0.5,0.0,0.0,0.0,0.0,0,0
2016-2017,2017-05-21,Watford,Man City,0,5,A,0,4,A,6,15,3,9,12,10,4,5,1,0,0,0,1424.4848990157425,1611.5576716318822,-187.07277261613967,0.7,1.6,0.9,2.2,1.0,1.9,0,0,0.5,0.5,0.0,0.0,0.0,0.0,0,0
2016-2017,2017-05-21,Liverpool,Middlesbrough,3,0,H,1,0,H,25,9,10,3,13,8,3,3,0,1,0,0,1600.6974819913373,1355.8597246114298,244.83775737990754,1.7,0.8,2.1,0.8,2.0,0.6,0,1,0.5,0.5,0.0,0.0,0.0,0.0,0,0
2017-2018,2017-08-11,Arsenal,Leicester,4,3,H,2,2,D,27,6,10,3,9,12,9,4,0,1,0,0,1573.4820798125402,1499.1652118093061,74.31686800323405,1.9,0.8,2.4,1.5,1.6,1.4,0,0,0.5,0.5,0.0,0.0,0.0,0.0,0,0
2017-2018,2017-08-12,Watford,Liverpool,3,3,D,2,1,H,9,14,4,5,14,8,3,3,0,3,0,0,1441.8579099519116,1572.179185258869,-130.32127530695743,0.7,2.0,0.9,1.8,0.7,2.1,0,0,0.5,0.5,0.0,0.0,0.0,0.0,0,0
2017-2018,2017-08-12,West Brom,Bournemouth,1,0,H,1,0,H,16,9,6,2,15,3,8,2,3,1,0,0,1459.665822978876,1476.7696912446206,-17.103868265744723,0.7,1.4,0.5,1.5,1.3,1.6,0,0,0.5,0.5,0.0,0.0,0.0,0.0,0,0
2017-2018,2017-08-12,Brighton,Man City,0,2,A,0,0,D,6,14,2,4,6,9,3,10,0,2,0,0,1363.1903883004072,1583.3718895014256,-220.18150120101836,1.3,1.3,1.1,2.6,0.9,2.1,1,0,0.5,0.5,0.0,0.0,0.0,0.0,0,0
2017-2018,2017-08-12,Chelsea,Burnley,2,3,A,0,3,A,19,10,6,5,16,11,8,5,3,3,2,0,1615.870798244256,1430.8966845600348,184.97411368422127,2.6,1.2,2.4,0.8,1.3,0.9,0,0,0.5,0.5,0.0,0.0,0.0,0.0,0,0
2017-2018,2017-08-12,Crystal Palace,Huddersfield,0,3,A,0,2,A,14,8,4,6,7,19,12,9,1,3,0,0,1454.0783934549877,1363.1903883004072,90.88800515458047,1.4,1.7,1.3,1.3,1.3,1.1,0,1,0.5,0.5,0.0,0.0,0.0,0.0,0,0
2017-2018,2017-08-12,Everton,Stoke,1,0,H,1,0,H,9,9,4,1,13,10,6,7,1,1,0,0,1518.1191697375368,1473.097745672655,45.021424064881785,1.5,1.4,1.4,0.9,1.6,0.8,0,0,0.5,0.5,0.0,0.0,0.0,0.0,0,0
2017-2018,2017-08-12,Southampton,Swansea,0,0,D,0,0,D,29,4,2,0,10,13,13,0,2,1,0,0,1488.1466000567566,1467.6476741642111,20.498925892545458,0.8,1.2,1.2,0.9,0.9,1.4,0,0,0.5,0.5,0.0,0.0,0.0,0.0,0,0
2017-2018,2017-08-13,Man United,West Ham,4,0,H,1,0,H,22,9,6,1,19,7,11,1,2,2,0,0,1565.7938723086968,1488.0305200780529,77.76335223064393,1.2,0.6,1.6,0.9,1.5,1.2,0,0,0.5,0.5,0.0,0.0,0.0,0.0,0,0
2017-2018,2017-08-13,Newcastle,Tottenham,0,2,A,0,0,D,6,18,3,6,6,10,5,7,1,2,1,0,1462.3833408654953,1615.4721342409186,-153.0887933754234,1.6,1.2,1.3,3.1,0.5,2.7,1,0,0.5,0.5,0.0,0.0,0.0,0.0,0,0
2017-2018,2017-08-19,Bournemouth,Watford,0,2,A,0,0,D,6,19,2,7,6,14,8,5,1,3,0,0,1469.1113664228988,1442.7284175025836,26.38294892031513,1.3,1.4,1.3,0.9,2.3,0.7,0,0,0.5,0.5,0.0,0.0,0.0,0.0,0,0
2017-2018,2017-08-19,Burnley,West Brom,0,1,A,0,0,D,20,8,0,1,11,11,5,5,1,0,0,1,1447.648588342949,1467.3241478005978,-19.67555945764866,1.1,1.5,1.1,0.5,1.3,0.5,0,0,0.5,0.5,0.0,0.0,0.0,0.0,0,0
2017-2018,2017-08-19,Leicester,Brighton,2,0,H,1,0,H,14,5,4,2,8,10,6,2,1,0,0,0,1493.799933110382,1356.5178232290598,137.28210988132219,1.6,2.0,1.1,0.0,2.0,0.0,0,1,0.5,0.5,0.0,0.0,0.0,0.0,0,0
2017-2018,2017-08-19,Liverpool,Crystal Palace,1,0,H,0,0,D,23,4,13,1,12,13,4,2,1,3,0,0,1571.308677708197,1439.0775407569072,132.23113695128973,2.0,0.9,2.1,1.2,1.9,1.0,0,0,0.5,0.5,0.0,0.0,0.0,0.0,0,0
2017-2018,2017-08-19,Southampton,West Ham,3,2,H,2,1,H,14,16,5,8,18,10,7,2,1,1,0,1,1484.8110429282883,1482.742771854912,2.0682710733763088,0.5,1.1,1.0,0.7,1.6,1.2,0,0,0.5,0.5,0.0,0.0,0.0,0.0,0,0
2017-2018,2017-08-19,Stoke,Arsenal,1,0,H,0,0,D,11,18,4,6,6,11,2,9,0,0,0,0,1467.0451678064712,1578.8473585114643,-111.80219070499311,0.8,1.5,0.8,2.0,1.1,2.4,0,0,0.5,0.5,0.0,0.0,0.0,0.0,0,0
2017-2018,2017-08-19,Swansea,Man United,0,4,A,0,1,A,6,17,1,8,12,11,3,5,1,1,0,0,1470.9832312926794,1571.0816205318376,-100.09838923915822,0.9,0.7,1.5,1.5,0.5,1.8,0,0,0.5,0.5,0.0,0.0,0.0,0.0,0,0
2017-2018,2017-08-20,Huddersfield,Newcastle,1,0,H,0,0,D,7,13,3,5,13,10,7,3,3,4,0,0,1378.1912409984877,1453.899576934177,-75.70833593568932,3.0,0.0,3.0,1.6,1.3,1.3,1,1,0.5,0.5,0.0,0.0,0.0,0.0,0,0
2017-2018,2017-08-20,Tottenham,Chelsea,1,2,A,0,1,A,18,9,6,2,14,21,14,3,3,3,0,0,1623.9558981722369,1599.1188944613418,24.837003710895033,3.1,0.5,2.7,2.7,1.3,2.4,0,0,0.5,0.5,0.0,0.0,0.0,0.0,0,0
2017-2018,2017-08-21,Man City,Everton,1,1,D,0,1,A,19,7,6,2,7,9,7,1,1,2,1,1,1590.044454572773,1524.1717476037206,65.87270696905239,2.6,0.7,2.3,1.2,1.4,1.4,0,0,0.5,0.5,0.0,0.0,0.0,0.0,0,0
2017-2018,2017-08-26,Bournemouth,Man City,1,2,A,1,1,D,9,19,3,8,13,14,2,5,5,4,0,1,1455.6261556194727,1585.6027043750505,-129.97654875557782,1.3,1.6,1.2,2.6,0.6,2.4,0,0,0.5,0.5,0.0,0.0,0.0,0.0,0,0
2017-2018,2017-08-26,Crystal Palace,Swansea,0,2,A,0,1,A,16,7,3,3,9,6,1,1,4,1,0,0,1434.9169034333368,1460.986063162546,-26.069159729209332,1.1,1.7,1.0,0.9,1.1,1.4,0,0,0.5,0.5,0.0,0.0,0.0,0.0,0,0
2017-2018,2017-08-26,Huddersfield,Southampton,0,0,D,0,0,D,16,6,6,3,10,10,5,4,0,1,0,0,1387.493207753315,1491.9549767381686,-104.46176898485373,2.0,0.0,3.0,0.7,1.3,1.0,1,0,0.5,0.5,0.0,0.0,0.0,0.0,0,0
2017-2018,2017-08-26,Man United,Leicester,2,0,H,0,0,D,22,11,7,4,8,7,9,3,1,2,0,0,1581.078788661971,1497.865576314248,83.2132123477229,1.6,0.5,1.8,1.6,2.0,1.1,0,0,0.5,0.5,0.0,0.0,0.0,0.0,0,0
2017-2018,2017-08-26,Newcastle,West Ham,3,0,H,1,0,H,16,8,8,3,17,11,7,5,1,3,0,0,1444.5976101793499,1475.5988380450317,-31.001227865681813,1.5,1.3,1.2,0.8,1.7,1.2,1,0,0.5,0.5,0.0,0.0,0.0,0.0,0,0
2017-2018,2017-08-26,Watford,Brighton,0,0,D,0,0,D,8,16,0,2,7,18,3,11,0,1,1,0,1456.2136283060097,1352.4521800251937,103.76144828081601,0.9,2.3,0.7,0.0,2.0,0.0,0,1,0.5,0.5,0.0,0.0,0.0,0.0,0,0
2017-2018,2017-08-27,Chelsea,Everton,2,0,H,2,0,H,18,7,7,0,12,7,6,3,2,2,0,0,1612.5649537064942,1528.6134978014431,83.95145590505103,2.7,1.3,2.4,1.2,1.2,1.5,0,0,0.5,0.5,0.0,0.0,0.0,0.0,0,0
2017-2018,2017-08-27,Liverpool,Arsenal,4,0,H,2,0,H,18,8,10,0,6,9,4,3,2,4,0,0,1575.4693150317673,1568.5077947567338,6.961520275033536,1.8,0.8,2.1,2.0,0.9,2.4,0,0,0.5,0.5,0.0,0.0,0.0,0.0,0,0
2017-2018,2017-08-27,Tottenham,Burnley,1,1,D,0,0,D,28,13,5,3,9,9,10,7,0,0,0,0,1610.5098389270845,1435.3769937757297,175.1328451513548,2.9,0.6,2.4,1.1,1.4,1.1,0,0,0.5,0.5,0.0,0.0,0.0,0.0,0,0
2017-2018,2017-08-27,West Brom,Stoke,1,1,D,0,0,D,10,16,2,2,10,9,10,4,2,2,0,0,1479.5957423678171,1477.3847315612018,2.211010806615377,0.6,1.3,0.7,0.9,1.3,1.1,0,0,0.5,0.5,0.0,0.0,0.0,0.0,0,0
2017-2018,2017-09-09,Brighton,West Brom,3,1,H,1,0,H,12,12,6,3,9,4,2,6,2,0,0,0,1357.725719201496,1476.735903366055,-119.01018416455895,0.0,1.3333333333333333,0.3333333333333333,0.7,1.2,0.8,1,0,0.5,0.5,0.0,0.0,0.0,0.0,0,0
2017-2018,2017-09-09,Leicester,Chelsea,1,2,A,0,1,A,8,16,2,6,11,8,2,9,1,0,0,0,1492.698951276688,1617.7153110559757,-125.01635977928777,1.4,1.8,1.1,2.6,1.2,2.4,0,0,0.5,0.5,0.0,0.0,0.0,0.0,0,0
2017-2018,2017-09-09,Everton,Tottenham,0,3,A,0,2,A,12,15,1,6,14,14,7,3,3,1,0,0,1523.4631404519616,1603.9150212643717,-80.45188081241008,1.1,1.3,1.4,2.6,0.7,2.2,0,0,0.5,0.5,0.0,0.0,0.0,0.0,0,0
2017-2018,2017-09-09,Stoke,Man United,2,2,D,1,1,D,10,18,5,8,10,10,5,11,0,0,0,0,1480.2445705629639,1586.2454136995311,-106.00084313656725,1.0,1.3,1.2,1.6,0.5,1.8,0,0,0.5,0.5,0.0,0.0,0.0,0.0,0,0
2017-2018,2017-09-09,Man City,Liverpool,5,0,H,2,0,H,13,10,7,3,10,9,8,3,2,2,0,1,1594.7420445119621,1582.4844249150663,12.257619596895893,2.5,0.6,2.4,2.0,0.6,2.3,0,0,0.5,0.5,0.0,0.0,0.0,0.0,0,0
2017-2018,2017-09-09,Arsenal,Bournemouth,3,0,H,2,0,H,17,7,9,2,14,10,10,3,0,1,0,0,1561.4926848734349,1446.486815482561,115.00586939087384,1.8,1.2,2.1,1.2,1.6,1.1,0,0,0.5,0.5,0.0,0.0,0.0,0.0,0,0
2017-2018,2017-09-09,Southampton,Watford,0,2,A,0,1,A,9,12,1,3,8,11,7,4,0,0,0,0,1491.8265637628429,1450.9400891297073,40.88647463313555,0.7,1.0,1.1,0.9,1.9,0.8,0,0,0.5,0.5,0.0,0.0,0.0,0.0,0,0
2017-2018,2017-09-10,Burnley,Crystal Palace,1,0,H,1,0,H,4,23,2,5,7,14,3,13,1,1,0,0,1441.9718114384425,1422.8205484107839,19.151263027658615,1.1,1.5,0.9,0.8,1.9,0.7,0,0,0.5,0.5,0.0,0.0,0.0,0.0,0,0
2017-2018,2017-09-10,Swansea,Newcastle,0,1,A,0,0,D,10,16,4,8,11,15,7,5,2,3,0,0,1473.082418185099,1452.6373688467675,20.4450493383315,1.0,0.8,1.7,1.6,1.0,1.5,0,1,0.5,0.5,0.0,0.0,0.0,0.0,0,0
2017-2018,2017-09-11,West Ham,Huddersfield,2,0,H,0,0,D,19,10,3,2,11,14,10,3,1,2,0,0,1467.5590793776141,1387.6216207286407,79.93745864897346,0.8,1.7,1.2,1.3333333333333333,0.0,2.3333333333333335,0,1,0.5,0.5,0.0,0.0,0.0,0.0,0,0
2017-2018,2017-09-15,Bournemouth,Brighton,2,1,H,0,0,D,15,9,3,2,5,12,6,4,0,0,0,0,1441.9899905695484,1368.2723309101048,73.7176596594436,1.1,1.6,1.1,0.75,1.25,1.0,0,1,0.5,0.5,0.0,0.0,0.0,0.0,0,0
2017-2018,2017-09-16,Crystal Palace,Southampton,0,1,A,0,1,A,14,13,3,4,14,13,5,5,5,1,0,0,1416.1215878225062,1477.980079639632,-61.85849181712592,0.6,1.8,0.6,0.5,0.8,1.1,0,0,0.5,0.5,0.0,0.0,0.0,0.0,0,0
2017-2018,2017-09-16,Huddersfield,Leicester,1,1,D,0,0,D,15,10,3,1,6,6,8,4,1,1,0,0,1382.3824094051465,1483.41773825669,-101.03532885154345,1.0,0.5,1.75,1.3,1.8,1.0,1,0,0.5,0.5,0.0,0.0,0.0,0.0,0,0
2017-2018,2017-09-16,Liverpool,Burnley,1,1,D,1,1,D,35,5,9,4,7,9,12,2,1,2,0,0,1575.6075282386578,1448.6707720267202,126.93675621193756,1.8,1.0,2.0,1.2,1.5,1.1,0,0,0.5,0.5,0.0,0.0,0.0,0.0,0,0
2017-2018,2017-09-16,Newcastle,Stoke,2,1,H,1,0,H,14,13,3,4,13,11,7,5,3,1,0,0,1465.9715477411457,1480.4172715395698,-14.44572379842407,1.6,0.7,1.8,1.1,1.3,1.3,1,0,0.5,0.5,0.0,0.0,0.0,0.0,0,0
2017-2018,2017-09-16,Tottenham,Swansea,0,0,D,0,0,D,26,4,8,0,11,9,11,1,1,3,0,0,1614.4770684080518,1459.7482392907207,154.7288291173311,2.5,0.7,2.2,1.0,0.8,1.7,0,0,0.5,0.5,0.0,0.0,0.0,0.0,0,0
2017-2018,2017-09-16,Watford,Man City,0,6,A,0,3,A,7,28,1,10,8,6,3,11,2,0,0,0,1464.786573252918,1601.6189411883706,-136.83236793545257,1.0,1.9,0.8,2.7,0.6,2.4,0,0,0.5,0.5,0.0,0.0,0.0,0.0,0,0
2017-2018,2017-09-16,West Brom,West Ham,0,0,D,0,0,D,6,9,1,1,15,7,2,3,2,2,0,0,1466.1892916574463,1472.7982907011083,-6.608999043661925,0.8,1.4,0.8,0.9,1.7,1.2,0,0,0.5,0.5,0.0,0.0,0.0,0.0,0,0
2017-2018,2017-09-17,Chelsea,Arsenal,0,0,D,0,0,D,13,11,4,2,11,15,5,1,1,3,1,0,1626.9965240759736,1565.9895097864476,61.00701428952607,2.8,1.1,2.7,2.0,1.2,2.1,0,0,0.5,0.5,0.0,0.0,0.0,0.0,0,0
2017-2018,2017-09-17,Man United,Everton,4,0,H,1,0,H,16,7,7,3,15,14,4,1,1,1,0,0,1586.0727127229252,1512.9010933082816,73.1716194146436,1.6,0.7,1.6,0.7,1.4,1.1,0,0,0.5,0.5,0.0,0.0,0.0,0.0,0,0
2017-2018,2017-09-23,Burnley,Huddersfield,0,0,D,0,0,D,5,9,3,2,9,13,3,4,3,2,0,0,1454.408816776975,1382.4122084766911,71.99660830028392,1.2,1.3,1.2,1.0,0.6,1.6,0,1,0.5,0.5,0.0,0.0,0.0,0.0,0,0
2017-2018,2017-09-23,Everton,Bournemouth,2,1,H,0,0,D,12,8,4,4,12,11,4,6,3,1,0,0,1507.5098928407238,1447.3688220098138,60.14107083090994,0.4,1.7,0.8,1.3,1.3,1.4,0,0,0.5,0.5,0.0,0.0,0.0,0.0,0,0
2017-2018,2017-09-23,Leicester,Liverpool,2,3,A,1,2,A,12,23,7,6,13,14,3,6,3,3,0,0,1483.3879391851453,1569.869483488403,-86.48154430325758,1.4,1.8,1.1,1.8,1.1,1.8,0,0,0.5,0.5,0.0,0.0,0.0,0.0,0,0
2017-2018,2017-09-23,Man City,Crystal Palace,5,0,H,1,0,H,25,5,9,0,6,7,8,2,3,1,0,0,1610.5627740596174,1405.028175924099,205.5345981355183,3.3,0.6,2.6,0.4,1.8,0.3,0,0,0.5,0.5,0.0,0.0,0.0,0.0,0,0
2017-2018,2017-09-23,Southampton,Man United,0,1,A,0,1,A,14,9,4,4,12,9,8,4,1,4,0,0,1489.0734915380392,1591.463913190483,-102.39042165244382,0.6,0.8,1.3,2.0,0.7,1.8,0,0,0.5,0.5,0.0,0.0,0.0,0.0,0,0
2017-2018,2017-09-23,Stoke,Chelsea,0,4,A,0,2,A,13,7,2,4,5,14,5,0,2,2,0,0,1472.831128292316,1622.6678861328721,-149.83675784055617,0.9,1.4,1.0,2.4,0.9,2.5,0,0,0.5,0.5,0.0,0.0,0.0,0.0,0,0
2017-2018,2017-09-23,Swansea,Watford,1,2,A,0,1,A,10,8,3,4,9,16,5,4,1,3,0,0,1465.9982391167748,1455.8427403816713,10.155498735103492,1.0,0.7,1.8,1.0,2.3,0.8,0,0,0.5,0.5,0.0,0.0,0.0,0.0,0,0
2017-2018,2017-09-23,West Ham,Tottenham,2,3,A,0,2,A,10,15,4,5,10,20,4,3,4,2,0,1,1475.4233779612266,1608.2270685819976,-132.80369062077102,0.7,1.5,1.2,2.4,0.7,2.0,0,0,0.5,0.5,0.0,0.0,0.0,0.0,0,0
2017-2018,2017-09-24,Brighton,Newcastle,1,0,H,0,0,D,7,17,3,5,6,8,2,8,2,1,0,0,1362.8934994698393,1473.5576909883996,-110.6641915185603,0.8,1.4,0.8,1.5,0.8,1.8,1,1,0.5,0.5,0.0,0.0,0.0,0.0,0,0
2017-2018,2017-09-25,Arsenal,West Brom,2,0,H,1,0,H,16,7,6,3,8,17,7,4,1,4,0,0,1570.318147729549,1463.564204397328,106.75394333222107,2.0,1.0,2.2,0.8,1.3,0.9,0,0,0.5,0.5,0.0,0.0,0.0,0.0,0,0
2017-2018,2017-09-30,Chelsea,Man City,0,1,A,0,0,D,4,17,2,6,8,13,4,8,0,2,0,0,1631.2432266002343,1613.5015916514658,17.74163494876848,2.5,0.9,2.5,3.6,0.4,2.8,0,0,0.5,0.5,0.0,0.0,0.0,0.0,0,0
2017-2018,2017-09-30,Bournemouth,Leicester,0,0,D,0,0,D,19,8,4,1,6,10,7,5,1,0,0,0,1441.6771842734422,1472.9990429870163,-31.321858713574102,1.0,1.5,1.1,1.5,2.1,0.8,0,0,0.5,0.5,0.0,0.0,0.0,0.0,0,0
2017-2018,2017-09-30,West Ham,Swansea,1,0,H,0,0,D,9,6,4,1,15,13,2,1,3,2,0,0,1466.3647484536573,1452.9298409844594,13.434907469197924,0.9,1.8,1.1,0.9,0.9,1.5,0,0,0.5,0.5,0.0,0.0,0.0,0.0,0,0
2017-2018,2017-09-30,Huddersfield,Tottenham,0,4,A,0,3,A,6,14,1,7,7,4,4,7,1,1,0,0,1386.994330610371,1617.285698089567,-230.29136747919597,0.8333333333333334,0.5,1.5,2.5,0.9,2.0,1,0,0.5,0.5,0.0,0.0,0.0,0.0,0,0
2017-2018,2017-09-30,West Brom,Watford,2,2,D,2,1,H,9,15,4,3,12,11,7,6,3,0,0,0,1458.8996386401623,1468.9111385139868,-10.011499873824505,0.8,1.4,0.9,1.2,2.3,1.1,0,0,0.5,0.5,0.0,0.0,0.0,0.0,0,0
2017-2018,2017-09-30,Stoke,Southampton,2,1,H,1,0,H,17,21,6,3,11,10,5,6,1,2,0,0,1464.2557878249538,1479.142292318222,-14.886504493268149,0.9,1.6,1.0,0.6,0.9,1.2,0,0,0.5,0.5,0.0,0.0,0.0,0.0,0,0
2017-2018,2017-09-30,Man United,Crystal Palace,4,0,H,2,0,H,18,6,7,1,6,9,6,5,0,0,0,0,1601.3951124103003,1402.0893583322506,199.30575407804963,2.0,0.6,2.0,0.4,2.2,0.3,0,0,0.5,0.5,0.0,0.0,0.0,0.0,0,0
2017-2018,2017-10-01,Arsenal,Brighton,2,0,H,1,0,H,25,9,12,1,7,8,6,5,0,2,0,0,1574.9827134867148,1373.2003432196898,201.78237026702504,2.0,1.0,2.2,0.8333333333333334,1.1666666666666667,1.1666666666666667,0,1,0.5,0.5,0.0,0.0,0.0,0.0,0,0
2017-2018,2017-10-01,Everton,Burnley,0,1,A,0,1,A,23,5,4,2,14,7,9,3,2,2,0,0,1513.2015305770954,1449.8266946432952,63.374835933800114,0.6,1.8,1.0,1.2,1.1,1.3,0,0,0.5,0.5,0.0,0.0,0.0,0.0,0,0
2017-2018,2017-10-01,Newcastle,Liverpool,1,1,D,1,1,D,8,17,5,2,11,6,1,5,1,1,0,0,1463.250847238549,1580.258379686532,-117.00753244798284,1.4,0.8,1.7,2.0,1.1,2.1,1,0,0.5,0.5,0.0,0.0,0.0,0.0,0,0
2017-2018,2017-10-14,Burnley,West Ham,1,1,D,0,1,A,20,8,5,6,11,14,7,4,2,2,0,1,1464.2105506244873,1473.2110975787525,-9.000546954265246,1.1,1.1,1.3,1.0,1.8,1.3,0,0,0.5,0.5,0.0,0.0,0.0,0.0,0,0
2017-2018,2017-10-14,Crystal Palace,Chelsea,2,1,H,2,1,H,14,15,5,5,7,6,5,8,2,1,0,0,1399.0595073398486,1617.9783867162864,-218.91887937643787,0.4,2.4,0.3,2.2,1.0,2.2,0,0,0.5,0.5,0.0,0.0,0.0,0.0,0,0
2017-2018,2017-10-14,Liverpool,Man United,0,0,D,0,0,D,19,6,5,1,7,13,7,3,0,2,0,0,1579.7692541812924,1604.4249634027024,-24.655709221410007,2.0,1.2,1.9,2.4,0.4,2.3,0,0,0.5,0.5,0.0,0.0,0.0,0.0,0,0
2017-2018,2017-10-14,Man City,Stoke,7,2,H,3,1,H,20,5,11,1,5,8,5,0,0,1,0,0,1626.7664315354136,1471.8538821980824,154.91254933733126,3.2,0.4,2.8,1.1,1.7,1.2,0,0,0.5,0.5,0.0,0.0,0.0,0.0,0,0
2017-2018,2017-10-14,Swansea,Huddersfield,2,0,H,1,0,H,7,7,3,2,12,16,5,3,1,5,0,0,1446.0834918593641,1380.5779804265846,65.50551143277949,0.8,0.9,1.4,0.7142857142857143,1.0,1.2857142857142858,0,1,0.5,0.5,0.0,0.0,0.0,0.0,0,0
2017-2018,2017-10-14,Tottenham,Bournemouth,1,0,H,0,0,D,18,5,6,1,9,7,9,5,1,3,0,0,1623.7020482733533,1439.7258184322836,183.97622984106965,2.9,0.8,2.3,0.9,1.5,0.9,0,0,0.5,0.5,0.0,0.0,0.0,0.0,0,0
2017-2018,2017-10-14,Watford,Arsenal,2,1,H,0,1,A,11,9,2,6,8,10,2,5,1,0,0,0,1471.4448104050152,1577.9760948320206,-106.5312844270054,1.4,2.2,1.2,2.0,1.0,2.2,0,0,0.5,0.5,0.0,0.0,0.0,0.0,0,0
2017-2018,2017-10-15,Brighton,Everton,1,1,D,0,0,D,12,13,3,6,12,10,7,1,4,1,0,0,1370.206961874384,1498.8176745959033,-128.61071272151935,0.7142857142857143,1.2857142857142858,1.0,0.6,1.6,1.0,1,0,0.5,0.5,0.0,0.0,0.0,0.0,0,0
2017-2018,2017-10-15,Southampton,Newcastle,2,2,D,0,1,A,12,19,2,5,11,12,3,8,1,2,0,0,1471.5441979450934,1463.7399727437887,7.804225201304689,0.7,0.9,1.2,1.3,0.7,1.7,0,1,0.5,0.5,0.0,0.0,0.0,0.0,0,0
2017-2018,2017-10-16,Leicester,West Brom,1,1,D,0,0,D,11,5,3,1,13,6,4,1,2,2,0,0,1474.950408828175,1456.3659667491338,18.584442079041082,1.2,2.1,0.6,0.8,1.4,0.9,0,0,0.5,0.5,0.0,0.0,0.0,0.0,0,0
2017-2018,2017-10-20,West Ham,Brighton,0,3,A,0,2,A,16,7,2,5,5,13,10,3,1,0,0,0,1475.7719789810062,1371.0285880079769,104.74339097302936,1.0,1.9,1.1,0.75,1.25,1.0,0,1,0.5,0.5,0.0,0.0,0.0,0.0,0,0
2017-2018,2017-10-21,Chelsea,Watford,4,2,H,1,1,D,14,16,8,5,13,16,6,6,2,3,0,0,1604.6833083181284,1481.6327737413674,123.05053457676104,2.2,1.2,1.9,1.6,2.2,1.5,0,0,0.5,0.5,0.0,0.0,0.0,0.0,0,0
2017-2018,2017-10-21,Huddersfield,Man United,2,1,H,2,0,H,5,9,3,3,10,12,4,7,4,2,0,0,1375.011243027424,1606.5601795739567,-231.5489365465328,0.625,1.125,1.125,2.3,0.2,2.4,1,0,0.5,0.5,0.0,0.0,0.0,0.0,0,0
2017-2018,2017-10-21,Man City,Burnley,3,0,H,1,0,H,15,6,10,0,10,6,4,5,2,3,0,0,1630.513210464349,1461.6496692222336,168.8635412421154,3.7,0.5,2.8,1.0,1.0,1.3,0,0,0.5,0.5,0.0,0.0,0.0,0.0,0,0
2017-2018,2017-10-21,Newcastle,Crystal Palace,1,0,H,0,0,D,7,10,3,0,12,14,3,5,4,2,0,0,1466.7469408148577,1412.3545857380066,54.39235507685112,1.4,0.9,1.5,0.6,2.0,0.6,1,0,0.5,0.5,0.0,0.0,0.0,0.0,0,0
2017-2018,2017-10-21,Southampton,West Brom,1,0,H,0,0,D,20,7,6,2,10,8,8,3,0,1,0,0,1468.5372298740244,1459.6524616820857,8.884768191938747,0.7,1.0,1.0,0.9,1.4,1.0,0,0,0.5,0.5,0.0,0.0,0.0,0.0,0,0
2017-2018,2017-10-21,Stoke,Bournemouth,1,2,A,0,2,A,10,7,2,3,17,10,8,3,0,1,0,0,1468.107103269147,1436.46206406079,31.645039208357048,1.1,2.2,1.1,0.7,1.4,0.8,0,0,0.5,0.5,0.0,0.0,0.0,0.0,0,0
2017-2018,2017-10-21,Swansea,Leicester,1,2,A,0,1,A,19,11,4,6,6,9,7,6,0,1,0,0,1451.6502292585249,1471.663913895223,-20.013684636698144,0.9,0.9,1.4,1.2,2.0,0.7,0,0,0.5,0.5,0.0,0.0,0.0,0.0,0,0
2017-2018,2017-10-22,Everton,Arsenal,2,5,A,1,1,D,8,30,3,14,14,14,0,7,1,1,1,0,1497.9960484623105,1567.7881314956685,-69.79208303335804,0.7,1.6,1.1,1.7,1.1,1.9,0,0,0.5,0.5,0.0,0.0,0.0,0.0,0,0
2017-2018,2017-10-22,Tottenham,Liverpool,4,1,H,3,1,H,14,12,6,7,2,8,3,5,0,1,0,0,1626.965802644847,1577.634038010038,49.331764634808906,2.8,0.7,2.3,2.0,1.2,1.9,0,0,0.5,0.5,0.0,0.0,0.0,0.0,0,0
2017-2018,2017-10-28,Watford,Stoke,0,1,A,0,1,A,13,6,0,2,10,9,8,1,4,4,0,0,1477.2953108167062,1454.4895428556893,22.805767961016954,1.5,2.2,1.5,1.1,2.0,1.1,0,0,0.5,0.5,0.0,0.0,0.0,0.0,0,0
2017-2018,2017-10-28,West Brom,Man City,2,3,A,1,2,A,6,15,4,5,10,7,1,2,2,3,0,0,1452.6876916940348,1634.0215760729786,-181.33388437894382,0.8,1.2,1.0,3.7,0.4,2.8,0,0,0.5,0.5,0.0,0.0,0.0,0.0,0,0
2017-2018,2017-10-28,Arsenal,Swansea,2,1,H,0,1,A,17,4,5,2,9,9,5,2,0,0,0,0,1578.6554009634947,1439.3878665679667,139.26753439552795,2.0,1.3,1.9,0.8,1.1,1.1,0,0,0.5,0.5,0.0,0.0,0.0,0.0,0,0
2017-2018,2017-10-28,Bournemouth,Chelsea,0,1,A,0,0,D,7,18,1,5,5,5,5,5,2,0,0,0,1450.0796244742478,1609.0207712427896,-158.94114676854178,0.7,1.4,0.8,2.2,1.1,1.9,0,0,0.5,0.5,0.0,0.0,0.0,0.0,0,0
2017-2018,2017-10-28,Crystal Palace,West Ham,2,2,D,0,2,A,19,6,9,2,18,15,11,2,1,2,0,0,1406.527244569713,1460.4780675251095,-53.95082295539646,0.2,2.1,0.3,1.0,1.8,1.1,0,0,0.5,0.5,0.0,0.0,0.0,0.0,0,0
2017-2018,2017-10-28,Liverpool,Huddersfield,3,0,H,0,0,D,16,1,8,0,10,8,9,2,0,1,0,0,1571.6856745591065,1388.6263991301769,183.0592754289296,1.7,1.6,1.6,0.7777777777777778,1.1111111111111112,1.3333333333333333,0,1,0.5,0.5,0.0,0.0,0.0,0.0,0,0
2017-2018,2017-10-28,Man United,Tottenham,1,0,H,0,0,D,11,13,3,4,12,14,6,3,1,0,0,0,1592.9450234712037,1632.9141660957785,-39.969142624574715,2.4,0.4,2.3,2.6,0.7,2.3,0,0,0.5,0.5,0.0,0.0,0.0,0.0,0,0
2017-2018,2017-10-29,Brighton,Southampton,1,1,D,0,1,A,7,6,2,1,9,10,2,7,3,1,0,0,1386.3224994638736,1475.5019998620753,-89.17950039820175,1.0,1.1111111111111112,1.2222222222222223,0.8,1.0,1.2,1,0,0.5,0.5,0.0,0.0,0.0,0.0,0,0
2017-2018,2017-10-29,Leicester,Everton,2,0,H,2,0,H,9,16,3,2,6,10,3,10,0,2,0,0,1483.9262765857811,1487.1287789944843,-3.2025024087031397,1.3,1.5,1.0,0.8,2.1,0.8,0,0,0.5,0.5,0.0,0.0,0.0,0.0,0,0
2017-2018,2017-10-30,Burnley,Newcastle,1,0,H,0,0,D,12,12,5,5,9,10,5,3,3,0,0,0,1458.141303613604,1472.5742819831512,-14.4329783695473,0.9,1.1,1.3,1.5,0.9,1.7,0,1,0.5,0.5,0.0,0.0,0.0,0.0,0,0
2017-2018,2017-11-04,Huddersfield,West Brom,1,0,H,1,0,H,7,9,3,3,8,15,3,5,1,4,1,0,1385.3482029783554,1444.9868229046515,-59.63861992629609,0.7,1.3,1.2,0.9,1.3,1.0,1,0,0.5,0.5,0.0,0.0,0.0,0.0,0,0
2017-2018,2017-11-04,Newcastle,Bournemouth,0,1,A,0,0,D,16,16,4,6,11,12,11,9,2,2,0,0,1464.9884842009164,1441.7599975960036,23.22848660491286,1.0,0.9,1.4,0.6,1.4,0.7,1,0,0.5,0.5,0.0,0.0,0.0,0.0,0,0
2017-2018,2017-11-04,Southampton,Burnley,0,1,A,0,0,D,13,5,3,1,4,4,9,1,0,0,0,0,1475.8133382219949,1465.7271013958386,10.08623682615621,0.9,1.0,1.3,0.9,0.9,1.6,0,0,0.5,0.5,0.0,0.0,0.0,0.0,0,0
2017-2018,2017-11-04,Stoke,Leicester,2,2,D,1,1,D,11,14,7,4,12,8,4,10,0,0,0,0,1467.8839777671458,1491.2101362328212,-23.326158465675462,1.1,2.0,1.1,1.4,1.4,1.2,0,0,0.5,0.5,0.0,0.0,0.0,0.0,0,0
2017-2018,2017-11-04,Swansea,Brighton,0,1,A,0,1,A,12,5,2,2,13,12,8,7,2,1,0,0,1435.3591183955518,1386.011161103954,49.34795729159782,0.7,1.2,0.8,1.0,1.1,1.2,0,1,0.5,0.5,0.0,0.0,0.0,0.0,0,0
2017-2018,2017-11-04,West Ham,Liverpool,1,4,A,0,2,A,6,15,1,7,9,13,2,3,3,0,0,0,1461.7957624651706,1574.963870710928,-113.16810824575737,1.0,1.9,0.9,1.7,1.6,1.6,0,0,0.5,0.5,0.0,0.0,0.0,0.0,0,0
2017-2018,2017-11-05,Chelsea,Man United,1,0,H,0,0,D,18,10,8,2,16,20,4,7,1,3,0,0,1617.3403981210338,1601.234187733699,16.10621038733484,1.8,1.0,1.9,2.3,0.4,2.3,0,0,0.5,0.5,0.0,0.0,0.0,0.0,0,0
2017-2018,2017-11-05,Everton,Watford,3,2,H,0,0,D,10,11,5,3,14,12,2,5,0,2,0,0,1479.8449193474441,1463.9008759052497,15.94404344219447,0.7,2.0,0.8,1.5,1.8,1.5,0,0,0.5,0.5,0.0,0.0,0.0,0.0,0,0
2017-2018,2017-11-05,Man City,Arsenal,3,1,H,1,0,H,9,6,5,3,15,15,5,5,1,6,0,0,1641.722444862362,1582.6841491359096,59.03829572645236,3.5,0.6,2.8,1.9,1.3,1.9,0,0,0.5,0.5,0.0,0.0,0.0,0.0,0,0
2017-2018,2017-11-05,Tottenham,Crystal Palace,1,0,H,0,0,D,12,11,2,3,6,7,10,9,0,2,0,0,1624.6250018332832,1405.209549629652,219.41545220363128,1.9,0.7,2.0,0.4,2.1,0.4,0,0,0.5,0.5,0.0,0.0,0.0,0.0,0,0
2017-2018,2017-11-18,Arsenal,Tottenham,2,0,H,2,0,H,14,14,5,4,11,16,7,4,4,1,0,0,1576.966627323163,1627.3690966597258,-50.40246933656272,1.6,1.3,1.6,1.8,0.7,2.0,0,0,0.5,0.5,0.0,0.0,0.0,0.0,0,0
2017-2018,2017-11-18,Bournemouth,Huddersfield,4,0,H,2,0,H,11,20,5,3,13,10,8,11,3,2,1,0,1455.1651929947368,1394.191706833957,60.973486160779885,0.7,1.3,1.0,0.5,1.3,1.2,0,1,0.5,0.5,0.0,0.0,0.0,0.0,0,0
2017-2018,2017-11-18,Burnley,Swansea,2,0,H,2,0,H,16,13,7,1,12,12,8,6,1,1,0,0,1478.7936935907785,1421.307092299347,57.4866012914315,0.7,0.7,1.6,0.7,1.3,0.7,0,0,0.5,0.5,0.0,0.0,0.0,0.0,0,0
2017-2018,2017-11-18,Crystal Palace,Everton,2,2,D,2,2,D,16,8,7,5,9,26,9,4,2,3,0,0,1402.4654548032095,1486.626381169235,-84.16092636602548,0.4,1.9,0.4,0.9,2.2,0.8,0,0,0.5,0.5,0.0,0.0,0.0,0.0,0,0
2017-2018,2017-11-18,Leicester,Man City,0,2,A,0,1,A,2,12,0,4,8,10,1,7,1,1,0,0,1493.3818452805458,1647.4399666751085,-154.0581213945627,1.3,1.2,1.3,3.6,0.7,2.8,0,0,0.5,0.5,0.0,0.0,0.0,0.0,0,0
2017-2018,2017-11-18,Liverpool,Southampton,3,0,H,2,0,H,21,5,8,0,15,9,10,2,1,1,0,0,1584.5850434636907,1462.746746027055,121.83829743663568,1.8,1.4,1.8,0.9,1.1,1.2,0,0,0.5,0.5,0.0,0.0,0.0,0.0,0,0
2017-2018,2017-11-18,Man United,Newcastle,4,1,H,2,1,H,16,12,7,5,10,9,11,4,1,1,0,0,1594.4569093131306,1451.5832888021832,142.87362051094738,1.9,0.5,2.0,1.0,0.8,1.4,0,1,0.5,0.5,0.0,0.0,0.0,0.0,0,0
2017-2018,2017-11-18,West Brom,Chelsea,0,4,A,0,3,A,7,11,2,7,13,12,3,4,2,3,0,0,1436.14331904905,1624.1176765416021,-187.97435749255214,0.8,1.4,0.7,1.7,0.7,2.2,0,0,0.5,0.5,0.0,0.0,0.0,0.0,0,0
2017-2018,2017-11-19,Watford,West Ham,2,0,H,1,0,H,17,10,7,6,13,10,3,1,1,4,0,0,1457.1194140834589,1452.1745897124079,4.944824371051027,1.4,1.8,1.4,1.1,1.9,0.9,0,0,0.5,0.5,0.0,0.0,0.0,0.0,0,0
2017-2018,2017-11-20,Brighton,Stoke,2,2,D,1,2,A,9,13,3,6,13,5,6,7,1,0,0,0,1400.0631872001588,1465.7122687194212,-65.64908151926238,1.1,0.9,1.5,1.3,2.1,1.2,1,0,0.5,0.5,0.0,0.0,0.0,0.0,0,0
2017-2018,2017-11-24,West Ham,Leicester,1,1,D,1,1,D,8,7,4,2,9,12,5,5,1,1,0,0,1445.1065150587658,1484.9253278540295,-39.81881279526374,0.9,1.8,0.9,1.1,1.4,1.0,0,0,0.5,0.5,0.0,0.0,0.0,0.0,0,0
2017-2018,2017-11-25,Crystal Palace,Stoke,2,1,H,0,0,D,10,9,5,3,9,5,5,2,1,1,0,0,1402.0098851794617,1466.6977585820748,-64.68787340261315,0.6,2.0,0.5,1.4,2.3,1.0,0,0,0.5,0.5,0.0,0.0,0.0,0.0,0,0
2017-2018,2017-11-25,Liverpool,Chelsea,1,1,D,0,0,D,16,11,4,3,10,7,7,8,0,0,0,0,1588.946256644623,1631.638334038261,-42.6920773936381,2.0,1.4,1.8,1.9,0.6,2.2,0,0,0.5,0.5,0.0,0.0,0.0,0.0,0,0
2017-2018,2017-11-25,Man United,Brighton,1,0,H,0,0,D,15,8,4,2,9,9,5,0,0,2,0,0,1598.419287446016,1399.0776973375052,199.34159010851067,1.9,0.6,2.0,1.3,0.9,1.6,0,1,0.5,0.5,0.0,0.0,0.0,0.0,0,0
2017-2018,2017-11-25,Newcastle,Watford,0,3,A,0,2,A,12,12,2,4,8,13,6,3,1,2,0,0,1447.620910669298,1464.187488737101,-16.566578067802993,1.1,1.1,1.4,1.4,1.8,1.4,1,0,0.5,0.5,0.0,0.0,0.0,0.0,0,0
2017-2018,2017-11-25,Swansea,Bournemouth,0,0,D,0,0,D,10,9,1,5,18,6,4,5,4,2,0,0,1415.5530302089167,1460.8373392852254,-45.28430907630877,0.7,1.1,0.7,1.1,1.1,1.3,0,0,0.5,0.5,0.0,0.0,0.0,0.0,0,0
2017-2018,2017-11-25,Tottenham,West Brom,1,1,D,0,1,A,24,5,5,2,10,13,8,0,1,4,0,0,1618.7870097721072,1428.622661552391,190.1643482197162,1.7,0.7,2.0,0.7,1.8,0.4,0,0,0.5,0.5,0.0,0.0,0.0,0.0,0,0
2017-2018,2017-11-26,Southampton,Everton,4,1,H,1,1,D,17,5,5,2,6,13,7,2,0,0,0,0,1458.3855328461227,1487.0819507929828,-28.696417946860038,0.6,1.2,0.9,1.0,2.3,0.8,0,0,0.5,0.5,0.0,0.0,0.0,0.0,0,0
2017-2018,2017-11-26,Burnley,Arsenal,0,1,A,0,0,D,8,17,2,2,8,14,5,5,2,0,0,0,1484.5477556812089,1585.5487142107816,-101.0009585295727,0.9,0.6,1.9,1.8,1.2,1.9,0,0,0.5,0.5,0.0,0.0,0.0,0.0,0,0
2017-2018,2017-11-26,Huddersfield,Man City,1,2,A,1,0,H,4,14,0,5,10,10,3,7,2,3,1,0,1388.5195605434683,1655.8964841016248,-267.3769235581565,0.4,1.7,0.9,3.7,0.6,3.0,1,0,0.5,0.5,0.0,0.0,0.0,0.0,0,0
2017-2018,2017-11-28,Brighton,Crystal Palace,0,0,D,0,0,D,10,10,4,4,13,8,10,5,2,0,0,0,1396.0483766447057,1410.9970057482642,-14.94862910355846,1.3,1.0,1.5,0.8,1.9,0.8,1,0,0.5,0.5,0.0,0.0,0.0,0.0,0,0
2017-2018,2017-11-28,Leicester,Tottenham,2,1,H,2,0,H,7,18,4,6,7,10,4,9,1,2,0,0,1486.6403634758371,1611.9546394714648,-125.31427599562767,1.2,1.3,1.1,1.7,0.7,2.0,0,0,0.5,0.5,0.0,0.0,0.0,0.0,0,0
2017-2018,2017-11-28,Watford,Man United,2,4,A,0,3,A,12,15,3,7,12,10,5,5,2,1,0,0,1476.5437750831138,1601.4486081388154,-124.9048330557016,1.7,1.8,1.6,1.8,0.6,2.0,0,0,0.5,0.5,0.0,0.0,0.0,0.0,0,0
2017-2018,2017-11-28,West Brom,Newcastle,2,2,D,1,0,H,8,14,4,4,13,12,1,6,0,0,0,0,1435.4550318530335,1435.264624323285,0.1904075297484269,0.7,1.8,0.4,0.8,1.4,1.1,0,1,0.5,0.5,0.0,0.0,0.0,0.0,0,0
2017-2018,2017-11-29,Arsenal,Huddersfield,5,0,H,1,0,H,21,7,7,2,10,12,7,2,0,1,0,0,1595.5199043881285,1382.9959969544484,212.52390743368005,1.9,0.8,2.2,0.5,1.9,0.8,0,1,0.5,0.5,0.0,0.0,0.0,0.0,0,0
2017-2018,2017-11-29,Bournemouth,Burnley,1,2,A,0,1,A,10,10,2,4,9,11,4,6,0,1,0,0,1462.3992919232765,1474.576565503862,-12.177273580585506,1.0,0.9,1.4,0.8,0.6,1.8,0,0,0.5,0.5,0.0,0.0,0.0,0.0,0,0
2017-2018,2017-11-29,Chelsea,Swansea,1,0,H,0,0,D,21,2,10,0,10,7,15,1,1,0,0,0,1633.2729907571752,1413.9910775708656,219.28191318630957,1.8,0.7,2.0,0.5,1.1,0.5,0,0,0.5,0.5,0.0,0.0,0.0,0.0,0,0
2017-2018,2017-11-29,Everton,West Ham,4,0,H,2,0,H,8,7,5,3,16,6,2,6,2,1,0,0,1479.1058970533925,1443.3914794369582,35.714417616434275,1.1,2.5,0.8,1.0,1.6,1.0,0,0,0.5,0.5,0.0,0.0,0.0,0.0,0,0
2017-2018,2017-11-29,Man City,Southampton,2,1,H,0,0,D,26,7,12,2,12,11,6,5,1,1,0,0,1661.4200476906447,1466.361586585713,195.05846110493167,3.7,0.6,3.0,1.0,1.3,1.1,0,0,0.5,0.5,0.0,0.0,0.0,0.0,0,0
2017-2018,2017-11-29,Stoke,Liverpool,0,3,A,0,1,A,10,14,1,7,8,10,5,9,1,5,0,0,1457.7106380132723,1587.3115999257088,-129.60096191243656,1.4,2.4,0.9,1.7,1.5,1.6,0,0,0.5,0.5,0.0,0.0,0.0,0.0,0,0
2017-2018,2017-12-02,Everton,Huddersfield,2,0,H,0,0,D,6,5,4,3,12,9,2,5,2,1,0,0,1485.3869726350963,1380.1566187102483,105.23035392484803,1.5,2.2,1.1,0.5,2.2,0.8,0,1,0.5,0.5,0.0,0.0,0.0,0.0,0,0
2017-2018,2017-12-02,Arsenal,Man United,1,3,A,0,2,A,33,8,15,4,11,10,12,1,3,2,0,1,1598.3592826323286,1610.7330146449253,-12.373732012596747,2.1,0.8,2.2,2.0,0.6,2.2,0,0,0.5,0.5,0.0,0.0,0.0,0.0,0,0
2017-2018,2017-12-02,Brighton,Liverpool,1,5,A,0,2,A,6,12,2,6,8,7,2,2,1,0,0,0,1393.648156022597,1596.4616712397808,-202.81351521718375,1.0,0.9,1.3,2.0,1.0,1.9,1,0,0.5,0.5,0.0,0.0,0.0,0.0,0,0
2017-2018,2017-12-02,Chelsea,Newcastle,3,1,H,2,1,H,23,8,9,2,8,13,11,4,0,1,0,0,1636.0189060885173,1438.0709738528587,197.94793223565853,1.7,0.6,2.0,0.9,1.6,0.9,0,1,0.5,0.5,0.0,0.0,0.0,0.0,0,0
2017-2018,2017-12-02,Stoke,Swansea,2,1,H,2,1,H,10,10,3,3,12,10,2,6,2,0,0,0,1448.5605666992003,1411.2451622395236,37.315404459676756,1.2,2.5,0.8,0.5,1.1,0.5,0,0,0.5,0.5,0.0,0.0,0.0,0.0,0,0
2017-2018,2017-12-02,Watford,Tottenham,1,1,D,1,1,D,6,8,2,2,16,8,7,2,4,1,0,1,1467.259368577004,1601.2273226029856,-133.96795402598173,1.7,2.2,1.3,1.5,0.9,1.7,0,0,0.5,0.5,0.0,0.0,0.0,0.0,0,0
2017-2018,2017-12-02,West Brom,Crystal Palace,0,0,D,0,0,D,20,10,6,2,11,10,3,7,3,1,0,0,1432.6486823234598,1413.397226370373,19.25145595308686,0.8,1.7,0.5,0.8,1.8,0.9,0,0,0.5,0.5,0.0,0.0,0.0,0.0,0,0
2017-2018,2017-12-02,Leicester,Burnley,1,0,H,1,0,H,16,14,3,4,3,11,10,7,0,2,0,0,1497.3676803443163,1487.0518115502693,10.315868794046992,1.3,1.2,1.4,0.9,0.7,1.8,0,0,0.5,0.5,0.0,0.0,0.0,0.0,0,0
2017-2018,2017-12-03,Bournemouth,Southampton,1,1,D,1,0,H,16,15,5,4,6,12,5,4,2,1,0,0,1449.924045876869,1463.2683428688972,-13.344296992028148,1.1,0.8,1.4,1.1,1.3,1.1,0,0,0.5,0.5,0.0,0.0,0.0,0.0,0,0
2017-2018,2017-12-03,Man City,West Ham,2,1,H,0,1,A,24,7,8,4,5,7,10,4,2,2,0,0,1664.5132914074604,1437.1104038552544,227.40288755220604,3.4,0.7,3.0,0.8,2.0,0.7,0,0,0.5,0.5,0.0,0.0,0.0,0.0,0,0
2017-2018,2017-12-09,Burnley,Watford,1,0,H,1,0,H,8,11,5,2,10,12,3,5,1,0,0,1,1480.124390328838,1468.2339417056207,11.890448623217253,0.8,0.7,1.7,1.8,1.7,1.4,0,0,0.5,0.5,0.0,0.0,0.0,0.0,0,0
2017-2018,2017-12-09,Crystal Palace,Bournemouth,2,2,D,2,2,D,24,11,8,5,14,14,6,3,5,2,0,0,1416.7008350796843,1447.48035759948,-30.77952251979559,0.8,1.7,1.0,1.0,0.8,1.2,0,0,0.5,0.5,0.0,0.0,0.0,0.0,0,0
2017-2018,2017-12-09,Huddersfield,Brighton,2,0,H,2,0,H,19,7,6,2,6,10,8,1,0,0,0,0,1375.4606105688354,1386.523910283088,-11.063299714252707,0.4,2.3,0.7,1.0,1.2,1.3,1,1,0.5,0.5,0.0,0.0,0.0,0.0,0,0
2017-2018,2017-12-09,Newcastle,Leicester,2,3,A,1,1,D,10,13,4,5,10,9,6,5,2,1,0,0,1435.020973658808,1504.2951015657477,-69.27412790693961,0.8,1.8,0.6,1.3,1.1,1.6,1,0,0.5,0.5,0.0,0.0,0.0,0.0,0,0
2017-2018,2017-12-09,Swansea,West Brom,1,0,H,0,0,D,18,7,3,1,8,18,6,3,2,5,0,0,1405.0037254919334,1429.3450736141483,-24.341348122214868,0.6,1.3,0.4,0.8,1.7,0.5,0,0,0.5,0.5,0.0,0.0,0.0,0.0,0,0
2017-2018,2017-12-09,Tottenham,Stoke,5,1,H,1,0,H,20,4,11,3,12,9,12,6,1,0,0,0,1600.2527494743688,1454.8020034467904,145.45074602757836,1.6,1.0,1.7,1.3,2.4,1.1,0,0,0.5,0.5,0.0,0.0,0.0,0.0,0,0
2017-2018,2017-12-09,West Ham,Chelsea,1,0,H,1,0,H,5,19,2,2,10,10,4,3,6,1,0,0,1434.4733647597745,1639.068906282568,-204.59554152279338,0.9,2.2,0.6,2.0,0.7,2.2,0,0,0.5,0.5,0.0,0.0,0.0,0.0,0,0
2017-2018,2017-12-10,Southampton,Arsenal,1,1,D,1,0,H,6,11,3,6,12,10,4,5,2,2,0,0,1465.7120311462863,1585.8893454125437,-120.17731426625733,1.1,1.4,0.9,2.2,1.1,2.1,0,0,0.5,0.5,0.0,0.0,0.0,0.0,0,0
2017-2018,2017-12-10,Liverpool,Everton,1,1,D,1,0,H,23,3,3,2,8,11,12,1,1,3,0,0,1603.5859169792898,1490.0829807765092,113.50293620278057,2.4,1.0,2.1,1.7,1.8,1.4,0,0,0.5,0.5,0.0,0.0,0.0,0.0,0,0
2017-2018,2017-12-10,Man United,Man City,1,2,A,1,1,D,8,14,5,7,16,10,2,8,4,2,0,0,1623.2029518647103,1667.1503305029403,-43.94737863823002,1.9,0.7,2.2,3.0,0.8,3.0,0,0,0.5,0.5,0.0,0.0,0.0,0.0,0,0
2017-2018,2017-12-12,Burnley,Stoke,1,0,H,0,0,D,10,14,2,7,6,14,6,4,0,0,0,0,1487.0108273988242,1450.8865507815829,36.12427661724132,0.9,0.7,1.9,1.4,2.5,1.1,0,0,0.5,0.5,0.0,0.0,0.0,0.0,0,0
2017-2018,2017-12-12,Crystal Palace,Watford,2,1,H,0,1,A,14,7,4,2,14,18,4,6,2,1,0,1,1414.7344585228384,1461.3475046356346,-46.613046112796155,1.0,1.4,1.1,1.6,1.7,1.1,0,0,0.5,0.5,0.0,0.0,0.0,0.0,0,0
2017-2018,2017-12-12,Huddersfield,Chelsea,1,3,A,0,2,A,7,12,2,5,11,4,1,3,0,0,0,0,1382.9552901822647,1626.1461726217844,-243.19088243951978,0.6,2.3,0.9,1.6,0.8,1.9,1,0,0.5,0.5,0.0,0.0,0.0,0.0,0,0
2017-2018,2017-12-13,Liverpool,West Brom,0,0,D,0,0,D,14,6,5,1,16,6,5,7,1,0,0,0,1598.1129709345007,1421.4889236412546,176.62404729324612,2.2,0.9,1.9,0.8,1.6,0.5,0,0,0.5,0.5,0.0,0.0,0.0,0.0,0,0
2017-2018,2017-12-13,Man United,Bournemouth,1,0,H,1,0,H,9,14,2,7,14,12,4,9,1,2,0,0,1611.6034808044924,1449.4467341563259,162.15674664816652,1.9,0.9,1.9,1.1,0.8,1.3,0,0,0.5,0.5,0.0,0.0,0.0,0.0,0,0
2017-2018,2017-12-13,Newcastle,Everton,0,1,A,0,1,A,16,7,4,4,10,11,4,1,1,2,1,0,1424.1389102988294,1495.5559268212983,-71.41701652246888,1.0,2.0,0.6,1.6,1.8,1.2,1,0,0.5,0.5,0.0,0.0,0.0,0.0,0,0
2017-2018,2017-12-13,Southampton,Leicester,1,4,A,0,3,A,12,16,4,11,13,9,9,9,1,0,0,0,1466.2921289150934,1515.1771649257264,-48.88503601063303,1.2,1.4,1.0,1.4,1.0,1.9,0,0,0.5,0.5,0.0,0.0,0.0,0.0,0,0
2017-2018,2017-12-13,Swansea,Man City,0,4,A,0,2,A,7,23,3,10,12,6,2,5,0,0,0,0,1412.8598754648272,1678.7498015631581,-265.889926098331,0.6,1.1,0.7,2.7,0.9,3.0,0,0,0.5,0.5,0.0,0.0,0.0,0.0,0,0
2017-2018,2017-12-13,Tottenham,Brighton,2,0,H,1,0,H,25,7,8,4,5,10,10,2,1,1,0,0,1604.1682021395764,1379.0292306696588,225.13897146991758,1.8,0.9,1.7,0.9,1.4,1.0,0,1,0.5,0.5,0.0,0.0,0.0,0.0,0,0
2017-2018,2017-12-13,West Ham,Arsenal,0,0,D,0,0,D,6,22,0,3,9,9,1,7,1,0,0,0,1447.396098420558,1585.3092476437366,-137.9131492231786,0.8,1.9,0.9,2.1,1.2,1.9,0,0,0.5,0.5,0.0,0.0,0.0,0.0,0,0
2017-2018,2017-12-16,Stoke,West Ham,0,3,A,0,1,A,17,14,0,7,12,13,7,9,2,1,0,0,1444.6156358985647,1448.4830157338283,-3.8673798352635913,1.2,2.5,0.8,0.7,1.9,0.7,0,0,0.5,0.5,0.0,0.0,0.0,0.0,0,0
2017-2018,2017-12-16,Watford,Huddersfield,1,4,A,0,2,A,13,15,3,9,12,17,8,7,2,1,1,1,1452.872124068791,1376.858142607429,76.01398146136194,1.5,1.7,1.0,0.7,2.2,0.9,0,1,0.5,0.5,0.0,0.0,0.0,0.0,0,0
2017-2018,2017-12-16,Arsenal,Newcastle,1,0,H,1,0,H,23,10,5,2,13,9,7,5,2,1,0,0,1584.2223303304663,1413.318076894422,170.90425343604443,1.9,1.2,1.7,0.9,2.0,0.5,0,1,0.5,0.5,0.0,0.0,0.0,0.0,0,0
2017-2018,2017-12-16,Brighton,Burnley,0,0,D,0,0,D,12,11,2,6,13,13,8,2,4,2,0,0,1376.3622131458042,1493.2817422818423,-116.91952913603814,0.9,1.4,1.0,0.9,0.7,1.9,1,0,0.5,0.5,0.0,0.0,0.0,0.0,0,0
2017-2018,2017-12-16,Chelsea,Southampton,1,0,H,1,0,H,24,6,8,2,8,16,8,4,1,3,0,0,1632.24332019662,1454.8314454003944,177.41187479622567,1.9,0.8,2.2,1.2,1.6,1.0,0,0,0.5,0.5,0.0,0.0,0.0,0.0,0,0
2017-2018,2017-12-16,Leicester,Crystal Palace,0,3,A,0,2,A,11,13,2,6,12,13,6,4,2,2,1,0,1526.6378484404254,1423.209839089682,103.42800935074342,1.8,1.1,2.1,1.2,1.1,1.4,0,0,0.5,0.5,0.0,0.0,0.0,0.0,0,0
2017-2018,2017-12-16,Man City,Tottenham,4,1,H,1,0,H,20,7,11,2,13,20,5,1,2,4,0,0,1684.307653546714,1606.835219663431,77.47243388328297,3.0,0.9,3.0,1.6,0.9,1.7,0,0,0.5,0.5,0.0,0.0,0.0,0.0,0,0
2017-2018,2017-12-17,Bournemouth,Liverpool,0,4,A,0,3,A,6,21,2,7,5,10,2,3,1,1,0,0,1445.8252767075242,1591.4939683393268,-145.66869163180263,1.1,0.9,1.2,2.1,0.8,1.9,0,0,0.5,0.5,0.0,0.0,0.0,0.0,0,0
2017-2018,2017-12-17,West Brom,Man United,1,2,A,0,2,A,12,8,5,3,14,7,6,3,1,3,0,0,1428.1079262364285,1615.224938253294,-187.1170120168656,0.6,1.4,0.5,1.6,0.9,1.9,0,0,0.5,0.5,0.0,0.0,0.0,0.0,0,0
2017-2018,2017-12-18,Everton,Swansea,3,1,H,1,1,D,12,8,7,3,12,12,6,3,2,3,0,0,1506.3767602257058,1407.3020234812714,99.0747367444344,1.7,1.7,1.5,0.6,1.4,0.7,0,0,0.5,0.5,0.0,0.0,0.0,0.0,0,0
2017-2018,2017-12-22,Arsenal,Liverpool,3,3,D,0,1,A,11,14,4,9,9,11,7,8,1,0,0,0,1587.6968412964784,1600.1870360498049,-12.490194753326477,1.9,1.0,2.0,2.5,0.8,2.1,0,0,0.5,0.5,0.0,0.0,0.0,0.0,0,0
2017-2018,2017-12-23,Brighton,Watford,1,0,H,0,0,D,14,13,3,1,8,11,6,4,0,0,0,0,1376.8488117407617,1438.1991354712736,-61.350323730511946,0.8,1.3,1.0,1.4,2.0,0.7,1,0,0.5,0.5,0.0,0.0,0.0,0.0,0,0
2017-2018,2017-12-23,Burnley,Tottenham,0,3,A,0,1,A,5,18,2,8,10,10,4,4,1,2,0,0,1492.7951436868848,1601.540954885931,-108.7458111990461,0.8,0.6,1.9,1.6,1.3,1.4,0,0,0.5,0.5,0.0,0.0,0.0,0.0,0,0
2017-2018,2017-12-23,Everton,Chelsea,0,0,D,0,0,D,5,25,0,8,8,4,2,7,3,0,0,0,1511.2012927321714,1635.611595626116,-124.41030289394462,1.9,1.7,1.7,1.9,0.6,2.5,0,0,0.5,0.5,0.0,0.0,0.0,0.0,0,0
2017-2018,2017-12-23,Leicester,Man United,2,2,D,1,1,D,11,19,3,6,19,8,4,6,2,2,1,0,1511.3712409276584,1622.7687693753867,-111.39752844772829,1.7,1.3,2.0,1.8,1.0,2.1,0,0,0.5,0.5,0.0,0.0,0.0,0.0,0,0
2017-2018,2017-12-23,Man City,Bournemouth,4,0,H,1,0,H,14,5,5,1,8,7,4,6,0,1,0,0,1689.601918324214,1437.132208997046,252.46970932716795,2.7,0.8,3.0,1.1,1.2,1.2,0,0,0.5,0.5,0.0,0.0,0.0,0.0,0,0
2017-2018,2017-12-23,Southampton,Huddersfield,1,1,D,1,0,H,12,10,6,3,16,9,9,1,2,1,0,0,1451.4631699708984,1391.5311312049464,59.93203876595203,1.0,1.5,0.9,1.1,2.1,1.2,0,1,0.5,0.5,0.0,0.0,0.0,0.0,0,0
2017-2018,2017-12-23,Stoke,West Brom,3,1,H,2,0,H,9,17,5,7,9,11,1,11,1,0,0,0,1431.917229657215,1420.564095114336,11.353134542879161,1.0,2.1,0.8,0.6,1.5,0.4,0,0,0.5,0.5,0.0,0.0,0.0,0.0,0,0
2017-2018,2017-12-23,Swansea,Crystal Palace,1,1,D,0,0,D,7,13,2,5,13,11,6,3,2,3,0,0,1402.4774909748057,1438.476446602449,-35.99895562764323,0.5,1.7,0.4,1.3,1.0,1.4,0,0,0.5,0.5,0.0,0.0,0.0,0.0,0,0
2017-2018,2017-12-23,West Ham,Newcastle,2,3,A,1,1,D,19,11,6,4,9,12,6,3,1,1,0,0,1461.181421975178,1409.8435659284098,51.33785604676814,0.9,1.8,0.9,0.7,1.9,0.4,0,1,0.5,0.5,0.0,0.0,0.0,0.0,0,0
2017-2018,2017-12-26,Chelsea,Brighton,2,0,H,0,0,D,25,8,8,1,8,8,13,1,0,1,0,0,1634.9101644002014,1385.7409507742752,249.1692136259262,1.5,0.4,2.3,0.6,1.3,1.0,0,1,0.5,0.5,0.0,0.0,0.0,0.0,0,0
2017-2018,2017-12-26,West Brom,Everton,0,0,D,0,0,D,17,7,3,3,14,13,10,2,2,0,0,0,1413.6636854183344,1511.902723958086,-98.23903853975162,0.7,1.7,0.4,1.7,1.2,1.8,0,0,0.5,0.5,0.0,0.0,0.0,0.0,0,0
2017-2018,2017-12-26,Man United,Burnley,2,2,D,0,2,A,23,3,6,2,10,14,12,2,3,7,0,0,1622.440839761997,1483.0468152128083,139.39402454918877,1.9,1.0,2.2,0.8,0.6,1.9,0,0,0.5,0.5,0.0,0.0,0.0,0.0,0,0
2017-2018,2017-12-26,Liverpool,Swansea,5,0,H,1,0,H,22,7,9,4,5,8,4,2,0,1,0,0,1602.6538254378204,1400.6559499864143,201.99787545140612,2.7,0.7,2.2,0.5,1.6,0.5,0,0,0.5,0.5,0.0,0.0,0.0,0.0,0,0
2017-2018,2017-12-26,Watford,Leicester,2,1,H,1,1,D,11,11,1,5,7,13,8,8,3,3,0,0,1429.30699643776,1511.699170541048,-82.39217410328797,1.2,1.7,0.7,1.7,1.4,1.8,0,0,0.5,0.5,0.0,0.0,0.0,0.0,0,0
2017-2018,2017-12-26,Tottenham,Southampton,5,2,H,2,0,H,16,16,7,6,8,15,3,8,0,2,0,0,1611.2892833600074,1447.159708635304,164.1295747247034,1.5,1.2,1.4,1.0,1.6,0.7,0,0,0.5,0.5,0.0,0.0,0.0,0.0,0,0
2017-2018,2017-12-26,Huddersfield,Stoke,1,1,D,1,0,H,18,15,8,7,9,12,8,5,2,4,0,0,1395.8345925405408,1438.8176393532167,-42.983046812675866,1.0,2.1,1.0,1.2,2.0,1.1,1,0,0.5,0.5,0.0,0.0,0.0,0.0,0,0
2017-2018,2017-12-26,Bournemouth,West Ham,3,3,D,1,1,D,26,10,10,5,12,14,7,4,3,4,0,0,1434.8083338698318,1447.0816370989999,-12.27330322916805,0.9,1.5,0.9,1.1,1.8,0.9,0,0,0.5,0.5,0.0,0.0,0.0,0.0,0,0
2017-2018,2017-12-27,Newcastle,Man City,0,1,A,0,1,A,6,22,2,6,11,6,3,8,1,0,0,0,1423.943350804588,1691.9257934514283,-267.98244264684035,0.9,2.1,0.4,2.8,0.8,3.0,1,0,0.5,0.5,0.0,0.0,0.0,0.0,0,0
2017-2018,2017-12-28,Crystal Palace,Arsenal,2,3,A,0,1,A,16,16,2,9,12,7,5,4,0,1,0,0,1440.2979875908404,1585.2300519084629,-144.93206431762246,1.4,1.0,1.5,1.7,1.1,1.8,0,0,0.5,0.5,0.0,0.0,0.0,0.0,0,0
2017-2018,2017-12-30,Bournemouth,Everton,2,1,H,1,0,H,19,6,7,1,8,13,4,4,0,0,0,0,1432.3356826131348,1511.953408069171,-79.61772545603617,1.2,1.7,1.0,1.7,1.0,1.9,0,0,0.5,0.5,0.0,0.0,0.0,0.0,0,0
2017-2018,2017-12-30,Chelsea,Stoke,5,0,H,3,0,H,21,1,12,1,5,10,7,0,1,1,0,0,1637.2733465404008,1440.4441439674667,196.82920257293404,1.6,0.4,2.3,1.2,2.1,0.9,0,0,0.5,0.5,0.0,0.0,0.0,0.0,0,0
2017-2018,2017-12-30,Huddersfield,Burnley,0,0,D,0,0,D,3,11,1,4,14,14,5,4,2,1,0,0,1394.2080879262908,1489.0204090953353,-94.81232116904448,1.1,1.9,1.1,0.9,0.8,1.7,1,0,0.5,0.5,0.0,0.0,0.0,0.0,0,0
2017-2018,2017-12-30,Liverpool,Leicester,2,1,H,0,1,A,17,7,6,1,7,3,7,1,3,2,0,0,1605.6440505092164,1502.2055310707906,103.43851943842583,2.9,0.7,2.2,1.6,1.6,1.5,0,0,0.5,0.5,0.0,0.0,0.0,0.0,0,0
2017-2018,2017-12-30,Man United,Southampton,0,0,D,0,0,D,15,8,3,3,12,13,10,7,2,4,0,0,1616.46724587947,1443.5718093976113,172.89543648185872,2.0,1.2,2.0,1.1,2.0,0.6,0,0,0.5,0.5,0.0,0.0,0.0,0.0,0,0
2017-2018,2017-12-30,Newcastle,Brighton,0,0,D,0,0,D,11,10,2,3,11,10,3,6,2,2,0,0,1418.4337122230502,1383.377768634076,35.05594358897429,0.9,2.1,0.4,0.5,1.4,0.9,1,1,0.5,0.5,0.0,0.0,0.0,0.0,0,0
2017-2018,2017-12-30,Watford,Swansea,1,2,A,1,0,H,9,9,4,4,14,13,1,8,4,2,0,0,1438.8006359080175,1397.6657249150182,41.13491099299927,1.4,1.7,1.0,0.4,1.9,0.5,0,0,0.5,0.5,0.0,0.0,0.0,0.0,0,0
2017-2018,2017-12-31,Crystal Palace,Man City,0,0,D,0,0,D,10,15,1,4,14,11,7,8,5,4,0,0,1431.5840744397156,1697.435432032966,-265.85135759325044,1.4,1.1,1.4,2.6,0.6,3.0,0,0,0.5,0.5,0.0,0.0,0.0,0.0,0,0
2017-2018,2017-12-31,West Brom,Arsenal,1,1,D,0,0,D,14,14,3,4,14,9,5,6,3,3,0,0,1413.6130013072493,1593.9439650595878,-180.33096375233845,0.5,1.4,0.5,1.8,1.2,1.8,0,0,0.5,0.5,0.0,0.0,0.0,0.0,0,0
2017-2018,2018-01-01,Brighton,Bournemouth,2,2,D,1,1,D,15,26,6,8,13,9,5,12,2,1,0,0,1387.080350340517,1441.7497056669056,-54.66935532638854,0.4,1.4,0.7,1.3,1.8,1.0,1,0,0.5,0.5,0.0,0.0,0.0,0.0,0,0
2017-2018,2018-01-01,Burnley,Liverpool,1,2,A,0,0,D,13,19,4,5,4,12,3,9,0,0,0,0,1489.1697113993962,1610.3772244014717,-121.20751300207553,0.8,0.8,1.5,2.7,0.7,2.2,0,0,0.5,0.5,0.0,0.0,0.0,0.0,0,0
2017-2018,2018-01-01,Everton,Man United,0,2,A,0,0,D,12,21,0,6,11,10,6,6,2,0,0,0,1502.5393850154003,1609.9089730670053,-107.36958805160498,1.5,1.0,1.6,2.0,1.1,2.1,0,0,0.5,0.5,0.0,0.0,0.0,0.0,0,0
2017-2018,2018-01-01,Leicester,Huddersfield,3,0,H,0,0,D,11,6,5,1,7,9,4,1,1,1,0,0,1497.4723571785353,1394.0587856222298,103.41357155630544,1.5,1.6,1.4,1.0,1.9,0.9,0,1,0.5,0.5,0.0,0.0,0.0,0.0,0,0
2017-2018,2018-01-01,Stoke,Newcastle,0,1,A,0,0,D,11,14,4,6,10,11,10,5,3,1,0,0,1437.3774600915135,1414.731130516609,22.646329574904485,1.0,2.4,0.8,0.9,2.0,0.5,0,1,0.5,0.5,0.0,0.0,0.0,0.0,0,0
2017-2018,2018-01-02,Man City,Watford,3,1,H,2,0,H,17,7,7,4,8,12,9,1,1,1,0,0,1692.9941751006136,1424.9480608466768,268.0461142539368,2.3,0.5,2.8,1.3,1.6,1.0,0,0,0.5,0.5,0.0,0.0,0.0,0.0,0,0
2017-2018,2018-01-02,Southampton,Crystal Palace,1,2,A,1,0,H,10,11,3,4,8,11,4,7,0,1,0,0,1450.1300822100761,1436.025331372068,14.104750838008158,1.1,1.9,0.7,1.4,1.0,1.5,0,0,0.5,0.5,0.0,0.0,0.0,0.0,0,0
2017-2018,2018-01-02,Swansea,Tottenham,0,2,A,0,1,A,8,12,1,5,12,9,6,5,2,2,0,0,1411.518299976359,1614.8771825977,-203.35888262134108,0.6,1.9,0.8,2.0,1.3,1.7,0,0,0.5,0.5,0.0,0.0,0.0,0.0,0,0
2017-2018,2018-01-02,West Ham,West Brom,2,1,H,0,1,A,13,10,5,3,12,12,3,4,3,2,0,0,1449.5542883556968,1415.88477393846,33.66951441723677,1.2,1.9,0.9,0.6,1.4,0.6,0,0,0.5,0.5,0.0,0.0,0.0,0.0,0,0
2017-2018,2018-01-03,Arsenal,Chelsea,2,2,D,0,0,D,14,19,6,6,11,11,10,8,3,2,0,0,1591.672192428377,1640.340030416354,-48.66783798797701,1.8,1.0,1.9,2.0,0.4,2.3,0,0,0.5,0.5,0.0,0.0,0.0,0.0,0,0
2017-2018,2018-01-04,Tottenham,West Ham,1,1,D,0,0,D,31,3,8,1,10,6,7,1,0,2,0,0,1621.987036040806,1455.8861914855029,166.10084455530318,2.1,1.3,1.7,1.3,1.6,1.2,0,0,0.5,0.5,0.0,0.0,0.0,0.0,0,0
2017-2018,2018-01-13,Chelsea,Leicester,0,0,D,0,0,D,17,14,7,1,14,13,6,3,2,2,0,1,1641.8068314522995,1502.2060499628544,139.60078148944513,1.8,0.6,2.1,1.8,1.4,1.7,0,0,0.5,0.5,0.0,0.0,0.0,0.0,0,0
2017-2018,2018-01-13,Huddersfield,West Ham,1,4,A,1,1,D,8,8,2,6,7,9,7,3,1,1,0,0,1389.3250928379107,1462.3315807623508,-73.00648792444008,1.0,1.8,0.9,1.4,1.5,1.3,1,0,0.5,0.5,0.0,0.0,0.0,0.0,0,0
2017-2018,2018-01-13,Tottenham,Everton,4,0,H,1,0,H,20,7,10,0,11,15,3,3,0,2,0,0,1615.5416467639582,1492.7514670043904,122.79017975956776,2.2,1.2,1.8,1.3,1.0,1.5,0,0,0.5,0.5,0.0,0.0,0.0,0.0,0,0
2017-2018,2018-01-13,Crystal Palace,Burnley,1,0,H,1,0,H,17,8,2,2,16,10,3,2,0,3,0,0,1449.1963338579635,1479.7793557212374,-30.58302186327387,1.4,0.9,1.7,0.7,1.0,1.2,0,0,0.5,0.5,0.0,0.0,0.0,0.0,0,0
2017-2018,2018-01-13,West Brom,Brighton,2,0,H,1,0,H,15,13,4,1,8,15,9,6,0,0,0,0,1409.552870808654,1385.7829828462952,23.76988796235878,0.7,1.2,0.6,0.4,1.4,0.7,0,1,0.5,0.5,0.0,0.0,0.0,0.0,0,0
2017-2018,2018-01-13,Watford,Southampton,2,2,D,0,2,A,16,10,4,4,11,13,5,4,0,5,0,0,1422.8021026322942,1436.9590797241806,-14.156977091886347,1.2,1.9,0.7,1.2,1.8,0.7,0,0,0.5,0.5,0.0,0.0,0.0,0.0,0,0
2017-2018,2018-01-13,Newcastle,Swansea,1,1,D,0,0,D,12,8,4,5,11,10,4,5,0,3,0,0,1428.1215045440185,1404.408446533253,23.713058010765508,0.9,1.6,0.8,0.6,1.9,0.8,1,0,0.5,0.5,0.0,0.0,0.0,0.0,0,0
2017-2018,2018-01-14,Bournemouth,Arsenal,2,1,H,0,0,D,13,12,5,3,8,10,4,5,2,2,0,0,1443.0470731611274,1590.2053913924315,-147.15831823130407,1.1,2.0,0.8,1.8,1.2,1.7,0,0,0.5,0.5,0.0,0.0,0.0,0.0,0,0
2017-2018,2018-01-14,Liverpool,Man City,4,3,H,1,1,D,16,11,7,4,10,7,5,6,2,3,0,0,1619.7675800796305,1695.140133314996,-75.37255323536556,2.6,0.8,2.2,2.4,0.6,2.8,0,0,0.5,0.5,0.0,0.0,0.0,0.0,0,0
2017-2018,2018-01-15,Man United,Stoke,3,0,H,2,0,H,20,11,9,5,14,10,6,1,2,1,0,0,1619.6968910780151,1423.987086064104,195.70980501391114,1.8,1.0,2.1,0.8,2.3,0.7,0,0,0.5,0.5,0.0,0.0,0.0,0.0,0,0
2017-2018,2018-01-20,Man City,Newcastle,3,1,H,1,0,H,21,6,9,4,5,10,18,0,0,1,0,0,1685.847783420586,1424.7039851343231,261.14379828626284,2.5,0.9,2.5,1.0,1.4,0.9,0,1,0.5,0.5,0.0,0.0,0.0,0.0,0,0
2017-2018,2018-01-20,Stoke,Huddersfield,2,0,H,0,0,D,11,6,6,3,18,13,3,2,1,1,0,0,1420.9036338198434,1378.5497166112934,42.35391720855,0.7,2.4,0.7,1.0,2.0,0.9,0,1,0.5,0.5,0.0,0.0,0.0,0.0,0,0
2017-2018,2018-01-20,Arsenal,Crystal Palace,4,1,H,4,0,H,16,9,10,5,6,8,5,10,0,0,0,0,1578.8563403961775,1457.2245208498302,121.63181954634729,1.8,1.4,1.4,1.3,0.8,1.7,0,0,0.5,0.5,0.0,0.0,0.0,0.0,0,0
2017-2018,2018-01-20,Brighton,Chelsea,0,4,A,0,2,A,10,14,3,10,12,5,5,3,3,0,0,0,1379.2019468324281,1635.829411511282,-256.6274646788538,0.4,1.5,0.7,1.7,0.5,2.1,1,0,0.5,0.5,0.0,0.0,0.0,0.0,0,0
2017-2018,2018-01-20,Burnley,Man United,0,1,A,0,0,D,13,12,2,2,7,12,5,4,3,3,0,0,1471.7511687293706,1622.7803433222757,-151.02917459290506,0.7,1.0,1.2,2.0,1.0,2.1,0,0,0.5,0.5,0.0,0.0,0.0,0.0,0,0
2017-2018,2018-01-20,Everton,West Brom,1,1,D,0,1,A,9,15,4,5,15,10,0,3,2,1,0,0,1488.4089110824013,1416.133906822521,72.27500425988023,1.2,1.0,1.5,0.8,1.1,0.8,0,0,0.5,0.5,0.0,0.0,0.0,0.0,0,0
2017-2018,2018-01-20,Leicester,Watford,2,0,H,1,0,H,9,11,5,3,11,10,4,5,0,0,0,0,1508.183469903872,1420.3804208984993,87.80304900537271,1.7,1.3,1.7,1.1,2.1,0.5,0,0,0.5,0.5,0.0,0.0,0.0,0.0,0,0
2017-2018,2018-01-20,West Ham,Bournemouth,1,1,D,0,0,D,12,8,4,3,8,7,6,3,3,1,0,0,1473.106956988968,1454.3961241573813,18.710832831586686,1.7,1.5,1.5,1.3,2.1,1.0,0,0,0.5,0.5,0.0,0.0,0.0,0.0,0,0
2017-2018,2018-01-21,Southampton,Tottenham,1,1,D,1,1,D,10,17,4,2,8,15,2,9,2,3,0,0,1439.3807614579755,1619.8842026859472,-180.50344122797173,1.0,1.9,0.5,2.5,1.1,2.0,0,0,0.5,0.5,0.0,0.0,0.0,0.0,0,0
2017-2018,2018-01-22,Swansea,Liverpool,1,0,H,1,0,H,3,21,2,4,5,9,3,9,0,2,0,0,1407.8259659429484,1629.0599299740406,-221.23396403109223,0.7,2.0,0.8,2.9,1.0,2.4,0,0,0.5,0.5,0.0,0.0,0.0,0.0,0,0
2017-2018,2018-01-30,Huddersfield,Liverpool,0,3,A,0,2,A,5,14,1,7,8,8,1,4,0,0,0,0,1372.4321294827666,1615.7055838493336,-243.27345436656697,1.0,1.7,0.9,2.6,1.1,2.1,1,0,0.5,0.5,0.0,0.0,0.0,0.0,0,0
2017-2018,2018-01-30,Swansea,Arsenal,3,1,H,1,1,D,12,9,4,4,4,8,4,3,0,3,0,0,1421.1803120676554,1583.221608243622,-162.04129617596664,0.8,1.9,1.1,1.7,1.5,1.4,0,0,0.5,0.5,0.0,0.0,0.0,0.0,0,0
2017-2018,2018-01-30,West Ham,Crystal Palace,1,1,D,1,1,D,8,9,3,3,11,15,5,3,1,3,0,0,1469.8172175483116,1452.8592530023857,16.95796454592596,1.8,1.2,1.6,1.4,1.2,1.6,0,0,0.5,0.5,0.0,0.0,0.0,0.0,0,0
2017-2018,2018-01-31,Chelsea,Bournemouth,0,3,A,0,0,D,21,11,5,5,5,12,8,5,1,0,0,0,1641.6037648541308,1457.6858635980377,183.91790125609305,2.0,0.5,2.1,1.3,2.0,1.1,0,0,0.5,0.5,0.0,0.0,0.0,0.0,0,0
2017-2018,2018-01-31,Everton,Leicester,2,1,H,2,0,H,9,8,4,1,9,10,5,5,0,2,0,0,1483.820460765389,1513.2494989874226,-29.42903822203357,0.9,1.1,1.3,1.7,1.2,1.7,0,0,0.5,0.5,0.0,0.0,0.0,0.0,0,0
2017-2018,2018-01-31,Man City,West Brom,3,0,H,1,0,H,19,3,10,1,10,10,9,1,1,3,0,0,1688.0710542064137,1420.7223571395334,267.3486970668803,2.6,0.9,2.5,0.7,1.0,0.8,0,0,0.5,0.5,0.0,0.0,0.0,0.0,0,0
2017-2018,2018-01-31,Newcastle,Burnley,1,1,D,0,0,D,14,11,4,2,15,15,7,4,1,2,0,0,1422.4807143484954,1463.2094356227694,-40.728721274273994,0.9,1.5,0.8,0.5,1.0,0.9,1,0,0.5,0.5,0.0,0.0,0.0,0.0,0,0
2017-2018,2018-01-31,Southampton,Brighton,1,1,D,0,1,A,18,9,3,2,8,10,7,2,3,1,0,0,1441.6572416535685,1373.4275934895793,68.22964816398917,1.0,1.8,0.6,0.4,1.9,0.6,0,1,0.5,0.5,0.0,0.0,0.0,0.0,0,0
2017-2018,2018-01-31,Stoke,Watford,0,0,D,0,0,D,11,12,4,2,12,12,2,6,4,3,0,0,1427.0212209483702,1415.3143918149487,11.70682913342148,0.9,2.1,1.0,0.9,1.9,0.5,0,0,0.5,0.5,0.0,0.0,0.0,0.0,0,0
2017-2018,2018-01-31,Tottenham,Man United,2,0,H,2,0,H,22,6,6,3,10,13,6,3,2,2,0,0,1617.6077224903543,1631.322076428877,-13.714353938522663,2.5,1.0,2.1,1.7,0.8,2.1,0,0,0.5,0.5,0.0,0.0,0.0,0.0,0,0
2017-2018,2018-02-03,Arsenal,Everton,5,1,H,4,0,H,15,11,7,2,8,8,4,6,2,0,0,0,1571.4546572921413,1491.8167458369721,79.63791145516916,1.7,1.5,1.4,0.9,1.2,1.3,0,0,0.5,0.5,0.0,0.0,0.0,0.0,0,0
2017-2018,2018-02-03,Burnley,Man City,1,1,D,0,1,A,8,20,3,7,9,6,3,13,4,1,0,0,1464.8990409266999,1690.2247154368806,-225.32567451018076,0.6,1.0,1.0,2.7,0.8,2.5,0,0,0.5,0.5,0.0,0.0,0.0,0.0,0,0
2017-2018,2018-02-03,Bournemouth,Stoke,2,1,H,0,1,A,15,13,8,4,14,19,8,1,2,3,0,0,1474.4211920947205,1423.9124314553571,50.508760639363345,1.5,1.9,1.3,0.7,2.0,0.8,0,0,0.5,0.5,0.0,0.0,0.0,0.0,0,0
2017-2018,2018-02-03,Leicester,Swansea,1,1,D,1,0,H,13,3,5,1,9,8,3,3,1,0,0,0,1505.2532139158395,1432.9472630191362,72.30595089670328,1.7,1.4,1.4,1.0,1.8,1.4,0,0,0.5,0.5,0.0,0.0,0.0,0.0,0,0
2017-2018,2018-02-03,West Brom,Southampton,2,3,A,1,2,A,9,13,3,5,12,10,5,7,2,1,0,0,1418.5686959090665,1437.161201555276,-18.592505646209474,0.7,1.3,0.7,1.0,1.8,0.6,0,0,0.5,0.5,0.0,0.0,0.0,0.0,0,0
2017-2018,2018-02-03,Man United,Huddersfield,2,0,H,0,0,D,16,4,7,0,5,19,5,2,2,4,0,0,1623.7557470496718,1366.3369963206364,257.4187507290353,1.4,0.9,1.8,1.0,1.8,0.9,0,1,0.5,0.5,0.0,0.0,0.0,0.0,0,0
2017-2018,2018-02-03,Brighton,West Ham,3,1,H,1,1,D,21,4,5,1,11,7,4,1,3,1,0,0,1377.9236335878718,1466.5725440600395,-88.6489104721677,0.4,1.5,0.7,1.8,1.1,1.7,1,0,0.5,0.5,0.0,0.0,0.0,0.0,0,0
2017-2018,2018-02-04,Crystal Palace,Newcastle,1,1,D,0,1,A,21,11,6,8,11,8,5,6,1,1,0,0,1456.1039264906578,1420.791109044565,35.31281744609282,1.5,1.3,1.6,0.9,1.3,0.9,0,1,0.5,0.5,0.0,0.0,0.0,0.0,0,0
2017-2018,2018-02-04,Liverpool,Tottenham,2,2,D,1,0,H,9,13,3,6,15,9,3,7,3,1,0,0,1621.8007170114638,1625.1740518695594,-3.3733348580956317,2.4,1.0,2.1,2.6,0.9,2.3,0,0,0.5,0.5,0.0,0.0,0.0,0.0,0,0
2017-2018,2018-02-05,Watford,Chelsea,4,1,H,1,0,H,21,7,8,3,11,8,6,2,2,2,0,1,1418.4231813079618,1624.868436357448,-206.44525504948615,0.8,1.8,0.5,1.7,0.7,1.8,0,0,0.5,0.5,0.0,0.0,0.0,0.0,0,0
2017-2018,2018-02-10,Everton,Crystal Palace,3,1,H,0,0,D,11,16,5,4,14,15,8,7,1,1,0,0,1486.5708642248749,1452.3949666801566,34.17589754471828,0.9,1.6,1.2,1.4,1.2,1.6,0,0,0.5,0.5,0.0,0.0,0.0,0.0,0,0
2017-2018,2018-02-10,Man City,Leicester,5,1,H,1,1,D,19,2,11,2,10,12,8,2,2,3,0,0,1686.7662674018256,1500.6640604419638,186.10220695986186,2.6,0.8,2.3,1.5,1.3,1.2,0,0,0.5,0.5,0.0,0.0,0.0,0.0,0,0
2017-2018,2018-02-10,Stoke,Brighton,1,1,D,0,1,A,15,14,3,6,6,10,7,4,0,0,0,0,1417.9923446409596,1387.5970391625135,30.395305478446062,0.7,1.7,0.8,0.7,1.4,1.0,0,1,0.5,0.5,0.0,0.0,0.0,0.0,0,0
2017-2018,2018-02-10,Swansea,Burnley,1,0,H,0,0,D,12,13,4,1,10,9,5,2,2,1,0,0,1437.536416493012,1468.3574889617548,-30.82107246874284,1.0,1.9,1.2,0.6,1.1,0.8,0,0,0.5,0.5,0.0,0.0,0.0,0.0,0,0
2017-2018,2018-02-10,Tottenham,Arsenal,1,0,H,0,0,D,18,6,6,1,13,9,10,2,2,1,0,0,1627.885637405649,1576.7005389042386,51.185098501410494,2.3,1.0,2.1,2.1,1.5,1.6,0,0,0.5,0.5,0.0,0.0,0.0,0.0,0,0
2017-2018,2018-02-10,West Ham,Watford,2,0,H,1,0,H,8,11,4,4,11,7,8,7,1,1,0,0,1456.8991384853978,1431.3945300211715,25.504608464226294,1.8,1.4,1.4,1.2,1.8,0.8,0,0,0.5,0.5,0.0,0.0,0.0,0.0,0,0
2017-2018,2018-02-11,Southampton,Liverpool,0,2,A,0,2,A,6,16,4,4,5,8,3,1,1,2,0,0,1449.4623393407614,1619.0891314753742,-169.62679213461274,1.2,1.9,0.8,2.5,1.1,2.1,0,0,0.5,0.5,0.0,0.0,0.0,0.0,0,0
2017-2018,2018-02-11,Huddersfield,Bournemouth,4,1,H,2,1,H,15,7,4,2,12,12,2,6,0,3,0,0,1364.0709966825268,1480.341278909118,-116.27028222659123,0.8,2.0,0.6,1.5,1.8,1.5,1,0,0.5,0.5,0.0,0.0,0.0,0.0,0,0
2017-2018,2018-02-11,Newcastle,Man United,1,0,H,0,0,D,10,13,3,6,12,15,0,10,0,2,0,0,1424.5000688550663,1626.0217466877814,-201.5216778327151,0.8,1.1,1.0,1.5,0.7,2.1,1,0,0.5,0.5,0.0,0.0,0.0,0.0,0,0
2017-2018,2018-02-12,Chelsea,West Brom,3,0,H,1,0,H,20,8,8,1,11,11,8,7,0,2,0,0,1611.8970876442384,1406.267558123581,205.62952952065734,1.8,1.0,1.8,0.9,1.5,0.7,0,0,0.5,0.5,0.0,0.0,0.0,0.0,0,0
2017-2018,2018-02-24,Bournemouth,Newcastle,2,2,D,0,2,A,18,15,5,4,12,10,8,1,1,4,0,0,1469.873324569636,1437.341679638851,32.53164493078498,1.6,2.1,1.5,0.9,1.0,1.3,0,1,0.5,0.5,0.0,0.0,0.0,0.0,0,0
2017-2018,2018-02-24,Brighton,Swansea,4,1,H,1,0,H,16,11,5,1,17,6,3,5,1,0,0,0,1391.1832960807078,1445.5711896256091,-54.38789354490132,0.8,1.3,1.1,1.1,1.5,1.5,1,0,0.5,0.5,0.0,0.0,0.0,0.0,0,0
2017-2018,2018-02-24,Burnley,Southampton,1,1,D,0,0,D,9,13,3,6,8,14,7,5,1,0,0,0,1460.3227158291577,1441.4399557929355,18.88276003622218,0.5,1.2,0.5,1.1,1.7,0.8,0,0,0.5,0.5,0.0,0.0,0.0,0.0,0,0
2017-2018,2018-02-24,Leicester,Stoke,1,1,D,0,1,A,19,6,9,2,10,16,13,1,1,3,0,0,1497.433592555611,1414.4060877227653,83.0275048328458,1.2,1.7,0.9,0.8,1.7,0.9,0,0,0.5,0.5,0.0,0.0,0.0,0.0,0,0
2017-2018,2018-02-24,Liverpool,West Ham,4,1,H,1,0,H,21,7,12,4,7,7,8,2,0,2,0,0,1627.1115150232001,1463.4361571253708,163.67535789782937,2.7,1.1,2.3,2.0,1.4,1.6,0,0,0.5,0.5,0.0,0.0,0.0,0.0,0,0
2017-2018,2018-02-24,Watford,Everton,1,0,H,0,0,D,13,7,5,2,10,9,6,5,3,1,0,0,1424.8575113811985,1492.8901602659207,-68.03264888472222,1.1,1.8,0.8,1.1,1.7,1.2,0,0,0.5,0.5,0.0,0.0,0.0,0.0,0,0
2017-2018,2018-02-24,West Brom,Huddersfield,1,2,A,0,0,D,10,16,3,7,11,9,6,3,1,1,0,0,1403.330110257049,1374.5389510220089,28.79115923504014,0.9,1.8,0.6,1.1,1.8,0.9,0,1,0.5,0.5,0.0,0.0,0.0,0.0,0,0
2017-2018,2018-02-25,Crystal Palace,Tottenham,0,1,A,0,0,D,5,14,3,4,12,5,2,13,0,1,0,0,1446.0756706391107,1633.7895108939285,-187.7138402548178,1.3,1.4,1.3,2.2,1.0,2.1,0,0,0.5,0.5,0.0,0.0,0.0,0.0,0,0
2017-2018,2018-02-25,Man United,Chelsea,2,1,H,1,1,D,10,14,5,7,13,12,3,4,2,2,0,0,1613.1801359039966,1614.8345355107704,-1.6543996067737226,1.4,0.8,1.8,1.8,0.9,1.8,0,0,0.5,0.5,0.0,0.0,0.0,0.0,0,0
2017-2018,2018-03-01,Arsenal,Man City,0,3,A,0,3,A,10,9,5,5,11,11,6,1,1,1,0,0,1570.796665415959,1689.9967352881783,-119.20006987221927,2.1,1.6,1.5,2.7,0.9,2.3,0,0,0.5,0.5,0.0,0.0,0.0,0.0,0,0
2017-2018,2018-03-03,Burnley,Everton,2,1,H,0,1,A,21,10,8,4,9,12,10,4,1,1,0,1,1457.028564186117,1483.8076669297823,-26.779102743665362,0.6,1.3,0.5,0.8,1.7,0.9,0,0,0.5,0.5,0.0,0.0,0.0,0.0,0,0
2017-2018,2018-03-03,Leicester,Bournemouth,1,1,D,0,1,A,23,8,4,3,11,7,13,1,2,1,0,0,1492.6043150489174,1466.2336056448726,26.370709404044874,1.3,1.5,1.0,1.8,1.9,1.6,0,0,0.5,0.5,0.0,0.0,0.0,0.0,0,0
2017-2018,2018-03-03,Liverpool,Newcastle,2,0,H,1,0,H,14,7,3,2,7,9,8,3,0,0,0,0,1630.7071189886685,1440.9813985636144,189.72572042505408,2.7,1.2,2.3,1.1,1.1,1.4,0,1,0.5,0.5,0.0,0.0,0.0,0.0,0,0
2017-2018,2018-03-03,Southampton,Stoke,0,0,D,0,0,D,18,12,6,3,8,13,15,4,0,1,0,0,1444.734107435976,1419.235365229459,25.498742206517136,1.2,1.7,0.9,0.9,1.5,1.0,0,0,0.5,0.5,0.0,0.0,0.0,0.0,0,0
2017-2018,2018-03-03,Swansea,West Ham,4,1,H,2,0,H,9,7,8,2,9,14,4,5,0,3,0,0,1436.8765210473196,1459.8405531599024,-22.9640321125828,1.1,1.6,1.5,1.8,1.8,1.3,0,0,0.5,0.5,0.0,0.0,0.0,0.0,0,0
2017-2018,2018-03-03,Tottenham,Huddersfield,2,0,H,1,0,H,15,3,7,3,6,8,8,1,1,1,0,0,1641.3172070564085,1388.0849086258338,253.2322984305747,2.2,0.6,2.4,0.9,1.8,0.9,0,1,0.5,0.5,0.0,0.0,0.0,0.0,0,0
2017-2018,2018-03-03,Watford,West Brom,1,0,H,0,0,D,15,9,4,2,11,12,4,6,2,0,0,0,1433.940004717337,1389.784152653224,44.15585206411288,1.1,1.4,1.1,0.9,1.8,0.6,0,0,0.5,0.5,0.0,0.0,0.0,0.0,0,0
2017-2018,2018-03-04,Brighton,Arsenal,2,1,H,2,1,H,13,15,6,7,13,12,6,11,3,3,0,0,1399.8779646589974,1561.3487259816316,-161.4707613226342,1.2,1.4,1.3,2.0,1.9,1.2,1,0,0.5,0.5,0.0,0.0,0.0,0.0,0,0
2017-2018,2018-03-04,Man City,Chelsea,1,0,H,0,0,D,13,3,3,0,8,9,5,2,2,1,0,0,1699.4446747225059,1607.5918964551822,91.85277826732363,2.6,0.8,2.3,1.8,1.1,1.5,0,0,0.5,0.5,0.0,0.0,0.0,0.0,0,0
2017-2018,2018-03-05,Crystal Palace,Man United,2,3,A,1,0,H,10,17,4,8,10,8,3,7,1,3,0,0,1438.5479744766308,1620.4227749595848,-181.87480048295402,1.0,1.5,1.0,1.4,0.8,1.8,0,0,0.5,0.5,0.0,0.0,0.0,0.0,0,0
2017-2018,2018-03-10,Everton,Brighton,2,0,H,0,0,D,13,10,3,4,10,14,10,3,0,1,0,1,1475.8844778101995,1411.6290023867407,64.25547542345885,0.9,1.9,0.8,1.3,1.5,1.3,0,1,0.5,0.5,0.0,0.0,0.0,0.0,0,0
2017-2018,2018-03-10,Chelsea,Crystal Palace,2,1,H,2,0,H,27,9,11,2,8,9,12,3,1,2,0,0,1602.613544156439,1430.861846247623,171.75169790881614,1.8,1.2,1.4,1.1,1.7,0.9,0,0,0.5,0.5,0.0,0.0,0.0,0.0,0,0
2017-2018,2018-03-10,Man United,Liverpool,2,1,H,2,0,H,5,14,2,2,10,16,1,13,2,1,0,0,1628.1089031885926,1633.881485835781,-5.772582647188301,1.5,0.8,2.0,2.6,0.9,2.5,0,0,0.5,0.5,0.0,0.0,0.0,0.0,0,0
2017-2018,2018-03-10,Newcastle,Southampton,3,0,H,2,0,H,7,6,5,2,10,10,2,6,0,2,0,0,1437.807031716502,1441.2712746730533,-3.4642429565512884,0.8,1.1,1.1,1.1,1.6,0.9,1,0,0.5,0.5,0.0,0.0,0.0,0.0,0,0
2017-2018,2018-03-10,Huddersfield,Swansea,0,0,D,0,0,D,30,0,4,0,9,9,12,0,2,3,0,1,1385.7700343657143,1444.694882990615,-58.92484862490073,0.8,1.9,0.8,1.4,1.6,1.7,1,0,0.5,0.5,0.0,0.0,0.0,0.0,0,0
2017-2018,2018-03-10,West Ham,Burnley,0,3,A,0,0,D,13,7,4,4,13,7,5,1,2,2,0,0,1452.0221912166069,1464.9517533056996,-12.92956208909277,1.7,1.9,1.3,0.8,1.1,0.8,0,0,0.5,0.5,0.0,0.0,0.0,0.0,0,0
2017-2018,2018-03-10,West Brom,Leicester,1,4,A,1,1,D,6,14,2,6,6,7,7,6,1,3,0,0,1383.7105229674219,1489.1194137403186,-105.40889077289671,0.8,1.6,0.6,1.2,1.4,1.0,0,0,0.5,0.5,0.0,0.0,0.0,0.0,0,0
2017-2018,2018-03-11,Arsenal,Watford,3,0,H,1,0,H,11,11,7,4,12,9,4,9,2,1,0,0,1549.5976882538882,1440.0136344031391,109.58405385074911,1.8,1.8,1.1,1.2,1.3,1.4,0,0,0.5,0.5,0.0,0.0,0.0,0.0,0,0
2017-2018,2018-03-11,Bournemouth,Tottenham,1,4,A,1,1,D,14,12,3,8,10,7,4,5,1,1,0,0,1469.7185069534714,1643.632081316528,-173.91357436305657,1.9,1.6,1.7,2.1,0.6,2.4,0,0,0.5,0.5,0.0,0.0,0.0,0.0,0,0
2017-2018,2018-03-12,Stoke,Man City,0,2,A,0,1,A,3,17,0,6,6,8,3,10,1,0,0,0,1422.6981979923817,1704.423027021249,-281.72482902886736,0.6,1.4,0.8,2.3,0.8,2.3,0,0,0.5,0.5,0.0,0.0,0.0,0.0,0,0
2017-2018,2018-03-17,Bournemouth,West Brom,2,1,H,0,0,D,17,11,5,6,6,9,3,2,1,2,0,0,1461.8143868579082,1373.8661907823332,87.94819607557497,1.7,1.7,1.6,0.9,2.0,0.5,0,0,0.5,0.5,0.0,0.0,0.0,0.0,0,0
2017-2018,2018-03-17,Huddersfield,Crystal Palace,0,2,A,0,1,A,6,17,2,6,11,12,4,7,3,2,0,0,1384.5932738474014,1427.4013180576326,-42.808044210231174,0.7,1.8,0.8,1.0,1.6,0.9,1,0,0.5,0.5,0.0,0.0,0.0,0.0,0,0
2017-2018,2018-03-17,Liverpool,Watford,5,0,H,2,0,H,13,4,10,1,5,4,6,1,1,0,0,0,1626.5289739358996,1435.4070840655424,191.1218898703571,2.2,1.1,2.2,1.0,1.5,1.1,0,0,0.5,0.5,0.0,0.0,0.0,0.0,0,0
2017-2018,2018-03-17,Stoke,Everton,1,2,A,0,0,D,9,17,4,9,13,12,1,9,1,1,1,0,1417.4986737861134,1481.48016896247,-63.9814951763567,0.5,1.5,0.7,1.1,1.9,1.0,0,0,0.5,0.5,0.0,0.0,0.0,0.0,0,0
2017-2018,2018-03-31,Man United,Swansea,2,0,H,2,0,H,11,3,5,2,5,13,3,3,0,0,0,0,1635.461415088474,1445.871643508928,189.5897715795461,1.5,0.7,2.2,1.4,1.1,1.8,0,0,0.5,0.5,0.0,0.0,0.0,0.0,0,0
2017-2018,2018-03-31,Crystal Palace,Liverpool,1,2,A,1,0,H,6,16,3,6,6,8,4,6,2,2,0,0,1439.0327259953804,1629.6819365118863,-190.64921051650595,1.2,1.6,1.1,2.5,1.0,2.2,0,0,0.5,0.5,0.0,0.0,0.0,0.0,0,0
2017-2018,2018-03-31,Everton,Man City,1,3,A,0,3,A,6,18,2,4,10,8,2,11,0,0,0,0,1492.5131668398094,1709.6225512275173,-217.1093843877079,1.2,1.8,1.3,2.4,0.8,2.3,0,0,0.5,0.5,0.0,0.0,0.0,0.0,0,0
2017-2018,2018-03-31,Brighton,Leicester,0,2,A,0,0,D,15,6,3,4,11,13,6,1,2,4,0,1,1406.0333112344701,1498.9637459254072,-92.93043469093709,1.3,1.5,1.3,1.5,1.3,1.3,1,0,0.5,0.5,0.0,0.0,0.0,0.0,0,0
2017-2018,2018-03-31,Newcastle,Huddersfield,1,0,H,0,0,D,18,4,3,0,9,10,3,3,1,4,0,0,1445.097870511135,1372.9618659096536,72.13600460148132,1.1,1.0,1.4,0.7,2.0,0.7,1,1,0.5,0.5,0.0,0.0,0.0,0.0,0,0
2017-2018,2018-03-31,Watford,Bournemouth,2,2,D,1,1,D,16,13,5,6,16,6,7,4,4,0,0,0,1432.2541214895557,1466.877255938999,-34.62313444944334,0.9,1.8,1.1,1.7,1.7,1.6,0,0,0.5,0.5,0.0,0.0,0.0,0.0,0,0
2017-2018,2018-03-31,West Ham,Southampton,3,0,H,3,0,H,13,9,5,0,9,16,5,9,0,3,0,0,1439.567282020836,1433.9804358784204,5.586846142415652,1.4,1.9,1.2,0.9,1.4,0.9,0,0,0.5,0.5,0.0,0.0,0.0,0.0,0,0
2017-2018,2018-03-31,West Brom,Burnley,1,2,A,0,1,A,8,11,3,4,12,9,1,6,1,3,0,0,1368.8033217012423,1477.4066625014705,-108.60334080022812,0.9,2.1,0.4,0.9,0.9,1.0,0,0,0.5,0.5,0.0,0.0,0.0,0.0,0,0
2017-2018,2018-04-01,Arsenal,Stoke,3,0,H,0,0,D,24,8,11,2,9,13,6,5,1,2,0,0,1554.204238591485,1406.465675908774,147.73856268271084,1.8,1.6,1.1,0.6,1.2,0.7,0,0,0.5,0.5,0.0,0.0,0.0,0.0,0,0
2017-2018,2018-04-01,Chelsea,Tottenham,1,3,A,1,1,D,14,12,4,7,4,11,5,5,0,1,0,0,1606.0740723464294,1651.5362014120913,-45.462129065661884,1.8,1.3,1.4,2.0,0.5,2.4,0,0,0.5,0.5,0.0,0.0,0.0,0.0,0,0
2017-2018,2018-04-07,Everton,Liverpool,0,0,D,0,0,D,6,10,1,3,12,7,3,2,0,0,0,0,1485.7617391612723,1637.130477219482,-151.3687380582096,1.3,1.9,1.3,2.5,1.0,2.2,0,0,0.5,0.5,0.0,0.0,0.0,0.0,0,0
2017-2018,2018-04-07,Bournemouth,Crystal Palace,2,2,D,0,0,D,20,13,5,6,8,9,11,3,2,2,0,0,1468.737054538306,1431.5841852877847,37.152869250521235,1.7,1.7,1.6,1.1,1.7,0.8,0,0,0.5,0.5,0.0,0.0,0.0,0.0,0,0
2017-2018,2018-04-07,Brighton,Huddersfield,1,1,D,1,1,D,13,14,4,5,13,7,5,3,1,0,1,0,1395.8298608660223,1367.5471572242823,28.28270364174,1.3,1.7,1.2,0.7,1.8,0.7,1,1,0.5,0.5,0.0,0.0,0.0,0.0,0,0
2017-2018,2018-04-07,Leicester,Newcastle,1,2,A,0,1,A,8,8,1,4,7,14,7,5,1,3,0,0,1509.167196293855,1450.5125791965063,58.65461709734882,1.6,1.1,1.6,1.2,1.0,1.6,0,1,0.5,0.5,0.0,0.0,0.0,0.0,0,0
2017-2018,2018-04-07,Man City,Man United,2,3,A,2,0,H,20,5,6,4,17,9,8,4,6,3,0,0,1716.3739789060544,1638.637872414261,77.73610649179341,2.7,0.9,2.5,1.7,0.7,2.4,0,0,0.5,0.5,0.0,0.0,0.0,0.0,0,0
2017-2018,2018-04-07,Watford,Burnley,1,2,A,0,0,D,14,7,5,4,18,12,11,1,2,2,0,0,1430.3943228902488,1487.1590890480377,-56.76476615778893,1.0,1.7,1.2,1.1,1.0,1.2,0,0,0.5,0.5,0.0,0.0,0.0,0.0,0,0
2017-2018,2018-04-07,West Brom,Swansea,1,1,D,0,0,D,15,7,3,1,15,5,5,1,3,2,0,0,1359.0508951546751,1442.695186183141,-83.64429102846589,0.9,2.1,0.4,1.2,1.2,1.5,0,0,0.5,0.5,0.0,0.0,0.0,0.0,0,0
2017-2018,2018-04-07,Stoke,Tottenham,1,2,A,0,0,D,10,15,4,4,19,8,6,3,4,3,0,0,1402.5915275109699,1663.09316044604,-260.5016329350701,0.6,1.4,0.7,2.1,0.6,2.4,0,0,0.5,0.5,0.0,0.0,0.0,0.0,0,0
2017-2018,2018-04-08,Arsenal,Southampton,3,2,H,2,1,H,13,15,7,8,11,7,8,6,2,1,1,1,1558.0783869892891,1426.929242453288,131.14914453600113,2.0,1.5,1.3,0.9,1.7,0.8,0,0,0.5,0.5,0.0,0.0,0.0,0.0,0,0
2017-2018,2018-04-08,Chelsea,West Ham,1,1,D,1,0,H,23,5,6,2,7,11,10,6,0,1,0,0,1594.5171133124807,1446.6184754459684,147.89863786651222,1.4,1.6,1.1,1.5,1.8,1.2,0,0,0.5,0.5,0.0,0.0,0.0,0.0,0,0
2017-2018,2018-04-14,Liverpool,Bournemouth,3,0,H,1,0,H,20,6,7,1,9,9,7,5,1,1,0,0,1635.6626461060387,1464.9825092601716,170.68013684586708,2.1,0.7,2.0,1.7,1.8,1.4,0,0,0.5,0.5,0.0,0.0,0.0,0.0,0,0
2017-2018,2018-04-14,Burnley,Leicester,2,1,H,2,0,H,8,15,3,6,9,10,4,8,2,1,0,0,1498.3971151864087,1494.8937402550762,3.5033749313324734,1.2,0.9,1.5,1.4,1.3,1.3,0,0,0.5,0.5,0.0,0.0,0.0,0.0,0,0
2017-2018,2018-04-14,Huddersfield,Watford,1,0,H,0,0,D,9,4,1,2,9,8,9,6,2,2,0,0,1371.0803137845485,1419.1562967518778,-48.07598296732931,0.7,1.5,0.8,0.9,1.7,1.1,1,0,0.5,0.5,0.0,0.0,0.0,0.0,0,0
2017-2018,2018-04-14,Tottenham,Man City,1,3,A,1,2,A,8,17,3,6,11,12,5,7,3,4,0,0,1668.7763504788209,1701.6623372140668,-32.88598673524598,2.2,0.6,2.6,2.6,1.1,2.2,0,0,0.5,0.5,0.0,0.0,0.0,0.0,0,0
2017-2018,2018-04-14,Southampton,Chelsea,2,3,A,1,0,H,10,17,7,5,13,14,4,7,5,3,0,0,1422.7480444928667,1588.3883841393783,-165.64033964651162,1.0,1.8,0.8,1.3,1.5,1.1,0,0,0.5,0.5,0.0,0.0,0.0,0.0,0,0
2017-2018,2018-04-14,Crystal Palace,Brighton,3,2,H,3,2,H,15,12,8,3,12,16,5,6,3,2,0,0,1435.3387305659191,1392.296704305756,43.042026260163084,1.2,1.9,0.6,1.2,1.6,1.2,0,1,0.5,0.5,0.0,0.0,0.0,0.0,0,0
2017-2018,2018-04-14,Swansea,Everton,1,1,D,0,1,A,17,12,7,3,10,11,6,3,1,1,0,0,1443.1655938894473,1487.2295702747156,-44.063976385268234,1.3,1.1,1.6,1.3,1.5,1.4,0,0,0.5,0.5,0.0,0.0,0.0,0.0,0,0
2017-2018,2018-04-15,Man United,West Brom,0,1,A,0,0,D,14,10,4,4,8,13,4,4,1,1,0,0,1653.3495141062485,1358.5804874483688,294.76902665787975,1.8,0.9,2.4,0.8,2.2,0.2,0,0,0.5,0.5,0.0,0.0,0.0,0.0,0,0
2017-2018,2018-04-15,Newcastle,Arsenal,2,1,H,1,1,D,8,15,4,3,11,9,2,5,1,0,0,0,1464.7860352352852,1562.2595849497104,-97.47354971442519,1.3,1.1,1.6,2.1,1.5,1.5,1,0,0.5,0.5,0.0,0.0,0.0,0.0,0,0
2017-2018,2018-04-16,West Ham,Stoke,1,1,D,0,0,D,18,11,6,7,15,21,10,1,2,3,0,0,1452.7472046190708,1396.908337478189,55.8388671408818,1.5,1.8,1.2,0.7,1.3,0.7,0,0,0.5,0.5,0.0,0.0,0.0,0.0,0,0
2017-2018,2018-04-17,Brighton,Tottenham,1,1,D,0,0,D,8,16,5,6,6,5,3,4,1,0,0,0,1386.1959243131705,1656.868327389458,-270.67240307628754,1.4,1.7,1.2,1.9,0.9,2.3,1,0,0.5,0.5,0.0,0.0,0.0,0.0,0,0
2017-2018,2018-04-18,Bournemouth,Man United,0,2,A,0,1,A,13,13,2,4,9,8,8,5,3,1,0,0,1461.5042929333654,1635.218084570583,-173.71379163721758,1.6,2.0,1.3,1.5,1.0,2.1,0,0,0.5,0.5,0.0,0.0,0.0,0.0,0,0
2017-2018,2018-04-19,Burnley,Chelsea,1,2,A,0,1,A,5,16,2,5,9,11,3,2,1,0,0,0,1505.5031576490965,1596.5212654780828,-91.01810782898633,1.4,0.9,1.8,1.6,1.7,1.3,0,0,0.5,0.5,0.0,0.0,0.0,0.0,0,0
2017-2018,2018-04-19,Leicester,Southampton,0,0,D,0,0,D,11,6,3,2,10,10,11,3,0,0,0,0,1487.7876977923884,1414.6151631541622,73.17253463822613,1.5,1.5,1.2,1.0,1.9,0.7,0,0,0.5,0.5,0.0,0.0,0.0,0.0,0,0
2017-2018,2018-04-21,Watford,Crystal Palace,0,0,D,0,0,D,14,6,4,1,17,13,4,3,3,5,0,0,1410.6397620566722,1441.4395105585047,-30.799748501832482,0.9,1.6,1.1,1.4,1.7,0.9,0,0,0.5,0.5,0.0,0.0,0.0,0.0,0,0
2017-2018,2018-04-21,West Brom,Liverpool,2,2,D,0,1,A,13,9,6,3,12,5,7,4,0,1,0,0,1376.7119169840344,1639.1408624328449,-262.4289454488105,0.8,2.1,0.4,2.4,0.6,2.3,0,0,0.5,0.5,0.0,0.0,0.0,0.0,0,0
2017-2018,2018-04-22,Stoke,Burnley,1,1,D,1,0,H,8,16,3,7,15,5,3,8,2,1,0,0,1401.11532152078,1495.2446955875853,-94.12937406680521,0.6,1.4,0.5,1.5,1.0,1.8,0,0,0.5,0.5,0.0,0.0,0.0,0.0,0,0
2017-2018,2018-04-22,Arsenal,West Ham,4,1,H,0,0,D,20,11,8,4,11,9,8,6,3,2,0,0,1552.3323007526044,1448.5402205764797,103.79208017612473,2.1,1.5,1.5,1.2,1.8,1.0,0,0,0.5,0.5,0.0,0.0,0.0,0.0,0,0
2017-2018,2018-04-22,Man City,Swansea,5,0,H,2,0,H,19,4,12,1,6,8,5,1,0,1,0,0,1713.5703603034297,1441.569393101973,272.00096720145666,2.6,0.8,2.5,1.3,1.1,1.6,0,0,0.5,0.5,0.0,0.0,0.0,0.0,0,0
2017-2018,2018-04-23,Everton,Newcastle,1,0,H,0,0,D,9,9,1,2,10,11,4,6,2,1,0,0,1488.82577106219,1474.7133194323912,14.11245162979867,1.3,1.5,1.4,1.4,1.1,1.8,0,1,0.5,0.5,0.0,0.0,0.0,0.0,0,0
2017-2018,2018-04-28,Burnley,Brighton,0,0,D,0,0,D,10,9,4,1,5,17,3,4,0,2,0,0,1495.4136497055727,1390.7478825146618,104.66576719091086,1.5,1.0,1.8,1.5,1.4,1.3,0,1,0.5,0.5,0.0,0.0,0.0,0.0,0,0
2017-2018,2018-04-28,Crystal Palace,Leicester,5,0,H,2,0,H,15,6,9,1,11,9,8,2,1,1,0,1,1443.4053274680332,1483.1788775130856,-39.77355004505239,1.3,1.6,0.9,1.3,1.5,1.0,0,0,0.5,0.5,0.0,0.0,0.0,0.0,0,0
2017-2018,2018-04-28,Huddersfield,Everton,0,2,A,0,1,A,9,7,2,5,9,8,4,3,1,0,0,0,1379.596848479754,1495.6545692182262,-116.0577207384722,0.8,1.3,1.1,1.2,1.4,1.4,1,0,0.5,0.5,0.0,0.0,0.0,0.0,0,0
2017-2018,2018-04-28,Liverpool,Stoke,0,0,D,0,0,D,20,5,2,1,7,14,9,2,1,2,0,0,1634.7790254564943,1400.9463674027927,233.8326580537016,2.3,0.8,2.1,0.7,1.5,0.5,0,0,0.5,0.5,0.0,0.0,0.0,0.0,0,0
2017-2018,2018-04-28,Newcastle,West Brom,0,1,A,0,1,A,17,9,2,2,8,13,5,1,1,3,0,0,1467.884521276355,1381.073753960385,86.81076731597,1.3,0.9,1.8,1.0,2.0,0.5,1,0,0.5,0.5,0.0,0.0,0.0,0.0,0,0
2017-2018,2018-04-28,Southampton,Bournemouth,2,1,H,1,1,D,14,14,6,7,12,11,5,8,5,1,0,0,1419.223983433465,1453.594674556847,-34.3706911233819,0.9,1.8,0.7,1.3,2.2,1.0,0,0,0.5,0.5,0.0,0.0,0.0,0.0,0,0
2017-2018,2018-04-28,Swansea,Chelsea,0,1,A,0,1,A,10,11,3,3,13,9,1,2,1,1,0,0,1439.466659371315,1606.779727539594,-167.31306816827896,1.2,1.6,1.3,1.4,1.8,1.3,0,0,0.5,0.5,0.0,0.0,0.0,0.0,0,0
2017-2018,2018-04-29,Man United,Arsenal,2,1,H,1,0,H,17,8,3,3,12,7,9,0,0,1,0,0,1643.1277029471014,1557.0581251397364,86.06957780736502,1.6,1.0,2.1,2.1,1.5,1.5,0,0,0.5,0.5,0.0,0.0,0.0,0.0,0,0
2017-2018,2018-04-29,West Ham,Man City,1,4,A,1,2,A,4,19,1,7,5,11,0,7,0,1,0,0,1443.8143961893477,1715.6730940340876,-271.85869784473994,1.2,2.1,0.9,2.8,0.7,2.5,0,0,0.5,0.5,0.0,0.0,0.0,0.0,0,0
2017-2018,2018-04-30,Tottenham,Watford,2,0,H,1,0,H,13,13,3,5,11,10,4,0,1,0,0,0,1652.3163691879668,1408.6739451471437,243.64242404082302,1.9,0.9,2.3,0.9,1.6,1.1,0,0,0.5,0.5,0.0,0.0,0.0,0.0,0,0
2017-2018,2018-05-04,Brighton,Man United,1,0,H,0,0,D,11,16,4,3,5,3,5,6,2,0,0,0,1396.0401857317825,1648.2315721179248,-252.1913863861423,1.4,1.3,1.3,1.8,0.9,2.4,1,0,0.5,0.5,0.0,0.0,0.0,0.0,0,0
2017-2018,2018-05-05,Bournemouth,Swansea,1,0,H,1,0,H,13,12,5,3,10,10,11,6,1,4,0,0,1445.4614867934056,1431.380202540592,14.081284252813475,1.2,2.3,0.7,0.9,1.6,1.0,0,0,0.5,0.5,0.0,0.0,0.0,0.0,0,0
2017-2018,2018-05-05,Everton,Southampton,1,1,D,0,0,D,9,11,3,5,14,12,3,4,2,4,0,1,1505.1927196668844,1427.3571711969064,77.835548469978,1.3,0.9,1.7,1.0,1.8,0.9,0,0,0.5,0.5,0.0,0.0,0.0,0.0,0,0
2017-2018,2018-05-05,Leicester,West Ham,0,2,A,0,1,A,13,13,2,3,8,9,8,3,1,2,0,0,1474.895177554418,1438.3933817759425,36.501795778475525,1.2,1.8,1.0,1.2,2.4,0.8,0,0,0.5,0.5,0.0,0.0,0.0,0.0,0,0
2017-2018,2018-05-05,Stoke,Crystal Palace,1,2,A,1,0,H,7,13,2,2,18,12,1,7,5,2,0,0,1408.3929145506684,1451.6890274267007,-43.29611287603234,0.6,1.3,0.6,1.7,1.5,1.1,0,0,0.5,0.5,0.0,0.0,0.0,0.0,0,0
2017-2018,2018-05-05,Watford,Newcastle,2,1,H,2,0,H,11,9,8,1,9,11,2,5,2,1,0,0,1406.2436530173597,1452.9721882491876,-46.72853523182789,0.5,1.7,0.8,1.2,0.9,1.7,0,1,0.5,0.5,0.0,0.0,0.0,0.0,0,0
2017-2018,2018-05-05,West Brom,Tottenham,1,0,H,0,0,D,9,18,1,5,13,12,5,9,4,1,0,0,1395.9860869875522,1654.7466613177507,-258.76057433019855,0.9,1.7,0.8,1.9,0.9,2.3,0,0,0.5,0.5,0.0,0.0,0.0,0.0,0,0
2017-2018,2018-05-06,Arsenal,Burnley,5,0,H,2,0,H,16,6,8,2,6,7,4,5,0,1,0,0,1551.954255968913,1490.121346488452,61.83290948046101,2.1,1.4,1.5,1.4,0.9,1.8,0,0,0.5,0.5,0.0,0.0,0.0,0.0,0,0
2017-2018,2018-05-06,Chelsea,Liverpool,1,0,H,1,0,H,12,10,4,5,12,9,3,1,3,2,0,0,1614.866184370317,1627.3324783086186,-12.46629393830176,1.5,1.5,1.6,2.1,0.6,2.1,0,0,0.5,0.5,0.0,0.0,0.0,0.0,0,0
2017-2018,2018-05-06,Man City,Huddersfield,0,0,D,0,0,D,15,5,2,3,9,4,10,1,0,3,0,0,1721.0941084474928,1370.058698031096,351.03541041639687,2.9,0.8,2.5,0.8,1.2,1.1,0,1,0.5,0.5,0.0,0.0,0.0,0.0,0,0
2017-2018,2018-05-08,Swansea,Southampton,0,1,A,0,0,D,11,13,3,8,7,15,7,6,2,1,0,0,1424.5505975063395,1432.0710393693828,-7.520441863043288,0.8,1.6,0.9,0.8,1.7,0.7,0,0,0.5,0.5,0.0,0.0,0.0,0.0,0,0
2017-2018,2018-05-09,Chelsea,Huddersfield,1,1,D,0,0,D,22,3,5,2,7,10,9,0,0,1,0,0,1622.3987489328317,1378.6712480009762,243.7275009318555,1.5,1.1,1.9,0.8,1.0,1.2,0,1,0.5,0.5,0.0,0.0,0.0,0.0,0,0
2017-2018,2018-05-09,Leicester,Arsenal,3,1,H,1,0,H,19,14,10,7,7,12,6,6,2,2,0,1,1461.1567413720372,1557.606320774234,-96.44957940219683,1.1,1.9,0.9,2.1,1.3,1.5,0,0,0.5,0.5,0.0,0.0,0.0,0.0,0,0
2017-2018,2018-05-09,Man City,Brighton,3,1,H,2,1,H,19,6,7,3,5,7,4,3,0,1,0,0,1712.4815584776125,1410.1603873731367,302.32117110447575,2.8,0.7,2.5,1.2,1.2,1.3,0,1,0.5,0.5,0.0,0.0,0.0,0.0,0,0
2017-2018,2018-05-09,Tottenham,Newcastle,1,0,H,0,0,D,11,14,7,3,10,8,6,4,2,3,0,0,1640.4707128577513,1444.4935607400841,195.97715211766717,1.7,0.8,2.2,1.2,1.0,1.6,0,1,0.5,0.5,0.0,0.0,0.0,0.0,0,0
2017-2018,2018-05-10,West Ham,Man United,0,0,D,0,0,D,9,16,2,6,12,12,1,6,1,1,0,0,1452.1318179583234,1634.1113704765705,-181.97955251824715,1.3,2.1,1.1,1.6,1.0,2.1,0,0,0.5,0.5,0.0,0.0,0.0,0.0,0,0
2017-2018,2018-05-13,Man United,Watford,1,0,H,1,0,H,7,7,1,3,6,11,6,5,4,0,0,0,1631.7946453222853,1414.7222805264632,217.07236479582207,1.6,0.9,2.2,0.7,1.6,1.1,0,0,0.5,0.5,0.0,0.0,0.0,0.0,0,0
2017-2018,2018-05-13,Burnley,Bournemouth,1,2,A,1,0,H,12,16,4,5,14,9,7,8,0,0,0,0,1484.469281683131,1452.2910918276582,32.17818985547274,1.4,1.3,1.8,1.2,1.9,1.0,0,0,0.5,0.5,0.0,0.0,0.0,0.0,0,0
2017-2018,2018-05-13,Crystal Palace,West Brom,2,0,H,0,0,D,11,7,5,1,10,11,4,2,2,3,0,0,1463.3067583731795,1410.2620354475516,53.044722925627866,1.8,1.3,1.4,1.0,1.4,1.1,0,0,0.5,0.5,0.0,0.0,0.0,0.0,0,0
2017-2018,2018-05-13,Liverpool,Brighton,4,0,H,2,0,H,22,2,11,1,3,6,7,3,0,0,0,0,1619.7999137461038,1408.3641706755293,211.43574307057452,1.9,0.7,1.8,1.2,1.4,1.2,0,1,0.5,0.5,0.0,0.0,0.0,0.0,0,0
2017-2018,2018-05-13,Huddersfield,Arsenal,0,1,A,0,1,A,18,9,3,4,11,7,7,4,1,0,0,0,1386.2420012647797,1547.7085065365688,-161.46650527178917,0.5,1.0,1.0,2.2,1.5,1.5,1,0,0.5,0.5,0.0,0.0,0.0,0.0,0,0
2017-2018,2018-05-13,Swansea,Stoke,1,2,A,1,2,A,26,8,11,5,12,9,6,0,1,2,0,0,1411.9499526878817,1396.7751836041896,15.174769083692127,0.7,1.7,0.6,0.6,1.4,0.5,0,0,0.5,0.5,0.0,0.0,0.0,0.0,0,0
2017-2018,2018-05-13,Southampton,Man City,0,1,A,0,0,D,8,13,3,2,8,10,1,12,3,1,0,0,1444.6716841878406,1714.2777751752199,-269.6060909873793,0.9,1.5,1.0,2.6,0.7,2.5,0,0,0.5,0.5,0.0,0.0,0.0,0.0,0,0
2017-2018,2018-05-13,Tottenham,Leicester,5,4,H,1,2,A,14,16,6,9,9,13,4,4,1,2,0,0,1643.5501534894095,1471.0545556097024,172.49559787970702,1.7,0.8,2.2,1.3,1.5,1.2,0,0,0.5,0.5,0.0,0.0,0.0,0.0,0,0
2017-2018,2018-05-13,West Ham,Everton,3,1,H,1,0,H,15,14,4,7,10,13,6,6,0,1,0,0,1454.4485431126086,1500.478851494408,-46.03030838179939,1.1,2.1,0.9,1.1,0.9,1.5,0,0,0.5,0.5,0.0,0.0,0.0,0.0,0,0
2017-2018,2018-05-13,Newcastle,Chelsea,3,0,H,1,0,H,16,6,6,2,11,10,4,2,0,1,0,0,1441.414120108426,1614.8279956690283,-173.41387556060226,1.1,1.1,1.3,1.3,1.2,1.7,1,0,0.5,0.5,0.0,0.0,0.0,0.0,0,0
2018-2019,2018-08-10,Man United,Leicester,2,1,H,1,0,H,8,13,6,4,11,8,2,5,2,1,0,0,1594.199581367275,1477.3243855077003,116.87519585957466,1.5,0.8,2.2,1.6,1.9,1.1,0,0,0.5,0.5,0.0,0.0,0.0,0.0,0,0
2018-2019,2018-08-11,Watford,Brighton,2,0,H,1,0,H,19,6,5,0,10,16,8,2,2,2,0,0,1438.3622667268487,1433.8566481858857,4.505618540963042,0.6,1.7,0.8,0.8,1.7,0.9,0,0,0.5,0.5,0.0,0.0,0.0,0.0,0,0
2018-2019,2018-08-11,Wolves,Everton,2,2,D,1,1,D,11,6,4,5,8,7,3,6,0,1,0,1,1404.3759147449794,1494.4138945746631,-90.03797982968376,1.3,1.3,1.1,1.2,1.1,1.5,1,0,0.5,0.5,0.0,0.0,0.0,0.0,0,0
2018-2019,2018-08-11,Bournemouth,Cardiff,2,0,H,1,0,H,12,10,4,1,11,9,7,4,1,1,0,0,1476.1453873572466,1404.3759147449794,71.76947261226724,1.2,1.8,1.2,1.3,1.3,1.1,0,1,0.5,0.5,0.0,0.0,0.0,0.0,0,0
2018-2019,2018-08-11,Fulham,Crystal Palace,0,2,A,0,1,A,15,10,6,9,9,11,5,5,1,2,0,0,1404.3759147449794,1478.4163301145045,-74.04041536952514,1.3,1.3,1.1,2.0,1.2,1.7,1,0,0.5,0.5,0.0,0.0,0.0,0.0,0,0
2018-2019,2018-08-11,Huddersfield,Chelsea,0,3,A,0,2,A,6,13,1,4,9,8,2,5,2,1,0,0,1414.5950441744822,1571.922109425381,-157.32706525089884,0.3,1.0,0.7,1.2,1.3,1.7,0,0,0.5,0.5,0.0,0.0,0.0,0.0,0,0
2018-2019,2018-08-11,Newcastle,Tottenham,1,2,A,1,2,A,15,15,2,5,11,12,3,5,2,2,0,0,1467.4473716188368,1602.898910861678,-135.45153924284114,1.2,0.9,1.5,2.1,1.2,2.2,0,0,0.5,0.5,0.0,0.0,0.0,0.0,0,0
2018-2019,2018-08-12,Arsenal,Man City,0,2,A,0,1,A,9,17,3,8,11,14,2,9,2,2,0,0,1539.1703112864618,1653.8251278243306,-114.65481653786878,2.3,1.2,1.8,2.4,0.7,2.5,0,0,0.5,0.5,0.0,0.0,0.0,0.0,0,0
2018-2019,2018-08-12,Liverpool,West Ham,4,0,H,2,0,H,18,5,8,2,14,9,5,4,1,2,0,0,1585.8582109092572,1474.0352816502484,111.82292925900879,1.9,0.6,1.8,1.3,1.8,1.2,0,0,0.5,0.5,0.0,0.0,0.0,0.0,0,0
2018-2019,2018-08-12,Southampton,Burnley,0,0,D,0,0,D,18,16,3,6,10,9,8,5,0,1,0,0,1457.4394937298116,1479.5868741003057,-22.147380370494147,0.8,1.5,0.9,1.4,1.4,1.7,0,0,0.5,0.5,0.0,0.0,0.0,0.0,0,0
2018-2019,2018-08-18,Chelsea,Arsenal,3,2,H,2,2,D,24,15,11,6,12,9,5,1,0,2,0,0,1580.2869164641706,1529.5918608426275,50.69505562154313,1.5,1.2,2.0,2.2,1.2,1.8,0,0,0.5,0.5,0.0,0.0,0.0,0.0,0,0
2018-2019,2018-08-18,Everton,Southampton,2,1,H,2,0,H,13,15,7,4,8,20,2,5,0,5,0,0,1494.700546012268,1455.2354807984696,39.465065213798425,1.3,1.1,1.6,0.8,1.5,0.9,0,0,0.5,0.5,0.0,0.0,0.0,0.0,0,0
2018-2019,2018-08-18,Cardiff,Newcastle,0,0,D,0,0,D,12,12,1,6,14,16,5,5,2,2,0,1,1398.952870442425,1458.46422234046,-59.51135189803517,0.0,2.0,0.0,1.3,0.9,1.5,1,0,0.5,0.5,0.0,0.0,0.0,0.0,0,0
2018-2019,2018-08-18,Tottenham,Fulham,3,1,H,1,0,H,25,10,11,3,9,5,5,2,0,0,0,0,1611.8820601400546,1393.6301251694424,218.25193497061218,2.1,1.3,2.2,0.0,2.0,0.0,0,1,0.5,0.5,0.0,0.0,0.0,0.0,0,0
2018-2019,2018-08-18,West Ham,Bournemouth,1,2,A,1,0,H,11,12,5,5,14,10,6,4,6,2,0,0,1469.4742672859352,1481.568431659801,-12.094164373865851,1.2,1.8,1.2,1.3,1.7,1.4,0,0,0.5,0.5,0.0,0.0,0.0,0.0,0,0
2018-2019,2018-08-18,Leicester,Wolves,2,0,H,2,0,H,6,11,2,3,10,8,1,9,2,1,1,0,1472.8649586745846,1404.0892633073745,68.77569536721012,1.6,2.0,1.0,2.0,2.0,1.0,0,1,0.5,0.5,0.0,0.0,0.0,0.0,0,0
2018-2019,2018-08-19,Brighton,Man United,3,2,H,3,1,H,6,9,3,3,16,13,3,5,1,1,0,0,1426.7770145691231,1598.6590082003906,-171.8819936312675,0.6,1.8,0.6,1.4,0.7,2.2,0,0,0.5,0.5,0.0,0.0,0.0,0.0,0,0
2018-2019,2018-08-19,Burnley,Watford,1,3,A,1,1,D,8,9,3,6,8,19,5,2,1,2,0,0,1481.7908870316478,1445.4419003436112,36.348986688036575,1.2,1.3,1.5,0.7,1.7,0.8,0,0,0.5,0.5,0.0,0.0,0.0,0.0,0,0
2018-2019,2018-08-19,Man City,Huddersfield,6,1,H,3,1,H,32,5,14,1,9,4,10,3,0,2,0,0,1663.403578268165,1406.2302371356925,257.1733411324724,2.5,0.7,2.5,0.3,1.1,0.7,0,0,0.5,0.5,0.0,0.0,0.0,0.0,0,0
2018-2019,2018-08-20,Crystal Palace,Liverpool,0,2,A,0,1,A,8,16,2,6,6,13,6,7,1,1,1,0,1489.1621196900414,1590.4192252735704,-101.25710558352898,2.0,0.9,2.0,2.1,0.6,1.8,0,0,0.5,0.5,0.0,0.0,0.0,0.0,0,0
2018-2019,2018-08-25,Arsenal,West Ham,3,1,H,1,1,D,17,13,10,5,16,13,10,2,1,3,0,0,1523.67624250878,1456.9967758559585,66.67946665282147,2.1,1.5,1.5,1.3,1.7,1.2,0,0,0.5,0.5,0.0,0.0,0.0,0.0,0,0
2018-2019,2018-08-25,Bournemouth,Everton,2,2,D,0,0,D,17,11,5,3,12,10,6,2,0,3,1,1,1494.0459230897777,1500.888975057875,-6.84305196809737,1.4,1.4,1.7,1.3,1.2,1.6,0,0,0.5,0.5,0.0,0.0,0.0,0.0,0,0
2018-2019,2018-08-25,Huddersfield,Cardiff,0,0,D,0,0,D,5,14,1,4,8,10,7,7,0,1,1,0,1403.9613974799618,1397.7927603759051,6.168637104056643,0.4,1.7,0.6,0.0,1.0,0.5,0,1,0.5,0.5,0.0,0.0,0.0,0.0,0,0
2018-2019,2018-08-25,Liverpool,Brighton,1,0,H,1,0,H,22,6,8,2,8,14,8,5,1,1,0,0,1600.3830430242538,1438.8169214976365,161.56612152661728,2.2,0.4,2.1,0.9,1.8,0.9,0,0,0.5,0.5,0.0,0.0,0.0,0.0,0,0
2018-2019,2018-08-25,Southampton,Leicester,1,2,A,0,0,D,11,8,5,5,13,11,10,3,1,1,1,0,1449.0470517528624,1478.3563879320109,-29.30933617914843,0.9,1.4,0.9,1.4,1.9,1.0,0,0,0.5,0.5,0.0,0.0,0.0,0.0,0,0
2018-2019,2018-08-25,Wolves,Man City,1,1,D,0,0,D,11,18,2,6,13,8,5,9,1,2,0,0,1398.5978340499482,1665.6724179238956,-267.0745838739474,1.0,2.0,0.5,2.9,0.8,2.5,1,0,0.5,0.5,0.0,0.0,0.0,0.0,0,0
2018-2019,2018-08-26,Newcastle,Chelsea,1,2,A,0,0,D,6,15,2,3,16,8,4,5,3,1,0,0,1459.6243324069799,1586.2025347980182,-126.5782023910383,1.0,0.9,1.3,1.6,1.3,2.0,0,0,0.5,0.5,0.0,0.0,0.0,0.0,0,0
2018-2019,2018-08-26,Watford,Crystal Palace,2,1,H,0,0,D,13,9,5,3,14,11,6,3,4,2,0,0,1459.1765523930046,1479.198301939358,-20.021749546353476,1.0,1.5,1.1,1.9,0.9,2.0,0,0,0.5,0.5,0.0,0.0,0.0,0.0,0,0
2018-2019,2018-08-26,Fulham,Burnley,4,2,H,3,2,H,25,12,12,2,11,8,6,4,2,1,0,0,1390.87013425218,1468.0562349822544,-77.18610073007449,0.5,2.5,0.0,1.0,1.6,1.2,1,0,0.5,0.5,0.0,0.0,0.0,0.0,0,0
2018-2019,2018-08-27,Man United,Tottenham,0,3,A,0,0,D,23,9,5,5,11,16,5,2,2,4,0,0,1586.6191012718773,1614.642051057317,-28.022949785439778,1.4,0.9,1.9,2.0,1.3,2.2,0,0,0.5,0.5,0.0,0.0,0.0,0.0,0,0
2018-2019,2018-09-01,Brighton,Fulham,2,2,D,0,1,A,15,10,5,5,12,14,7,1,3,3,0,0,1435.1853699626236,1400.2144395671487,34.97093039547485,0.9,1.7,0.9,1.6666666666666667,2.3333333333333335,1.0,0,1,0.5,0.5,0.0,0.0,0.0,0.0,0,0
2018-2019,2018-09-01,Chelsea,Bournemouth,2,0,H,0,0,D,24,8,6,1,10,7,7,6,2,2,0,0,1595.4390413748322,1491.4271092991528,104.0119320756794,1.7,1.1,2.3,1.4,1.5,1.5,0,0,0.5,0.5,0.0,0.0,0.0,0.0,0,0
2018-2019,2018-09-01,Crystal Palace,Southampton,0,2,A,0,0,D,20,19,6,6,11,12,7,4,1,1,0,0,1471.4604443829091,1437.0400300756173,34.42041430729182,1.8,1.1,1.7,1.0,1.3,0.9,0,0,0.5,0.5,0.0,0.0,0.0,0.0,0,0
2018-2019,2018-09-01,Everton,Huddersfield,1,1,D,1,1,D,11,9,1,6,13,14,4,3,3,3,0,0,1503.5077888485,1400.9973092553269,102.51047959317316,1.3,1.3,1.4,0.4,1.5,0.7,0,0,0.5,0.5,0.0,0.0,0.0,0.0,0,0
2018-2019,2018-09-01,Leicester,Liverpool,1,2,A,0,2,A,12,10,5,4,9,12,4,4,3,2,0,0,1490.363409609256,1604.0145945592667,-113.6511849500107,1.4,2.0,1.0,1.8,0.4,2.1,0,0,0.5,0.5,0.0,0.0,0.0,0.0,0,0
2018-2019,2018-09-01,Man City,Newcastle,2,1,H,1,1,D,24,3,8,2,5,13,4,0,0,0,0,0,1661.2029425024493,1450.3878258301659,210.81511667228347,2.7,0.8,2.3,1.0,1.1,1.0,0,0,0.5,0.5,0.0,0.0,0.0,0.0,0,0
2018-2019,2018-09-01,West Ham,Wolves,0,1,A,0,0,D,13,15,3,6,10,11,4,4,2,1,0,0,1451.4571460376005,1403.0673094713945,48.389836566205986,1.1,2.0,0.9,1.0,1.6666666666666667,0.6666666666666666,0,1,0.5,0.5,0.0,0.0,0.0,0.0,0,0
2018-2019,2018-09-02,Burnley,Man United,0,2,A,0,2,A,9,21,2,9,7,13,2,5,2,3,0,1,1458.7119296672856,1574.5765723902061,-115.86464272292051,1.0,1.9,0.9,1.2,1.2,1.6,0,0,0.5,0.5,0.0,0.0,0.0,0.0,0,0
2018-2019,2018-09-02,Cardiff,Arsenal,2,3,A,1,1,D,14,17,3,11,12,14,3,9,3,4,0,0,1400.75684860054,1529.215872327138,-128.45902372659793,0.0,0.6666666666666666,0.6666666666666666,2.1,1.6,1.5,1,0,0.5,0.5,0.0,0.0,0.0,0.0,0,0
2018-2019,2018-09-02,Watford,Tottenham,2,1,H,0,0,D,7,11,3,2,9,8,3,10,2,1,0,0,1466.9144099494536,1626.6845799389882,-159.77016998953468,1.2,1.1,1.4,2.0,1.2,2.2,0,0,0.5,0.5,0.0,0.0,0.0,0.0,0,0
2018-2019,2018-09-15,Bournemouth,Leicester,4,2,H,3,0,H,10,14,5,8,13,15,4,6,3,2,0,1,1486.7058510213592,1480.7561202277657,5.949730793593517,1.2,1.5,1.4,1.4,2.0,1.0,0,0,0.5,0.5,0.0,0.0,0.0,0.0,0,0
2018-2019,2018-09-15,Huddersfield,Crystal Palace,0,1,A,0,1,A,15,7,2,2,11,17,5,3,1,2,0,0,1406.2448066064424,1457.7736576885004,-51.528851082058054,0.5,1.5,0.8,1.7,1.1,1.7,0,0,0.5,0.5,0.0,0.0,0.0,0.0,0,0
2018-2019,2018-09-15,Newcastle,Arsenal,1,2,A,0,0,D,4,12,2,2,13,11,10,4,0,0,0,0,1447.524398446308,1538.398582835798,-90.87418438948998,0.9,1.2,0.7,2.1,1.6,1.5,0,0,0.5,0.5,0.0,0.0,0.0,0.0,0,0
2018-2019,2018-09-15,Chelsea,Cardiff,4,1,H,2,1,H,18,6,7,2,8,10,5,4,0,0,0,0,1600.1602996526258,1391.57413809188,208.58616156074572,1.8,1.0,2.5,0.5,1.25,0.5,0,1,0.5,0.5,0.0,0.0,0.0,0.0,0,0
2018-2019,2018-09-15,Watford,Man United,1,2,A,0,2,A,14,9,5,6,9,11,6,8,2,1,0,1,1478.6179611823004,1584.1202683587758,-105.50230717647537,1.2,1.0,1.6,1.1,1.0,1.6,0,0,0.5,0.5,0.0,0.0,0.0,0.0,0,0
2018-2019,2018-09-15,Tottenham,Liverpool,1,2,A,0,1,A,11,17,3,10,17,16,5,4,0,0,0,0,1614.9810287061414,1613.621883940757,1.3591447653843716,1.9,1.3,1.9,1.8,0.4,2.1,0,0,0.5,0.5,0.0,0.0,0.0,0.0,0,0
2018-2019,2018-09-15,Man City,Fulham,3,0,H,2,0,H,28,9,9,3,7,7,10,4,0,0,0,0,1664.0663698863073,1403.9149096509323,260.151460235375,2.7,0.6,2.6,1.75,2.25,1.0,0,1,0.5,0.5,0.0,0.0,0.0,0.0,0,0
2018-2019,2018-09-16,Everton,West Ham,1,3,A,1,2,A,16,9,4,4,15,12,4,2,2,5,0,0,1498.2602914973845,1437.4281947654852,60.832096731899355,1.3,1.1,1.5,1.0,2.0,0.8,0,0,0.5,0.5,0.0,0.0,0.0,0.0,0,0
2018-2019,2018-09-16,Wolves,Burnley,1,0,H,0,0,D,30,7,7,2,10,9,8,2,2,4,0,0,1417.09626074351,1449.168233698716,-32.07197295520609,1.0,1.25,1.25,0.8,2.0,0.6,1,0,0.5,0.5,0.0,0.0,0.0,0.0,0,0
2018-2019,2018-09-17,Southampton,Brighton,2,2,D,1,0,H,14,12,5,4,10,13,1,4,2,3,0,0,1450.726816770026,1431.48489987884,19.241916891186065,1.0,1.0,1.2,1.0,1.8,0.9,0,0,0.5,0.5,0.0,0.0,0.0,0.0,0,0
2018-2019,2018-09-22,Liverpool,Southampton,3,0,H,3,0,H,12,7,4,1,7,10,5,4,0,2,0,0,1626.4591938185672,1447.4234526545988,179.0357411639684,2.0,0.5,2.3,1.0,0.9,1.3,0,0,0.5,0.5,0.0,0.0,0.0,0.0,0,0
2018-2019,2018-09-22,Man United,Wolves,1,1,D,1,0,H,15,11,6,8,5,17,5,4,1,1,0,0,1593.9619124664994,1425.165671535562,168.7962409309373,1.3,1.0,1.9,1.0,1.0,1.6,0,1,0.5,0.5,0.0,0.0,0.0,0.0,0,0
2018-2019,2018-09-22,Brighton,Tottenham,1,2,A,0,1,A,8,16,4,7,15,9,5,7,2,1,0,0,1434.7882639942673,1602.1437188283312,-167.35545483406395,1.0,1.7,1.0,1.9,1.2,1.9,0,0,0.5,0.5,0.0,0.0,0.0,0.0,0,0
2018-2019,2018-09-22,Burnley,Bournemouth,4,0,H,2,0,H,12,19,5,5,17,6,3,8,2,0,0,0,1441.0988229066638,1493.7475109375994,-52.648688030935546,0.6,2.0,0.3,1.4,1.5,1.6,0,0,0.5,0.5,0.0,0.0,0.0,0.0,0,0
2018-2019,2018-09-22,Cardiff,Man City,0,5,A,0,3,A,2,21,2,10,6,4,1,9,1,1,0,0,1388.6790861742659,1666.3009540970008,-277.62186792273496,0.6,1.8,0.4,2.7,0.5,2.6,1,0,0.5,0.5,0.0,0.0,0.0,0.0,0,0
2018-2019,2018-09-22,Crystal Palace,Newcastle,0,0,D,0,0,D,16,6,4,3,8,11,9,5,1,1,0,0,1469.1597882238123,1437.261796747042,31.897991476770358,1.6,0.9,1.9,0.8,1.3,0.4,0,0,0.5,0.5,0.0,0.0,0.0,0.0,0,0
2018-2019,2018-09-22,Fulham,Watford,1,1,D,0,1,A,15,11,3,6,11,9,8,8,2,1,0,0,1401.6803254402387,1468.7763170745768,-67.09599163433813,1.4,2.4,0.8,1.2,1.0,1.6,1,0,0.5,0.5,0.0,0.0,0.0,0.0,0,0
2018-2019,2018-09-22,Leicester,Huddersfield,3,1,H,1,1,D,18,9,8,2,10,16,3,1,2,1,0,0,1473.7144603115255,1394.8586760711305,78.855784240395,1.5,2.2,1.0,0.4,1.5,0.7,0,0,0.5,0.5,0.0,0.0,0.0,0.0,0,0
2018-2019,2018-09-23,Arsenal,Everton,2,0,H,0,0,D,9,9,5,6,17,12,5,9,2,1,0,0,1548.661184535064,1483.9357456521018,64.72543888296218,2.2,1.5,1.8,1.4,1.4,1.4,0,0,0.5,0.5,0.0,0.0,0.0,0.0,0,0
2018-2019,2018-09-23,West Ham,Chelsea,0,0,D,0,0,D,6,17,1,6,11,9,1,8,2,1,0,0,1451.752740610768,1603.05535157024,-151.30261095947208,1.2,2.0,1.0,1.9,0.9,2.5,0,0,0.5,0.5,0.0,0.0,0.0,0.0,0,0
2018-2019,2018-09-29,Arsenal,Watford,2,0,H,0,0,D,9,13,2,4,11,17,6,6,2,2,0,0,1554.2459794379658,1469.7205492786336,84.52543015933225,2.0,1.4,1.8,1.3,1.0,1.7,0,0,0.5,0.5,0.0,0.0,0.0,0.0,0,0
2018-2019,2018-09-29,Chelsea,Liverpool,1,1,D,1,0,H,10,13,4,6,7,9,4,4,0,2,0,0,1601.5893827927612,1629.801367254973,-28.21198446221183,1.7,0.8,2.3,2.0,0.5,2.3,0,0,0.5,0.5,0.0,0.0,0.0,0.0,0,0
2018-2019,2018-09-29,Everton,Fulham,3,0,H,0,0,D,19,6,6,0,13,13,12,1,0,3,0,0,1478.3509507492,1400.736093236182,77.61485751301802,1.3,1.5,1.3,1.3333333333333333,2.1666666666666665,0.8333333333333334,0,1,0.5,0.5,0.0,0.0,0.0,0.0,0,0
2018-2019,2018-09-29,Huddersfield,Tottenham,0,2,A,0,2,A,9,10,5,6,17,16,3,0,2,2,0,0,1389.5953523436983,1610.2290003717849,-220.63364802808655,0.4,1.8,0.4,2.0,1.2,2.1,0,0,0.5,0.5,0.0,0.0,0.0,0.0,0,0
2018-2019,2018-09-29,Man City,Brighton,2,0,H,1,0,H,28,4,8,1,4,10,10,3,0,3,0,0,1671.5918709186665,1426.7029824508136,244.8888884678529,2.7,0.5,2.6,1.0,1.8,0.9,0,0,0.5,0.5,0.0,0.0,0.0,0.0,0,0
2018-2019,2018-09-29,Newcastle,Leicester,0,2,A,0,1,A,6,12,1,5,11,5,5,9,0,0,0,0,1440.885683257663,1478.9777840389577,-38.092100781294675,0.8,1.2,0.5,1.8,2.3,1.2,0,0,0.5,0.5,0.0,0.0,0.0,0.0,0,0
2018-2019,2018-09-29,West Ham,Man United,3,1,H,2,0,H,8,9,3,4,12,12,4,9,0,1,0,0,1453.2187093882467,1587.4713989726959,-134.25268958444917,1.1,1.6,1.1,1.2,1.1,1.7,0,0,0.5,0.5,0.0,0.0,0.0,0.0,0,0
2018-2019,2018-09-29,Wolves,Southampton,2,0,H,0,0,D,14,17,6,6,11,7,8,6,3,1,0,0,1431.6561850293656,1444.081279218193,-12.425094188827416,1.0,1.0,1.5,1.0,1.2,1.2,1,0,0.5,0.5,0.0,0.0,0.0,0.0,0,0
2018-2019,2018-09-30,Cardiff,Burnley,1,2,A,0,0,D,19,3,5,2,11,15,10,2,1,3,0,0,1383.3881693526002,1449.744318607394,-66.35614925479376,0.5,2.3333333333333335,0.3333333333333333,0.9,1.8,0.6,1,0,0.5,0.5,0.0,0.0,0.0,0.0,0,0
2018-2019,2018-10-01,Bournemouth,Crystal Palace,2,1,H,1,0,H,11,10,5,2,9,12,3,3,3,4,0,0,1485.1020152368692,1465.5359017131912,19.56611352367804,1.4,1.6,1.6,1.3,0.7,1.7,0,0,0.5,0.5,0.0,0.0,0.0,0.0,0,0
2018-2019,2018-10-05,Brighton,West Ham,1,0,H,1,0,H,9,17,4,4,12,8,2,9,3,2,0,0,1424.287967702761,1464.2013993760847,-39.91343167332366,1.0,2.0,0.8,1.3,1.3,1.4,0,0,0.5,0.5,0.0,0.0,0.0,0.0,0,0
2018-2019,2018-10-06,Burnley,Huddersfield,1,1,D,1,0,H,6,19,3,2,8,11,1,10,2,2,0,0,1460.7096510571832,1382.9343552199387,77.77529583724458,1.0,1.8,0.8,0.4,1.8,0.4,0,0,0.5,0.5,0.0,0.0,0.0,0.0,0,0
2018-2019,2018-10-06,Crystal Palace,Wolves,0,1,A,0,0,D,11,7,4,2,11,13,6,3,3,4,0,0,1458.8475761609568,1439.1876359961466,19.659940164810223,1.4,0.9,1.6,1.1428571428571428,0.8571428571428571,1.7142857142857142,0,1,0.5,0.5,0.0,0.0,0.0,0.0,0,0
2018-2019,2018-10-06,Leicester,Everton,1,2,A,1,1,D,8,17,2,8,10,11,2,10,2,1,1,0,1490.741015137985,1483.6420246034459,7.098990534539098,2.0,1.8,1.5,1.5,1.5,1.3,0,0,0.5,0.5,0.0,0.0,0.0,0.0,0,0
2018-2019,2018-10-06,Man United,Newcastle,3,2,H,0,2,A,18,13,10,8,16,8,10,6,2,2,0,0,1576.4887089848578,1429.1224521586357,147.36625682622207,1.1,1.3,1.4,0.8,1.3,0.5,0,0,0.5,0.5,0.0,0.0,0.0,0.0,0,0
2018-2019,2018-10-06,Tottenham,Cardiff,1,0,H,1,0,H,19,8,7,6,7,11,6,2,2,1,0,1,1616.8899974955445,1372.422836902811,244.46716059273353,2.0,1.2,2.1,0.5714285714285714,2.2857142857142856,0.2857142857142857,0,1,0.5,0.5,0.0,0.0,0.0,0.0,0,0
2018-2019,2018-10-06,Watford,Bournemouth,0,4,A,0,3,A,14,10,2,7,11,9,10,7,3,1,1,0,1464.5828166934332,1491.7903407891035,-27.20752409567035,1.3,1.2,1.6,1.6,1.5,1.9,0,0,0.5,0.5,0.0,0.0,0.0,0.0,0,0
2018-2019,2018-10-07,Fulham,Arsenal,1,5,A,1,1,D,21,9,4,7,11,12,4,2,2,0,0,0,1395.445019381936,1559.3837120231663,-163.93869264123032,1.1428571428571428,2.2857142857142856,0.7142857142857143,2.1,1.2,2.1,1,0,0.5,0.5,0.0,0.0,0.0,0.0,0,0
2018-2019,2018-10-07,Liverpool,Man City,0,0,D,0,0,D,7,6,2,2,10,10,2,6,1,3,0,0,1631.8386816906752,1674.006885666719,-42.16820397604374,1.9,0.4,2.3,2.5,0.4,2.6,0,0,0.5,0.5,0.0,0.0,0.0,0.0,0,0
2018-2019,2018-10-07,Southampton,Chelsea,0,3,A,0,1,A,15,21,6,6,13,11,4,12,6,0,0,0,1436.549828251412,1599.552068357059,-163.00224010564693,0.8,1.3,0.9,1.7,0.9,2.1,0,0,0.5,0.5,0.0,0.0,0.0,0.0,0,0
2018-2019,2018-10-20,Bournemouth,Southampton,0,0,D,0,0,D,10,8,2,4,10,14,6,4,1,2,0,0,1503.8553495472497,1428.343560715225,75.51178883202465,1.9,1.3,2.2,0.7,1.5,0.8,0,0,0.5,0.5,0.0,0.0,0.0,0.0,0,0
2018-2019,2018-10-20,Cardiff,Fulham,4,2,H,2,2,D,22,9,5,4,15,16,4,4,3,3,0,0,1370.0026625120881,1387.2648252324761,-17.262162720388005,0.5,2.125,0.25,1.125,2.625,0.625,1,1,0.5,0.5,0.0,0.0,0.0,0.0,0,0
2018-2019,2018-10-20,Chelsea,Man United,2,2,D,1,0,H,21,7,6,4,9,17,5,3,2,5,0,0,1607.7583358932459,1580.369556375203,27.38877951804284,1.9,0.9,2.1,1.4,1.4,1.7,0,0,0.5,0.5,0.0,0.0,0.0,0.0,0,0
2018-2019,2018-10-20,Huddersfield,Liverpool,0,1,A,0,1,A,13,11,1,2,9,6,2,4,0,2,0,0,1387.6468744230715,1630.1893532174754,-242.5424787944039,0.5,1.9,0.4,1.9,0.4,2.3,0,0,0.5,0.5,0.0,0.0,0.0,0.0,0,0
2018-2019,2018-10-20,Man City,Burnley,5,0,H,1,0,H,24,5,10,0,11,5,10,1,2,2,0,0,1675.6562141399188,1455.9971318540504,219.6590822858684,2.5,0.4,2.6,1.1,1.9,0.8,0,0,0.5,0.5,0.0,0.0,0.0,0.0,0,0
2018-2019,2018-10-20,Newcastle,Brighton,0,1,A,0,1,A,27,8,6,2,13,17,10,2,0,2,0,0,1425.2416047682905,1432.575575451392,-7.333970683101597,0.9,1.4,0.5,1.0,2.0,0.8,0,0,0.5,0.5,0.0,0.0,0.0,0.0,0,0
2018-2019,2018-10-20,West Ham,Tottenham,0,1,A,0,1,A,13,10,4,2,8,10,10,6,3,0,0,0,1455.9137916274537,1619.3101718862674,-163.39638025881368,1.1,1.4,1.1,2.1,1.1,2.4,0,0,0.5,0.5,0.0,0.0,0.0,0.0,0,0
2018-2019,2018-10-20,Wolves,Watford,0,2,A,0,2,A,10,9,1,3,23,13,8,2,3,1,0,0,1452.5017146025104,1452.517807935287,-0.01609333277656333,1.125,0.75,1.875,1.3,1.4,1.6,1,0,0.5,0.5,0.0,0.0,0.0,0.0,0,0
2018-2019,2018-10-21,Everton,Crystal Palace,2,0,H,0,0,D,20,7,4,3,13,17,10,5,2,1,0,0,1496.630518480473,1445.533497554593,51.09702092588009,1.5,1.6,1.3,0.9,1.0,1.3,0,0,0.5,0.5,0.0,0.0,0.0,0.0,0,0
2018-2019,2018-10-22,Arsenal,Leicester,3,1,H,1,1,D,19,8,6,2,10,10,6,4,2,2,0,0,1567.563906172626,1477.7525212609578,89.81138491166826,2.1,1.3,2.1,2.1,1.8,1.5,0,0,0.5,0.5,0.0,0.0,0.0,0.0,0,0
2018-2019,2018-10-27,Leicester,West Ham,1,1,D,0,1,A,21,11,7,3,17,5,8,0,1,1,0,1,1472.7300998933756,1447.718501119367,25.01159877400869,1.9,2.0,1.2,1.1,1.5,1.0,0,0,0.5,0.5,0.0,0.0,0.0,0.0,0,0
2018-2019,2018-10-27,Fulham,Bournemouth,0,3,A,0,1,A,11,12,1,5,16,3,5,5,2,1,1,0,1379.6021937009996,1499.1936664915693,-119.5914727905697,1.2222222222222223,2.7777777777777777,0.5555555555555556,1.8,1.3,2.0,1,0,0.5,0.5,0.0,0.0,0.0,0.0,0,0
2018-2019,2018-10-27,Brighton,Wolves,1,0,H,0,0,D,2,25,1,7,11,8,1,10,3,0,0,0,1445.1812236489457,1439.7008414664715,5.480382182474159,1.0,1.7,1.1,1.0,0.8888888888888888,1.6666666666666667,0,1,0.5,0.5,0.0,0.0,0.0,0.0,0,0
2018-2019,2018-10-27,Watford,Huddersfield,3,0,H,2,0,H,12,13,6,7,9,13,3,3,1,2,0,0,1465.318681071326,1381.5338955070845,83.78478556424147,1.3,1.3,1.6,0.4,1.9,0.3,0,0,0.5,0.5,0.0,0.0,0.0,0.0,0,0
2018-2019,2018-10-27,Southampton,Newcastle,0,0,D,0,0,D,22,6,4,0,9,12,7,2,0,1,0,0,1433.0052437709055,1412.6359565707369,20.36928720016863,0.6,1.5,0.6,0.9,1.4,0.5,0,0,0.5,0.5,0.0,0.0,0.0,0.0,0,0
2018-2019,2018-10-27,Liverpool,Cardiff,4,1,H,1,0,H,19,2,7,1,6,4,8,0,0,0,0,0,1636.3023321334624,1377.6652940435647,258.6370380898977,2.0,0.3,2.6,0.8888888888888888,2.111111111111111,0.5555555555555556,0,1,0.5,0.5,0.0,0.0,0.0,0.0,0,0
2018-2019,2018-10-28,Burnley,Chelsea,0,4,A,0,1,A,7,24,1,8,14,10,4,4,4,2,0,0,1453.2563557619505,1604.2477171489927,-150.99136138704216,1.1,1.9,0.8,2.0,1.0,2.1,0,0,0.5,0.5,0.0,0.0,0.0,0.0,0,0
2018-2019,2018-10-28,Crystal Palace,Arsenal,2,2,D,1,0,H,16,7,3,2,10,16,6,4,1,2,0,0,1439.6275141123735,1572.5863275402082,-132.95881342783468,0.7,1.1,1.0,2.3,1.1,2.4,0,0,0.5,0.5,0.0,0.0,0.0,0.0,0,0
2018-2019,2018-10-28,Man United,Everton,2,1,H,1,0,H,14,14,10,6,15,12,8,4,2,1,0,0,1583.8801751194562,1502.5365019226924,81.3436731967638,1.6,1.6,1.7,1.6,1.5,1.5,0,0,0.5,0.5,0.0,0.0,0.0,0.0,0,0
2018-2019,2018-10-29,Tottenham,Man City,0,1,A,0,1,A,4,13,1,6,13,13,3,6,2,2,0,0,1627.5054623943543,1678.3969902320187,-50.8915278376644,2.1,1.1,2.4,2.7,0.3,2.6,0,0,0.5,0.5,0.0,0.0,0.0,0.0,0,0
2018-2019,2018-11-03,Newcastle,Watford,1,0,H,0,0,D,10,16,2,1,12,11,8,9,1,5,0,0,1415.9681971274904,1470.4727081870865,-54.5045110595961,0.6,1.4,0.3,1.6,1.2,1.9,0,0,0.5,0.5,0.0,0.0,0.0,0.0,0,0
2018-2019,2018-11-03,West Ham,Burnley,4,2,H,1,1,D,22,6,10,3,7,9,10,4,1,4,0,0,1451.1689880825352,1444.7135574311521,6.45543065138304,0.9,1.5,0.8,1.0,2.1,0.8,0,0,0.5,0.5,0.0,0.0,0.0,0.0,0,0
2018-2019,2018-11-03,Arsenal,Liverpool,1,1,D,0,0,D,12,13,4,4,7,7,5,8,1,1,0,0,1571.640532006802,1638.5542789339163,-66.91374692711429,2.4,1.3,2.2,2.0,0.4,2.6,0,0,0.5,0.5,0.0,0.0,0.0,0.0,0,0
2018-2019,2018-11-03,Bournemouth,Man United,1,2,A,1,1,D,18,18,7,8,12,12,9,5,4,3,0,0,1508.6303754814362,1589.088146202419,-80.45777072098281,1.9,1.2,2.0,1.7,1.7,1.7,0,0,0.5,0.5,0.0,0.0,0.0,0.0,0,0
2018-2019,2018-11-03,Cardiff,Leicester,0,1,A,0,0,D,11,13,2,5,13,12,6,12,2,2,0,0,1375.4133472431108,1469.2796129302073,-93.86626568709653,0.9,2.3,0.5,1.6,1.6,1.3,1,0,0.5,0.5,0.0,0.0,0.0,0.0,0,0
2018-2019,2018-11-03,Everton,Brighton,3,1,H,1,1,D,14,5,3,3,9,17,6,4,0,1,0,0,1497.3285308397296,1452.2352151527436,45.09331568698599,1.6,1.4,1.5,1.1,1.3,1.4,0,0,0.5,0.5,0.0,0.0,0.0,0.0,0,0
2018-2019,2018-11-03,Wolves,Tottenham,2,3,A,0,2,A,16,10,7,8,11,8,5,1,1,2,0,0,1432.6468499626735,1616.1013452620075,-183.45449529933398,0.9,0.9,1.5,1.6,0.8,2.1,1,0,0.5,0.5,0.0,0.0,0.0,0.0,0,0
2018-2019,2018-11-04,Chelsea,Crystal Palace,3,1,H,1,0,H,15,7,6,2,6,13,4,2,0,1,0,0,1612.790515479791,1440.5733096457798,172.21720583401134,2.4,0.7,2.4,0.7,1.3,0.8,0,0,0.5,0.5,0.0,0.0,0.0,0.0,0,0
2018-2019,2018-11-04,Man City,Southampton,6,1,H,4,1,H,18,12,8,6,14,9,4,4,1,1,0,0,1689.8011073643654,1429.673003214152,260.1281041502134,2.7,0.3,2.6,0.6,1.4,0.7,0,0,0.5,0.5,0.0,0.0,0.0,0.0,0,0
2018-2019,2018-11-05,Huddersfield,Fulham,1,0,H,1,0,H,10,7,2,1,11,8,5,4,1,2,0,0,1376.379868391324,1370.1654847111326,6.214383680191304,0.4,2.1,0.3,1.1,2.8,0.5,0,1,0.5,0.5,0.0,0.0,0.0,0.0,0,0
2018-2019,2018-11-10,Cardiff,Brighton,2,1,H,1,1,D,20,7,6,3,7,21,4,1,2,1,0,1,1365.2368225172345,1446.1843839242895,-80.94756140705499,0.9,2.2,0.5,1.2,1.4,1.4,1,0,0.5,0.5,0.0,0.0,0.0,0.0,0,0
2018-2019,2018-11-10,Crystal Palace,Tottenham,0,1,A,0,0,D,11,11,4,2,12,9,10,6,1,1,0,0,1437.120443350744,1623.7444860595526,-186.6240427088087,0.6,1.6,0.5,1.7,0.9,2.1,0,0,0.5,0.5,0.0,0.0,0.0,0.0,0,0
2018-2019,2018-11-10,Huddersfield,West Ham,1,1,D,1,0,H,15,12,7,5,9,8,5,6,1,1,0,0,1383.4145792034665,1458.1973723521721,-74.78279314870565,0.5,1.8,0.6,1.3,1.3,1.1,0,0,0.5,0.5,0.0,0.0,0.0,0.0,0,0
2018-2019,2018-11-10,Leicester,Burnley,0,0,D,0,0,D,22,6,5,1,13,10,12,1,2,0,0,0,1479.4561376560837,1437.6851731615152,41.77096449456849,1.6,1.4,1.6,1.2,2.5,0.7,0,0,0.5,0.5,0.0,0.0,0.0,0.0,0,0
2018-2019,2018-11-10,Newcastle,Bournemouth,2,1,H,2,1,H,18,14,6,4,9,11,7,10,2,1,0,0,1424.6661651806598,1498.0684973275881,-73.4023321469283,0.6,1.2,0.6,1.8,1.4,1.7,0,0,0.5,0.5,0.0,0.0,0.0,0.0,0,0
2018-2019,2018-11-10,Southampton,Watford,1,1,D,1,0,H,14,12,4,6,13,13,7,6,3,2,0,0,1427.4381521206956,1461.774740133917,-34.336588013221444,0.7,2.0,0.6,1.4,1.3,1.6,0,0,0.5,0.5,0.0,0.0,0.0,0.0,0,0
2018-2019,2018-11-11,Arsenal,Wolves,1,1,D,0,1,A,10,12,3,5,9,16,11,2,2,2,0,0,1570.69110140323,1425.0037091651284,145.68739223810167,2.5,1.2,2.3,0.9,1.0,1.4,0,1,0.5,0.5,0.0,0.0,0.0,0.0,0,0
2018-2019,2018-11-11,Chelsea,Everton,0,0,D,0,0,D,15,6,4,1,7,11,5,5,4,3,0,0,1616.243381774827,1503.3793620681838,112.86401970664315,2.4,0.8,2.4,1.7,1.3,1.7,0,0,0.5,0.5,0.0,0.0,0.0,0.0,0,0
2018-2019,2018-11-11,Liverpool,Fulham,2,0,H,1,0,H,20,8,7,3,11,9,6,3,1,1,0,0,1639.5037095374882,1363.1307738989901,276.3729356384981,1.7,0.5,2.4,1.1,2.7,0.5,0,1,0.5,0.5,0.0,0.0,0.0,0.0,0,0
2018-2019,2018-11-11,Man City,Man United,3,1,H,1,0,H,17,6,5,1,12,12,5,1,1,1,0,0,1692.0359584578218,1599.650024356267,92.38593410155477,3.1,0.4,2.6,1.7,1.7,1.7,0,0,0.5,0.5,0.0,0.0,0.0,0.0,0,0
2018-2019,2018-11-24,Fulham,Southampton,3,2,H,2,1,H,10,19,5,8,10,6,2,5,2,3,0,0,1361.0749276041358,1425.5703925425566,-64.49546493842081,1.0,2.6,0.5,0.7,1.9,0.7,1,0,0.5,0.5,0.0,0.0,0.0,0.0,0,0
2018-2019,2018-11-24,Everton,Cardiff,1,0,H,0,0,D,16,7,8,1,12,13,7,3,0,3,0,0,1508.839413886043,1374.6889982702373,134.15041561580574,1.5,1.2,1.5,1.1,2.3,0.7,0,1,0.5,0.5,0.0,0.0,0.0,0.0,0,0
2018-2019,2018-11-24,Watford,Liverpool,0,3,A,0,0,D,5,10,1,7,12,13,5,5,0,0,0,1,1463.642499712056,1641.5595558323425,-177.9170561202866,1.2,1.3,1.4,1.7,0.5,2.4,0,0,0.5,0.5,0.0,0.0,0.0,0.0,0,0
2018-2019,2018-11-24,Brighton,Leicester,1,1,D,1,0,H,14,8,3,3,10,7,6,1,3,1,0,1,1436.7322081712866,1475.587983708221,-38.85577553693429,1.0,1.4,1.1,1.4,1.4,1.4,0,0,0.5,0.5,0.0,0.0,0.0,0.0,0,0
2018-2019,2018-11-24,Tottenham,Chelsea,3,1,H,2,0,H,18,13,9,2,19,12,4,4,0,3,0,0,1631.3016546411873,1610.7833299569677,20.51832468421958,1.5,0.8,2.1,2.1,0.6,2.2,0,0,0.5,0.5,0.0,0.0,0.0,0.0,0,0
2018-2019,2018-11-24,West Ham,Man City,0,4,A,0,3,A,9,9,1,6,6,3,8,1,0,0,0,0,1458.9219100690034,1697.0028437994076,-238.08093373040424,1.3,1.2,1.2,2.8,0.4,2.6,0,0,0.5,0.5,0.0,0.0,0.0,0.0,0,0
2018-2019,2018-11-24,Man United,Crystal Palace,0,0,D,0,0,D,12,13,5,2,13,12,10,3,1,2,0,0,1594.6831390146813,1429.5632747691093,165.119864245572,1.6,1.7,1.7,0.6,1.5,0.5,0,0,0.5,0.5,0.0,0.0,0.0,0.0,0,0
2018-2019,2018-11-25,Bournemouth,Arsenal,1,2,A,1,1,D,11,20,5,4,6,9,5,8,2,1,0,0,1488.832547743539,1564.6022662532148,-75.76971850967584,1.7,1.5,1.4,2.4,1.0,2.4,0,0,0.5,0.5,0.0,0.0,0.0,0.0,0,0
2018-2019,2018-11-25,Wolves,Huddersfield,0,2,A,0,1,A,12,14,3,6,9,8,3,5,1,2,0,0,1431.0925443151436,1382.6900414866352,48.40250282850843,1.0,0.9,1.5,0.5,1.3,0.7,1,0,0.5,0.5,0.0,0.0,0.0,0.0,0,0
2018-2019,2018-11-26,Burnley,Newcastle,1,2,A,1,2,A,14,17,4,3,6,11,5,5,0,1,0,0,1441.553327109378,1433.902114764709,7.65121234466892,1.1,2.2,0.8,0.8,1.3,0.8,0,0,0.5,0.5,0.0,0.0,0.0,0.0,0,0
2018-2019,2018-11-30,Cardiff,Wolves,2,1,H,0,1,A,17,15,3,4,3,12,7,6,1,2,0,0,1370.5646485454968,1417.0632876608968,-46.49863911540001,1.1,2.4,0.6,0.9,1.0,1.4,1,1,0.5,0.5,0.0,0.0,0.0,0.0,0,0
2018-2019,2018-12-01,Leicester,Watford,2,0,H,2,0,H,7,8,3,0,7,6,4,8,2,1,0,1,1477.329909622894,1455.8482771106185,21.48163251227561,1.3,1.4,1.2,1.0,1.5,1.1,0,0,0.5,0.5,0.0,0.0,0.0,0.0,0,0
2018-2019,2018-12-01,Crystal Palace,Burnley,2,0,H,1,0,H,29,4,9,0,9,10,10,2,1,1,0,0,1435.9921287447432,1428.5503654234735,7.441763321269718,0.5,1.3,0.6,1.0,2.0,0.8,0,0,0.5,0.5,0.0,0.0,0.0,0.0,0,0
2018-2019,2018-12-01,Huddersfield,Brighton,1,2,A,1,1,D,7,14,2,6,10,12,2,6,0,2,1,0,1396.719298140882,1434.9902822566135,-38.27098411573138,0.7,1.3,0.9,1.1,1.4,1.2,0,0,0.5,0.5,0.0,0.0,0.0,0.0,0,0
2018-2019,2018-12-01,Newcastle,West Ham,0,3,A,0,1,A,16,7,4,4,10,10,7,3,3,3,0,0,1446.9050764506135,1452.6993786811838,-5.794302230570338,0.9,1.2,1.1,1.2,1.3,1.2,0,0,0.5,0.5,0.0,0.0,0.0,0.0,0,0
2018-2019,2018-12-01,Southampton,Man United,2,2,D,2,2,D,16,11,6,5,12,13,3,5,4,4,0,0,1416.588752811216,1588.2542850390473,-171.66553222783136,0.8,2.0,0.7,1.6,1.4,1.8,0,0,0.5,0.5,0.0,0.0,0.0,0.0,0,0
2018-2019,2018-12-01,Man City,Bournemouth,3,1,H,1,1,D,16,4,6,1,9,3,8,4,0,0,0,0,1703.2253751872272,1478.1362726441164,225.0891025431108,3.1,0.3,2.8,1.6,1.5,1.3,0,0,0.5,0.5,0.0,0.0,0.0,0.0,0,0
2018-2019,2018-12-02,Arsenal,Tottenham,4,2,H,1,2,A,22,11,7,6,15,17,8,5,3,3,0,1,1575.2985413526374,1637.9656013006695,-62.66705994803215,2.3,1.0,2.4,1.5,0.9,2.1,0,0,0.5,0.5,0.0,0.0,0.0,0.0,0,0
2018-2019,2018-12-02,Chelsea,Fulham,2,0,H,1,0,H,16,9,9,4,8,17,4,6,2,1,0,0,1604.1193832974855,1370.0565673354765,234.06281596200893,2.0,0.8,1.9,0.9,2.6,0.5,0,1,0.5,0.5,0.0,0.0,0.0,0.0,0,0
2018-2019,2018-12-02,Liverpool,Everton,1,0,H,0,0,D,16,9,3,3,12,7,8,1,3,2,0,0,1649.35377843378,1512.9637636107836,136.39001482299636,1.9,0.5,2.4,1.4,1.0,1.7,0,0,0.5,0.5,0.0,0.0,0.0,0.0,0,0
2018-2019,2018-12-04,Brighton,Crystal Palace,3,1,H,3,0,H,9,18,3,5,14,12,4,5,2,3,1,0,1446.7485242984349,1442.994652848501,3.7538714499339676,1.1,1.3,1.4,0.7,1.1,0.9,0,0,0.5,0.5,0.0,0.0,0.0,0.0,0,0
2018-2019,2018-12-04,Bournemouth,Huddersfield,2,1,H,2,1,H,6,23,2,6,14,11,4,8,4,2,0,0,1475.468591529087,1384.9610560990607,90.50753543002634,1.7,1.6,1.3,0.7,1.4,0.8,0,0,0.5,0.5,0.0,0.0,0.0,0.0,0,0
2018-2019,2018-12-04,West Ham,Cardiff,3,1,H,0,0,D,17,9,11,5,10,10,10,4,1,2,0,0,1465.3462854490813,1379.0368129180831,86.30947253099816,1.5,1.2,1.5,1.1,2.2,0.9,0,1,0.5,0.5,0.0,0.0,0.0,0.0,0,0
2018-2019,2018-12-04,Watford,Man City,1,2,A,0,1,A,11,15,7,7,4,8,3,11,0,1,0,0,1449.208948123948,1705.8930563022566,-256.68410817830863,0.8,1.6,0.8,3.2,0.3,2.8,0,0,0.5,0.5,0.0,0.0,0.0,0.0,0,0
2018-2019,2018-12-05,Burnley,Liverpool,1,3,A,0,0,D,10,18,6,12,10,3,5,9,1,0,0,0,1421.5478413197159,1653.4360811366073,-231.88823981689143,1.0,2.0,0.8,1.8,0.4,2.4,0,0,0.5,0.5,0.0,0.0,0.0,0.0,0,0
2018-2019,2018-12-05,Everton,Newcastle,1,1,D,1,1,D,19,8,3,5,7,18,14,2,0,5,0,0,1508.8814609079564,1434.258169682716,74.62329122524034,1.3,1.0,1.6,0.8,1.3,1.1,0,0,0.5,0.5,0.0,0.0,0.0,0.0,0,0
2018-2019,2018-12-05,Fulham,Leicester,1,1,D,1,0,H,25,13,7,5,12,7,10,8,0,0,0,0,1367.5060641618988,1483.9692386095646,-116.46317444766578,0.7,2.6,0.4,1.4,1.2,1.5,1,0,0.5,0.5,0.0,0.0,0.0,0.0,0,0
2018-2019,2018-12-05,Man United,Arsenal,2,2,D,1,1,D,10,9,7,4,13,10,4,4,3,3,0,0,1586.2203498738884,1584.2281294931304,1.992220380757999,1.6,1.6,1.6,2.4,1.0,2.4,0,0,0.5,0.5,0.0,0.0,0.0,0.0,0,0
2018-2019,2018-12-05,Tottenham,Southampton,3,1,H,1,0,H,13,18,8,5,7,5,8,6,0,0,0,0,1629.0360131601765,1418.622687976375,210.4133251838016,1.6,1.1,2.1,0.8,2.2,0.5,0,0,0.5,0.5,0.0,0.0,0.0,0.0,0,0
2018-2019,2018-12-05,Wolves,Chelsea,2,1,H,0,1,A,6,17,2,3,18,10,1,5,4,4,0,0,1408.5911232883104,1606.6698864710631,-198.0787631827527,0.9,1.2,1.1,2.0,0.8,1.9,1,0,0.5,0.5,0.0,0.0,0.0,0.0,0,0
2018-2019,2018-12-08,Cardiff,Southampton,1,0,H,0,0,D,13,12,4,1,9,10,7,7,2,2,0,0,1373.9381914901078,1415.7535812906274,-41.8153898005196,1.1,2.1,0.9,0.7,2.3,0.4,1,0,0.5,0.5,0.0,0.0,0.0,0.0,0,0
2018-2019,2018-12-08,Bournemouth,Liverpool,0,4,A,0,1,A,8,10,2,4,9,11,6,6,2,1,0,0,1480.475955492801,1659.8124384439614,-179.3364829511604,1.5,1.5,1.3,1.9,0.4,2.4,0,0,0.5,0.5,0.0,0.0,0.0,0.0,0,0
2018-2019,2018-12-08,Burnley,Brighton,1,0,H,1,0,H,14,14,4,1,11,11,2,7,2,0,0,0,1415.1714840123618,1453.8479620968194,-38.676478084457585,1.1,2.2,0.8,1.2,1.2,1.6,0,0,0.5,0.5,0.0,0.0,0.0,0.0,0,0
2018-2019,2018-12-08,Arsenal,Huddersfield,1,0,H,0,0,D,14,6,2,0,13,20,7,1,5,4,0,0,1587.0821851949881,1379.9536921353467,207.12849305964141,2.4,1.1,2.2,0.8,1.5,0.8,0,0,0.5,0.5,0.0,0.0,0.0,0.0,0,0
2018-2019,2018-12-08,Chelsea,Man City,2,0,H,1,0,H,8,14,5,4,12,11,1,13,2,0,0,0,1593.9196232925988,1711.6660705197637,-117.74644722716494,1.7,0.9,1.6,3.1,0.4,2.8,0,0,0.5,0.5,0.0,0.0,0.0,0.0,0,0
2018-2019,2018-12-08,Leicester,Tottenham,0,2,A,0,1,A,11,7,3,2,12,7,6,5,3,1,0,0,1483.4957446877481,1631.905119845924,-148.40937515817586,1.3,0.9,1.6,1.8,1.0,2.4,0,0,0.5,0.5,0.0,0.0,0.0,0.0,0,0
2018-2019,2018-12-08,West Ham,Crystal Palace,3,2,H,0,1,A,13,8,6,4,10,8,5,3,1,2,0,0,1470.4449068770566,1435.8952150501163,34.54969182694026,1.5,1.2,1.5,0.7,1.4,0.6,0,0,0.5,0.5,0.0,0.0,0.0,0.0,0,0
2018-2019,2018-12-08,Man United,Fulham,4,1,H,3,0,H,20,10,11,4,11,15,10,3,1,1,0,1,1583.3662941720306,1367.9795580837153,215.38673608831527,1.6,1.7,1.4,0.8,2.4,0.5,0,1,0.5,0.5,0.0,0.0,0.0,0.0,0,0
2018-2019,2018-12-09,Newcastle,Wolves,1,2,A,1,1,D,12,13,4,6,10,17,4,6,2,5,1,0,1438.8998132216711,1421.3413864667748,17.558426754896345,0.8,1.2,1.2,1.0,1.3,1.1,0,1,0.5,0.5,0.0,0.0,0.0,0.0,0,0
2018-2019,2018-12-10,Everton,Watford,2,2,D,1,0,H,12,15,5,3,13,13,6,6,1,1,0,0,1504.2398173690012,1443.4359339064408,60.80388346256041,1.3,0.8,1.7,0.8,1.6,0.8,0,0,0.5,0.5,0.0,0.0,0.0,0.0,0,0
2018-2019,2018-12-15,Crystal Palace,Leicester,1,0,H,1,0,H,8,12,1,2,10,8,4,4,2,1,0,0,1429.585216449198,1474.8801313499544,-45.29491490075634,0.9,1.7,0.5,1.0,1.0,1.3,0,0,0.5,0.5,0.0,0.0,0.0,0.0,0,0
2018-2019,2018-12-15,Fulham,West Ham,0,2,A,0,2,A,16,6,4,3,14,10,6,4,2,1,0,0,1365.1800926795293,1476.7549054779747,-111.57481279844546,0.8,2.7,0.4,1.8,1.4,1.7,1,0,0.5,0.5,0.0,0.0,0.0,0.0,0,0
2018-2019,2018-12-15,Huddersfield,Newcastle,0,1,A,0,0,D,15,8,5,5,5,13,10,1,1,1,0,0,1377.037802193076,1425.639685229058,-48.60188303598193,0.7,1.3,0.8,0.9,1.4,1.1,0,0,0.5,0.5,0.0,0.0,0.0,0.0,0,0
2018-2019,2018-12-15,Man City,Everton,3,1,H,1,0,H,13,9,5,2,7,9,6,2,1,2,0,0,1701.155730458013,1499.9159317242181,201.23979873379494,2.6,0.6,2.5,1.5,0.8,1.8,0,0,0.5,0.5,0.0,0.0,0.0,0.0,0,0
2018-2019,2018-12-15,Tottenham,Burnley,1,0,H,0,0,D,15,4,3,0,7,8,8,3,0,2,0,0,1640.5207331837178,1423.424554540659,217.0961786430587,1.8,0.9,2.4,0.8,2.2,0.8,0,0,0.5,0.5,0.0,0.0,0.0,0.0,0,0
2018-2019,2018-12-15,Watford,Cardiff,3,2,H,1,0,H,17,10,8,3,7,5,5,0,0,0,0,0,1447.759819551224,1382.2789861059507,65.48083344527322,0.9,1.7,0.8,1.2,1.6,1.2,0,1,0.5,0.5,0.0,0.0,0.0,0.0,0,0
2018-2019,2018-12-15,Wolves,Bournemouth,2,0,H,1,0,H,9,13,3,3,15,7,5,3,1,2,0,0,1434.601514459388,1472.7205643189404,-38.11904985955243,1.1,1.3,1.3,1.5,1.5,1.3,1,0,0.5,0.5,0.0,0.0,0.0,0.0,0,0
2018-2019,2018-12-16,Brighton,Chelsea,1,2,A,0,2,A,6,10,2,3,14,6,4,1,2,2,0,0,1445.5948915685221,1604.4299633543494,-158.83507178582727,1.1,1.1,1.6,1.9,0.9,1.8,0,0,0.5,0.5,0.0,0.0,0.0,0.0,0,0
2018-2019,2018-12-16,Liverpool,Man United,3,1,H,1,1,D,36,6,11,2,6,14,13,2,0,2,0,0,1667.5678296178219,1586.1657595762167,81.40207004160516,2.0,0.4,2.4,1.9,1.7,1.6,0,0,0.5,0.5,0.0,0.0,0.0,0.0,0,0
2018-2019,2018-12-16,Southampton,Arsenal,3,2,H,2,1,H,12,13,7,4,12,10,4,5,3,1,0,0,1407.4127866747845,1589.9980751372589,-182.5852884624744,0.7,2.1,0.4,2.3,1.1,2.2,0,0,0.5,0.5,0.0,0.0,0.0,0.0,0,0
2018-2019,2018-12-21,Wolves,Liverpool,0,2,A,0,1,A,11,15,5,6,7,3,1,10,0,0,0,0,1442.8390349124154,1672.7745059791253,-229.93547106670985,1.1,1.3,1.3,2.2,0.4,2.6,1,0,0.5,0.5,0.0,0.0,0.0,0.0,0,0
2018-2019,2018-12-22,Bournemouth,Brighton,2,0,H,1,0,H,14,10,3,5,8,18,6,5,2,0,0,1,1464.483043865913,1437.272297663235,27.210746202678138,1.3,1.6,1.0,1.2,1.1,1.6,0,0,0.5,0.5,0.0,0.0,0.0,0.0,0,0
2018-2019,2018-12-22,Cardiff,Man United,1,5,A,1,3,A,9,17,3,9,13,13,4,7,2,1,0,0,1376.7116779982584,1580.9590832149133,-204.2474052166549,1.3,1.7,1.2,1.9,1.7,1.6,1,0,0.5,0.5,0.0,0.0,0.0,0.0,0,0
2018-2019,2018-12-22,Arsenal,Burnley,3,1,H,1,0,H,10,7,6,2,10,14,1,3,2,5,0,0,1577.664857925238,1420.6486970647534,157.01616086048466,2.3,1.4,1.9,0.6,2.2,0.5,0,0,0.5,0.5,0.0,0.0,0.0,0.0,0,0
2018-2019,2018-12-22,Chelsea,Leicester,0,1,A,0,0,D,17,8,5,3,10,9,9,5,0,2,0,0,1612.7525572596367,1466.4417861738398,146.3107710857969,2.0,0.9,2.0,0.8,1.1,1.0,0,0,0.5,0.5,0.0,0.0,0.0,0.0,0,0
2018-2019,2018-12-22,Huddersfield,Southampton,1,3,A,0,2,A,16,13,5,6,12,9,8,2,2,3,0,0,1365.5691437155588,1419.7460038868053,-54.17686017124652,0.7,1.2,0.8,1.0,2.1,0.7,0,0,0.5,0.5,0.0,0.0,0.0,0.0,0,0
2018-2019,2018-12-22,West Ham,Watford,0,2,A,0,1,A,18,11,7,5,9,11,10,4,3,2,0,0,1486.4218787838108,1453.3271276589162,33.09475112489463,1.7,1.3,1.7,1.2,1.7,1.1,0,0,0.5,0.5,0.0,0.0,0.0,0.0,0,0
2018-2019,2018-12-22,Man City,Crystal Palace,2,3,A,1,2,A,19,5,5,3,7,6,13,0,0,4,0,0,1704.1570704244905,1438.0235616253126,266.1335087991779,2.7,0.7,2.5,0.9,1.5,0.8,0,0,0.5,0.5,0.0,0.0,0.0,0.0,0,0
2018-2019,2018-12-22,Newcastle,Fulham,0,0,D,0,0,D,9,4,0,2,9,12,6,0,1,2,0,0,1437.1083437065752,1355.5131193736931,81.59522433288203,1.0,1.2,1.4,0.8,2.6,0.4,0,1,0.5,0.5,0.0,0.0,0.0,0.0,0,0
2018-2019,2018-12-23,Everton,Tottenham,2,6,A,1,3,A,10,17,3,8,13,9,2,1,0,2,0,0,1496.9145917577407,1643.2965906596235,-146.38199890188275,1.3,1.1,1.5,1.7,0.9,2.4,0,0,0.5,0.5,0.0,0.0,0.0,0.0,0,0
2018-2019,2018-12-26,Brighton,Arsenal,1,1,D,1,1,D,12,7,3,4,10,4,4,9,2,1,0,0,1430.7784229192955,1581.3749050484125,-150.59648212911702,1.1,1.3,1.3,2.1,1.4,1.9,0,0,0.5,0.5,0.0,0.0,0.0,0.0,0,0
2018-2019,2018-12-26,Burnley,Everton,1,5,A,1,3,A,11,13,4,6,11,19,5,7,2,4,0,0,1416.938649941579,1488.241698561241,-71.30304861966215,0.6,2.4,0.4,1.3,1.6,1.2,0,0,0.5,0.5,0.0,0.0,0.0,0.0,0,0
2018-2019,2018-12-26,Crystal Palace,Cardiff,0,0,D,0,0,D,31,9,5,4,9,11,12,1,0,3,0,0,1455.856420469022,1369.6252447691695,86.23117569985243,1.2,1.6,1.1,1.4,2.1,1.2,0,1,0.5,0.5,0.0,0.0,0.0,0.0,0,0
2018-2019,2018-12-26,Fulham,Wolves,1,1,D,0,0,D,11,14,9,5,9,6,2,0,2,1,0,0,1360.3107239672083,1436.4137534600286,-76.10302949282027,0.7,2.1,0.5,1.0,1.5,1.0,1,1,0.5,0.5,0.0,0.0,0.0,0.0,0,0
2018-2019,2018-12-26,Leicester,Man City,2,1,H,1,1,D,10,11,5,4,5,8,3,7,2,2,0,1,1482.5418993688693,1686.3242115807811,-203.78231221191186,0.8,0.9,1.3,2.9,1.0,2.4,0,0,0.5,0.5,0.0,0.0,0.0,0.0,0,0
2018-2019,2018-12-26,Liverpool,Newcastle,4,0,H,1,0,H,16,6,8,2,7,9,10,2,0,0,0,0,1679.199787431512,1432.31073911306,246.88904831845207,2.4,0.4,2.8,0.8,0.9,1.5,0,0,0.5,0.5,0.0,0.0,0.0,0.0,0,0
2018-2019,2018-12-26,Man United,Huddersfield,3,1,H,1,0,H,16,10,10,2,9,13,5,3,1,1,0,0,1588.0455164440023,1354.257842233948,233.78767421005432,2.1,1.6,1.6,0.7,1.4,0.7,0,0,0.5,0.5,0.0,0.0,0.0,0.0,0,0
2018-2019,2018-12-26,Tottenham,Bournemouth,5,0,H,3,0,H,10,14,7,4,4,8,3,4,2,1,0,0,1651.9694838561231,1470.9769186098524,180.99256524627071,2.2,1.1,2.4,1.1,1.6,1.0,0,0,0.5,0.5,0.0,0.0,0.0,0.0,0,0
2018-2019,2018-12-26,Watford,Chelsea,1,2,A,1,1,D,10,10,2,4,15,5,3,4,1,0,0,0,1466.9808986838698,1596.6524440646072,-129.67154538073737,1.4,1.3,1.4,1.7,1.0,1.7,0,0,0.5,0.5,0.0,0.0,0.0,0.0,0,0
2018-2019,2018-12-27,Southampton,West Ham,1,2,A,0,0,D,11,16,5,5,10,3,4,5,2,0,0,0,1431.057305368416,1472.7681077588572,-41.71080239044113,1.3,1.9,1.0,1.7,1.4,1.7,0,0,0.5,0.5,0.0,0.0,0.0,0.0,0,0
2018-2019,2018-12-29,Brighton,Everton,1,0,H,0,0,D,11,13,3,4,10,11,6,6,0,2,0,0,1432.224498551966,1499.0657900364079,-66.84129148444185,1.1,1.4,1.1,1.6,1.7,1.2,0,0,0.5,0.5,0.0,0.0,0.0,0.0,0,0
2018-2019,2018-12-29,Fulham,Huddersfield,1,0,H,0,0,D,14,9,5,5,12,10,4,3,3,1,0,0,1359.6239964548643,1351.7038125337244,7.920183921139824,0.6,1.8,0.6,0.8,1.6,0.7,1,0,0.5,0.5,0.0,0.0,0.0,0.0,0,0
2018-2019,2018-12-29,Leicester,Cardiff,0,1,A,0,0,D,16,12,7,3,14,16,10,4,0,2,0,0,1495.443211273422,1374.524910973334,120.91830030008805,0.9,0.7,1.6,1.0,1.9,1.0,0,1,0.5,0.5,0.0,0.0,0.0,0.0,0,0
2018-2019,2018-12-29,Liverpool,Arsenal,5,1,H,4,1,H,15,8,10,2,8,13,5,3,1,2,0,0,1681.590460241314,1579.928829415742,101.66163082557205,2.7,0.4,2.8,1.9,1.4,1.7,0,0,0.5,0.5,0.0,0.0,0.0,0.0,0,0
2018-2019,2018-12-29,Tottenham,Wolves,1,3,A,1,0,H,10,11,3,4,7,7,6,7,3,2,0,0,1655.2804184631063,1437.1004809723727,218.17993749073366,2.6,1.1,2.4,1.1,1.4,1.1,0,1,0.5,0.5,0.0,0.0,0.0,0.0,0,0
2018-2019,2018-12-29,Watford,Newcastle,1,1,D,0,1,A,12,8,5,2,17,16,3,6,1,2,0,0,1457.8328442149439,1429.920066303258,27.912777911685907,1.3,1.5,1.1,0.8,1.2,1.5,0,0,0.5,0.5,0.0,0.0,0.0,0.0,0,0
2018-2019,2018-12-30,Burnley,West Ham,2,0,H,2,0,H,17,11,5,4,15,11,5,5,1,4,0,0,1406.114558466412,1484.4302403928225,-78.31568192641043,0.7,2.4,0.4,1.9,1.4,2.0,0,0,0.5,0.5,0.0,0.0,0.0,0.0,0,0
2018-2019,2018-12-30,Crystal Palace,Chelsea,0,1,A,0,0,D,4,12,0,4,11,8,3,4,0,1,0,0,1450.9567542648574,1605.800498533533,-154.84374426867566,1.2,1.4,1.2,1.7,0.9,1.9,0,0,0.5,0.5,0.0,0.0,0.0,0.0,0,0
2018-2019,2018-12-30,Man United,Bournemouth,4,1,H,3,1,H,11,7,8,3,10,7,4,5,2,0,1,0,1590.5995461442258,1467.6659840028692,122.93356214135656,2.2,1.5,1.8,1.1,2.1,0.9,0,0,0.5,0.5,0.0,0.0,0.0,0.0,0,0
2018-2019,2018-12-30,Southampton,Man City,1,3,A,1,3,A,5,14,4,6,11,10,3,8,2,3,1,0,1419.3951727344509,1673.4228996762283,-254.02772694177747,1.4,2.1,0.9,2.5,1.2,2.1,0,0,0.5,0.5,0.0,0.0,0.0,0.0,0,0
2018-2019,2019-01-01,Arsenal,Fulham,4,1,H,1,0,H,16,9,9,4,7,12,8,3,0,1,0,0,1575.1585998486114,1366.6139929057247,208.54460694288673,1.8,1.7,1.6,0.7,1.5,0.9,0,1,0.5,0.5,0.0,0.0,0.0,0.0,0,0
2018-2019,2019-01-01,Cardiff,Tottenham,0,3,A,0,3,A,6,13,3,4,6,6,5,3,1,0,0,0,1390.1456106282787,1638.0413955537967,-247.895784925518,1.0,1.5,1.3,2.7,1.3,2.4,1,0,0.5,0.5,0.0,0.0,0.0,0.0,0,0
2018-2019,2019-01-01,Everton,Leicester,0,1,A,0,0,D,17,8,2,4,5,8,6,5,3,1,0,0,1490.0172872358105,1479.8225116184774,10.194775617333107,1.5,1.6,1.2,0.8,0.7,1.5,0,0,0.5,0.5,0.0,0.0,0.0,0.0,0,0
2018-2019,2019-01-02,Bournemouth,Watford,3,3,D,3,3,D,25,11,12,3,9,15,4,2,1,4,0,0,1463.3262334264805,1454.3090093506978,9.017224075782678,0.9,2.5,0.6,1.1,1.6,0.9,0,0,0.5,0.5,0.0,0.0,0.0,0.0,0,0
2018-2019,2019-01-02,Chelsea,Southampton,0,0,D,0,0,D,17,6,6,2,8,11,7,2,1,2,0,0,1614.2349503502767,1413.5591601960787,200.675790154198,1.4,0.9,1.9,1.5,2.4,0.8,0,0,0.5,0.5,0.0,0.0,0.0,0.0,0,0
2018-2019,2019-01-02,Huddersfield,Burnley,1,2,A,1,1,D,9,16,2,8,11,9,5,2,0,4,1,1,1344.713816082864,1415.491242749653,-70.7774266667891,0.8,1.4,0.7,0.9,2.0,0.7,0,0,0.5,0.5,0.0,0.0,0.0,0.0,0,0
2018-2019,2019-01-02,Newcastle,Man United,0,2,A,0,0,D,14,16,3,7,10,9,1,2,1,2,0,0,1433.443901167504,1594.9392967206145,-161.49539555311048,0.9,1.3,1.5,2.4,1.5,1.8,0,0,0.5,0.5,0.0,0.0,0.0,0.0,0,0
2018-2019,2019-01-02,West Ham,Brighton,2,2,D,0,0,D,13,13,6,6,9,11,1,5,0,1,0,0,1475.0535561095815,1441.2730013525634,33.78055475701808,1.8,1.5,1.9,1.1,1.4,1.1,0,0,0.5,0.5,0.0,0.0,0.0,0.0,0,0
2018-2019,2019-01-02,Wolves,Crystal Palace,0,2,A,0,0,D,9,17,1,4,9,7,3,10,4,1,0,0,1454.3395038816823,1442.5223024481138,11.81720143356847,1.4,1.4,1.4,1.0,1.3,1.1,1,0,0.5,0.5,0.0,0.0,0.0,0.0,0,0
2018-2019,2019-01-03,Man City,Liverpool,2,1,H,1,0,H,9,7,4,5,12,7,2,1,4,2,0,0,1679.2589122146005,1686.3606898084447,-7.10177759384419,2.7,1.3,2.1,2.8,0.4,2.8,0,0,0.5,0.5,0.0,0.0,0.0,0.0,0,0
2018-2019,2019-01-12,Brighton,Liverpool,0,1,A,0,0,D,7,10,0,3,15,5,2,7,0,0,0,0,1444.9438638769004,1678.9725662353726,-234.02870235847217,1.2,1.3,1.2,2.8,0.5,2.7,0,0,0.5,0.5,0.0,0.0,0.0,0.0,0,0
2018-2019,2019-01-12,Burnley,Fulham,2,1,H,2,1,H,11,12,0,4,5,9,2,6,1,2,0,0,1426.3303582136991,1363.7183486631745,62.61200955052459,0.9,1.7,1.0,0.8,1.8,0.9,0,1,0.5,0.5,0.0,0.0,0.0,0.0,0,0
2018-2019,2019-01-12,Cardiff,Huddersfield,0,0,D,0,0,D,3,14,0,2,12,14,3,10,3,1,0,0,1384.162643376765,1333.874700618818,50.287942757946894,1.0,1.7,1.3,0.8,1.6,0.4,1,0,0.5,0.5,0.0,0.0,0.0,0.0,0,0
2018-2019,2019-01-12,Chelsea,Newcastle,2,1,H,1,1,D,10,9,6,2,6,13,8,5,1,1,0,0,1607.2445818453612,1425.1956261770536,182.0489556683076,1.1,0.8,1.7,0.8,1.5,1.2,0,0,0.5,0.5,0.0,0.0,0.0,0.0,0,0
2018-2019,2019-01-12,Crystal Palace,Watford,1,2,A,1,0,H,15,16,6,2,11,11,7,7,1,4,0,0,1455.6339614065637,1457.3477001280578,-1.71373872149411,1.1,1.0,1.4,1.4,1.8,1.0,0,0,0.5,0.5,0.0,0.0,0.0,0.0,0,0
2018-2019,2019-01-12,Leicester,Southampton,1,2,A,0,2,A,23,8,6,3,7,9,10,3,2,1,0,1,1492.8919337594045,1420.5495287009942,72.34240505841035,0.8,0.7,1.5,1.4,1.8,0.9,0,0,0.5,0.5,0.0,0.0,0.0,0.0,0,0
2018-2019,2019-01-12,West Ham,Arsenal,1,0,H,0,0,D,11,11,3,2,7,10,7,3,0,2,0,0,1471.3826935852444,1578.0542440911615,-106.67155050591714,1.6,1.5,1.7,2.1,1.7,1.8,0,0,0.5,0.5,0.0,0.0,0.0,0.0,0,0
2018-2019,2019-01-13,Everton,Bournemouth,2,0,H,0,0,D,15,16,3,7,17,8,5,9,5,0,0,0,1476.9478650948834,1460.2875426491205,16.66032244576286,1.2,1.6,0.9,1.1,2.6,0.7,0,0,0.5,0.5,0.0,0.0,0.0,0.0,0,0
2018-2019,2019-01-13,Tottenham,Man United,0,1,A,0,1,A,21,13,11,8,8,8,7,4,1,2,0,0,1644.0243628053106,1603.187571711065,40.836791094245655,2.7,1.1,2.4,2.4,1.4,1.8,0,0,0.5,0.5,0.0,0.0,0.0,0.0,0,0
2018-2019,2019-01-14,Man City,Wolves,3,0,H,2,0,H,24,3,9,0,6,3,12,1,1,0,0,1,1686.6470357876726,1441.2278449232324,245.41919086444022,2.3,1.3,2.1,1.2,1.3,1.4,0,1,0.5,0.5,0.0,0.0,0.0,0.0,0,0
2018-2019,2019-01-19,Man United,Brighton,2,1,H,2,0,H,20,7,5,3,11,11,6,5,1,0,0,0,1617.032837335919,1438.6209046061042,178.4119327298149,2.4,1.1,2.1,1.1,1.2,1.2,0,0,0.5,0.5,0.0,0.0,0.0,0.0,0,0
2018-2019,2019-01-19,Bournemouth,West Ham,2,0,H,0,0,D,10,9,4,1,6,10,2,3,0,1,0,0,1453.524549087439,1481.5746926466868,-28.050143559247772,1.0,2.6,0.7,1.6,1.4,1.9,0,0,0.5,0.5,0.0,0.0,0.0,0.0,0,0
2018-2019,2019-01-19,Liverpool,Crystal Palace,4,3,H,0,1,A,19,9,9,3,6,8,8,3,0,1,1,0,1685.2955255061688,1442.8781785998658,242.417346906303,2.7,0.5,2.7,1.2,1.1,1.4,0,0,0.5,0.5,0.0,0.0,0.0,0.0,0,0
2018-2019,2019-01-19,Arsenal,Chelsea,2,0,H,2,0,H,13,13,5,1,13,15,5,6,0,2,0,0,1567.8622450297191,1610.5387496959459,-42.67650466622672,2.0,1.7,1.7,1.3,0.9,1.9,0,0,0.5,0.5,0.0,0.0,0.0,0.0,0,0
2018-2019,2019-01-19,Newcastle,Cardiff,3,0,H,1,0,H,16,9,6,1,11,6,7,10,0,1,0,0,1421.9014583264689,1380.0880292722331,41.81342905423571,0.7,1.6,0.9,0.8,1.6,1.1,0,1,0.5,0.5,0.0,0.0,0.0,0.0,0,0
2018-2019,2019-01-19,Southampton,Everton,2,1,H,0,0,D,11,7,4,2,12,11,7,6,2,1,0,0,1435.13951039773,1483.7108586565648,-48.57134825883486,1.5,1.8,1.1,1.4,1.6,1.1,0,0,0.5,0.5,0.0,0.0,0.0,0.0,0,0
2018-2019,2019-01-19,Wolves,Leicester,4,3,H,2,0,H,12,16,7,6,11,10,5,9,3,3,0,0,1438.8193047052046,1478.3019520626688,-39.4826473574642,1.1,1.5,1.3,0.9,0.9,1.4,1,0,0.5,0.5,0.0,0.0,0.0,0.0,0,0
2018-2019,2019-01-19,Watford,Burnley,0,0,D,0,0,D,9,11,4,3,14,9,1,7,1,2,0,0,1470.1034829347557,1431.964255671294,38.139227263461635,1.5,1.8,1.2,1.1,1.8,1.2,0,0,0.5,0.5,0.0,0.0,0.0,0.0,0,0
2018-2019,2019-01-20,Fulham,Tottenham,1,2,A,1,0,H,12,14,4,5,10,8,7,10,2,3,0,0,1358.0844512055796,1630.1790971804564,-272.0946459748768,0.9,1.8,0.9,2.6,1.2,2.1,1,0,0.5,0.5,0.0,0.0,0.0,0.0,0,0
2018-2019,2019-01-20,Huddersfield,Man City,0,3,A,0,1,A,5,12,2,4,10,9,1,4,2,2,0,0,1337.9493147233497,1689.0555760057005,-351.1062612823507,0.7,1.5,0.4,2.3,1.2,2.1,0,0,0.5,0.5,0.0,0.0,0.0,0.0,0,0
2018-2019,2019-01-29,Huddersfield,Everton,0,1,A,0,1,A,10,10,2,5,13,10,3,4,1,4,0,1,1334.1353630945407,1475.1803770278427,-141.04501393330202,0.5,1.8,0.1,1.4,1.8,0.8,0,0,0.5,0.5,0.0,0.0,0.0,0.0,0,0
2018-2019,2019-01-29,Arsenal,Cardiff,2,1,H,0,0,D,15,19,4,2,14,12,4,7,3,3,0,0,1576.2271520717516,1373.95722252192,202.26992954983166,2.0,1.6,1.7,0.8,1.8,1.1,0,1,0.5,0.5,0.0,0.0,0.0,0.0,0,0
2018-2019,2019-01-29,Fulham,Brighton,4,2,H,0,2,A,24,15,7,6,10,5,10,1,2,3,0,0,1352.6688023516606,1435.268723262778,-82.59992091111735,0.7,1.8,0.6,1.1,1.3,1.1,1,0,0.5,0.5,0.0,0.0,0.0,0.0,0,0
2018-2019,2019-01-29,Newcastle,Man City,2,1,H,0,1,A,6,12,2,4,9,7,1,8,2,3,0,0,1428.032265076782,1692.8695276345095,-264.8372625577274,0.8,1.5,0.9,2.2,1.2,2.1,0,0,0.5,0.5,0.0,0.0,0.0,0.0,0,0
2018-2019,2019-01-29,Wolves,West Ham,3,0,H,0,0,D,20,4,9,0,8,10,5,1,4,1,0,0,1447.0948796188936,1473.6164714702807,-26.52159185138703,1.5,1.6,1.6,1.6,1.2,1.9,1,0,0.5,0.5,0.0,0.0,0.0,0.0,0,0
2018-2019,2019-01-29,Man United,Burnley,2,2,D,0,0,D,28,6,9,4,10,9,11,3,1,3,0,0,1620.3850186792454,1435.7431626020104,184.64185607723493,2.6,1.2,2.3,1.0,1.6,1.3,0,0,0.5,0.5,0.0,0.0,0.0,0.0,0,0
2018-2019,2019-01-30,Bournemouth,Chelsea,4,0,H,0,0,D,12,11,7,7,8,6,3,7,1,0,0,0,1461.4827702638452,1602.1738426539134,-140.69107239006826,1.1,2.4,1.0,1.2,0.8,1.9,0,0,0.5,0.5,0.0,0.0,0.0,0.0,0,0
2018-2019,2019-01-30,Liverpool,Leicester,1,1,D,1,1,D,10,5,3,2,13,6,7,1,1,3,0,0,1687.74091395572,1470.0263771489797,217.7145368067404,2.8,0.8,2.7,1.1,1.2,1.3,0,0,0.5,0.5,0.0,0.0,0.0,0.0,0,0
2018-2019,2019-01-30,Southampton,Crystal Palace,1,1,D,0,1,A,13,15,4,3,11,8,3,8,2,2,0,1,1443.669992026452,1440.4327901503145,3.237201876137533,1.5,1.6,1.4,1.5,1.5,1.3,0,0,0.5,0.5,0.0,0.0,0.0,0.0,0,0
2018-2019,2019-01-30,Tottenham,Watford,2,1,H,0,1,A,17,9,3,1,6,9,9,5,0,4,0,0,1635.5947460343755,1466.3245760040393,169.2701700303362,2.5,1.2,2.1,1.5,1.5,1.3,0,0,0.5,0.5,0.0,0.0,0.0,0.0,0,0
2018-2019,2019-02-02,Brighton,Watford,0,0,D,0,0,D,21,5,4,0,15,10,7,0,1,0,0,0,1425.7691195101897,1462.8229768681067,-37.05385735791697,1.1,1.6,0.8,1.6,1.5,1.3,0,0,0.5,0.5,0.0,0.0,0.0,0.0,0,0
2018-2019,2019-02-02,Chelsea,Huddersfield,5,0,H,2,0,H,23,5,7,2,8,5,11,2,0,0,0,0,1591.0079851499197,1325.311268190626,265.6967169592938,1.0,1.2,1.6,0.4,1.7,0.1,0,0,0.5,0.5,0.0,0.0,0.0,0.0,0,0
2018-2019,2019-02-02,Cardiff,Bournemouth,2,0,H,1,0,H,12,9,5,2,17,14,6,7,1,2,0,0,1370.9709780182461,1472.648627767839,-101.67764974959277,0.7,1.9,0.8,1.4,2.1,1.3,1,0,0.5,0.5,0.0,0.0,0.0,0.0,0,0
2018-2019,2019-02-02,Tottenham,Newcastle,1,0,H,0,0,D,21,8,4,2,6,6,6,3,0,1,0,0,1639.096345170308,1442.4500609255695,196.64628424473858,2.5,0.9,2.4,1.0,1.3,1.2,0,0,0.5,0.5,0.0,0.0,0.0,0.0,0,0
2018-2019,2019-02-02,Crystal Palace,Fulham,2,0,H,1,0,H,17,8,6,0,9,12,11,1,2,3,0,0,1443.3197266704162,1362.1684061042488,81.15132056616744,1.4,1.6,1.1,1.1,1.8,0.9,0,1,0.5,0.5,0.0,0.0,0.0,0.0,0,0
2018-2019,2019-02-02,Everton,Wolves,1,3,A,1,2,A,13,8,4,4,12,14,3,1,3,1,0,0,1484.0044719317575,1455.010977751813,28.99349417994449,1.5,1.7,1.1,1.7,1.4,1.9,0,1,0.5,0.5,0.0,0.0,0.0,0.0,0,0
2018-2019,2019-02-02,Burnley,Southampton,1,1,D,0,0,D,15,10,6,4,10,9,4,2,3,1,0,0,1442.4898595468774,1440.7830555063504,1.706804040527004,1.2,1.6,1.4,1.4,1.5,1.4,0,0,0.5,0.5,0.0,0.0,0.0,0.0,0,0
2018-2019,2019-02-03,Leicester,Man United,0,1,A,0,1,A,17,10,6,6,14,9,7,2,4,4,0,0,1477.2590181693238,1613.6383217343785,-136.37930356505467,1.0,1.3,1.1,2.6,1.2,2.3,0,0,0.5,0.5,0.0,0.0,0.0,0.0,0,0
2018-2019,2019-02-03,Man City,Arsenal,3,1,H,2,1,H,19,4,12,2,11,8,4,2,1,1,0,0,1678.4517317857221,1579.2133965754253,99.23833521029678,2.0,1.3,1.8,1.8,1.5,1.7,0,0,0.5,0.5,0.0,0.0,0.0,0.0,0,0
2018-2019,2019-02-04,West Ham,Liverpool,1,1,D,1,1,D,13,11,2,6,9,11,2,5,1,1,0,0,1465.7003733373613,1680.508272935376,-214.80789959801473,1.3,1.5,1.6,2.8,0.9,2.5,0,0,0.5,0.5,0.0,0.0,0.0,0.0,0,0
2018-2019,2019-02-06,Everton,Man City,0,2,A,0,1,A,4,15,1,4,12,6,5,6,1,1,0,0,1470.4534239690831,1683.2728176485073,-212.81939367942414,1.5,1.9,1.0,2.1,1.3,1.8,0,0,0.5,0.5,0.0,0.0,0.0,0.0,0,0
2018-2019,2019-02-09,Brighton,Burnley,1,3,A,0,1,A,16,9,6,5,8,7,9,3,1,1,0,0,1423.976949756568,1439.6433513963866,-15.66640163981856,0.8,1.5,0.6,1.2,1.4,1.5,0,0,0.5,0.5,0.0,0.0,0.0,0.0,0,0
2018-2019,2019-02-09,Crystal Palace,West Ham,1,1,D,0,1,A,25,6,5,4,12,9,10,4,3,0,0,0,1448.5319638956435,1468.8895673642455,-20.357603468602065,1.5,1.3,1.4,1.1,1.5,1.4,0,0,0.5,0.5,0.0,0.0,0.0,0.0,0,0
2018-2019,2019-02-09,Fulham,Man United,0,3,A,0,2,A,15,15,3,7,14,9,5,4,3,2,0,0,1356.9561688790216,1622.59505115288,-265.63888227385837,1.0,1.9,0.8,2.5,1.0,2.5,1,0,0.5,0.5,0.0,0.0,0.0,0.0,0,0
2018-2019,2019-02-09,Huddersfield,Arsenal,1,2,A,0,2,A,15,9,6,4,17,12,5,0,3,2,0,0,1323.1392636786002,1574.3923107126402,-251.25304703404004,0.3,2.0,0.1,1.7,1.6,1.6,0,0,0.5,0.5,0.0,0.0,0.0,0.0,0,0
2018-2019,2019-02-09,Liverpool,Bournemouth,3,0,H,2,0,H,20,12,9,2,14,6,8,5,2,2,0,0,1677.3190789084917,1462.6003415018106,214.71873740668116,2.6,0.9,2.3,1.2,2.2,1.0,0,0,0.5,0.5,0.0,0.0,0.0,0.0,0,0
2018-2019,2019-02-09,Southampton,Cardiff,1,2,A,0,0,D,14,6,7,3,15,12,8,2,3,3,0,0,1443.6295636568411,1381.0192642842744,62.610299372566715,1.4,1.3,1.5,0.8,1.6,1.1,0,1,0.5,0.5,0.0,0.0,0.0,0.0,0,0
2018-2019,2019-02-09,Watford,Everton,1,0,H,0,0,D,7,9,2,4,21,10,8,2,2,0,0,1,1464.6151466217284,1463.5911119696782,1.0240346520502044,1.5,1.3,1.4,1.3,1.9,0.9,0,0,0.5,0.5,0.0,0.0,0.0,0.0,0,0
2018-2019,2019-02-10,Man City,Chelsea,6,0,H,4,0,H,15,12,9,4,9,13,2,2,1,2,0,0,1690.1351296479122,1593.1799896619455,96.95513998596675,2.3,1.1,2.1,1.4,1.0,1.9,0,0,0.5,0.5,0.0,0.0,0.0,0.0,0,0
2018-2019,2019-02-10,Tottenham,Leicester,3,1,H,1,0,H,12,20,5,9,11,4,2,9,3,1,0,0,1642.165764015643,1468.3022887508223,173.86347526482064,2.3,0.8,2.4,0.9,1.3,1.0,0,0,0.5,0.5,0.0,0.0,0.0,0.0,0,0
2018-2019,2019-02-11,Wolves,Newcastle,1,1,D,0,0,D,22,9,6,3,7,9,13,1,1,3,0,0,1468.5620257144874,1439.3806420802346,29.181383634252825,1.8,1.4,1.9,0.9,1.3,1.1,1,0,0.5,0.5,0.0,0.0,0.0,0.0,0,0
2018-2019,2019-02-22,Cardiff,Watford,1,5,A,0,1,A,15,12,6,7,10,11,3,3,1,2,0,0,1395.3853269869996,1471.786707939554,-76.40138095255429,0.9,1.7,1.1,1.4,1.1,1.6,1,0,0.5,0.5,0.0,0.0,0.0,0.0,0,0
2018-2019,2019-02-22,West Ham,Fulham,3,1,H,2,1,H,21,8,7,5,11,11,12,0,1,1,0,0,1471.1425358221247,1351.3925152210113,119.75002060111342,0.9,1.4,1.2,0.9,1.8,0.8,0,1,0.5,0.5,0.0,0.0,0.0,0.0,0,0
2018-2019,2019-02-23,Bournemouth,Wolves,1,1,D,1,0,H,10,10,3,2,10,15,9,8,4,5,0,0,1459.791605249188,1465.0062526986273,-5.214647449439326,1.2,2.1,1.0,1.7,1.4,1.7,0,1,0.5,0.5,0.0,0.0,0.0,0.0,0,0
2018-2019,2019-02-23,Burnley,Tottenham,2,1,H,0,0,D,10,17,4,6,9,12,7,6,1,3,0,0,1452.0240934192427,1645.591641689007,-193.5675482697643,1.4,1.5,1.5,2.4,0.9,2.4,0,0,0.5,0.5,0.0,0.0,0.0,0.0,0,0
2018-2019,2019-02-23,Leicester,Crystal Palace,1,4,A,0,1,A,27,7,5,5,7,14,8,3,2,1,0,0,1464.8764110774582,1446.2789954377643,18.597415639693963,1.0,1.4,1.0,1.4,1.1,1.5,0,0,0.5,0.5,0.0,0.0,0.0,0.0,0,0
2018-2019,2019-02-23,Newcastle,Huddersfield,2,0,H,0,0,D,29,3,12,1,11,7,12,0,2,0,0,1,1442.9364150960946,1317.2370176409431,125.69939745515148,0.9,1.2,1.2,0.4,2.1,0.1,0,0,0.5,0.5,0.0,0.0,0.0,0.0,0,0
2018-2019,2019-02-24,Arsenal,Southampton,2,0,H,2,0,H,12,10,4,4,7,14,6,4,0,0,0,0,1580.2945567502973,1429.263500954116,151.03105579618136,1.8,1.7,1.6,1.5,1.4,1.5,0,0,0.5,0.5,0.0,0.0,0.0,0.0,0,0
2018-2019,2019-02-24,Man United,Liverpool,0,0,D,0,0,D,6,7,3,1,15,17,3,7,1,3,0,0,1628.1587048108902,1680.1278151611143,-51.96911035022413,2.4,0.9,2.5,2.5,0.9,2.3,0,0,0.5,0.5,0.0,0.0,0.0,0.0,0,0
2018-2019,2019-02-26,Cardiff,Everton,0,3,A,0,1,A,6,12,0,4,12,12,3,4,3,1,0,0,1384.7071467248984,1456.4195506518527,-71.71240392695427,0.8,1.9,1.1,1.2,1.7,0.9,1,0,0.5,0.5,0.0,0.0,0.0,0.0,0,0
2018-2019,2019-02-26,Huddersfield,Wolves,1,0,H,0,0,D,15,7,3,0,10,10,3,5,2,2,0,0,1312.9511255097018,1467.6686675227418,-154.71754201303997,0.4,2.2,0.1,1.6,1.5,1.5,0,1,0.5,0.5,0.0,0.0,0.0,0.0,0,0
2018-2019,2019-02-26,Leicester,Brighton,2,1,H,1,0,H,19,15,3,3,6,4,4,8,1,1,0,0,1451.5895830716008,1411.596207733712,39.99337533788889,1.1,1.7,1.0,0.9,1.7,0.6,0,0,0.5,0.5,0.0,0.0,0.0,0.0,0,0
2018-2019,2019-02-26,Newcastle,Burnley,2,0,H,2,0,H,12,12,3,2,8,8,4,7,1,3,0,0,1447.222307227336,1464.6539113218096,-17.43160409447364,1.0,1.2,1.2,1.6,1.5,1.8,0,0,0.5,0.5,0.0,0.0,0.0,0.0,0,0
2018-2019,2019-02-27,Arsenal,Bournemouth,5,1,H,2,1,H,16,13,6,5,11,9,9,4,2,2,0,0,1584.1098448188723,1457.1291904250736,126.98065439379866,1.8,1.4,1.9,1.3,2.0,1.1,0,0,0.5,0.5,0.0,0.0,0.0,0.0,0,0
2018-2019,2019-02-27,Chelsea,Tottenham,2,0,H,0,0,D,11,9,1,0,7,14,2,2,1,1,0,0,1588.3106503206302,1632.9618237864402,-44.65117346580996,1.2,1.6,1.6,2.4,1.1,2.1,0,0,0.5,0.5,0.0,0.0,0.0,0.0,0,0
2018-2019,2019-02-27,Crystal Palace,Man United,1,3,A,0,1,A,17,13,2,4,8,9,5,6,2,3,0,0,1459.5658234436216,1626.7850046642961,-167.2191812206745,1.7,1.2,1.5,2.3,0.6,2.6,0,0,0.5,0.5,0.0,0.0,0.0,0.0,0,0
2018-2019,2019-02-27,Liverpool,Watford,5,0,H,2,0,H,19,5,10,3,5,7,6,4,0,2,0,0,1681.5015153077084,1482.4648882016552,199.03662710605317,2.2,0.8,2.1,1.6,1.0,1.6,0,0,0.5,0.5,0.0,0.0,0.0,0.0,0,0
2018-2019,2019-02-27,Man City,West Ham,1,0,H,0,0,D,20,2,7,1,2,6,12,2,0,2,0,0,1695.0044689892275,1475.5448822809067,219.45958670832078,2.6,1.0,2.1,1.0,1.5,1.2,0,0,0.5,0.5,0.0,0.0,0.0,0.0,0,0
2018-2019,2019-02-27,Southampton,Fulham,2,0,H,2,0,H,14,14,4,4,15,13,7,4,0,1,0,0,1425.448212885541,1346.9901687622294,78.45804412331154,1.2,1.4,1.2,1.0,1.9,0.8,0,1,0.5,0.5,0.0,0.0,0.0,0.0,0,0
2018-2019,2019-03-02,Bournemouth,Man City,0,1,A,0,0,D,0,23,0,7,7,7,0,14,1,2,0,0,1452.8680825986442,1697.7479623639251,-244.87987976528098,1.2,2.5,0.8,2.5,0.7,2.4,0,0,0.5,0.5,0.0,0.0,0.0,0.0,0,0
2018-2019,2019-03-02,Brighton,Huddersfield,1,0,H,0,0,D,13,6,4,4,11,6,6,3,2,2,0,0,1405.4207680003444,1324.5131301265071,80.9076378738373,0.9,1.7,0.6,0.4,1.9,0.4,0,0,0.5,0.5,0.0,0.0,0.0,0.0,0,0
2018-2019,2019-03-02,Burnley,Crystal Palace,1,3,A,0,1,A,18,10,4,4,9,9,8,5,1,2,0,0,1456.9866687903711,1451.4767631428615,5.50990564750964,1.5,1.4,1.8,1.5,1.3,1.2,0,0,0.5,0.5,0.0,0.0,0.0,0.0,0,0
2018-2019,2019-03-02,Man United,Southampton,3,2,H,0,1,A,16,6,6,3,7,10,9,7,2,1,0,0,1634.8740649650563,1430.7204208491394,204.1536441159169,2.1,0.6,2.6,1.1,1.3,1.2,0,0,0.5,0.5,0.0,0.0,0.0,0.0,0,0
2018-2019,2019-03-02,Tottenham,Arsenal,1,1,D,0,1,A,10,9,3,4,15,14,3,4,3,2,0,1,1624.5415498651444,1588.3709526453017,36.17059721984265,1.8,1.1,1.8,2.0,1.4,1.9,0,0,0.5,0.5,0.0,0.0,0.0,0.0,0,0
2018-2019,2019-03-02,West Ham,Newcastle,2,0,H,2,0,H,10,17,4,2,8,14,1,6,3,4,0,0,1472.801388906209,1454.8895497587744,17.911839147434648,1.0,1.4,1.2,1.2,1.2,1.4,0,0,0.5,0.5,0.0,0.0,0.0,0.0,0,0
2018-2019,2019-03-02,Wolves,Cardiff,2,0,H,2,0,H,13,12,6,4,11,6,7,8,1,2,0,0,1456.1066629059364,1373.8947585574901,82.2119043484463,1.6,1.4,1.5,0.7,1.7,1.1,1,1,0.5,0.5,0.0,0.0,0.0,0.0,0,0
2018-2019,2019-03-03,Everton,Liverpool,0,0,D,0,0,D,7,10,3,3,12,10,3,7,1,2,0,0,1467.231938819261,1684.5353512632748,-217.30341244401393,1.3,1.1,1.2,2.5,0.8,2.1,0,0,0.5,0.5,0.0,0.0,0.0,0.0,0,0
2018-2019,2019-03-03,Fulham,Chelsea,1,2,A,1,2,A,12,20,5,7,11,10,5,4,2,1,0,0,1341.7179607986309,1596.730924241926,-255.01296344329512,1.0,2.1,0.7,1.2,1.5,1.6,1,0,0.5,0.5,0.0,0.0,0.0,0.0,0,0
2018-2019,2019-03-03,Watford,Leicester,2,1,H,1,0,H,6,14,5,2,15,12,1,5,5,1,0,0,1479.4310522460887,1457.7650228049683,21.666029441120372,1.4,1.5,1.3,1.2,1.8,1.0,0,0,0.5,0.5,0.0,0.0,0.0,0.0,0,0
2018-2019,2019-03-09,Leicester,Fulham,3,1,H,1,0,H,18,6,8,3,9,13,6,5,0,2,0,0,1451.1304009283094,1335.9053611096144,115.225039818695,1.1,1.9,0.7,1.0,2.2,0.6,0,1,0.5,0.5,0.0,0.0,0.0,0.0,0,0
2018-2019,2019-03-09,Cardiff,West Ham,2,0,H,1,0,H,16,9,7,2,7,12,7,5,2,1,0,0,1368.7060155895613,1479.5321730312883,-110.82615744172699,0.7,1.9,1.0,1.0,1.3,1.2,1,0,0.5,0.5,0.0,0.0,0.0,0.0,0,0
2018-2019,2019-03-09,Crystal Palace,Brighton,1,2,A,0,1,A,15,4,3,3,8,18,8,0,1,5,0,0,1464.4235476234376,1410.638413053007,53.7851345704305,1.8,1.4,1.4,1.0,1.5,0.9,0,0,0.5,0.5,0.0,0.0,0.0,0.0,0,0
2018-2019,2019-03-09,Man City,Watford,3,1,H,0,0,D,19,2,9,1,11,7,9,1,1,1,0,0,1703.8039799433623,1486.0656741227476,217.73830582061464,2.5,0.5,2.7,1.5,1.4,1.6,0,0,0.5,0.5,0.0,0.0,0.0,0.0,0,0
2018-2019,2019-03-09,Newcastle,Everton,3,2,H,0,2,A,19,7,7,3,13,10,8,2,3,1,0,0,1448.158765633695,1470.4855054577667,-22.326739824071637,1.2,1.0,1.4,0.8,1.0,1.0,0,0,0.5,0.5,0.0,0.0,0.0,0.0,0,0
2018-2019,2019-03-09,Southampton,Tottenham,2,1,H,0,1,A,12,16,4,5,16,9,1,10,4,2,0,0,1427.761618218592,1620.8113169888843,-193.04969877029225,1.2,1.4,1.2,1.4,1.2,1.6,0,0,0.5,0.5,0.0,0.0,0.0,0.0,0,0
2018-2019,2019-03-09,Huddersfield,Bournemouth,0,2,A,0,1,A,8,8,1,5,14,9,6,5,3,1,0,0,1319.2954850738445,1446.812065019207,-127.51657994536254,0.3,1.7,0.4,1.2,2.1,0.8,0,0,0.5,0.5,0.0,0.0,0.0,0.0,0,0
2018-2019,2019-03-10,Arsenal,Man United,2,0,H,1,0,H,14,14,3,4,12,18,5,2,2,2,0,0,1592.1011855215618,1637.8328675956036,-45.73168207404183,2.0,1.4,1.9,2.1,0.7,2.6,0,0,0.5,0.5,0.0,0.0,0.0,0.0,0,0
2018-2019,2019-03-10,Chelsea,Wolves,1,1,D,0,0,D,22,2,6,1,8,14,13,0,1,4,0,0,1602.5435239309425,1461.2954058738653,141.24811805707714,1.4,1.5,1.9,1.7,1.3,1.7,0,1,0.5,0.5,0.0,0.0,0.0,0.0,0,0
2018-2019,2019-03-10,Liverpool,Burnley,4,2,H,2,1,H,23,3,5,2,4,7,7,3,2,0,0,0,1681.281784624769,1444.039884309795,237.24190031497392,2.1,0.8,1.9,1.5,1.2,1.8,0,0,0.5,0.5,0.0,0.0,0.0,0.0,0,0
2018-2019,2019-03-16,Bournemouth,Newcastle,2,2,D,0,1,A,10,12,3,4,9,12,6,6,3,2,0,0,1456.0217259595966,1455.9596648693298,0.06206109026675222,1.3,1.7,1.1,1.4,1.1,1.6,0,0,0.5,0.5,0.0,0.0,0.0,0.0,0,0
2018-2019,2019-03-16,Burnley,Leicester,1,2,A,1,1,D,13,9,2,4,9,10,9,3,1,1,0,1,1441.5298270091291,1455.6228295801077,-14.09300257097857,1.5,1.6,1.5,1.4,1.9,1.0,0,0,0.5,0.5,0.0,0.0,0.0,0.0,0,0
2018-2019,2019-03-16,West Ham,Huddersfield,4,3,H,1,2,A,16,15,5,5,7,15,5,8,0,2,0,0,1469.2206719835767,1310.085824133455,159.1348478501218,1.0,1.3,1.2,0.3,1.8,0.4,0,0,0.5,0.5,0.0,0.0,0.0,0.0,0,0
2018-2019,2019-03-17,Everton,Chelsea,2,0,H,0,0,D,15,16,8,5,17,9,3,4,1,2,0,0,1462.684606222132,1596.5357170456073,-133.8511108234752,1.0,1.2,1.0,1.3,1.5,1.7,0,0,0.5,0.5,0.0,0.0,0.0,0.0,0,0
2018-2019,2019-03-17,Fulham,Liverpool,1,2,A,0,1,A,7,16,2,6,11,7,1,10,2,1,0,0,1331.4129324578162,1683.791841925435,-352.37890946761877,1.0,2.5,0.3,2.0,0.9,1.9,1,0,0.5,0.5,0.0,0.0,0.0,0.0,0,0
2018-2019,2019-03-30,Fulham,Man City,0,2,A,0,2,A,5,24,0,7,4,12,0,11,2,0,0,0,1327.621542183599,1706.5710126863921,-378.949470502793,1.0,2.3,0.3,2.5,0.5,2.7,1,0,0.5,0.5,0.0,0.0,0.0,0.0,0,0
2018-2019,2019-03-30,Brighton,Southampton,0,1,A,0,0,D,14,8,1,2,8,10,6,5,1,2,0,0,1424.7966271257988,1440.3775565990645,-15.580929473265769,1.1,1.5,1.1,1.3,1.2,1.5,0,0,0.5,0.5,0.0,0.0,0.0,0.0,0,0
2018-2019,2019-03-30,Crystal Palace,Huddersfield,2,0,H,0,0,D,19,15,5,5,10,7,5,5,0,0,0,0,1450.265333550646,1306.412490339941,143.8528432107048,1.9,1.5,1.4,0.5,2.0,0.4,0,0,0.5,0.5,0.0,0.0,0.0,0.0,0,0
2018-2019,2019-03-30,West Ham,Everton,0,2,A,0,2,A,3,17,1,9,7,14,4,9,1,1,0,0,1472.8940057770906,1473.6558481656903,-0.761842388599689,1.2,1.4,1.4,1.2,1.1,1.3,0,0,0.5,0.5,0.0,0.0,0.0,0.0,0,0
2018-2019,2019-03-30,Leicester,Bournemouth,2,0,H,1,0,H,18,8,4,2,6,12,6,1,0,2,0,0,1468.0462445854653,1453.218779957146,14.827464628319376,1.5,2.0,1.0,1.2,1.6,1.1,0,0,0.5,0.5,0.0,0.0,0.0,0.0,0,0
2018-2019,2019-03-30,Burnley,Wolves,2,0,H,1,0,H,5,8,1,1,12,10,1,5,1,1,0,0,1429.1064120037715,1467.3032127592005,-38.19680075542897,1.4,1.7,1.2,1.5,1.3,1.5,0,1,0.5,0.5,0.0,0.0,0.0,0.0,0,0
2018-2019,2019-03-30,Man United,Watford,2,1,H,1,0,H,8,20,5,8,14,9,3,5,1,2,0,0,1629.3822554293256,1483.2986413797178,146.08361404960783,1.7,0.8,2.3,1.5,1.6,1.5,0,0,0.5,0.5,0.0,0.0,0.0,0.0,0,0
2018-2019,2019-03-31,Cardiff,Chelsea,1,2,A,0,0,D,8,21,3,3,8,14,2,7,2,3,0,0,1379.0175166372728,1585.564475102049,-206.54695846477625,0.8,1.9,1.0,1.2,1.7,1.4,1,0,0.5,0.5,0.0,0.0,0.0,0.0,0,0
2018-2019,2019-03-31,Liverpool,Tottenham,2,1,H,1,0,H,14,11,3,2,5,8,10,3,0,1,0,0,1687.583232199652,1608.1953786084118,79.38785359124017,2.1,0.8,2.2,1.4,1.1,1.6,0,0,0.5,0.5,0.0,0.0,0.0,0.0,0,0
2018-2019,2019-04-01,Arsenal,Newcastle,2,0,H,1,0,H,7,3,4,1,11,10,6,2,2,0,0,0,1600.5517976878398,1458.7626108717805,141.78918681605933,2.1,0.9,2.2,1.6,1.1,1.7,0,0,0.5,0.5,0.0,0.0,0.0,0.0,0,0
2018-2019,2019-04-02,Watford,Fulham,4,1,H,1,1,D,15,17,7,7,12,5,6,4,3,2,0,0,1479.3946477515206,1324.2779861109364,155.1166616405842,1.3,1.5,1.4,0.9,2.3,0.3,0,1,0.5,0.5,0.0,0.0,0.0,0.0,0,0
2018-2019,2019-04-02,Wolves,Man United,2,1,H,1,1,D,9,18,2,4,5,11,3,5,1,2,0,1,1459.0635238851303,1633.2862490575228,-174.22272517239253,1.5,1.3,1.5,1.7,0.9,2.3,1,0,0.5,0.5,0.0,0.0,0.0,0.0,0,0
2018-2019,2019-04-03,Chelsea,Brighton,3,0,H,1,0,H,17,3,4,1,5,9,7,1,0,0,0,0,1592.5904578066356,1412.4135645882468,180.17689321838884,1.4,1.8,1.6,1.0,1.6,0.8,0,0,0.5,0.5,0.0,0.0,0.0,0.0,0,0
2018-2019,2019-04-03,Man City,Cardiff,2,0,H,2,0,H,27,4,11,1,3,17,7,4,0,3,0,0,1709.9145687590549,1371.9915339326863,337.9230348263686,2.5,0.4,2.7,0.9,1.8,1.0,0,1,0.5,0.5,0.0,0.0,0.0,0.0,0,0
2018-2019,2019-04-03,Tottenham,Crystal Palace,2,0,H,0,0,D,26,5,10,1,8,5,8,2,1,0,0,0,1602.9439245419703,1454.2098318479839,148.73409269398644,1.2,1.3,1.3,1.9,1.5,1.4,0,0,0.5,0.5,0.0,0.0,0.0,0.0,0,0
2018-2019,2019-04-05,Southampton,Liverpool,1,3,A,1,1,D,11,17,1,5,8,7,7,5,2,4,0,0,1452.7606191366165,1692.8346862660935,-240.07406712947704,1.4,1.2,1.7,2.2,0.9,2.2,0,0,0.5,0.5,0.0,0.0,0.0,0.0,0,0
2018-2019,2019-04-06,Newcastle,Crystal Palace,0,1,A,0,0,D,18,3,5,1,12,13,9,4,1,2,0,0,1454.78036070236,1450.3535531041446,4.426807598215419,1.5,1.1,1.7,1.8,1.5,1.4,0,0,0.5,0.5,0.0,0.0,0.0,0.0,0,0
2018-2019,2019-04-06,Bournemouth,Burnley,1,3,A,1,2,A,10,11,2,3,12,16,3,6,2,3,0,0,1446.4084798263868,1437.3461008778418,9.062378948545074,1.2,1.6,1.1,1.4,1.6,1.2,0,0,0.5,0.5,0.0,0.0,0.0,0.0,0,0
2018-2019,2019-04-06,Huddersfield,Leicester,1,4,A,0,1,A,10,18,4,9,13,11,8,5,3,0,0,0,1302.467992042603,1474.8565447162243,-172.38855267362123,0.5,2.2,0.3,1.6,1.8,1.3,0,0,0.5,0.5,0.0,0.0,0.0,0.0,0,0
2018-2019,2019-04-07,Everton,Arsenal,1,0,H,1,0,H,23,7,6,2,8,9,9,6,1,4,0,0,1486.4369289072183,1604.5340478572602,-118.09711895004193,1.2,1.1,1.3,1.9,0.8,2.2,0,0,0.5,0.5,0.0,0.0,0.0,0.0,0,0
2018-2019,2019-04-08,Chelsea,West Ham,2,0,H,1,0,H,16,9,7,2,8,7,7,4,2,1,0,0,1595.9143852999148,1460.1129250355625,135.80146026435227,1.5,1.7,1.6,1.1,1.6,1.1,0,0,0.5,0.5,0.0,0.0,0.0,0.0,0,0
2018-2019,2019-04-12,Leicester,Newcastle,0,1,A,0,1,A,12,11,5,5,6,10,2,3,2,3,0,0,1482.8026687144782,1441.8620693597265,40.94059935475161,1.7,1.5,1.6,1.2,1.2,1.4,0,0,0.5,0.5,0.0,0.0,0.0,0.0,0,0
2018-2019,2019-04-13,Brighton,Bournemouth,0,5,A,0,1,A,8,14,1,7,10,6,4,1,2,4,1,0,1409.0896370949677,1433.368609440013,-24.278972345045304,0.8,1.7,0.7,1.1,1.9,0.8,0,0,0.5,0.5,0.0,0.0,0.0,0.0,0,0
2018-2019,2019-04-13,Burnley,Cardiff,2,0,H,1,0,H,14,14,7,2,7,10,8,4,2,3,0,0,1450.3859712642156,1370.503398119904,79.88257314431166,1.7,1.7,1.4,0.9,2.0,0.9,0,1,0.5,0.5,0.0,0.0,0.0,0.0,0,0
2018-2019,2019-04-13,Fulham,Everton,2,0,H,0,0,D,12,8,5,1,8,10,7,3,2,1,0,0,1320.5347834728489,1496.9573353032733,-176.42255183042448,0.9,2.5,0.3,1.2,0.9,1.6,1,0,0.5,0.5,0.0,0.0,0.0,0.0,0,0
2018-2019,2019-04-13,Man United,West Ham,2,1,H,1,0,H,14,18,4,4,14,5,3,11,1,1,0,0,1621.18186353289,1456.0196035647334,165.1622599681566,1.7,1.1,2.0,1.1,1.6,1.1,0,0,0.5,0.5,0.0,0.0,0.0,0.0,0,0
2018-2019,2019-04-13,Southampton,Wolves,3,1,H,2,1,H,13,17,6,2,13,8,4,9,1,3,0,0,1446.5871620059397,1471.167909409763,-24.580747403823352,1.3,1.4,1.4,1.7,1.1,1.8,0,1,0.5,0.5,0.0,0.0,0.0,0.0,0,0
2018-2019,2019-04-13,Tottenham,Huddersfield,4,0,H,2,0,H,22,7,5,1,10,12,4,2,2,2,0,0,1606.8002032858096,1294.5218680443493,312.27833524146035,1.4,1.2,1.6,0.6,2.3,0.3,0,0,0.5,0.5,0.0,0.0,0.0,0.0,0,0
2018-2019,2019-04-14,Crystal Palace,Man City,1,3,A,0,1,A,7,20,3,6,5,11,2,9,0,0,0,0,1463.271844446778,1711.4027045718371,-248.13086012505914,1.6,1.1,1.7,2.4,0.4,2.7,0,0,0.5,0.5,0.0,0.0,0.0,0.0,0,0
2018-2019,2019-04-14,Liverpool,Chelsea,2,0,H,0,0,D,15,6,7,3,5,9,9,2,0,1,0,0,1699.0081433967703,1600.0077067707439,99.00043662602639,2.1,0.7,2.2,1.7,1.5,1.9,0,0,0.5,0.5,0.0,0.0,0.0,0.0,0,0
2018-2019,2019-04-15,Watford,Arsenal,0,1,A,0,1,A,11,19,3,6,12,8,6,4,2,0,1,0,1483.137850389608,1594.0136414612052,-110.87579107159718,1.5,1.5,1.4,1.9,0.8,2.2,0,0,0.5,0.5,0.0,0.0,0.0,0.0,0,0
2018-2019,2019-04-16,Brighton,Cardiff,0,2,A,0,1,A,14,10,2,3,11,13,5,4,0,1,0,0,1396.944074329156,1365.2629650206563,31.681109308499572,0.8,2.1,0.7,0.9,1.9,0.9,0,1,0.5,0.5,0.0,0.0,0.0,0.0,0,0
2018-2019,2019-04-20,Bournemouth,Fulham,0,1,A,0,0,D,15,17,5,5,11,18,3,7,1,3,0,0,1445.5141722058247,1332.6995998572916,112.81457234853315,1.2,1.9,0.8,0.7,2.3,0.3,0,1,0.5,0.5,0.0,0.0,0.0,0.0,0,0
2018-2019,2019-04-20,Huddersfield,Watford,1,2,A,0,1,A,13,11,3,6,15,9,2,2,2,2,0,0,1292.817183354699,1473.4507786154786,-180.63359526077966,0.6,2.6,0.3,1.5,1.6,1.3,0,0,0.5,0.5,0.0,0.0,0.0,0.0,0,0
2018-2019,2019-04-20,Man City,Tottenham,1,0,H,1,0,H,15,10,4,4,11,11,4,4,1,2,0,0,1717.3799991583053,1608.50488797546,108.87511118284533,2.4,0.5,2.7,1.6,1.1,1.6,0,0,0.5,0.5,0.0,0.0,0.0,0.0,0,0
2018-2019,2019-04-20,Newcastle,Southampton,3,1,H,2,0,H,15,15,6,3,5,11,4,11,0,2,0,0,1455.7098807496063,1454.4498867220507,1.2599940275556492,1.1,1.1,1.4,1.4,1.4,1.4,0,0,0.5,0.5,0.0,0.0,0.0,0.0,0,0
2018-2019,2019-04-20,West Ham,Leicester,2,2,D,1,0,H,11,11,3,5,8,9,6,8,2,0,0,0,1452.449173401118,1468.9548573245984,-16.50568392348032,1.2,1.5,1.1,1.6,1.5,1.5,0,0,0.5,0.5,0.0,0.0,0.0,0.0,0,0
2018-2019,2019-04-20,Wolves,Brighton,0,0,D,0,0,D,22,5,5,0,0,8,14,1,0,1,0,0,1463.305184693652,1383.3256116327266,79.97957306092553,1.4,1.1,1.5,0.7,2.1,0.7,1,0,0.5,0.5,0.0,0.0,0.0,0.0,0,0
2018-2019,2019-04-21,Arsenal,Crystal Palace,2,3,A,0,1,A,12,16,5,7,15,12,8,3,4,1,0,0,1603.7007132353347,1457.2945498603099,146.4061633750248,1.8,0.8,2.2,1.6,1.3,1.6,0,0,0.5,0.5,0.0,0.0,0.0,0.0,0,0
2018-2019,2019-04-21,Cardiff,Liverpool,0,2,A,0,0,D,7,17,2,6,6,5,5,10,1,1,0,0,1378.8814277170857,1703.8342417908414,-324.9528140737557,1.0,1.7,1.2,2.2,0.6,2.4,1,0,0.5,0.5,0.0,0.0,0.0,0.0,0,0
2018-2019,2019-04-21,Everton,Man United,4,0,H,2,0,H,15,7,8,1,11,7,10,2,1,1,0,0,1484.7925189188306,1624.7522936965054,-139.95977477767474,1.1,1.1,1.3,1.7,1.1,2.0,0,0,0.5,0.5,0.0,0.0,0.0,0.0,0,0
2018-2019,2019-04-22,Chelsea,Burnley,2,2,D,2,2,D,22,6,9,3,9,4,10,1,2,1,0,0,1595.1816083766728,1455.6264043634633,139.5552040132095,1.7,1.3,1.9,1.7,1.5,1.6,0,0,0.5,0.5,0.0,0.0,0.0,0.0,0,0
2018-2019,2019-04-23,Tottenham,Brighton,1,0,H,0,0,D,29,6,5,1,7,13,6,3,1,2,0,0,1603.8838523807053,1388.0873376701838,215.79651471052148,1.4,1.1,1.3,0.5,1.7,0.8,0,0,0.5,0.5,0.0,0.0,0.0,0.0,0,0
2018-2019,2019-04-23,Watford,Southampton,1,1,D,0,1,A,15,8,4,4,10,14,3,4,5,2,0,0,1481.1707467269814,1447.284572339054,33.88617438792744,1.6,1.5,1.6,1.4,1.6,1.3,0,0,0.5,0.5,0.0,0.0,0.0,0.0,0,0
2018-2019,2019-04-24,Man United,Man City,0,2,A,0,0,D,12,8,1,5,10,10,1,1,2,2,0,0,1613.6072035999646,1722.00103475306,-108.39383115309533,1.5,1.3,1.9,2.4,0.3,3.0,0,0,0.5,0.5,0.0,0.0,0.0,0.0,0,0
2018-2019,2019-04-24,Wolves,Arsenal,3,1,H,3,0,H,11,11,3,1,12,9,5,5,2,3,0,0,1458.5434586561948,1587.598876397935,-129.05541774174026,1.1,1.1,1.3,1.8,1.0,1.9,1,0,0.5,0.5,0.0,0.0,0.0,0.0,0,0
2018-2019,2019-04-26,Liverpool,Huddersfield,5,0,H,3,0,H,21,5,7,1,5,14,4,4,0,0,0,0,1708.1346239059594,1285.0972152431962,423.03740866276326,2.3,0.5,2.6,0.7,2.3,0.3,0,0,0.5,0.5,0.0,0.0,0.0,0.0,0,0
2018-2019,2019-04-27,Brighton,Newcastle,1,1,D,0,1,A,9,9,2,1,7,10,7,4,2,3,0,0,1385.2935467081986,1462.875195132603,-77.58164842440442,0.5,1.8,0.7,1.4,1.1,1.7,0,0,0.5,0.5,0.0,0.0,0.0,0.0,0,0
2018-2019,2019-04-27,Crystal Palace,Everton,0,0,D,0,0,D,8,22,0,3,9,15,5,10,2,0,0,0,1473.3963866977094,1495.9376090153714,-22.541222317662005,1.7,1.5,1.6,1.4,0.8,1.6,0,0,0.5,0.5,0.0,0.0,0.0,0.0,0,0
2018-2019,2019-04-27,Fulham,Cardiff,1,0,H,0,0,D,8,13,2,8,10,8,10,3,0,0,0,0,1348.1586526776948,1374.5810456019676,-26.4223929242728,0.8,2.1,0.6,0.8,1.9,0.9,1,1,0.5,0.5,0.0,0.0,0.0,0.0,0,0
2018-2019,2019-04-27,Southampton,Bournemouth,3,3,D,1,2,A,22,9,7,5,8,9,9,3,2,1,0,0,1450.9580649031707,1430.0551193854214,20.90294551774923,1.4,1.6,1.3,1.2,1.8,0.8,0,0,0.5,0.5,0.0,0.0,0.0,0.0,0,0
2018-2019,2019-04-27,Tottenham,West Ham,0,1,A,0,0,D,14,16,4,7,3,8,2,7,0,2,0,0,1606.6776433426905,1450.091231759097,156.58641158359364,1.4,1.1,1.3,1.3,1.6,1.1,0,0,0.5,0.5,0.0,0.0,0.0,0.0,0,0
2018-2019,2019-04-27,Watford,Wolves,1,2,A,0,1,A,10,11,1,4,10,11,4,5,3,2,0,0,1477.4972541628647,1469.3777966789148,8.119457483949873,1.7,1.6,1.6,1.1,1.1,1.3,0,1,0.5,0.5,0.0,0.0,0.0,0.0,0,0
2018-2019,2019-04-28,Burnley,Man City,0,1,A,0,0,D,2,25,0,7,5,7,0,6,1,1,0,0,1461.6029811223877,1731.7594878651967,-270.1565067428089,1.8,1.6,1.6,2.3,0.2,3.0,0,0,0.5,0.5,0.0,0.0,0.0,0.0,0,0
2018-2019,2019-04-28,Leicester,Arsenal,3,0,H,0,0,D,24,6,12,1,13,13,8,6,3,1,0,1,1471.3127989666195,1576.7645383752151,-105.45173940859559,1.8,1.6,1.6,1.8,1.0,1.9,0,0,0.5,0.5,0.0,0.0,0.0,0.0,0,0
2018-2019,2019-04-28,Man United,Chelsea,1,1,D,1,1,D,7,16,5,3,9,14,6,6,3,2,0,0,1603.8487504878278,1589.2050316177483,14.64371887007951,1.4,1.5,1.6,1.4,1.5,1.7,0,0,0.5,0.5,0.0,0.0,0.0,0.0,0,0
2018-2019,2019-05-03,Everton,Burnley,2,0,H,2,0,H,20,5,6,1,8,9,8,1,0,2,0,0,1498.13083422406,1456.143159376927,41.987674847132894,1.4,0.6,1.7,1.5,1.6,1.3,0,0,0.5,0.5,0.0,0.0,0.0,0.0,0,0
2018-2019,2019-05-04,Cardiff,Crystal Palace,2,3,A,1,2,A,18,21,8,7,14,11,10,5,0,0,0,0,1366.6676784909605,1471.2031614890209,-104.53548299806039,0.6,1.9,0.6,1.6,1.4,1.6,1,0,0.5,0.5,0.0,0.0,0.0,0.0,0,0
2018-2019,2019-05-04,West Ham,Southampton,3,0,H,1,0,H,17,11,6,1,2,11,2,7,1,1,0,0,1466.3737033214945,1447.612176960284,18.7615263612106,1.3,1.5,1.3,1.6,1.7,1.4,0,0,0.5,0.5,0.0,0.0,0.0,0.0,0,0
2018-2019,2019-05-04,Bournemouth,Tottenham,1,0,H,0,0,D,20,11,6,5,11,12,10,6,1,5,0,2,1433.4010073283082,1590.395171780293,-156.99416445198472,1.5,1.8,0.9,1.1,1.1,1.0,0,0,0.5,0.5,0.0,0.0,0.0,0.0,0,0
2018-2019,2019-05-04,Wolves,Fulham,1,0,H,0,0,D,19,6,6,2,10,15,7,1,1,3,0,0,1482.393015233181,1356.072019788702,126.32099544447897,1.2,1.1,1.5,0.9,1.8,0.9,1,1,0.5,0.5,0.0,0.0,0.0,0.0,0,0
2018-2019,2019-05-04,Newcastle,Liverpool,2,3,A,1,2,A,14,11,7,4,10,4,2,3,1,1,0,0,1463.5195531456536,1709.0733901927044,-245.55383704705082,1.4,1.1,1.7,2.5,0.5,2.6,0,0,0.5,0.5,0.0,0.0,0.0,0.0,0,0
2018-2019,2019-05-05,Arsenal,Brighton,1,1,D,1,0,H,20,11,8,5,9,14,16,3,5,2,0,0,1566.6076375786593,1384.649188695148,181.9584488835112,1.6,1.2,1.6,0.5,1.6,0.8,0,0,0.5,0.5,0.0,0.0,0.0,0.0,0,0
2018-2019,2019-05-05,Chelsea,Watford,3,0,H,0,0,D,19,15,9,3,6,12,6,6,0,1,0,0,1592.389980132687,1464.4820356085986,127.9079445240884,1.5,1.0,1.8,1.7,1.8,1.3,0,0,0.5,0.5,0.0,0.0,0.0,0.0,0,0
2018-2019,2019-05-05,Huddersfield,Man United,1,1,D,0,1,A,7,23,3,7,10,10,3,7,1,1,0,0,1284.1584489564511,1600.6638019728891,-316.505353016438,0.6,2.6,0.3,1.2,1.6,1.4,0,0,0.5,0.5,0.0,0.0,0.0,0.0,0,0
2018-2019,2019-05-06,Man City,Leicester,1,0,H,0,0,D,19,7,5,2,12,5,11,0,3,2,0,0,1737.2193096106573,1481.4696997631754,255.7496098474819,2.2,0.2,3.0,2.0,1.3,1.9,0,0,0.5,0.5,0.0,0.0,0.0,0.0,0,0
2018-2019,2019-05-12,Fulham,Newcastle,0,4,A,0,2,A,16,13,2,6,6,8,5,5,1,0,0,0,1351.7981647624417,1457.4799037068847,-105.68173894444294,0.8,1.6,0.9,1.4,1.4,1.4,1,0,0.5,0.5,0.0,0.0,0.0,0.0,0,0
2018-2019,2019-05-12,Brighton,Man City,1,4,A,1,2,A,6,20,2,9,12,8,2,6,0,0,0,0,1391.353587018274,1739.5046867841577,-348.1510997658836,0.5,1.5,0.9,1.7,0.2,3.0,0,0,0.5,0.5,0.0,0.0,0.0,0.0,0,0
2018-2019,2019-05-12,Leicester,Chelsea,0,0,D,0,0,D,9,14,3,4,9,8,4,5,0,1,0,0,1479.184322589675,1596.633215994324,-117.44889340464897,1.9,1.0,1.9,1.6,1.0,1.8,0,0,0.5,0.5,0.0,0.0,0.0,0.0,0,0
2018-2019,2019-05-12,Crystal Palace,Bournemouth,5,3,H,3,1,H,17,16,8,8,11,8,4,4,3,0,0,0,1481.0726272095164,1445.0268733754974,36.045753834019024,1.5,1.5,1.6,1.5,1.7,1.1,0,0,0.5,0.5,0.0,0.0,0.0,0.0,0,0
2018-2019,2019-05-12,Burnley,Arsenal,1,3,A,0,0,D,14,17,5,6,11,3,4,5,5,1,0,0,1450.0166161880672,1559.9032392555332,-109.88662306746596,1.3,1.7,1.0,1.5,1.3,1.4,0,0,0.5,0.5,0.0,0.0,0.0,0.0,0,0
2018-2019,2019-05-12,Tottenham,Everton,2,2,D,1,0,H,11,17,3,9,10,13,7,4,0,2,0,0,1578.7693057331037,1504.2573774129198,74.51192832018387,1.0,1.0,1.0,1.6,0.5,2.0,0,0,0.5,0.5,0.0,0.0,0.0,0.0,0,0
2018-2019,2019-05-12,Southampton,Huddersfield,1,1,D,1,0,H,10,10,3,3,8,6,4,3,0,1,0,0,1440.903217508602,1289.6916406160967,151.21157689250526,1.6,1.8,1.4,0.7,2.5,0.4,0,0,0.5,0.5,0.0,0.0,0.0,0.0,0,0
2018-2019,2019-05-12,Watford,West Ham,1,4,A,0,2,A,17,16,8,9,10,10,7,2,1,0,1,0,1460.2387997469614,1473.0826627731765,-12.843863026215104,1.2,2.0,1.0,1.3,1.4,1.3,0,0,0.5,0.5,0.0,0.0,0.0,0.0,0,0
2018-2019,2019-05-12,Man United,Cardiff,0,2,A,0,1,A,26,13,10,4,9,6,11,2,3,3,0,0,1595.1306103132436,1356.798212770465,238.3323975427786,1.3,1.7,1.4,0.7,1.7,0.6,0,1,0.5,0.5,0.0,0.0,0.0,0.0,0,0
2018-2019,2019-05-12,Liverpool,Wolves,2,0,H,1,0,H,13,7,5,2,3,11,4,1,0,2,0,0,1715.1130396314734,1486.666870259441,228.44616937203227,2.8,0.7,2.8,1.2,1.0,1.7,0,1,0.5,0.5,0.0,0.0,0.0,0.0,0,0
2019-2020,2019-08-09,Liverpool,Norwich,4,1,H,4,0,H,15,12,7,5,9,9,11,2,0,2,0,0,1652.4154521451248,1436.196743788856,216.21870835626873,2.5,0.7,2.8,0.8,1.4,1.0,0,1,0.5,0.5,0.0,0.0,0.0,0.0,0,0
2019-2020,2019-08-10,West Ham,Man City,0,5,A,0,1,A,5,14,3,9,6,13,1,1,2,2,0,0,1489.8779228552485,1670.359995794716,-180.48207293946757,1.7,1.4,1.6,2.0,0.3,3.0,0,0,0.5,0.5,0.0,0.0,0.0,0.0,0,0
2019-2020,2019-08-10,Bournemouth,Sheffield United,1,1,D,0,0,D,13,8,3,3,10,19,3,4,2,1,0,0,1457.1278087834703,1337.3810486431985,119.74676014027182,1.7,1.7,1.1,1.3,1.3,1.1,0,1,0.5,0.5,0.0,0.0,0.0,0.0,0,0
2019-2020,2019-08-10,Burnley,Southampton,3,0,H,0,0,D,10,11,4,3,6,12,2,7,0,0,0,0,1458.2107695046152,1454.3007087588055,3.9100607458096874,1.4,1.8,1.0,1.5,1.9,1.2,0,0,0.5,0.5,0.0,0.0,0.0,0.0,0,0
2019-2020,2019-08-10,Crystal Palace,Everton,0,0,D,0,0,D,6,10,2,3,16,14,6,2,2,1,0,1,1491.1418416260392,1506.2275541083516,-15.085712482312374,1.9,1.5,1.9,1.5,0.7,1.8,0,0,0.5,0.5,0.0,0.0,0.0,0.0,0,0
2019-2020,2019-08-10,Watford,Brighton,0,3,A,0,1,A,11,5,3,3,15,11,5,2,0,1,0,0,1463.447100908848,1421.240795866986,42.206305041861924,1.3,1.9,1.0,0.5,1.9,0.6,0,0,0.5,0.5,0.0,0.0,0.0,0.0,0,0
2019-2020,2019-08-10,Tottenham,Aston Villa,3,1,H,0,1,A,31,7,7,4,13,9,14,0,1,0,0,0,1551.8911240938648,1389.2372437006898,162.6538803931751,1.2,1.0,1.1,0.5,2.5,0.1,0,1,0.5,0.5,0.0,0.0,0.0,0.0,0,0
2019-2020,2019-08-11,Man United,Chelsea,4,0,H,1,0,H,11,18,5,7,15,13,3,5,3,4,0,0,1554.3388445812352,1567.291992800108,-12.953148218872684,1.0,1.8,1.1,1.4,0.9,1.6,0,0,0.5,0.5,0.0,0.0,0.0,0.0,0,0
2019-2020,2019-08-11,Leicester,Wolves,0,0,D,0,0,D,15,8,1,2,3,13,12,3,0,2,0,0,1485.7802842086912,1488.830484778515,-3.050200569823801,1.7,0.9,1.7,1.2,1.1,1.7,0,0,0.5,0.5,0.0,0.0,0.0,0.0,0,0
2019-2020,2019-08-11,Newcastle,Arsenal,0,1,A,0,0,D,9,8,2,2,12,7,5,3,1,3,0,0,1477.1214692836554,1548.733129305905,-71.61166002224968,1.6,1.4,1.4,1.3,1.3,1.4,0,0,0.5,0.5,0.0,0.0,0.0,0.0,0,0
2019-2020,2019-08-17,Arsenal,Burnley,2,1,H,1,1,D,16,18,9,5,13,11,10,7,2,1,0,0,1559.5483979111416,1465.306090568024,94.24230734311755,1.3,1.2,1.6,1.6,1.5,1.3,0,0,0.5,0.5,0.0,0.0,0.0,0.0,0,0
2019-2020,2019-08-17,Aston Villa,Bournemouth,1,2,A,0,2,A,22,12,7,4,10,13,10,5,0,2,0,0,1385.624265573277,1451.5302196814996,-65.90595410822266,0.6,2.4,0.1,1.8,1.7,1.2,1,0,0.5,0.5,0.0,0.0,0.0,0.0,0,0
2019-2020,2019-08-17,Brighton,West Ham,1,1,D,0,0,D,16,8,4,3,11,10,8,6,0,2,0,0,1435.1195999236793,1482.1538198869137,-47.034219963234364,0.6,1.8,0.6,1.5,1.9,1.3,0,0,0.5,0.5,0.0,0.0,0.0,0.0,0,0
2019-2020,2019-08-17,Everton,Watford,1,0,H,1,0,H,12,8,2,2,11,11,4,7,2,3,0,0,1508.624056108694,1449.5682968521546,59.05575925653943,1.5,0.7,1.8,1.1,2.1,0.7,0,0,0.5,0.5,0.0,0.0,0.0,0.0,0,0
2019-2020,2019-08-17,Norwich,Newcastle,3,1,H,1,0,H,15,10,8,3,9,11,7,5,1,3,0,0,1433.4087891072577,1466.306200678419,-32.89741157116123,0.9,1.7,1.0,1.6,1.3,1.4,1,0,0.5,0.5,0.0,0.0,0.0,0.0,0,0
2019-2020,2019-08-17,Southampton,Liverpool,1,2,A,0,1,A,14,15,3,6,10,6,5,9,2,1,0,0,1447.2053876953967,1655.2034068267233,-207.9980191313266,1.3,1.9,1.2,2.9,0.8,3.0,0,0,0.5,0.5,0.0,0.0,0.0,0.0,0,0
2019-2020,2019-08-17,Man City,Tottenham,2,2,D,2,1,H,30,3,10,2,14,4,13,2,1,0,0,0,1678.0840987630509,1555.5041022212777,122.5799965417732,2.4,0.3,3.0,1.4,1.0,1.3,0,0,0.5,0.5,0.0,0.0,0.0,0.0,0,0
2019-2020,2019-08-18,Sheffield United,Crystal Palace,1,0,H,0,0,D,15,6,3,4,16,11,8,4,3,1,0,0,1342.9786377451692,1488.7453396256967,-145.76670188052753,1.0,1.0,1.0,1.6,1.4,1.7,1,0,0.5,0.5,0.0,0.0,0.0,0.0,0,0
2019-2020,2019-08-18,Chelsea,Leicester,1,1,D,1,0,H,14,12,5,3,9,14,4,5,1,0,0,0,1559.7462640341016,1483.0600841365247,76.68617989757695,1.3,1.2,1.5,1.6,0.7,1.8,0,0,0.5,0.5,0.0,0.0,0.0,0.0,0,0
2019-2020,2019-08-19,Wolves,Man United,1,1,D,0,1,A,6,9,2,2,17,8,4,6,2,2,0,0,1491.5506848506816,1561.8845733472415,-70.3338884965599,1.0,1.1,1.5,1.1,1.6,1.1,0,0,0.5,0.5,0.0,0.0,0.0,0.0,0,0
2019-2020,2019-08-23,Aston Villa,Everton,2,0,H,1,0,H,7,12,3,1,10,18,0,6,2,3,0,0,1374.646097826354,1514.3411674718852,-139.69506964553125,0.7,2.4,0.1,1.4,0.4,2.1,1,0,0.5,0.5,0.0,0.0,0.0,0.0,0,0
2019-2020,2019-08-24,Man United,Crystal Palace,1,2,A,0,1,A,22,5,3,3,8,18,8,1,2,4,0,0,1562.7363636137136,1477.435634660808,85.3007289529055,1.2,1.5,1.2,1.5,1.3,1.7,0,0,0.5,0.5,0.0,0.0,0.0,0.0,0,0
2019-2020,2019-08-24,Brighton,Southampton,0,2,A,0,0,D,12,12,3,4,9,10,8,5,1,3,1,0,1433.6068232514735,1440.2174284127102,-6.610605161236663,0.7,1.8,0.7,1.2,2.0,0.9,0,0,0.5,0.5,0.0,0.0,0.0,0.0,0,0
2019-2020,2019-08-24,Norwich,Chelsea,2,3,A,2,2,D,6,23,5,8,9,9,1,8,1,1,0,0,1441.5010828817492,1555.0581665523018,-113.55708367055263,1.2,1.8,1.2,1.4,1.1,1.6,1,0,0.5,0.5,0.0,0.0,0.0,0.0,0,0
2019-2020,2019-08-24,Sheffield United,Leicester,1,2,A,0,1,A,8,10,3,2,11,6,7,4,1,0,0,0,1354.2883427100578,1487.7481816183245,-133.45983890826665,1.0,0.5,2.0,1.4,0.7,1.6,1,0,0.5,0.5,0.0,0.0,0.0,0.0,0,0
2019-2020,2019-08-24,Liverpool,Arsenal,3,1,H,1,0,H,25,9,5,3,8,5,6,4,1,1,0,0,1662.1913661094097,1564.475495113005,97.71587099640465,2.7,0.7,3.0,1.3,1.3,1.6,0,0,0.5,0.5,0.0,0.0,0.0,0.0,0,0
2019-2020,2019-08-24,Watford,West Ham,1,3,A,1,1,D,23,16,3,10,12,11,8,7,1,1,0,0,1443.8511854889634,1483.6665965591194,-39.81541107015596,1.0,1.9,0.7,1.6,1.8,1.4,0,0,0.5,0.5,0.0,0.0,0.0,0.0,0,0
2019-2020,2019-08-25,Bournemouth,Man City,1,3,A,1,2,A,10,19,7,5,7,13,4,5,1,3,0,0,1462.5083874284226,1672.430769389405,-209.92238196098242,1.8,1.8,1.2,2.3,0.4,2.8,0,0,0.5,0.5,0.0,0.0,0.0,0.0,0,0
2019-2020,2019-08-25,Tottenham,Newcastle,0,1,A,0,1,A,17,8,2,3,10,5,6,6,2,2,0,0,1561.1574315949235,1458.2139069039274,102.94352469099613,1.5,1.0,1.4,1.4,1.4,1.1,0,0,0.5,0.5,0.0,0.0,0.0,0.0,0,0
2019-2020,2019-08-25,Wolves,Burnley,1,1,D,0,1,A,17,13,2,4,9,11,4,3,0,2,0,0,1490.6988945842095,1460.3789933661606,30.319901218048926,1.0,1.1,1.5,1.5,1.3,1.3,0,0,0.5,0.5,0.0,0.0,0.0,0.0,0,0
2019-2020,2019-08-31,Southampton,Man United,1,1,D,0,1,A,10,21,2,8,17,7,2,3,1,2,1,0,1452.8424726305911,1547.857075409498,-95.01460277890692,1.3,2.0,0.9,1.1,1.6,0.9,0,0,0.5,0.5,0.0,0.0,0.0,0.0,0,0
2019-2020,2019-08-31,Chelsea,Sheffield United,2,2,D,2,0,H,13,8,5,2,6,11,3,4,0,1,0,0,1564.6681602380118,1345.2484279599885,219.41973227802328,1.5,1.2,1.6,1.0,1.0,1.3333333333333333,0,1,0.5,0.5,0.0,0.0,0.0,0.0,0,0
2019-2020,2019-08-31,Crystal Palace,Aston Villa,1,0,H,0,0,D,22,10,5,2,15,16,13,2,2,4,0,1,1492.3149228650236,1385.7836683426171,106.53125452240647,1.5,1.4,1.7,0.9,2.3,0.4,0,1,0.5,0.5,0.0,0.0,0.0,0.0,0,0
2019-2020,2019-08-31,Leicester,Bournemouth,3,1,H,2,1,H,13,8,5,2,9,11,4,5,1,3,0,0,1496.7880963683938,1455.5707063870852,41.21738998130854,1.4,0.7,1.6,1.7,1.9,1.1,0,0,0.5,0.5,0.0,0.0,0.0,0.0,0,0
2019-2020,2019-08-31,Man City,Brighton,4,0,H,2,0,H,15,6,6,2,10,6,8,1,1,1,0,0,1679.3684504307423,1420.9817790335926,258.3866713971497,2.4,0.5,2.8,0.7,1.7,0.7,0,0,0.5,0.5,0.0,0.0,0.0,0.0,0,0
2019-2020,2019-08-31,Newcastle,Watford,1,1,D,1,1,D,13,13,5,3,5,11,6,5,2,3,0,0,1473.470430260261,1432.1360548376554,41.33437542260572,1.3,1.2,1.3,1.0,2.0,0.7,0,0,0.5,0.5,0.0,0.0,0.0,0.0,0,0
2019-2020,2019-08-31,West Ham,Norwich,2,0,H,1,0,H,18,8,8,3,16,10,8,2,2,1,0,0,1495.3817272104275,1431.8910891960393,63.490638014388196,1.5,1.6,1.4,1.3,2.1,0.9,0,1,0.5,0.5,0.0,0.0,0.0,0.0,0,0
2019-2020,2019-08-31,Burnley,Liverpool,0,3,A,0,2,A,7,15,2,7,10,16,6,4,0,0,0,0,1463.963358956733,1667.0445917069546,-203.08123275022172,1.5,1.2,1.4,2.8,0.7,3.0,0,0,0.5,0.5,0.0,0.0,0.0,0.0,0,0
2019-2020,2019-09-01,Everton,Wolves,3,2,H,2,1,H,15,8,6,5,12,12,7,7,1,4,0,1,1503.203596955622,1487.1145289936371,16.089067961984938,1.2,0.6,1.8,1.1,1.0,1.6,0,0,0.5,0.5,0.0,0.0,0.0,0.0,0,0
2019-2020,2019-09-01,Arsenal,Tottenham,2,2,D,1,2,A,26,13,8,9,13,19,11,6,3,5,0,0,1559.6222695154602,1545.9009082385899,13.721361276870311,1.2,1.6,1.3,1.4,0.9,1.4,0,0,0.5,0.5,0.0,0.0,0.0,0.0,0,0
2019-2020,2019-09-14,Liverpool,Newcastle,3,1,H,2,1,H,21,8,9,1,5,4,10,1,0,0,0,0,1674.1617707282296,1469.6129673382889,204.54880338994076,2.9,0.6,3.0,1.4,1.1,1.4,0,0,0.5,0.5,0.0,0.0,0.0,0.0,0,0
2019-2020,2019-09-14,Brighton,Burnley,1,1,D,0,0,D,14,7,5,1,13,7,3,6,0,2,0,0,1418.7269505012196,1456.846179935458,-38.11922943423838,0.7,1.6,0.7,1.3,1.5,1.1,0,0,0.5,0.5,0.0,0.0,0.0,0.0,0,0
2019-2020,2019-09-14,Man United,Leicester,1,0,H,1,0,H,10,9,5,3,14,14,3,9,1,2,0,0,1548.0005568286972,1502.9334999033929,45.067056925304314,1.1,1.5,1.0,1.5,0.8,1.6,0,0,0.5,0.5,0.0,0.0,0.0,0.0,0,0
2019-2020,2019-09-14,Sheffield United,Southampton,0,1,A,0,0,D,17,11,4,7,10,7,12,6,1,1,1,0,1352.5043914659664,1452.698991211392,-100.19459974542565,1.25,1.25,1.25,1.3,1.8,1.0,1,0,0.5,0.5,0.0,0.0,0.0,0.0,0,0
2019-2020,2019-09-14,Tottenham,Crystal Palace,4,0,H,4,0,H,13,11,5,6,19,11,4,3,4,2,0,0,1549.0619819970564,1496.9840751061315,52.07790689092485,1.4,1.1,1.2,1.6,1.2,2.0,0,0,0.5,0.5,0.0,0.0,0.0,0.0,0,0
2019-2020,2019-09-14,Wolves,Chelsea,2,5,A,0,3,A,11,15,4,6,8,11,7,5,1,2,0,0,1480.3368084114366,1557.4121967320339,-77.07538832059731,1.1,1.2,1.3,1.4,1.4,1.4,0,0,0.5,0.5,0.0,0.0,0.0,0.0,0,0
2019-2020,2019-09-14,Norwich,Man City,3,2,H,2,1,H,7,25,3,8,8,7,3,16,3,1,0,0,1426.27763728324,1681.6232789631154,-255.34564167987537,1.0,2.1,0.6,2.6,0.5,2.8,1,0,0.5,0.5,0.0,0.0,0.0,0.0,0,0
2019-2020,2019-09-15,Bournemouth,Everton,3,1,H,1,1,D,13,14,6,5,5,14,7,7,0,4,0,0,1449.4253028520861,1509.9813175378226,-60.5560146857365,1.8,2.0,1.1,1.3,0.8,1.8,0,0,0.5,0.5,0.0,0.0,0.0,0.0,0,0
2019-2020,2019-09-15,Watford,Arsenal,2,2,D,0,2,A,31,10,7,4,14,4,7,1,3,3,0,0,1435.9935177596276,1556.4611957569937,-120.46767799736608,0.7,2.0,0.5,1.4,1.7,1.4,0,0,0.5,0.5,0.0,0.0,0.0,0.0,0,0
2019-2020,2019-09-16,Aston Villa,West Ham,0,0,D,0,0,D,10,13,5,1,13,12,2,4,2,1,0,1,1381.1145161015093,1500.9951791232268,-119.88066302171751,0.9,2.0,0.4,1.7,1.4,1.7,1,0,0.5,0.5,0.0,0.0,0.0,0.0,0,0
2019-2020,2019-09-20,Southampton,Bournemouth,1,3,A,0,2,A,25,6,6,3,8,9,4,5,1,3,0,0,1462.6933901810662,1458.2948661895769,4.3985239914893555,1.1,1.7,1.0,2.0,1.8,1.4,0,0,0.5,0.5,0.0,0.0,0.0,0.0,0,0
2019-2020,2019-09-21,Leicester,Tottenham,2,1,H,0,1,A,16,11,7,4,16,13,8,2,1,2,0,0,1496.8820307401686,1554.9444924504746,-58.062461710306025,1.1,0.8,1.3,1.4,1.1,1.2,0,0,0.5,0.5,0.0,0.0,0.0,0.0,0,0
2019-2020,2019-09-21,Burnley,Norwich,2,0,H,2,0,H,13,11,6,2,11,10,7,3,0,1,0,0,1458.6086544744085,1440.4729307213909,18.1357237530176,1.1,1.5,0.9,1.3,2.2,0.9,0,1,0.5,0.5,0.0,0.0,0.0,0.0,0,0
2019-2020,2019-09-21,Everton,Sheffield United,0,2,A,0,1,A,16,2,3,1,9,9,12,3,1,3,0,0,1501.111754200332,1342.5099924962922,158.60176170403975,1.3,1.1,1.5,1.0,1.2,1.0,0,1,0.5,0.5,0.0,0.0,0.0,0.0,0,0
2019-2020,2019-09-21,Man City,Watford,8,0,H,5,0,H,28,5,11,4,5,9,5,4,2,2,0,0,1667.4279855249645,1436.5819443391229,230.8460411858416,2.5,0.7,2.5,0.9,2.1,0.6,0,0,0.5,0.5,0.0,0.0,0.0,0.0,0,0
2019-2020,2019-09-21,Newcastle,Brighton,0,0,D,0,0,D,11,16,4,3,12,8,5,3,2,1,0,0,1466.6598948596568,1416.964475962269,49.69541889738775,1.5,1.3,1.4,0.8,1.5,0.8,0,0,0.5,0.5,0.0,0.0,0.0,0.0,0,0
2019-2020,2019-09-22,Crystal Palace,Wolves,1,1,D,0,0,D,13,14,4,4,7,10,6,7,2,1,0,1,1491.1015646527133,1469.6779409336598,21.423623719053467,1.5,1.6,1.7,1.2,1.4,1.3,0,0,0.5,0.5,0.0,0.0,0.0,0.0,0,0
2019-2020,2019-09-22,West Ham,Man United,2,0,H,1,0,H,8,9,6,3,8,9,3,7,2,2,0,0,1500.4235913504688,1554.0520259919215,-53.62843464145271,1.7,1.2,1.8,1.0,1.4,1.0,0,0,0.5,0.5,0.0,0.0,0.0,0.0,0,0
2019-2020,2019-09-22,Arsenal,Aston Villa,3,2,H,0,1,A,21,14,6,9,13,15,9,4,5,1,1,0,1555.8727691774984,1381.6861038742672,174.18666530323117,1.5,1.9,1.2,0.8,1.8,0.5,0,1,0.5,0.5,0.0,0.0,0.0,0.0,0,0
2019-2020,2019-09-22,Chelsea,Liverpool,1,2,A,0,2,A,13,6,2,3,8,13,6,4,3,3,0,0,1568.0710642098106,1677.1148432068617,-109.04377899705105,1.7,1.6,1.4,2.9,0.6,3.0,0,0,0.5,0.5,0.0,0.0,0.0,0.0,0,0
2019-2020,2019-09-28,Sheffield United,Liverpool,0,1,A,0,0,D,12,16,2,4,8,4,6,5,1,1,0,0,1358.8274477946243,1686.854601097445,-328.0271533028208,1.1666666666666667,1.0,1.3333333333333333,2.9,0.7,3.0,1,0,0.5,0.5,0.0,0.0,0.0,0.0,0,0
2019-2020,2019-09-28,Aston Villa,Burnley,2,2,D,1,0,H,16,10,3,3,10,16,7,3,1,4,0,0,1378.2655048212698,1465.333684606689,-87.06817978541926,1.0,2.0,0.5,1.1,1.5,0.9,1,0,0.5,0.5,0.0,0.0,0.0,0.0,0,0
2019-2020,2019-09-28,Bournemouth,West Ham,2,2,D,1,1,D,13,17,5,6,7,8,6,6,3,1,0,0,1471.2124127763334,1509.0967795607132,-37.884366784379836,1.8,1.9,1.4,1.8,1.0,2.1,0,0,0.5,0.5,0.0,0.0,0.0,0.0,0,0
2019-2020,2019-09-28,Chelsea,Brighton,2,0,H,0,0,D,24,8,10,1,5,13,5,2,2,3,0,0,1558.3313063192272,1421.0248574042369,137.30644891499037,1.8,1.6,1.4,0.8,1.5,0.8,0,0,0.5,0.5,0.0,0.0,0.0,0.0,0,0
2019-2020,2019-09-28,Crystal Palace,Norwich,2,0,H,1,0,H,15,10,3,3,14,10,5,5,3,1,0,0,1487.7423747802234,1433.7479005891103,53.99447419111311,1.5,1.4,1.8,1.3,2.1,0.9,0,1,0.5,0.5,0.0,0.0,0.0,0.0,0,0
2019-2020,2019-09-28,Tottenham,Southampton,2,1,H,2,1,H,9,14,4,6,5,16,6,6,0,2,1,0,1546.1457235422151,1449.7758435943097,96.36987994790547,1.5,1.2,1.2,1.1,1.7,1.0,0,0,0.5,0.5,0.0,0.0,0.0,0.0,0,0
2019-2020,2019-09-28,Wolves,Watford,2,0,H,1,0,H,6,14,2,5,5,6,1,6,0,1,0,0,1473.0371308061497,1433.9899506879262,39.04718011822342,1.3,1.5,1.3,0.7,2.8,0.3,0,0,0.5,0.5,0.0,0.0,0.0,0.0,0,0
2019-2020,2019-09-28,Everton,Man City,1,3,A,1,1,D,12,20,8,9,4,8,5,2,2,2,0,0,1484.7942989019998,1670.019979176161,-185.22568027416128,1.3,1.1,1.5,3.2,0.7,2.5,0,0,0.5,0.5,0.0,0.0,0.0,0.0,0,0
2019-2020,2019-09-29,Leicester,Newcastle,5,0,H,1,0,H,13,3,5,0,12,9,9,0,1,1,0,1,1505.680799648428,1462.599513417689,43.081286230739124,1.3,0.8,1.6,1.4,1.3,1.2,0,0,0.5,0.5,0.0,0.0,0.0,0.0,0,0
2019-2020,2019-09-30,Man United,Arsenal,1,1,D,1,0,H,16,10,4,5,18,13,8,7,4,2,0,0,1545.378837781677,1559.2933682304958,-13.914530448818823,1.0,1.2,1.0,1.6,1.8,1.5,0,0,0.5,0.5,0.0,0.0,0.0,0.0,0,0
2019-2020,2019-10-05,Liverpool,Leicester,2,1,H,1,0,H,18,2,8,1,9,17,4,6,1,4,0,0,1691.0955433871948,1511.7806214936088,179.31492189358596,2.8,0.7,3.0,1.6,0.6,1.8,0,0,0.5,0.5,0.0,0.0,0.0,0.0,0,0
2019-2020,2019-10-05,Burnley,Everton,1,0,H,0,0,D,9,11,3,2,5,12,7,9,2,1,0,1,1465.705720523776,1477.1992469477227,-11.493526423946605,1.1,1.5,0.9,1.0,1.4,1.2,0,0,0.5,0.5,0.0,0.0,0.0,0.0,0,0
2019-2020,2019-10-05,Brighton,Tottenham,3,0,H,2,0,H,17,8,6,3,11,7,4,4,2,1,0,0,1416.9596680111201,1551.027484485333,-134.0678164742128,0.8,1.6,0.8,1.6,1.3,1.2,0,0,0.5,0.5,0.0,0.0,0.0,0.0,0,0
2019-2020,2019-10-05,Norwich,Aston Villa,1,5,A,0,2,A,21,22,5,12,14,17,10,6,1,3,0,0,1427.9110968761408,1377.8934689041828,50.01762797195806,1.3,2.2,0.9,1.0,1.8,0.6,1,1,0.5,0.5,0.0,0.0,0.0,0.0,0,0
2019-2020,2019-10-05,West Ham,Crystal Palace,1,2,A,0,0,D,9,7,4,4,11,7,2,2,3,2,0,0,1510.8658032252577,1493.5791784931928,17.286624732064865,1.8,1.0,2.1,1.4,1.2,1.8,0,0,0.5,0.5,0.0,0.0,0.0,0.0,0,0
2019-2020,2019-10-05,Watford,Sheffield United,0,0,D,0,0,D,8,9,2,3,7,6,7,7,0,2,0,0,1427.7912366253136,1354.5865055048746,73.20473112043896,0.6,2.9,0.2,1.0,1.0,1.1428571428571428,0,1,0.5,0.5,0.0,0.0,0.0,0.0,0,0
2019-2020,2019-10-06,Arsenal,Bournemouth,1,0,H,1,0,H,12,10,2,2,12,6,14,5,1,2,0,0,1561.721617790608,1469.443389111789,92.278228678819,1.6,1.6,1.6,2.0,2.0,1.5,0,0,0.5,0.5,0.0,0.0,0.0,0.0,0,0
2019-2020,2019-10-06,Man City,Wolves,0,2,A,0,0,D,18,7,2,2,11,14,9,1,5,2,0,0,1677.6150311304382,1479.2358448687623,198.37918626167584,3.3,0.8,2.5,1.2,1.4,1.3,0,0,0.5,0.5,0.0,0.0,0.0,0.0,0,0
2019-2020,2019-10-06,Southampton,Chelsea,1,4,A,1,3,A,10,13,3,7,8,15,3,4,0,1,0,0,1444.8940826511919,1562.396495712344,-117.50241306115208,1.1,1.8,0.9,1.8,1.4,1.6,0,0,0.5,0.5,0.0,0.0,0.0,0.0,0,0
2019-2020,2019-10-06,Newcastle,Man United,1,0,H,0,0,D,12,12,2,3,12,10,4,6,3,3,0,0,1456.4996915725083,1542.9505882215649,-86.45089664905663,1.1,1.7,0.9,1.1,1.1,1.1,0,0,0.5,0.5,0.0,0.0,0.0,0.0,0,0
2019-2020,2019-10-19,Chelsea,Newcastle,1,0,H,0,0,D,16,5,8,0,9,12,11,0,2,1,0,0,1571.8931614750281,1466.1099146011127,105.78324687391546,2.1,1.4,1.8,1.1,1.6,1.1,0,0,0.5,0.5,0.0,0.0,0.0,0.0,0,0
2019-2020,2019-10-19,Everton,West Ham,2,0,H,1,0,H,19,8,10,4,15,15,11,2,2,2,0,0,1469.6929580486608,1497.6126686337964,-27.91971058513559,1.0,1.5,1.1,1.8,1.2,1.8,0,0,0.5,0.5,0.0,0.0,0.0,0.0,0,0
2019-2020,2019-10-19,Bournemouth,Norwich,0,0,D,0,0,D,11,10,2,1,8,11,6,7,1,3,0,0,1464.4741887001937,1413.8429733926298,50.631215307563934,1.7,1.8,1.4,1.4,2.6,0.9,0,1,0.5,0.5,0.0,0.0,0.0,0.0,0,0
2019-2020,2019-10-19,Aston Villa,Brighton,2,1,H,1,1,D,24,20,8,5,9,17,7,5,1,2,0,1,1391.9615923876938,1427.9370880325887,-35.97549564489486,1.3,1.6,0.9,1.0,1.5,1.0,1,0,0.5,0.5,0.0,0.0,0.0,0.0,0,0
2019-2020,2019-10-19,Wolves,Southampton,1,1,D,0,0,D,4,14,1,5,10,17,1,3,3,2,0,0,1496.1922560871512,1435.3974168885077,60.79483919864356,1.2,1.3,1.3,0.9,1.9,0.8,0,0,0.5,0.5,0.0,0.0,0.0,0.0,0,0
2019-2020,2019-10-19,Tottenham,Watford,1,1,D,0,1,A,12,7,2,2,5,9,11,2,4,3,0,0,1540.0500644638644,1423.181686528076,116.86837793578843,1.6,1.5,1.2,0.5,2.7,0.3,0,0,0.5,0.5,0.0,0.0,0.0,0.0,0,0
2019-2020,2019-10-19,Crystal Palace,Man City,0,2,A,0,2,A,7,21,2,10,8,10,1,8,1,1,0,0,1506.832313084654,1660.6586199120493,-153.82630682739523,1.6,1.3,2.0,3.2,1.0,2.2,0,0,0.5,0.5,0.0,0.0,0.0,0.0,0,0
2019-2020,2019-10-19,Leicester,Burnley,2,1,H,1,1,D,19,13,3,4,4,10,9,4,0,3,0,0,1508.442919277678,1473.212009422838,35.230909854839865,1.4,0.8,1.5,1.2,1.4,1.2,0,0,0.5,0.5,0.0,0.0,0.0,0.0,0,0
2019-2020,2019-10-20,Man United,Liverpool,1,1,D,1,0,H,7,10,2,4,6,14,3,1,0,1,0,0,1533.3403651929605,1694.4332456031257,-161.0928804101652,1.0,1.1,1.0,2.5,0.8,3.0,0,0,0.5,0.5,0.0,0.0,0.0,0.0,0,0
2019-2020,2019-10-21,Sheffield United,Arsenal,1,0,H,1,0,H,8,9,2,3,10,12,7,12,4,4,0,0,1359.1960556021122,1566.6908182022032,-207.494762600091,0.875,0.875,1.125,1.7,1.3,1.9,1,0,0.5,0.5,0.0,0.0,0.0,0.0,0,0
2019-2020,2019-10-25,Southampton,Leicester,0,9,A,0,5,A,6,25,3,15,3,12,2,7,0,0,1,0,1439.7210908844966,1514.7359928295673,-75.01490194507073,1.0,1.7,0.9,1.6,0.8,1.8,0,0,0.5,0.5,0.0,0.0,0.0,0.0,0,0
2019-2020,2019-10-26,Man City,Aston Villa,3,0,H,0,0,D,25,11,9,5,10,5,13,7,1,1,1,0,1669.1216512145818,1400.1393985790462,268.9822526355356,3.3,1.0,2.2,1.5,1.7,1.1,0,1,0.5,0.5,0.0,0.0,0.0,0.0,0,0
2019-2020,2019-10-26,Brighton,Everton,3,2,H,1,1,D,8,10,4,6,12,12,0,5,2,1,0,0,1419.7592818412363,1477.6475818440274,-57.888300002791084,1.0,1.6,0.9,1.0,1.5,1.1,0,0,0.5,0.5,0.0,0.0,0.0,0.0,0,0
2019-2020,2019-10-26,Watford,Bournemouth,0,0,D,0,0,D,7,15,3,5,14,8,5,10,5,3,0,0,1428.7221236981754,1460.391338090611,-31.669214392435606,0.6,2.5,0.4,1.6,1.8,1.2,0,0,0.5,0.5,0.0,0.0,0.0,0.0,0,0
2019-2020,2019-10-26,West Ham,Sheffield United,1,1,D,1,0,H,12,10,4,4,7,10,10,4,2,2,0,0,1489.6580448384298,1372.1949198178875,117.4631250205423,1.5,1.4,1.5,0.8888888888888888,0.7777777777777778,1.3333333333333333,0,1,0.5,0.5,0.0,0.0,0.0,0.0,0,0
2019-2020,2019-10-26,Burnley,Chelsea,2,4,A,0,2,A,13,16,5,7,7,8,5,6,3,2,0,0,1466.9189358709486,1576.5777425818717,-109.65880671092305,1.3,1.4,1.2,1.9,1.4,1.8,0,0,0.5,0.5,0.0,0.0,0.0,0.0,0,0
2019-2020,2019-10-27,Newcastle,Wolves,1,1,D,1,0,H,13,13,2,5,8,15,3,6,2,2,1,0,1461.4253334942691,1491.8685820911624,-30.443248596893227,0.9,1.4,1.1,1.2,1.4,1.1,0,0,0.5,0.5,0.0,0.0,0.0,0.0,0,0
2019-2020,2019-10-27,Arsenal,Crystal Palace,2,2,D,2,1,H,15,10,6,4,18,9,12,5,2,0,0,0,1553.691953986428,1498.3692817821216,55.3226722043064,1.6,1.3,1.8,1.3,1.3,1.7,0,0,0.5,0.5,0.0,0.0,0.0,0.0,0,0
2019-2020,2019-10-27,Liverpool,Tottenham,2,1,H,0,1,A,21,11,13,4,9,11,8,3,3,3,0,0,1692.692752684974,1534.5096272937649,158.18312539120916,2.3,0.7,2.8,1.7,1.5,1.3,0,0,0.5,0.5,0.0,0.0,0.0,0.0,0,0
2019-2020,2019-10-27,Norwich,Man United,1,3,A,0,2,A,10,21,3,11,13,10,1,10,2,2,0,0,1417.9258240022125,1535.080858111112,-117.1550341088996,1.0,2.4,0.7,1.0,1.1,1.0,1,0,0.5,0.5,0.0,0.0,0.0,0.0,0,0
2019-2020,2019-11-02,Brighton,Norwich,2,0,H,0,0,D,21,7,5,0,11,8,8,3,0,1,0,0,1428.553110602659,1408.4191847013738,20.133925901285238,1.2,1.4,1.2,1.1,2.4,0.7,0,1,0.5,0.5,0.0,0.0,0.0,0.0,0,0
2019-2020,2019-11-02,Arsenal,Wolves,1,1,D,1,0,H,10,25,4,8,6,15,8,9,0,2,0,0,1549.497205318638,1493.8442613743512,55.65294394428679,1.5,1.4,1.6,1.3,1.3,1.2,0,0,0.5,0.5,0.0,0.0,0.0,0.0,0,0
2019-2020,2019-11-02,Aston Villa,Liverpool,1,2,A,1,0,H,5,25,2,6,12,9,2,10,1,2,0,0,1398.003741958552,1696.3825433071027,-298.3788013485507,1.5,1.6,1.1,2.3,0.8,2.8,1,0,0.5,0.5,0.0,0.0,0.0,0.0,0,0
2019-2020,2019-11-02,Bournemouth,Man United,1,0,H,1,0,H,12,15,6,4,14,12,4,10,4,3,0,0,1462.333085053598,1544.5874974119508,-82.25441235835274,1.3,1.3,1.3,1.3,1.0,1.3,0,0,0.5,0.5,0.0,0.0,0.0,0.0,0,0
2019-2020,2019-11-02,Man City,Southampton,2,1,H,0,1,A,26,3,4,3,11,10,17,0,3,1,0,0,1671.257307835076,1429.0031990462571,242.25410878881894,3.2,0.9,2.2,0.9,2.5,0.8,0,0,0.5,0.5,0.0,0.0,0.0,0.0,0,0
2019-2020,2019-11-02,Sheffield United,Burnley,3,0,H,3,0,H,13,6,6,0,8,12,7,6,1,2,0,0,1377.7472092547853,1457.1968670787667,-79.4496578239814,0.9,0.8,1.3,1.4,1.5,1.2,1,0,0.5,0.5,0.0,0.0,0.0,0.0,0,0
2019-2020,2019-11-02,Watford,Chelsea,1,2,A,0,1,A,12,16,3,10,8,5,1,6,4,2,0,0,1426.7803767351884,1586.2998113740537,-159.51943463886528,0.5,2.1,0.5,2.3,1.6,2.0,0,0,0.5,0.5,0.0,0.0,0.0,0.0,0,0
2019-2020,2019-11-02,West Ham,Newcastle,2,3,A,0,2,A,16,12,6,9,10,7,7,3,2,1,0,0,1484.105755401532,1459.4496542110803,24.656101190451636,1.2,1.4,1.3,0.6,1.5,0.9,0,0,0.5,0.5,0.0,0.0,0.0,0.0,0,0
2019-2020,2019-11-03,Crystal Palace,Leicester,0,2,A,0,0,D,12,14,3,5,15,16,5,6,2,2,0,0,1502.5640304499116,1525.4538846678067,-22.889854217895163,1.0,1.2,1.5,2.5,0.8,2.0,0,0,0.5,0.5,0.0,0.0,0.0,0.0,0,0
2019-2020,2019-11-03,Everton,Tottenham,1,1,D,0,0,D,7,4,3,2,9,8,5,2,1,2,0,1,1468.8537530826047,1530.8198366716363,-61.96608358903154,1.0,1.6,1.0,1.6,1.5,1.2,0,0,0.5,0.5,0.0,0.0,0.0,0.0,0,0
2019-2020,2019-11-08,Norwich,Watford,0,2,A,0,1,A,17,12,5,2,7,13,10,4,1,2,0,1,1401.745401856835,1418.4769198003132,-16.73151794347814,1.0,2.2,0.7,0.6,2.0,0.5,1,0,0.5,0.5,0.0,0.0,0.0,0.0,0,0
2019-2020,2019-11-09,Burnley,West Ham,3,0,H,2,0,H,14,7,12,4,17,10,11,4,2,1,0,0,1447.7876646532309,1470.664285448938,-22.87662079570714,1.1,1.8,0.9,1.4,1.2,1.3,0,0,0.5,0.5,0.0,0.0,0.0,0.0,0,0
2019-2020,2019-11-09,Chelsea,Crystal Palace,2,0,H,0,0,D,23,3,5,1,9,17,7,0,3,2,0,0,1594.6032683089288,1490.3803590933353,104.22290921559352,2.5,1.3,2.3,1.0,1.4,1.4,0,0,0.5,0.5,0.0,0.0,0.0,0.0,0,0
2019-2020,2019-11-09,Newcastle,Bournemouth,2,1,H,1,1,D,20,16,9,3,10,5,5,4,2,0,0,0,1472.8911241636742,1471.8227696682738,1.0683544954003992,0.9,1.6,1.2,1.3,1.2,1.5,0,0,0.5,0.5,0.0,0.0,0.0,0.0,0,0
2019-2020,2019-11-09,Southampton,Everton,1,2,A,0,1,A,4,24,3,5,12,12,5,9,1,1,0,0,1426.5557929714516,1467.7634010047686,-41.207608033317,1.0,2.4,0.8,1.1,1.7,1.0,0,0,0.5,0.5,0.0,0.0,0.0,0.0,0,0
2019-2020,2019-11-09,Leicester,Arsenal,2,0,H,0,0,D,19,8,7,1,10,10,5,4,1,1,0,0,1537.637556024383,1545.2946264558393,-7.6570704314563045,2.7,0.8,2.2,1.5,1.5,1.4,0,0,0.5,0.5,0.0,0.0,0.0,0.0,0,0
2019-2020,2019-11-09,Tottenham,Sheffield United,1,1,D,0,0,D,17,14,5,4,6,9,4,4,2,2,0,0,1531.9101887494724,1387.156411680321,144.75377706915128,1.4,1.5,1.0,1.1,0.7,1.5,0,1,0.5,0.5,0.0,0.0,0.0,0.0,0,0
2019-2020,2019-11-10,Man United,Brighton,3,1,H,2,0,H,21,6,11,2,10,14,5,2,2,5,0,0,1535.097812797275,1435.2268934471977,99.87091935007743,0.9,1.1,1.0,1.1,1.4,1.2,0,0,0.5,0.5,0.0,0.0,0.0,0.0,0,0
2019-2020,2019-11-10,Wolves,Aston Villa,2,1,H,1,0,H,17,13,5,4,17,8,6,3,4,3,0,0,1498.0468402371498,1393.1645289192418,104.88231131790803,1.4,1.4,1.2,1.5,1.5,1.1,0,1,0.5,0.5,0.0,0.0,0.0,0.0,0,0
2019-2020,2019-11-10,Liverpool,Man City,3,1,H,2,0,H,12,18,5,3,10,5,4,13,0,2,0,0,1701.2217563464128,1673.7047139098815,27.517042436531256,2.1,0.8,2.8,2.9,1.0,2.2,0,0,0.5,0.5,0.0,0.0,0.0,0.0,0,0
2019-2020,2019-11-23,Brighton,Leicester,0,2,A,0,0,D,7,19,0,9,9,1,6,7,2,0,0,0,1430.419118862991,1545.0405780991111,-114.62145923612024,1.1,1.6,1.1,2.8,0.7,2.4,0,0,0.5,0.5,0.0,0.0,0.0,0.0,0,0
2019-2020,2019-11-23,Arsenal,Southampton,2,2,D,1,1,D,12,21,5,6,13,19,6,8,6,2,0,0,1537.8916043811112,1414.879580761219,123.01202361989226,1.3,1.6,1.1,1.0,2.4,0.8,0,0,0.5,0.5,0.0,0.0,0.0,0.0,0,0
2019-2020,2019-11-23,Bournemouth,Wolves,1,2,A,0,2,A,9,17,2,7,10,12,5,9,2,1,1,0,1464.6523818846886,1502.750051526755,-38.09766964206642,1.2,1.3,1.2,1.5,1.4,1.4,0,0,0.5,0.5,0.0,0.0,0.0,0.0,0,0
2019-2020,2019-11-23,West Ham,Tottenham,2,3,A,0,2,A,11,15,4,6,12,14,3,7,3,2,0,0,1462.8483195286394,1525.838290519512,-62.98997099087251,1.3,1.4,1.2,1.3,1.4,1.0,0,0,0.5,0.5,0.0,0.0,0.0,0.0,0,0
2019-2020,2019-11-23,Crystal Palace,Liverpool,1,2,A,0,0,D,16,12,6,4,8,7,9,8,0,1,0,0,1485.6634797375307,1707.707901300121,-222.0444215625903,1.0,1.5,1.4,2.2,0.8,2.8,0,0,0.5,0.5,0.0,0.0,0.0,0.0,0,0
2019-2020,2019-11-23,Watford,Burnley,0,3,A,0,0,D,15,11,4,5,14,13,7,5,0,3,0,0,1430.8287218708017,1455.6036305735295,-24.77490870272777,0.8,1.9,0.8,1.3,1.6,1.2,0,0,0.5,0.5,0.0,0.0,0.0,0.0,0,0
2019-2020,2019-11-23,Everton,Norwich,0,2,A,0,0,D,18,13,7,5,12,11,7,7,3,5,0,0,1479.4396132150014,1389.3935997863466,90.04601342865476,1.2,1.8,1.0,0.7,2.3,0.4,0,1,0.5,0.5,0.0,0.0,0.0,0.0,0,0
2019-2020,2019-11-23,Man City,Chelsea,2,1,H,2,1,H,15,11,4,2,5,9,8,2,1,1,0,0,1667.2185689561734,1599.3201476647334,67.89842129143994,2.8,1.1,2.1,2.6,1.2,2.5,0,0,0.5,0.5,0.0,0.0,0.0,0.0,0,0
2019-2020,2019-11-24,Sheffield United,Man United,3,3,D,1,0,H,12,11,8,5,13,10,6,3,1,2,0,0,1393.2283099102815,1539.9055873814818,-146.67727747120034,1.1,0.8,1.3,1.1,1.1,1.2,1,0,0.5,0.5,0.0,0.0,0.0,0.0,0,0
2019-2020,2019-11-25,Aston Villa,Newcastle,2,0,H,2,0,H,17,11,8,5,10,9,11,6,1,1,0,0,1388.4613176296366,1480.0615119472595,-91.60019431762294,1.5,1.5,1.1,1.0,1.4,1.5,1,0,0.5,0.5,0.0,0.0,0.0,0.0,0,0
2019-2020,2019-11-30,Newcastle,Man City,2,2,D,1,1,D,6,24,3,9,4,6,1,10,1,2,0,0,1470.3032306954967,1672.7301384603245,-202.42690776482777,0.9,1.6,1.2,2.7,1.1,2.1,0,0,0.5,0.5,0.0,0.0,0.0,0.0,0,0
2019-2020,2019-11-30,Burnley,Crystal Palace,0,2,A,0,1,A,15,7,4,2,13,10,5,6,2,0,0,0,1467.7355720850983,1479.0385118296936,-11.302939744595278,1.5,1.5,1.4,0.9,1.6,1.1,0,0,0.5,0.5,0.0,0.0,0.0,0.0,0,0
2019-2020,2019-11-30,Chelsea,West Ham,0,1,A,0,0,D,19,5,6,4,0,16,9,3,0,3,0,0,1593.8085781605823,1451.7870962171423,142.02148194344,2.4,1.2,2.2,1.2,1.6,0.9,0,0,0.5,0.5,0.0,0.0,0.0,0.0,0,0
2019-2020,2019-11-30,Liverpool,Brighton,2,1,H,2,0,H,15,12,7,5,3,10,4,5,0,0,1,0,1714.332869207958,1420.8397100210957,293.4931591868624,2.1,0.8,2.8,1.1,1.6,1.1,0,0,0.5,0.5,0.0,0.0,0.0,0.0,0,0
2019-2020,2019-11-30,Tottenham,Bournemouth,3,2,H,1,0,H,15,20,5,6,10,12,4,8,0,2,0,0,1536.899513831009,1452.889306087572,84.01020774343692,1.6,1.5,1.3,1.2,1.2,1.2,0,0,0.5,0.5,0.0,0.0,0.0,0.0,0,0
2019-2020,2019-11-30,Southampton,Watford,2,1,H,0,1,A,11,6,6,3,6,10,6,7,1,0,0,0,1420.5413647668877,1418.696780359233,1.8445844076547928,1.0,2.6,0.6,0.7,1.9,0.8,0,0,0.5,0.5,0.0,0.0,0.0,0.0,0,0
2019-2020,2019-12-01,Leicester,Everton,2,1,H,0,1,A,16,11,6,3,7,9,4,4,0,1,0,0,1554.6199869410063,1464.4569563191628,90.16303062184352,2.8,0.6,2.4,1.2,1.8,1.0,0,0,0.5,0.5,0.0,0.0,0.0,0.0,0,0
2019-2020,2019-12-01,Man United,Aston Villa,2,2,D,1,1,D,16,9,6,3,16,8,9,9,4,1,0,0,1538.5701324030993,1398.2195988813994,140.35053352169984,1.3,1.2,1.3,1.5,1.5,1.1,0,1,0.5,0.5,0.0,0.0,0.0,0.0,0,0
2019-2020,2019-12-01,Norwich,Arsenal,2,2,D,2,1,H,15,16,8,7,8,10,7,12,2,1,0,0,1404.3762566821852,1532.2298203754424,-127.85356369325723,0.7,2.0,0.7,1.4,1.5,1.2,1,0,0.5,0.5,0.0,0.0,0.0,0.0,0,0
2019-2020,2019-12-01,Wolves,Sheffield United,1,1,D,0,1,A,13,9,3,4,12,18,7,2,1,4,0,0,1514.5131273238715,1394.563764888664,119.94936243520738,1.6,1.4,1.6,1.3,0.9,1.4,0,1,0.5,0.5,0.0,0.0,0.0,0.0,0,0
2019-2020,2019-12-03,Crystal Palace,Bournemouth,1,0,H,0,0,D,7,6,2,3,6,15,6,9,3,3,1,0,1491.5373666294552,1447.7402419357488,43.79712469370634,1.0,1.6,1.1,1.3,1.2,1.2,0,0,0.5,0.5,0.0,0.0,0.0,0.0,0,0
2019-2020,2019-12-03,Burnley,Man City,1,4,A,0,1,A,4,17,2,8,9,6,3,6,1,1,0,0,1455.2367172853367,1669.8645946833897,-214.627877398053,1.5,1.4,1.4,2.5,1.3,1.9,0,0,0.5,0.5,0.0,0.0,0.0,0.0,0,0
2019-2020,2019-12-04,Chelsea,Aston Villa,2,1,H,1,1,D,25,9,9,3,18,10,9,5,2,1,0,0,1577.7865652735727,1404.2108702389592,173.57569503461355,2.2,1.1,2.1,1.7,1.6,1.2,0,1,0.5,0.5,0.0,0.0,0.0,0.0,0,0
2019-2020,2019-12-04,Leicester,Watford,2,0,H,0,0,D,12,4,6,1,13,16,7,2,3,2,0,0,1559.6347986198402,1411.5469324158369,148.08786620400338,2.7,0.6,2.4,0.7,2.0,0.7,0,0,0.5,0.5,0.0,0.0,0.0,0.0,0,0
2019-2020,2019-12-04,Man United,Tottenham,2,1,H,1,1,D,12,8,7,5,9,9,4,3,0,1,0,0,1532.5788610455395,1542.0485779828323,-9.469716937292787,1.4,1.3,1.3,1.7,1.5,1.5,0,0,0.5,0.5,0.0,0.0,0.0,0.0,0,0
2019-2020,2019-12-04,Southampton,Norwich,2,1,H,2,0,H,14,10,5,3,12,7,6,1,1,1,0,0,1427.6912127102837,1405.1762335873993,22.51497912288437,1.1,2.6,0.8,0.9,2.0,0.8,0,1,0.5,0.5,0.0,0.0,0.0,0.0,0,0
2019-2020,2019-12-04,Wolves,West Ham,2,0,H,1,0,H,13,6,7,3,8,9,5,4,1,2,0,0,1508.9115353072928,1467.809109104152,41.102426203140794,1.5,1.2,1.7,1.1,1.6,0.9,0,0,0.5,0.5,0.0,0.0,0.0,0.0,0,0
2019-2020,2019-12-04,Liverpool,Everton,5,2,H,4,2,H,11,12,5,4,13,17,5,6,1,2,0,0,1716.213918379746,1459.442144640329,256.7717737394171,2.0,0.9,2.8,1.0,1.8,0.7,0,0,0.5,0.5,0.0,0.0,0.0,0.0,0,0
2019-2020,2019-12-05,Sheffield United,Newcastle,0,2,A,0,1,A,13,6,6,4,10,6,8,1,2,0,0,0,1400.1653569052428,1473.1687744724316,-73.00341756718876,1.2,0.8,1.4,1.0,1.7,1.2,1,0,0.5,0.5,0.0,0.0,0.0,0.0,0,0
2019-2020,2019-12-05,Arsenal,Brighton,1,2,A,0,1,A,12,20,5,9,10,11,9,9,3,1,0,0,1531.4298434702282,1418.9586608493078,112.47118262092044,1.4,1.5,1.2,1.2,1.4,1.1,0,0,0.5,0.5,0.0,0.0,0.0,0.0,0,0
2019-2020,2019-12-07,Watford,Crystal Palace,0,0,D,0,0,D,13,3,3,0,15,16,6,2,4,2,0,0,1407.6790611323781,1497.619733115526,-89.94067198314792,0.5,2.0,0.6,1.1,1.2,1.4,0,0,0.5,0.5,0.0,0.0,0.0,0.0,0,0
2019-2020,2019-12-07,Man City,Man United,1,2,A,0,2,A,22,11,5,7,10,10,16,3,3,2,0,0,1676.6800558770908,1540.0306022039304,136.64945367316045,2.7,1.1,2.2,1.5,1.4,1.3,0,0,0.5,0.5,0.0,0.0,0.0,0.0,0,0
2019-2020,2019-12-07,Everton,Chelsea,3,1,H,1,0,H,13,15,7,4,14,9,1,5,3,0,0,0,1457.1686511262844,1581.2171486606478,-124.04849753436338,1.1,2.0,0.7,1.9,1.0,2.1,0,0,0.5,0.5,0.0,0.0,0.0,0.0,0,0
2019-2020,2019-12-07,Bournemouth,Liverpool,0,3,A,0,2,A,3,21,0,9,5,6,1,3,0,1,0,0,1441.657875449678,1718.4874118937905,-276.8295364441126,1.0,1.2,0.9,2.2,1.0,2.8,0,0,0.5,0.5,0.0,0.0,0.0,0.0,0,0
2019-2020,2019-12-07,Tottenham,Burnley,5,0,H,3,0,H,13,7,7,1,12,8,1,1,1,1,0,0,1534.5968368244414,1448.4212560916355,86.17558073280588,1.4,1.7,1.2,1.5,1.7,1.3,0,0,0.5,0.5,0.0,0.0,0.0,0.0,0,0
2019-2020,2019-12-08,Newcastle,Southampton,2,1,H,0,0,D,12,19,6,4,11,17,3,12,1,3,0,0,1483.9442385396742,1434.3041851188038,49.640053420870345,1.1,1.4,1.5,1.2,2.7,0.8,0,0,0.5,0.5,0.0,0.0,0.0,0.0,0,0
2019-2020,2019-12-08,Aston Villa,Leicester,1,4,A,1,2,A,15,23,2,8,21,15,8,5,6,2,0,0,1400.780286851884,1563.502669903299,-162.7223830514149,1.8,1.8,1.1,2.9,0.5,2.7,1,0,0.5,0.5,0.0,0.0,0.0,0.0,0,0
2019-2020,2019-12-08,Brighton,Wolves,2,2,D,2,2,D,13,13,4,5,10,7,3,4,3,0,0,0,1434.4107717981058,1515.0597564880823,-80.64898468997649,1.3,1.4,1.3,1.5,0.7,2.0,0,0,0.5,0.5,0.0,0.0,0.0,0.0,0,0
2019-2020,2019-12-08,Norwich,Sheffield United,1,2,A,1,0,H,14,9,4,3,6,12,9,1,0,4,0,0,1398.5632611788792,1389.3898928380002,9.173368340879051,0.7,2.0,0.5,1.2,0.9,1.4,1,1,0.5,0.5,0.0,0.0,0.0,0.0,0,0
2019-2020,2019-12-09,West Ham,Arsenal,1,3,A,1,0,H,11,10,4,3,12,6,4,3,2,0,0,0,1461.6608879233625,1515.9777325214302,-54.316844598067746,1.1,1.8,0.8,1.3,1.5,1.1,0,0,0.5,0.5,0.0,0.0,0.0,0.0,0,0
2019-2020,2019-12-14,Liverpool,Watford,2,0,H,1,0,H,16,8,6,2,8,6,6,3,2,1,0,0,1723.796095753869,1407.389611273698,316.406484480171,2.3,0.9,2.8,0.5,1.2,0.7,0,0,0.5,0.5,0.0,0.0,0.0,0.0,0,0
2019-2020,2019-12-14,Burnley,Newcastle,1,0,H,0,0,D,7,9,4,0,15,12,4,3,0,2,0,0,1443.3197061927858,1489.8851880071295,-46.565481814343684,1.3,2.2,1.0,1.3,1.5,1.7,0,0,0.5,0.5,0.0,0.0,0.0,0.0,0,0
2019-2020,2019-12-14,Chelsea,Bournemouth,0,1,A,0,0,D,18,11,5,2,9,14,9,4,1,2,0,0,1570.5260805478074,1436.3491915895995,134.17688895820788,1.9,1.1,2.1,0.7,1.4,0.6,0,0,0.5,0.5,0.0,0.0,0.0,0.0,0,0
2019-2020,2019-12-14,Leicester,Norwich,1,1,D,1,1,D,18,10,5,3,11,15,12,4,0,4,0,0,1571.716734332276,1385.5204917432757,186.19624258900035,3.1,0.5,2.7,0.8,2.0,0.5,0,1,0.5,0.5,0.0,0.0,0.0,0.0,0,0
2019-2020,2019-12-14,Sheffield United,Aston Villa,2,0,H,0,0,D,7,8,3,0,10,9,3,2,2,2,0,0,1402.4326622736037,1392.566222422907,9.866439850696679,1.2,1.0,1.4,1.7,1.9,1.1,1,1,0.5,0.5,0.0,0.0,0.0,0.0,0,0
2019-2020,2019-12-14,Southampton,West Ham,0,1,A,0,1,A,11,11,2,4,9,14,5,8,1,3,0,0,1428.3632356513485,1450.3535464460153,-21.99031079466681,1.2,2.6,0.8,1.0,2.1,0.5,0,0,0.5,0.5,0.0,0.0,0.0,0.0,0,0
2019-2020,2019-12-15,Man United,Everton,1,1,D,0,1,A,24,8,8,3,10,12,6,5,1,2,0,0,1555.9531496403831,1467.8597192391248,88.09343040125827,1.7,1.3,1.6,1.4,1.9,1.0,0,0,0.5,0.5,0.0,0.0,0.0,0.0,0,0
2019-2020,2019-12-15,Wolves,Tottenham,1,2,A,0,1,A,18,9,5,5,14,10,11,2,4,4,0,0,1515.6161482675866,1539.6983867232912,-24.082238455704555,1.6,0.8,2.0,1.8,1.5,1.5,0,0,0.5,0.5,0.0,0.0,0.0,0.0,0,0
2019-2020,2019-12-15,Arsenal,Man City,0,3,A,0,3,A,6,14,1,7,9,24,3,3,1,4,0,0,1527.2850739987773,1660.757508440638,-133.47243444186074,1.3,1.4,1.1,2.0,1.3,1.9,0,0,0.5,0.5,0.0,0.0,0.0,0.0,0,0
2019-2020,2019-12-16,Crystal Palace,Brighton,1,1,D,0,0,D,11,15,4,10,7,12,3,7,1,1,0,0,1497.9091829742063,1433.8543800186014,64.05480295560483,1.0,1.1,1.4,1.5,1.6,1.3,0,0,0.5,0.5,0.0,0.0,0.0,0.0,0,0
2019-2020,2019-12-21,Bournemouth,Burnley,0,1,A,0,0,D,3,2,0,1,13,21,4,5,2,4,0,0,1452.2253407516923,1451.7937495991534,0.4315911525388856,0.6,1.2,0.8,1.2,2.0,1.2,0,0,0.5,0.5,0.0,0.0,0.0,0.0,0,0
2019-2020,2019-12-21,Everton,Arsenal,0,0,D,0,0,D,9,6,0,2,10,11,5,4,2,3,0,0,1472.8000107556845,1518.2455184343992,-45.44550767871465,1.4,1.7,1.1,1.2,1.6,1.0,0,0,0.5,0.5,0.0,0.0,0.0,0.0,0,0
2019-2020,2019-12-21,Newcastle,Crystal Palace,1,0,H,0,0,D,8,16,3,4,12,11,4,5,2,0,0,0,1481.4111446007619,1493.509530738957,-12.09838613819511,1.3,1.1,1.7,0.9,1.2,1.2,0,0,0.5,0.5,0.0,0.0,0.0,0.0,0,0
2019-2020,2019-12-21,Aston Villa,Southampton,1,3,A,0,2,A,19,17,6,8,16,15,7,5,2,1,0,0,1385.627082162249,1416.1549219299643,-30.52783976771525,1.5,1.9,1.0,1.1,2.5,0.8,1,0,0.5,0.5,0.0,0.0,0.0,0.0,0,0
2019-2020,2019-12-21,Norwich,Wolves,1,2,A,1,0,H,13,14,7,4,7,14,3,11,2,4,0,0,1392.291489826422,1503.4651843697975,-111.1736945433754,0.9,1.9,0.6,1.5,1.0,1.7,1,0,0.5,0.5,0.0,0.0,0.0,0.0,0,0
2019-2020,2019-12-21,Man City,Leicester,3,1,H,2,1,H,23,5,12,2,14,9,6,1,2,2,0,0,1669.7970640050162,1564.9457362491296,104.85132775588659,2.0,1.2,1.9,2.7,0.6,2.5,0,0,0.5,0.5,0.0,0.0,0.0,0.0,0,0
2019-2020,2019-12-21,Brighton,Sheffield United,0,1,A,0,1,A,9,7,2,2,6,11,4,3,1,3,0,0,1438.2540322538507,1409.3718025342616,28.882229719589077,1.6,1.5,1.4,1.4,0.9,1.7,0,1,0.5,0.5,0.0,0.0,0.0,0.0,0,0
2019-2020,2019-12-22,Watford,Man United,2,0,H,0,0,D,11,17,3,8,16,11,3,5,3,1,0,0,1405.7216197540652,1551.0128581238234,-145.29123836975828,0.5,1.2,0.7,1.7,1.3,1.6,0,0,0.5,0.5,0.0,0.0,0.0,0.0,0,0
2019-2020,2019-12-22,Tottenham,Chelsea,0,2,A,0,2,A,5,13,1,3,9,11,3,5,4,3,1,0,1551.8493506210802,1554.6499313857146,-2.800580764634333,1.8,1.5,1.5,1.7,1.2,1.8,0,0,0.5,0.5,0.0,0.0,0.0,0.0,0,0
2019-2020,2019-12-26,Crystal Palace,West Ham,2,1,H,0,0,D,13,10,4,2,5,10,7,6,0,2,0,0,1485.9869081148167,1462.5618601673996,23.42504794741717,0.7,1.2,0.9,0.9,1.9,0.7,0,0,0.5,0.5,0.0,0.0,0.0,0.0,0,0
2019-2020,2019-12-26,Tottenham,Brighton,2,1,H,0,1,A,11,11,5,5,10,9,9,2,4,2,0,0,1539.12249884079,1424.7057832310759,114.41671560971417,1.8,1.4,1.5,1.3,1.6,1.1,0,0,0.5,0.5,0.0,0.0,0.0,0.0,0,0
2019-2020,2019-12-26,Aston Villa,Norwich,1,0,H,0,0,D,11,16,2,6,15,12,5,8,2,3,0,0,1373.653742686165,1382.6129837751735,-8.959241089008401,1.1,2.1,0.7,0.9,1.6,0.6,1,1,0.5,0.5,0.0,0.0,0.0,0.0,0,0
2019-2020,2019-12-26,Bournemouth,Arsenal,1,1,D,1,0,H,12,17,4,2,5,13,8,3,4,4,0,0,1439.4125973560913,1519.8029442697984,-80.39034691370716,0.6,1.2,0.8,1.1,1.6,0.8,0,0,0.5,0.5,0.0,0.0,0.0,0.0,0,0
2019-2020,2019-12-26,Everton,Burnley,1,0,H,0,0,D,21,6,5,0,15,14,10,2,0,0,0,0,1471.2425849202853,1464.6064929947545,6.6360919255307635,1.4,1.6,1.2,1.2,2.0,1.2,0,0,0.5,0.5,0.0,0.0,0.0,0.0,0,0
2019-2020,2019-12-26,Sheffield United,Watford,1,1,D,1,1,D,16,5,4,2,11,8,9,1,1,3,0,0,1422.9200515570365,1417.0178721177906,5.902179439245856,1.5,0.9,1.9,0.7,1.2,0.9,1,0,0.5,0.5,0.0,0.0,0.0,0.0,0,0
2019-2020,2019-12-26,Man United,Newcastle,4,1,H,3,1,H,22,7,10,2,10,7,5,0,2,2,0,0,1539.716605760098,1488.933767224902,50.78283853519588,1.7,1.4,1.6,1.3,1.1,1.7,0,0,0.5,0.5,0.0,0.0,0.0,0.0,0,0
2019-2020,2019-12-26,Leicester,Liverpool,0,4,A,0,1,A,3,15,0,6,5,7,2,8,1,1,0,0,1560.2418833477611,1725.4640872735017,-165.2222039257406,2.7,0.7,2.5,2.4,0.9,2.8,0,0,0.5,0.5,0.0,0.0,0.0,0.0,0,0
2019-2020,2019-12-26,Chelsea,Southampton,0,2,A,0,1,A,10,5,3,3,10,9,8,1,3,2,0,0,1567.3767831660048,1428.1282614060483,139.24852175995647,1.5,1.1,1.8,1.3,2.2,1.1,0,0,0.5,0.5,0.0,0.0,0.0,0.0,0,0
2019-2020,2019-12-27,Wolves,Man City,3,2,H,0,1,A,20,7,8,3,7,13,3,1,0,1,0,1,1513.1436904210461,1674.5009169063846,-161.35722648533851,1.5,1.1,1.7,2.3,1.1,2.2,0,0,0.5,0.5,0.0,0.0,0.0,0.0,0,0
2019-2020,2019-12-28,Watford,Aston Villa,3,0,H,1,0,H,20,11,6,2,16,9,6,3,3,1,1,0,1419.9749632931275,1381.0917504073616,38.88321288576594,0.7,1.2,0.9,1.0,2.0,0.7,0,1,0.5,0.5,0.0,0.0,0.0,0.0,0,0
2019-2020,2019-12-28,Brighton,Bournemouth,2,0,H,1,0,H,16,10,6,2,8,11,9,2,0,2,0,0,1420.1971255582039,1438.848784736844,-18.651659178640102,1.3,1.6,1.1,0.7,1.3,0.8,0,0,0.5,0.5,0.0,0.0,0.0,0.0,0,0
2019-2020,2019-12-28,Southampton,Crystal Palace,1,1,D,0,0,D,14,5,5,2,13,7,12,4,1,2,0,0,1444.099161113145,1492.5767121958604,-48.47755108271531,1.4,2.1,1.3,0.9,1.1,1.2,0,0,0.5,0.5,0.0,0.0,0.0,0.0,0,0
2019-2020,2019-12-28,Burnley,Man United,0,2,A,0,1,A,8,14,1,5,17,10,5,4,4,3,0,0,1457.5828486690266,1545.6301192068738,-88.04727053784723,1.1,1.9,1.2,2.0,1.4,1.8,0,0,0.5,0.5,0.0,0.0,0.0,0.0,0,0
2019-2020,2019-12-28,Norwich,Tottenham,2,2,D,1,0,H,5,15,2,7,12,10,4,6,3,3,0,0,1375.174976053977,1543.631156513662,-168.45618045968513,0.9,1.7,0.5,1.9,1.4,1.7,1,0,0.5,0.5,0.0,0.0,0.0,0.0,0,0
2019-2020,2019-12-28,Newcastle,Everton,1,2,A,0,1,A,20,22,5,9,13,13,5,8,2,2,0,0,1483.0202537781263,1478.2662292460132,4.754024532113135,1.4,1.4,1.7,1.3,1.6,1.2,0,0,0.5,0.5,0.0,0.0,0.0,0.0,0,0
2019-2020,2019-12-28,West Ham,Leicester,1,2,A,1,1,D,14,13,4,8,16,4,5,5,4,1,0,0,1455.972056086356,1552.0973840435502,-96.12532795719426,0.9,1.9,0.7,2.5,1.0,2.2,0,0,0.5,0.5,0.0,0.0,0.0,0.0,0,0
2019-2020,2019-12-29,Arsenal,Chelsea,1,2,A,1,0,H,7,13,2,4,13,19,2,3,5,4,0,0,1520.3667568890457,1551.405883458908,-31.03912656986222,1.2,1.6,0.9,1.4,1.3,1.5,0,0,0.5,0.5,0.0,0.0,0.0,0.0,0,0
2019-2020,2019-12-29,Liverpool,Wolves,1,0,H,1,0,H,10,10,3,2,7,3,5,6,1,0,0,0,1733.6085865777127,1524.8915603672963,208.7170262104164,2.6,0.8,2.8,1.7,1.2,1.9,0,0,0.5,0.5,0.0,0.0,0.0,0.0,0,0
2019-2020,2019-12-29,Man City,Sheffield United,2,0,H,0,0,D,16,8,4,0,5,6,8,5,1,1,0,0,1662.7530469601345,1419.9629603816995,242.79008657843497,2.3,1.4,1.9,1.5,1.0,1.7,0,1,0.5,0.5,0.0,0.0,0.0,0.0,0,0
2019-2020,2020-01-01,Brighton,Chelsea,1,1,D,0,1,A,16,16,5,5,8,15,5,3,2,3,0,0,1427.8976002560255,1563.3650758716435,-135.467475615618,1.2,1.4,1.1,1.2,1.2,1.5,0,0,0.5,0.5,0.0,0.0,0.0,0.0,0,0
2019-2020,2020-01-01,Burnley,Aston Villa,1,2,A,0,2,A,20,11,1,6,12,10,8,4,1,1,0,0,1447.2389571204478,1374.8889982006644,72.34995891978338,0.9,1.7,1.2,1.0,2.0,0.7,0,1,0.5,0.5,0.0,0.0,0.0,0.0,0,0
2019-2020,2020-01-01,Newcastle,Leicester,0,3,A,0,2,A,5,17,2,10,8,12,4,5,1,1,0,0,1470.0933488270248,1562.2089014464634,-92.11555261943863,1.4,1.5,1.6,1.8,1.1,2.2,0,0,0.5,0.5,0.0,0.0,0.0,0.0,0,0
2019-2020,2020-01-01,Arsenal,Man United,2,0,H,2,0,H,10,10,4,4,11,15,1,4,2,0,0,0,1508.4075644763102,1555.9740107554526,-47.56644627914238,1.1,1.6,0.8,1.9,1.3,1.8,0,0,0.5,0.5,0.0,0.0,0.0,0.0,0,0
2019-2020,2020-01-01,Southampton,Tottenham,1,0,H,1,0,H,12,11,3,5,21,8,6,9,3,4,0,0,1442.6270014465654,1541.6859367191037,-99.05893527253829,1.5,1.3,1.4,2.0,1.4,1.8,0,0,0.5,0.5,0.0,0.0,0.0,0.0,0,0
2019-2020,2020-01-01,Man City,Everton,2,1,H,0,0,D,16,7,7,2,11,11,3,6,0,4,0,0,1665.1938337087647,1491.1931341971147,174.00069951165005,2.2,1.4,1.9,1.3,1.4,1.5,0,0,0.5,0.5,0.0,0.0,0.0,0.0,0,0
2019-2020,2020-01-01,Norwich,Crystal Palace,1,1,D,1,0,H,15,12,4,3,12,9,2,5,5,0,0,0,1377.1201958485353,1494.0488718624401,-116.9286760139048,1.0,1.6,0.6,0.8,1.0,1.2,1,0,0.5,0.5,0.0,0.0,0.0,0.0,0,0
2019-2020,2020-01-01,West Ham,Bournemouth,4,0,H,3,0,H,14,3,7,2,3,12,9,2,1,2,0,0,1445.8605386834427,1431.1483100390224,14.712228644420293,1.0,1.9,0.7,0.7,1.5,0.7,0,0,0.5,0.5,0.0,0.0,0.0,0.0,0,0
2019-2020,2020-01-01,Watford,Wolves,2,1,H,1,0,H,9,16,3,4,12,6,4,7,3,1,1,0,1426.1777154998247,1521.998373153831,-95.82065765400625,1.0,1.2,1.1,1.6,1.2,1.8,0,0,0.5,0.5,0.0,0.0,0.0,0.0,0,0
2019-2020,2020-01-02,Liverpool,Sheffield United,2,0,H,1,0,H,19,3,7,2,5,8,8,4,0,0,0,0,1736.501773791178,1417.5221736330693,318.9796001581087,2.6,0.7,3.0,1.4,1.1,1.6,0,1,0.5,0.5,0.0,0.0,0.0,0.0,0,0
2019-2020,2020-01-10,Sheffield United,West Ham,1,0,H,0,0,D,13,7,3,2,11,6,7,3,1,0,0,0,1415.8766886848498,1452.673818434427,-36.79712974957715,1.1,1.3,1.3,1.3,1.8,0.9,1,0,0.5,0.5,0.0,0.0,0.0,0.0,0,0
2019-2020,2020-01-11,Leicester,Southampton,1,2,A,1,1,D,5,16,5,10,9,17,2,4,0,3,0,0,1572.4357951364727,1452.599915492642,119.83587964383082,1.9,1.1,2.2,1.5,1.1,1.7,0,0,0.5,0.5,0.0,0.0,0.0,0.0,0,0
2019-2020,2020-01-11,Crystal Palace,Arsenal,1,1,D,0,1,A,6,7,3,4,14,22,1,4,2,3,0,1,1493.5620106228732,1516.9097593991157,-23.347748776242497,0.9,0.9,1.3,1.2,1.5,1.0,0,0,0.5,0.5,0.0,0.0,0.0,0.0,0,0
2019-2020,2020-01-11,Chelsea,Burnley,3,0,H,2,0,H,18,7,8,2,7,4,10,3,0,3,0,0,1562.3477712092006,1432.6488038132109,129.6989673959897,1.1,1.2,1.3,1.0,1.6,1.2,0,0,0.5,0.5,0.0,0.0,0.0,0.0,0,0
2019-2020,2020-01-11,Man United,Norwich,4,0,H,1,0,H,13,8,6,3,18,7,4,2,0,0,0,0,1547.471815832647,1377.6070570881022,169.86475874454482,1.9,1.4,1.8,1.1,1.5,0.7,0,1,0.5,0.5,0.0,0.0,0.0,0.0,0,0
2019-2020,2020-01-11,Wolves,Newcastle,1,1,D,1,1,D,9,5,4,1,13,12,5,2,0,3,0,0,1512.1186584944455,1459.8664551370155,52.25220335743006,1.6,1.3,1.7,1.1,1.6,1.3,0,0,0.5,0.5,0.0,0.0,0.0,0.0,0,0
2019-2020,2020-01-11,Tottenham,Liverpool,0,1,A,0,1,A,14,13,4,7,4,8,4,3,0,2,0,0,1531.7130226730271,1738.1472587393976,-206.43423606637043,1.9,1.4,1.7,2.6,0.6,3.0,0,0,0.5,0.5,0.0,0.0,0.0,0.0,0,0
2019-2020,2020-01-11,Everton,Brighton,1,0,H,1,0,H,14,9,6,2,7,7,4,3,2,1,0,0,1487.769498578301,1428.9149049184684,58.85459365983252,1.3,1.5,1.4,1.1,1.5,0.9,0,0,0.5,0.5,0.0,0.0,0.0,0.0,0,0
2019-2020,2020-01-12,Bournemouth,Watford,0,3,A,0,1,A,10,18,1,6,3,13,5,5,1,1,0,0,1424.335030288038,1436.05743015921,-11.722399871172001,0.6,1.9,0.4,1.1,1.1,1.4,0,0,0.5,0.5,0.0,0.0,0.0,0.0,0,0
2019-2020,2020-01-12,Aston Villa,Man City,1,6,A,0,4,A,7,22,1,12,5,12,2,4,2,1,0,0,1389.4791515079014,1668.6174693275784,-279.138317819677,1.1,1.9,1.0,2.2,1.4,1.9,1,0,0.5,0.5,0.0,0.0,0.0,0.0,0,0
2019-2020,2020-01-18,Arsenal,Sheffield United,1,1,D,1,0,H,11,12,4,4,9,13,4,5,1,2,0,0,1519.0808763278733,1424.077367997104,95.00350833076936,1.3,1.4,1.1,1.1,1.2,1.5,0,1,0.5,0.5,0.0,0.0,0.0,0.0,0,0
2019-2020,2020-01-18,Watford,Tottenham,0,0,D,0,0,D,15,17,2,5,13,13,3,3,2,3,0,0,1448.5449623890768,1524.6840822327433,-76.13911984366655,1.2,1.1,1.4,1.8,1.4,1.6,0,0,0.5,0.5,0.0,0.0,0.0,0.0,0,0
2019-2020,2020-01-18,Brighton,Aston Villa,1,1,D,1,0,H,10,8,2,3,11,13,3,4,3,3,0,0,1423.1930644413728,1384.222132823455,38.97093161791781,1.0,1.3,0.9,1.1,2.3,1.0,0,1,0.5,0.5,0.0,0.0,0.0,0.0,0,0
2019-2020,2020-01-18,Man City,Crystal Palace,2,2,D,0,1,A,25,5,6,3,9,7,14,2,1,2,0,0,1673.8744880120248,1491.3908936941157,182.48359431790914,2.7,1.2,2.2,1.0,0.8,1.4,0,0,0.5,0.5,0.0,0.0,0.0,0.0,0,0
2019-2020,2020-01-18,Norwich,Bournemouth,1,0,H,1,0,H,16,6,5,3,10,10,4,5,2,2,1,1,1374.115333643371,1411.8474980581714,-37.73216441480031,1.1,1.7,0.7,0.5,2.0,0.4,1,0,0.5,0.5,0.0,0.0,0.0,0.0,0,0
2019-2020,2020-01-18,Southampton,Wolves,2,3,A,2,0,H,11,8,5,4,13,12,1,3,2,1,0,0,1468.1992656951459,1507.9970036627733,-39.79773796762743,1.6,1.0,2.0,1.5,1.3,1.5,0,0,0.5,0.5,0.0,0.0,0.0,0.0,0,0
2019-2020,2020-01-18,Newcastle,Chelsea,1,0,H,0,0,D,7,19,2,4,9,14,1,10,1,1,0,0,1463.9881099686877,1566.5566433405559,-102.56853337186817,1.0,1.6,1.1,1.2,1.2,1.3,0,0,0.5,0.5,0.0,0.0,0.0,0.0,0,0
2019-2020,2020-01-18,West Ham,Everton,1,1,D,1,1,D,12,11,6,3,11,13,7,6,1,0,0,0,1444.4731391221728,1493.4913390553966,-49.01819993322374,1.1,1.6,0.9,1.2,1.4,1.4,0,0,0.5,0.5,0.0,0.0,0.0,0.0,0,0
2019-2020,2020-01-19,Burnley,Leicester,2,1,H,0,1,A,8,18,5,8,14,8,4,5,1,0,0,0,1428.4399316818556,1556.8364449339688,-128.3965132521132,0.7,1.9,0.9,1.8,1.3,1.9,0,0,0.5,0.5,0.0,0.0,0.0,0.0,0,0
2019-2020,2020-01-19,Liverpool,Man United,2,0,H,1,0,H,16,9,5,4,7,10,11,5,1,3,0,0,1745.1761991796814,1550.9635392773782,194.21265990230313,2.5,0.5,3.0,2.0,1.3,1.8,0,0,0.5,0.5,0.0,0.0,0.0,0.0,0,0
2019-2020,2020-01-21,Aston Villa,Watford,2,1,H,0,1,A,16,8,5,2,11,18,6,3,2,2,0,0,1388.0215411119302,1447.8592687491475,-59.83772763721731,1.0,2.4,0.8,1.2,0.8,1.5,1,0,0.5,0.5,0.0,0.0,0.0,0.0,0,0
2019-2020,2020-01-21,Bournemouth,Brighton,3,1,H,2,0,H,11,21,3,8,9,12,5,8,1,1,0,0,1403.6207650372223,1419.3936561528976,-15.772891115675293,0.4,1.9,0.4,1.1,1.2,1.0,0,0,0.5,0.5,0.0,0.0,0.0,0.0,0,0
2019-2020,2020-01-21,Crystal Palace,Southampton,0,2,A,0,1,A,6,15,0,6,12,13,0,8,1,2,0,0,1498.1036044978036,1456.4836413388557,41.61996315894794,1.1,0.8,1.5,1.6,1.1,1.9,0,0,0.5,0.5,0.0,0.0,0.0,0.0,0,0
2019-2020,2020-01-21,Everton,Newcastle,2,2,D,1,0,H,17,8,8,2,13,10,6,4,1,1,0,0,1494.9482713702316,1474.0620369550527,20.886234415178933,1.3,1.3,1.5,1.1,1.4,1.4,0,0,0.5,0.5,0.0,0.0,0.0,0.0,0,0
2019-2020,2020-01-21,Sheffield United,Man City,0,1,A,0,0,D,4,18,1,5,13,13,5,13,4,3,0,0,1429.1665236614383,1667.1617772083368,-237.99525354689854,0.9,1.0,1.5,2.7,1.3,2.0,1,0,0.5,0.5,0.0,0.0,0.0,0.0,0,0
2019-2020,2020-01-21,Chelsea,Arsenal,2,2,D,1,0,H,19,2,8,2,11,6,17,5,2,1,0,1,1556.4827163541909,1513.991720663539,42.49099569065197,1.1,1.1,1.3,1.2,1.3,1.1,0,0,0.5,0.5,0.0,0.0,0.0,0.0,0,0
2019-2020,2020-01-22,Leicester,West Ham,4,1,H,2,0,H,19,6,8,2,10,19,7,8,1,1,0,0,1546.0209426470253,1443.0162068073378,103.00473583968756,1.7,1.5,1.6,1.2,1.4,1.0,0,0,0.5,0.5,0.0,0.0,0.0,0.0,0,0
2019-2020,2020-01-22,Tottenham,Norwich,2,1,H,1,0,H,14,12,3,2,12,7,7,3,0,1,0,0,1525.3697758726726,1382.34206666432,143.02770920835246,1.5,1.2,1.4,1.0,1.7,0.7,0,1,0.5,0.5,0.0,0.0,0.0,0.0,0,0
2019-2020,2020-01-22,Man United,Burnley,0,2,A,0,1,A,24,5,7,2,11,7,5,2,0,2,0,0,1547.8575429703417,1439.255433968799,108.60210900154266,1.7,1.2,1.7,0.6,2.0,0.9,0,0,0.5,0.5,0.0,0.0,0.0,0.0,0,0
2019-2020,2020-01-23,Wolves,Liverpool,1,2,A,0,1,A,10,13,3,6,6,11,2,4,0,1,0,0,1519.7126280190635,1748.282195486718,-228.56956746765445,1.6,1.4,1.5,2.4,0.4,3.0,0,0,0.5,0.5,0.0,0.0,0.0,0.0,0,0
2019-2020,2020-01-29,West Ham,Liverpool,0,2,A,0,1,A,7,13,4,5,6,6,3,7,2,0,0,0,1438.2740050408697,1754.7418151188754,-316.46781007800564,1.1,1.5,1.0,2.4,0.4,3.0,0,0,0.5,0.5,0.0,0.0,0.0,0.0,0,0
2019-2020,2020-02-01,Leicester,Chelsea,2,2,D,0,0,D,14,7,4,3,16,14,4,6,2,2,0,0,1550.7631444134934,1552.59695326087,-1.833808847376531,1.9,1.5,1.6,1.3,1.2,1.4,0,0,0.5,0.5,0.0,0.0,0.0,0.0,0,0
2019-2020,2020-02-01,Bournemouth,Aston Villa,2,1,H,2,0,H,16,18,6,5,10,15,1,8,1,3,1,0,1411.242914515866,1396.8706994740255,14.37221504184049,0.5,1.7,0.7,1.0,2.3,1.0,0,1,0.5,0.5,0.0,0.0,0.0,0.0,0,0
2019-2020,2020-02-01,Crystal Palace,Sheffield United,0,1,A,0,0,D,13,10,3,3,9,15,9,5,3,2,0,0,1484.2391470385996,1422.9418778935035,61.29726914509615,0.9,1.0,1.2,0.8,1.0,1.4,0,1,0.5,0.5,0.0,0.0,0.0,0.0,0,0
2019-2020,2020-02-01,Liverpool,Southampton,4,0,H,0,0,D,16,17,9,4,9,15,6,11,0,2,0,0,1759.2093732463018,1470.3480987980597,288.86127444824206,2.4,0.3,3.0,1.6,1.0,1.9,0,0,0.5,0.5,0.0,0.0,0.0,0.0,0,0
2019-2020,2020-02-01,Newcastle,Norwich,0,0,D,0,0,D,15,19,5,4,10,15,8,12,2,1,0,0,1477.4074977528876,1378.382506110224,99.02499164266351,1.1,1.4,1.4,0.9,1.7,0.6,0,1,0.5,0.5,0.0,0.0,0.0,0.0,0,0
2019-2020,2020-02-01,Watford,Everton,2,3,A,2,2,D,11,12,2,5,17,14,4,4,2,2,0,1,1439.0101103870522,1491.6028105723967,-52.59270018534448,1.2,0.8,1.5,1.4,1.3,1.6,0,0,0.5,0.5,0.0,0.0,0.0,0.0,0,0
2019-2020,2020-02-01,West Ham,Brighton,3,3,D,2,0,H,12,19,6,6,8,9,4,6,1,1,0,0,1433.8064469134433,1411.771506674254,22.034940239189382,1.0,1.7,0.7,1.1,1.3,1.0,0,0,0.5,0.5,0.0,0.0,0.0,0.0,0,0
2019-2020,2020-02-01,Man United,Wolves,0,0,D,0,0,D,15,14,5,3,14,15,4,6,3,2,0,0,1532.4841650899132,1513.253008386906,19.231156703007173,1.5,1.2,1.6,1.6,1.5,1.4,0,0,0.5,0.5,0.0,0.0,0.0,0.0,0,0
2019-2020,2020-02-02,Burnley,Arsenal,0,0,D,0,0,D,15,13,2,2,8,11,5,7,1,3,0,0,1454.6288118492275,1517.8774837568599,-63.24867190763234,0.8,1.8,1.2,1.2,1.3,1.1,0,0,0.5,0.5,0.0,0.0,0.0,0.0,0,0
2019-2020,2020-02-02,Tottenham,Man City,2,0,H,0,0,D,3,18,3,5,8,14,2,6,2,3,0,1,1529.3293364267686,1673.3864229762717,-144.05708654950308,1.4,1.1,1.4,2.6,1.1,2.2,0,0,0.5,0.5,0.0,0.0,0.0,0.0,0,0
2019-2020,2020-02-08,Everton,Crystal Palace,3,1,H,1,0,H,14,10,8,2,11,12,4,6,0,1,0,0,1502.9588967316981,1469.9037226814337,33.05517405026444,1.5,1.0,1.9,0.8,1.1,0.9,0,0,0.5,0.5,0.0,0.0,0.0,0.0,0,0
2019-2020,2020-02-08,Brighton,Watford,1,1,D,0,1,A,10,5,2,2,9,12,3,2,2,2,0,0,1415.1462969547374,1427.6540242277508,-12.507727273013415,1.2,1.5,0.8,1.4,0.9,1.5,0,0,0.5,0.5,0.0,0.0,0.0,0.0,0,0
2019-2020,2020-02-09,Sheffield United,Bournemouth,2,1,H,1,1,D,16,10,6,2,10,8,8,4,2,2,0,0,1437.2773022506694,1418.0649895602417,19.21231269042778,0.9,0.8,1.7,0.7,1.7,1.0,1,0,0.5,0.5,0.0,0.0,0.0,0.0,0,0
2019-2020,2020-02-14,Wolves,Leicester,0,0,D,0,0,D,15,9,3,3,13,10,7,0,2,2,0,1,1516.5560965918671,1548.0105553544004,-31.45445876253325,1.4,1.5,1.2,1.9,1.7,1.4,0,0,0.5,0.5,0.0,0.0,0.0,0.0,0,0
2019-2020,2020-02-15,Southampton,Burnley,1,2,A,1,1,D,10,9,2,6,8,11,4,3,2,2,0,0,1468.4211174512254,1453.5749512724985,14.84616617872689,1.4,1.3,1.6,0.7,1.4,1.3,0,0,0.5,0.5,0.0,0.0,0.0,0.0,0,0
2019-2020,2020-02-15,Norwich,Liverpool,0,1,A,0,0,D,5,17,1,6,5,11,2,7,1,2,0,0,1383.5569252556377,1761.136354593136,-377.57942933749837,0.8,1.5,0.7,2.3,0.1,3.0,1,0,0.5,0.5,0.0,0.0,0.0,0.0,0,0
2019-2020,2020-02-16,Aston Villa,Tottenham,2,3,A,1,2,A,18,23,4,10,12,10,12,7,2,0,0,0,1390.0486244296499,1540.5906479653918,-150.54202353574192,1.0,2.3,1.0,1.5,0.9,1.7,1,0,0.5,0.5,0.0,0.0,0.0,0.0,0,0
2019-2020,2020-02-16,Arsenal,Newcastle,4,0,H,0,0,D,15,10,7,2,15,9,5,6,2,0,0,0,1518.9313443335889,1472.233078607474,46.69826572611487,1.1,1.1,1.2,0.9,1.4,1.2,0,0,0.5,0.5,0.0,0.0,0.0,0.0,0,0
2019-2020,2020-02-17,Chelsea,Man United,0,2,A,0,1,A,17,9,1,3,11,11,9,8,4,3,0,0,1555.349542319963,1529.181076884952,26.16846543501083,1.3,1.3,1.2,1.3,1.1,1.4,0,0,0.5,0.5,0.0,0.0,0.0,0.0,0,0
2019-2020,2020-02-19,Man City,West Ham,2,0,H,1,0,H,20,3,7,0,5,7,6,1,0,1,0,0,1662.1251114376485,1430.4316566329599,231.6934548046886,2.2,1.2,1.9,1.3,1.8,0.8,0,0,0.5,0.5,0.0,0.0,0.0,0.0,0,0
2019-2020,2020-02-22,Chelsea,Tottenham,2,1,H,1,0,H,17,5,7,3,14,14,3,5,1,2,0,0,1541.869756158287,1549.1461070344385,-7.276350876151582,1.2,1.2,1.2,1.3,1.1,1.7,0,0,0.5,0.5,0.0,0.0,0.0,0.0,0,0
2019-2020,2020-02-22,Burnley,Bournemouth,3,0,H,0,0,D,16,12,10,4,9,9,7,3,4,3,0,0,1466.7651346423447,1411.3675945574244,55.397540084920365,0.9,1.0,1.6,0.8,1.6,1.0,0,0,0.5,0.5,0.0,0.0,0.0,0.0,0,0
2019-2020,2020-02-22,Crystal Palace,Newcastle,1,0,H,1,0,H,18,8,9,2,15,11,7,5,2,6,0,1,1463.5565066185088,1466.2211658660756,-2.6646592475667603,0.9,1.4,0.8,0.7,1.7,0.9,0,0,0.5,0.5,0.0,0.0,0.0,0.0,0,0
2019-2020,2020-02-22,Sheffield United,Brighton,1,1,D,1,1,D,14,8,3,2,3,6,12,2,0,2,0,0,1443.9746972534867,1412.6799814923286,31.29471576115816,0.9,0.8,1.7,1.1,1.4,0.8,1,0,0.5,0.5,0.0,0.0,0.0,0.0,0,0
2019-2020,2020-02-22,Southampton,Aston Villa,2,0,H,1,0,H,28,4,9,1,13,17,9,6,1,4,0,0,1455.2309340813792,1381.4931653606031,73.7377687207761,1.4,1.3,1.6,1.1,2.2,1.0,0,1,0.5,0.5,0.0,0.0,0.0,0.0,0,0
2019-2020,2020-02-22,Leicester,Man City,0,1,A,0,0,D,10,18,3,7,14,10,3,7,0,0,0,0,1549.958249713263,1664.7061196033853,-114.74786989012227,1.5,1.6,1.2,2.3,1.0,2.2,0,0,0.5,0.5,0.0,0.0,0.0,0.0,0,0
2019-2020,2020-02-23,Man United,Watford,3,0,H,1,0,H,21,7,9,2,6,15,3,5,0,1,0,0,1542.660863046628,1430.1203396901597,112.54052335646838,1.3,1.0,1.4,1.5,1.0,1.5,0,0,0.5,0.5,0.0,0.0,0.0,0.0,0,0
2019-2020,2020-02-23,Wolves,Norwich,3,0,H,2,0,H,19,6,6,4,11,6,4,1,2,3,0,0,1514.6084022330044,1380.191350597865,134.4170516351394,1.2,1.3,1.2,0.7,1.4,0.7,0,1,0.5,0.5,0.0,0.0,0.0,0.0,0,0
2019-2020,2020-02-23,Arsenal,Everton,3,2,H,2,2,D,9,17,4,5,12,12,6,3,0,4,0,0,1524.9432570749873,1509.306112794623,15.637144280364282,1.2,1.0,1.2,1.5,1.0,1.9,0,0,0.5,0.5,0.0,0.0,0.0,0.0,0,0
2019-2020,2020-02-24,Liverpool,West Ham,3,2,H,1,1,D,25,7,7,4,4,10,16,8,0,3,0,0,1764.5019292509087,1427.850648467223,336.6512807836857,2.1,0.1,3.0,1.2,1.7,0.8,0,0,0.5,0.5,0.0,0.0,0.0,0.0,0,0
2019-2020,2020-02-28,Norwich,Leicester,1,0,H,0,0,D,11,19,6,4,13,16,6,7,1,2,0,0,1376.0720235547776,1540.3824727705214,-164.3104492157438,0.6,1.6,0.6,1.4,1.6,1.1,1,0,0.5,0.5,0.0,0.0,0.0,0.0,0,0
2019-2020,2020-02-29,Newcastle,Burnley,0,0,D,0,0,D,21,8,4,1,11,9,11,7,4,3,0,0,1458.9516385001687,1472.5686104335211,-13.616971933352488,0.7,1.7,0.9,1.1,1.0,1.6,0,0,0.5,0.5,0.0,0.0,0.0,0.0,0,0
2019-2020,2020-02-29,Brighton,Crystal Palace,0,1,A,0,0,D,24,12,8,3,8,9,8,7,1,1,0,0,1416.2887751435762,1470.8260339844157,-54.53725884083951,1.1,1.4,0.8,0.9,1.3,1.0,0,0,0.5,0.5,0.0,0.0,0.0,0.0,0,0
2019-2020,2020-02-29,West Ham,Southampton,3,1,H,2,1,H,14,10,7,2,8,11,4,9,1,1,0,0,1426.3523974458344,1460.6093103492628,-34.25691290342843,1.3,2.0,0.5,1.6,1.2,1.9,0,0,0.5,0.5,0.0,0.0,0.0,0.0,0,0
2019-2020,2020-02-29,Watford,Liverpool,3,0,H,0,0,D,14,7,5,1,4,8,3,5,0,0,0,0,1425.5738530152626,1766.0001802722973,-340.4263272570347,1.5,1.1,1.5,2.2,0.3,3.0,0,0,0.5,0.5,0.0,0.0,0.0,0.0,0,0
2019-2020,2020-02-29,Bournemouth,Chelsea,2,2,D,0,1,A,9,23,5,6,8,5,4,14,2,2,0,0,1405.564118766248,1549.2625621937682,-143.69844342752026,0.7,1.9,0.7,1.4,1.2,1.5,0,0,0.5,0.5,0.0,0.0,0.0,0.0,0,0
2019-2020,2020-03-01,Everton,Man United,1,1,D,1,1,D,16,14,5,5,11,11,13,8,3,4,0,0,1502.5167304923104,1547.2073497215251,-44.69061922921469,1.6,1.2,1.8,1.5,0.9,1.6,0,0,0.5,0.5,0.0,0.0,0.0,0.0,0,0
2019-2020,2020-03-01,Tottenham,Wolves,2,3,A,2,1,H,13,14,5,4,12,14,4,5,3,2,0,0,1541.7533009989572,1518.7277292760918,23.02557172286538,1.2,1.2,1.4,1.4,1.1,1.5,0,0,0.5,0.5,0.0,0.0,0.0,0.0,0,0
2019-2020,2020-03-07,Liverpool,Bournemouth,2,1,H,2,1,H,14,6,6,4,10,12,9,4,0,1,0,0,1750.007510641972,1406.8152706294698,343.1922400125022,1.8,0.6,2.7,0.9,2.0,0.8,0,0,0.5,0.5,0.0,0.0,0.0,0.0,0,0
2019-2020,2020-03-07,Arsenal,West Ham,1,0,H,0,0,D,9,14,2,6,11,9,6,7,1,2,0,0,1531.7326393772998,1434.4824247285874,97.25021464871247,1.5,0.9,1.5,1.5,1.9,0.8,0,0,0.5,0.5,0.0,0.0,0.0,0.0,0,0
2019-2020,2020-03-07,Crystal Palace,Watford,1,0,H,1,0,H,10,10,3,4,12,19,8,8,4,4,0,0,1482.1271393420125,1441.5665226455878,40.56061669642463,1.0,1.2,1.3,1.6,1.1,1.5,0,0,0.5,0.5,0.0,0.0,0.0,0.0,0,0
2019-2020,2020-03-07,Sheffield United,Norwich,1,0,H,1,0,H,10,12,4,5,12,8,10,5,0,0,0,0,1440.365903602239,1387.9021730499335,52.463730552305606,0.8,0.9,1.5,0.6,1.4,0.9,1,1,0.5,0.5,0.0,0.0,0.0,0.0,0,0
2019-2020,2020-03-07,Southampton,Newcastle,0,1,A,0,0,D,6,14,3,7,14,15,5,8,0,3,1,0,1452.47928306651,1456.5153311874974,-4.036048120987289,1.4,1.4,1.6,0.6,1.7,0.7,0,0,0.5,0.5,0.0,0.0,0.0,0.0,0,0
2019-2020,2020-03-07,Wolves,Brighton,0,0,D,0,0,D,11,7,1,1,4,7,2,0,1,3,0,0,1532.1277604990926,1404.9876697859795,127.14009071311307,1.5,1.2,1.5,1.1,1.4,0.8,0,0,0.5,0.5,0.0,0.0,0.0,0.0,0,0
2019-2020,2020-03-07,Burnley,Tottenham,1,1,D,1,0,H,21,13,8,2,16,11,3,5,5,4,0,0,1475.0049177461924,1528.3532697759565,-53.3483520297641,1.0,1.0,1.4,1.4,1.3,1.4,0,0,0.5,0.5,0.0,0.0,0.0,0.0,0,0
2019-2020,2020-03-08,Chelsea,Everton,4,0,H,2,0,H,17,3,11,1,8,10,6,1,1,2,0,0,1548.0114103305464,1500.9381114409816,47.07329888956474,1.4,1.4,1.3,1.7,1.3,1.8,0,0,0.5,0.5,0.0,0.0,0.0,0.0,0,0
2019-2020,2020-03-08,Man United,Man City,2,0,H,1,0,H,12,7,6,2,11,9,2,11,2,4,0,0,1548.785968772854,1674.281896546127,-125.49592777327302,1.6,0.8,1.7,2.1,1.0,2.2,0,0,0.5,0.5,0.0,0.0,0.0,0.0,0,0
2019-2020,2020-03-09,Leicester,Aston Villa,4,0,H,1,0,H,15,4,7,1,15,12,9,0,2,1,0,0,1528.5523232753656,1376.1147890927195,152.437534182646,1.3,1.4,1.1,1.1,2.2,1.0,0,1,0.5,0.5,0.0,0.0,0.0,0.0,0,0
2019-2020,2020-06-17,Aston Villa,Sheffield United,0,0,D,0,0,D,14,5,6,1,11,14,12,4,1,1,0,0,1372.3244356428913,1446.2391960699363,-73.91476042704494,1.0,2.3,1.0,0.8,0.9,1.5,1,1,0.5,0.5,0.0,0.0,0.0,0.0,0,0
2019-2020,2020-06-17,Man City,Arsenal,3,0,H,1,0,H,20,3,12,0,9,7,5,2,1,1,0,1,1663.5493791749225,1536.59572416601,126.95365500891239,1.8,1.1,1.9,1.6,0.9,1.7,0,0,0.5,0.5,0.0,0.0,0.0,0.0,0,0
2019-2020,2020-06-19,Norwich,Southampton,0,3,A,0,0,D,9,22,1,9,9,15,9,7,1,1,0,0,1382.0288805822363,1439.78537859075,-57.756498008513745,0.6,1.4,0.9,1.2,1.5,1.3,1,0,0.5,0.5,0.0,0.0,0.0,0.0,0,0
2019-2020,2020-06-19,Tottenham,Man United,1,1,D,1,0,H,10,12,3,6,17,18,7,6,0,1,0,0,1529.688000226882,1559.5184861440584,-29.830485917176475,1.3,1.3,1.2,1.4,0.7,1.7,0,0,0.5,0.5,0.0,0.0,0.0,0.0,0,0
2019-2020,2020-06-20,Watford,Leicester,1,1,D,0,0,D,8,15,4,2,15,12,2,7,0,1,0,0,1435.405012598066,1532.3426767251938,-96.93766412712785,1.5,1.1,1.4,1.7,1.0,1.4,0,0,0.5,0.5,0.0,0.0,0.0,0.0,0,0
2019-2020,2020-06-20,Brighton,Arsenal,2,1,H,0,0,D,9,13,5,6,13,8,10,7,2,1,0,0,1410.7296387311403,1532.3340951501216,-121.60445641898127,1.0,1.2,0.9,1.5,1.1,1.6,0,0,0.5,0.5,0.0,0.0,0.0,0.0,0,0
2019-2020,2020-06-20,West Ham,Wolves,0,2,A,0,0,D,7,10,2,6,8,7,5,7,1,1,0,0,1429.6193399398771,1526.3857915539318,-96.76645161405463,1.4,1.8,0.8,1.2,1.0,1.3,0,0,0.5,0.5,0.0,0.0,0.0,0.0,0,0
2019-2020,2020-06-20,Bournemouth,Crystal Palace,0,2,A,0,2,A,12,7,1,2,13,15,11,4,3,2,0,0,1405.3683787616153,1488.2886493895344,-82.92027062791908,0.9,2.1,0.7,0.9,1.1,1.3,0,0,0.5,0.5,0.0,0.0,0.0,0.0,0,0
2019-2020,2020-06-21,Newcastle,Sheffield United,3,0,H,0,0,D,12,7,8,1,9,10,2,4,2,0,0,1,1469.2092356632575,1446.9885820724521,22.22065359080534,0.6,1.3,1.0,0.7,0.8,1.5,0,1,0.5,0.5,0.0,0.0,0.0,0.0,0,0
2019-2020,2020-06-21,Aston Villa,Chelsea,1,2,A,1,0,H,8,19,4,5,9,17,2,10,2,1,0,0,1371.5750496403755,1554.0142494790525,-182.43919983867704,0.9,2.3,0.8,1.8,1.2,1.6,1,0,0.5,0.5,0.0,0.0,0.0,0.0,0,0
2019-2020,2020-06-21,Everton,Liverpool,0,0,D,0,0,D,9,10,3,3,15,12,1,6,2,2,0,0,1494.9352722924755,1751.4544025098264,-256.51913021735095,1.6,1.7,1.5,1.9,0.7,2.7,0,0,0.5,0.5,0.0,0.0,0.0,0.0,0,0
2019-2020,2020-06-22,Man City,Burnley,5,0,H,3,0,H,19,1,7,0,8,7,3,1,1,1,0,0,1667.811008190811,1473.670187295267,194.14082089554404,1.9,0.8,2.2,1.1,1.0,1.5,0,0,0.5,0.5,0.0,0.0,0.0,0.0,0,0
2019-2020,2020-06-23,Leicester,Brighton,0,0,D,0,0,D,11,10,2,2,10,13,6,7,2,2,0,0,1532.4308155543788,1421.3506647425315,111.08015081184726,1.6,1.0,1.2,1.0,1.3,0.9,0,0,0.5,0.5,0.0,0.0,0.0,0.0,0,0
2019-2020,2020-06-23,Tottenham,West Ham,2,0,H,0,0,D,15,10,4,2,12,7,9,4,2,2,0,0,1527.6953785530181,1419.5262736230598,108.1691049299584,1.2,1.2,1.2,1.0,2.0,0.5,0,0,0.5,0.5,0.0,0.0,0.0,0.0,0,0
2019-2020,2020-06-24,Man United,Sheffield United,3,0,H,2,0,H,15,4,6,1,10,6,10,5,1,0,0,0,1561.5111078179223,1440.3681079753076,121.1429998426147,1.3,0.8,1.5,0.7,0.9,1.5,0,1,0.5,0.5,0.0,0.0,0.0,0.0,0,0
2019-2020,2020-06-24,Newcastle,Aston Villa,1,1,D,0,0,D,13,14,3,2,15,13,6,9,2,2,0,0,1475.829709760402,1363.904290597447,111.925419162955,0.8,1.1,1.3,1.0,2.2,0.8,0,1,0.5,0.5,0.0,0.0,0.0,0.0,0,0
2019-2020,2020-06-24,Norwich,Everton,0,1,A,0,0,D,9,12,1,5,8,13,6,5,0,1,0,0,1370.8189711392104,1499.1583572693994,-128.33938613018904,0.4,1.5,0.8,1.4,1.6,1.3,1,0,0.5,0.5,0.0,0.0,0.0,0.0,0,0
2019-2020,2020-06-24,Wolves,Bournemouth,1,0,H,0,0,D,10,4,2,0,11,11,6,4,3,3,0,0,1536.4788578707492,1394.877180254433,141.60167761631624,1.4,0.9,1.6,0.9,2.1,0.7,0,0,0.5,0.5,0.0,0.0,0.0,0.0,0,0
2019-2020,2020-06-24,Liverpool,Crystal Palace,4,0,H,2,0,H,21,3,7,0,7,5,6,0,0,0,0,0,1747.2313175329025,1498.7798478967168,248.45146963618572,1.7,0.7,2.5,1.0,1.0,1.5,0,0,0.5,0.5,0.0,0.0,0.0,0.0,0,0
2019-2020,2020-06-25,Burnley,Watford,1,0,H,0,0,D,9,10,5,4,13,15,1,7,1,0,0,0,1470.5631058590402,1435.316873768881,35.24623209015931,1.1,1.3,1.5,1.3,1.2,1.2,0,0,0.5,0.5,0.0,0.0,0.0,0.0,0,0
2019-2020,2020-06-25,Southampton,Arsenal,0,2,A,0,1,A,12,10,3,5,10,14,4,6,0,2,1,0,1450.995288033776,1521.7130691387304,-70.71778110495438,1.4,1.4,1.5,1.5,1.1,1.6,0,0,0.5,0.5,0.0,0.0,0.0,0.0,0,0
2019-2020,2020-06-25,Chelsea,Man City,2,1,H,1,0,H,15,11,10,2,13,3,5,7,1,1,0,1,1561.685008521981,1670.9180896270377,-109.23308110505673,1.8,1.2,1.6,2.2,0.8,2.2,0,0,0.5,0.5,0.0,0.0,0.0,0.0,0,0
2019-2020,2020-06-27,Aston Villa,Wolves,0,1,A,0,0,D,11,9,1,2,16,16,2,2,1,1,0,0,1369.3453531413472,1540.464551692958,-171.11919855161068,0.9,2.2,0.6,1.4,0.7,1.9,1,0,0.5,0.5,0.0,0.0,0.0,0.0,0,0
2019-2020,2020-06-28,Watford,Southampton,1,3,A,0,1,A,8,11,0,7,18,9,5,3,3,0,0,0,1429.0241806197168,1440.1544679448339,-11.130287325117024,1.1,1.2,0.9,1.3,1.6,1.2,0,0,0.5,0.5,0.0,0.0,0.0,0.0,0,0
2019-2020,2020-06-29,Crystal Palace,Burnley,0,1,A,0,0,D,17,8,4,4,12,13,9,1,1,1,0,0,1496.4080419744257,1476.8557990082043,19.552242966221456,0.9,1.3,1.4,1.1,1.1,1.8,0,0,0.5,0.5,0.0,0.0,0.0,0.0,0,0
2019-2020,2020-06-30,Brighton,Man United,0,3,A,0,2,A,8,12,2,6,10,9,4,5,0,1,0,0,1426.7745784150222,1565.8859855880396,-139.11140717301737,0.9,1.2,0.9,1.6,0.6,1.8,0,0,0.5,0.5,0.0,0.0,0.0,0.0,0,0
2019-2020,2020-07-01,Arsenal,Norwich,4,0,H,2,0,H,13,8,8,2,10,10,6,2,1,4,0,0,1532.5538892276727,1361.6328400885159,170.92104913915682,1.5,1.1,1.6,0.3,1.5,0.7,0,1,0.5,0.5,0.0,0.0,0.0,0.0,0,0
2019-2020,2020-07-01,Bournemouth,Newcastle,1,4,A,0,2,A,12,12,1,7,11,10,6,3,2,0,0,0,1390.8914864322242,1470.3886472165018,-79.49716078427764,0.9,1.8,0.7,0.9,0.9,1.4,0,0,0.5,0.5,0.0,0.0,0.0,0.0,0,0
2019-2020,2020-07-01,Everton,Leicester,2,1,H,2,0,H,7,15,2,3,13,10,3,5,1,1,0,0,1508.344488320094,1527.006901881888,-18.66241356179421,1.4,1.4,1.6,1.3,1.0,1.0,0,0,0.5,0.5,0.0,0.0,0.0,0.0,0,0
2019-2020,2020-07-01,West Ham,Chelsea,3,2,H,1,1,D,10,17,4,6,10,9,2,3,2,1,0,0,1414.8907811337378,1571.95069541622,-157.05991428248217,1.0,2.1,0.5,1.9,1.2,1.8,0,0,0.5,0.5,0.0,0.0,0.0,0.0,0,0
2019-2020,2020-07-02,Sheffield United,Tottenham,3,1,H,1,0,H,7,9,5,2,13,13,1,6,2,0,0,0,1435.9932302051902,1532.33087104234,-96.33764083714982,0.7,1.0,1.5,1.4,1.1,1.5,1,0,0.5,0.5,0.0,0.0,0.0,0.0,0,0
2019-2020,2020-07-02,Man City,Liverpool,4,0,H,3,0,H,14,11,6,3,8,7,3,3,2,2,0,0,1660.6524027327987,1749.6031234551936,-88.95072072239486,2.1,0.9,1.9,2.0,0.7,2.5,0,0,0.5,0.5,0.0,0.0,0.0,0.0,0,0
2019-2020,2020-07-04,Man United,Bournemouth,5,2,H,3,1,H,19,7,10,3,13,12,8,3,0,1,0,0,1574.764999989662,1380.3020513416038,194.46294864805827,1.5,0.6,1.8,1.0,1.9,0.7,0,0,0.5,0.5,0.0,0.0,0.0,0.0,0,0
2019-2020,2020-07-04,Leicester,Crystal Palace,3,0,H,0,0,D,15,7,4,1,18,8,3,7,2,1,0,0,1519.3061340136483,1483.0967229741493,36.209411039498946,1.3,1.0,1.0,0.8,1.3,1.3,0,0,0.5,0.5,0.0,0.0,0.0,0.0,0,0
2019-2020,2020-07-04,Chelsea,Watford,3,0,H,2,0,H,21,7,9,3,9,12,5,3,0,2,0,0,1560.322987018813,1416.5206673617445,143.80231965706844,1.8,1.5,1.5,0.9,1.5,0.6,0,0,0.5,0.5,0.0,0.0,0.0,0.0,0,0
2019-2020,2020-07-04,Wolves,Arsenal,0,2,A,0,1,A,10,8,1,5,6,11,3,5,2,4,0,0,1548.4456955695007,1536.0281226328418,12.417572936658871,1.4,0.6,2.1,1.8,1.0,1.8,0,0,0.5,0.5,0.0,0.0,0.0,0.0,0,0
2019-2020,2020-07-04,Norwich,Brighton,0,1,A,0,1,A,12,8,1,2,11,13,0,2,2,2,0,0,1358.1586066833468,1417.8955640133997,-59.736957330052974,0.3,1.5,0.7,0.9,1.4,0.9,1,0,0.5,0.5,0.0,0.0,0.0,0.0,0,0
2019-2020,2020-07-05,Burnley,Sheffield United,1,1,D,1,0,H,9,10,4,3,8,14,3,9,0,0,0,0,1490.1671180084807,1445.8878229391064,44.27929506937426,1.2,0.8,2.1,0.9,1.1,1.5,0,1,0.5,0.5,0.0,0.0,0.0,0.0,0,0
2019-2020,2020-07-05,Newcastle,West Ham,2,2,D,1,1,D,11,17,4,7,9,11,6,4,0,0,0,0,1480.9780823071221,1426.518489531145,54.45959277597717,1.2,0.9,1.6,1.2,2.2,0.7,0,0,0.5,0.5,0.0,0.0,0.0,0.0,0,0
2019-2020,2020-07-05,Liverpool,Aston Villa,2,0,H,0,0,D,6,9,4,3,18,8,7,5,1,1,0,0,1739.9210401049309,1361.3642092648045,378.5568308401264,1.8,1.1,2.2,0.8,1.7,0.6,0,1,0.5,0.5,0.0,0.0,0.0,0.0,0,0
2019-2020,2020-07-05,Southampton,Man City,1,0,H,1,0,H,8,26,4,6,6,7,2,13,1,2,0,0,1452.6579812028062,1670.3344860830614,-217.67650488025515,1.4,1.6,1.2,1.9,0.8,1.9,0,0,0.5,0.5,0.0,0.0,0.0,0.0,0,0
2019-2020,2020-07-06,Tottenham,Everton,1,0,H,1,0,H,12,11,2,3,14,18,5,6,3,2,0,0,1522.4362783084239,1516.0452561883337,6.391022120090156,1.5,1.3,1.5,1.5,1.5,1.6,0,0,0.5,0.5,0.0,0.0,0.0,0.0,0,0
2019-2020,2020-07-07,Crystal Palace,Chelsea,2,3,A,1,2,A,13,14,4,6,11,10,7,9,1,0,0,0,1476.8279175142784,1564.2684063455372,-87.44048883125879,0.6,1.4,1.2,2.1,1.4,1.8,0,0,0.5,0.5,0.0,0.0,0.0,0.0,0,0
2019-2020,2020-07-07,Watford,Norwich,2,1,H,1,1,D,9,12,4,3,11,15,4,3,2,4,0,0,1412.5752480350202,1347.0049031524507,65.57034488256954,0.9,1.8,0.5,0.2,1.6,0.4,0,1,0.5,0.5,0.0,0.0,0.0,0.0,0,0
2019-2020,2020-07-07,Arsenal,Leicester,1,1,D,1,0,H,11,13,7,5,10,14,10,1,1,0,1,0,1549.1553801391215,1525.5749394735192,23.580440665602282,1.9,0.9,2.0,1.5,0.8,1.3,0,0,0.5,0.5,0.0,0.0,0.0,0.0,0,0
2019-2020,2020-07-08,Sheffield United,Wolves,1,0,H,0,0,D,7,6,3,1,5,6,6,1,2,0,0,0,1449.8171980689842,1535.318438063221,-85.50123999423681,0.9,1.1,1.5,1.1,0.6,1.8,1,0,0.5,0.5,0.0,0.0,0.0,0.0,0,0
2019-2020,2020-07-08,Man City,Newcastle,5,0,H,2,0,H,23,6,9,1,12,7,8,1,0,0,0,0,1657.0713210793162,1476.8038252970437,180.2674957822726,1.7,0.7,1.8,1.3,1.1,1.4,0,0,0.5,0.5,0.0,0.0,0.0,0.0,0,0
2019-2020,2020-07-08,Brighton,Liverpool,1,3,A,1,2,A,12,19,2,8,7,15,6,10,1,4,0,0,1429.0492675442958,1741.117368939941,-312.06810139564504,0.9,1.3,1.1,1.8,1.0,2.2,0,0,0.5,0.5,0.0,0.0,0.0,0.0,0,0
2019-2020,2020-07-08,West Ham,Burnley,0,1,A,0,1,A,21,8,5,4,7,7,10,3,1,1,0,0,1430.6927465412234,1486.2377428786028,-55.544996337379416,1.3,2.0,0.8,1.1,0.8,1.9,0,0,0.5,0.5,0.0,0.0,0.0,0.0,0,0
2019-2020,2020-07-09,Bournemouth,Tottenham,0,0,D,0,0,D,9,9,2,0,11,14,8,12,3,2,0,0,1377.1998332336261,1529.466352795549,-152.2665195619229,1.2,2.3,0.7,1.6,1.3,1.7,0,0,0.5,0.5,0.0,0.0,0.0,0.0,0,0
2019-2020,2020-07-09,Everton,Southampton,1,1,D,1,1,D,11,17,4,4,13,14,3,5,3,3,0,0,1509.0151817012086,1465.9211462065514,43.09403549465719,1.4,1.5,1.5,1.3,1.3,1.5,0,0,0.5,0.5,0.0,0.0,0.0,0.0,0,0
2019-2020,2020-07-09,Aston Villa,Man United,0,3,A,0,2,A,9,14,1,6,7,13,3,5,2,3,0,0,1360.1678804297944,1577.8672180976398,-217.69933766784538,0.7,1.8,0.5,2.0,0.6,2.1,1,0,0.5,0.5,0.0,0.0,0.0,0.0,0,0
2019-2020,2020-07-11,Liverpool,Burnley,1,1,D,1,0,H,23,6,9,2,7,4,12,6,1,2,0,0,1745.6734161197649,1497.5103235533863,248.1630925663785,1.9,1.1,2.2,1.0,0.8,1.9,0,0,0.5,0.5,0.0,0.0,0.0,0.0,0,0
2019-2020,2020-07-11,Watford,Newcastle,2,1,H,0,1,A,17,8,5,4,23,15,2,4,1,4,0,0,1418.1404862529057,1473.4813430301897,-55.34085677728399,1.0,1.7,0.8,1.1,1.4,1.3,0,0,0.5,0.5,0.0,0.0,0.0,0.0,0,0
2019-2020,2020-07-11,Brighton,Man City,0,5,A,0,2,A,3,26,0,8,7,3,2,7,1,0,0,0,1424.4932203644719,1660.3938033461702,-235.90058298169834,0.9,1.3,1.1,2.1,0.7,1.8,0,0,0.5,0.5,0.0,0.0,0.0,0.0,0,0
2019-2020,2020-07-11,Sheffield United,Chelsea,3,0,H,2,0,H,9,15,4,4,8,6,4,6,1,0,0,0,1459.4001322835966,1574.6297407563227,-115.22960847272611,1.0,1.0,1.8,2.2,1.4,2.0,1,0,0.5,0.5,0.0,0.0,0.0,0.0,0,0
2019-2020,2020-07-11,Norwich,West Ham,0,4,A,0,2,A,11,19,2,7,9,8,1,6,1,0,0,0,1341.4396649345651,1419.42016586644,-77.98050093187476,0.2,1.6,0.4,1.3,1.9,0.8,1,0,0.5,0.5,0.0,0.0,0.0,0.0,0,0
2019-2020,2020-07-12,Wolves,Everton,3,0,H,1,0,H,14,6,7,2,9,9,5,2,0,2,0,0,1525.7355038486087,1505.1146924162274,20.620811432381288,1.0,0.5,1.8,1.3,1.4,1.5,0,0,0.5,0.5,0.0,0.0,0.0,0.0,0,0
2019-2020,2020-07-12,Aston Villa,Crystal Palace,2,0,H,1,0,H,12,9,9,5,21,21,5,1,2,4,0,1,1353.4316326232104,1466.466583103493,-113.03495048028253,0.5,2.0,0.2,0.8,1.5,1.2,1,0,0.5,0.5,0.0,0.0,0.0,0.0,0,0
2019-2020,2020-07-12,Tottenham,Arsenal,2,1,H,1,1,D,15,13,9,4,16,11,6,5,5,3,0,0,1527.9732478306719,1545.7412323949573,-17.76798456428537,1.4,1.2,1.5,1.8,0.8,2.0,0,0,0.5,0.5,0.0,0.0,0.0,0.0,0,0
2019-2020,2020-07-12,Bournemouth,Leicester,4,1,H,0,1,A,10,13,4,5,11,12,2,6,2,1,0,1,1378.6929381985033,1528.9890872176834,-150.29614901918012,0.9,2.2,0.5,1.2,0.8,1.1,0,0,0.5,0.5,0.0,0.0,0.0,0.0,0,0
2019-2020,2020-07-13,Man United,Southampton,2,2,D,2,1,H,8,9,4,5,14,15,4,6,1,3,0,0,1584.6034659042239,1469.8216354915326,114.7818304126913,2.3,0.4,2.4,1.2,1.4,1.3,0,0,0.5,0.5,0.0,0.0,0.0,0.0,0,0
2019-2020,2020-07-14,Chelsea,Norwich,1,0,H,1,0,H,22,2,6,0,10,9,8,1,2,2,0,0,1564.19167792418,1330.8067399959698,233.38493792821032,2.0,1.5,1.9,0.2,2.0,0.3,0,1,0.5,0.5,0.0,0.0,0.0,0.0,0,0
2019-2020,2020-07-15,Burnley,Wolves,1,1,D,0,0,D,9,14,1,5,10,8,3,8,0,0,0,0,1505.1350450822717,1532.3968292516954,-27.261784169423663,1.1,0.9,1.9,1.3,0.5,2.0,0,0,0.5,0.5,0.0,0.0,0.0,0.0,0,0
2019-2020,2020-07-15,Man City,Bournemouth,2,1,H,2,0,H,8,15,4,3,10,10,3,5,1,1,0,0,1666.6702626483682,1390.1305492569916,276.5397133913766,2.6,0.5,2.1,1.1,2.2,0.5,0,0,0.5,0.5,0.0,0.0,0.0,0.0,0,0
2019-2020,2020-07-15,Newcastle,Tottenham,1,3,A,0,1,A,22,8,6,5,6,13,5,4,2,3,0,0,1464.7597037277471,1535.6496473750665,-70.88994364731934,1.2,1.6,1.2,1.4,1.3,1.5,0,0,0.5,0.5,0.0,0.0,0.0,0.0,0,0
2019-2020,2020-07-15,Arsenal,Liverpool,2,1,H,2,1,H,3,24,2,8,14,10,2,13,3,1,0,0,1538.0648328505627,1738.0486945908794,-199.9838617403168,1.9,1.0,1.9,1.6,1.2,2.0,0,0,0.5,0.5,0.0,0.0,0.0,0.0,0,0
2019-2020,2020-07-16,Leicester,Sheffield United,2,0,H,1,0,H,15,5,7,1,12,10,9,5,1,2,0,0,1517.551476159195,1469.8381951157392,47.713281043455936,1.1,1.0,1.0,1.2,1.0,1.8,0,1,0.5,0.5,0.0,0.0,0.0,0.0,0,0
2019-2020,2020-07-16,Everton,Aston Villa,1,1,D,0,0,D,9,15,1,1,15,13,5,5,2,1,0,0,1498.4533670131407,1363.8066327266479,134.6467342864928,1.0,1.5,1.2,0.6,1.8,0.5,0,1,0.5,0.5,0.0,0.0,0.0,0.0,0,0
2019-2020,2020-07-16,Southampton,Brighton,1,1,D,0,1,A,21,10,6,2,6,10,8,2,1,0,0,0,1475.3203135048932,1418.216761062274,57.103552442619275,1.4,1.2,1.4,0.6,1.5,1.0,0,0,0.5,0.5,0.0,0.0,0.0,0.0,0,0
2019-2020,2020-07-16,Crystal Palace,Man United,0,2,A,0,1,A,13,17,5,5,10,15,2,7,1,2,0,0,1456.0915830000554,1579.1047878908632,-123.01320489080786,0.8,1.6,1.2,2.5,0.6,2.4,0,0,0.5,0.5,0.0,0.0,0.0,0.0,0,0
2019-2020,2020-07-17,West Ham,Watford,3,1,H,3,0,H,10,14,4,3,11,11,9,3,0,2,0,0,1430.0530908050353,1426.8621255553483,3.1909652496869967,1.4,1.6,1.0,1.0,1.5,1.1,0,0,0.5,0.5,0.0,0.0,0.0,0.0,0,0
2019-2020,2020-07-18,Norwich,Burnley,0,2,A,0,1,A,6,23,2,8,9,16,6,8,0,0,2,0,1328.2475408695122,1503.0715315065293,-174.823990637017,0.2,2.0,0.3,1.0,0.9,1.7,1,0,0.5,0.5,0.0,0.0,0.0,0.0,0,0
2019-2020,2020-07-19,Bournemouth,Southampton,0,2,A,0,1,A,11,16,3,8,12,11,12,6,2,2,0,0,1388.0764731192994,1471.0834172647776,-83.0069441454782,1.1,2.2,0.5,1.4,1.1,1.5,0,0,0.5,0.5,0.0,0.0,0.0,0.0,0,0
2019-2020,2020-07-19,Tottenham,Leicester,3,0,H,3,0,H,7,24,3,6,15,10,4,13,2,1,0,0,1546.4855470555606,1523.53884958967,22.946697465890566,1.4,1.2,1.5,1.3,1.0,1.2,0,0,0.5,0.5,0.0,0.0,0.0,0.0,0,0
2019-2020,2020-07-20,Brighton,Newcastle,0,0,D,0,0,D,11,12,3,1,13,12,9,7,4,2,0,0,1422.4536573023895,1453.923804047253,-31.47014674486354,0.6,1.5,1.0,1.3,1.5,1.2,0,0,0.5,0.5,0.0,0.0,0.0,0.0,0,0
2019-2020,2020-07-20,Sheffield United,Everton,0,1,A,0,0,D,8,5,0,2,11,19,7,1,1,3,0,0,1463.8508216852642,1492.5683711063211,-28.7175494210569,1.0,1.1,1.5,0.8,1.5,1.0,1,0,0.5,0.5,0.0,0.0,0.0,0.0,0,0
2019-2020,2020-07-20,Wolves,Crystal Palace,2,0,H,1,0,H,11,7,5,3,11,15,5,2,2,1,0,0,1534.460342827438,1446.7529892833684,87.70735354406952,1.4,0.6,2.0,0.7,1.5,1.2,0,0,0.5,0.5,0.0,0.0,0.0,0.0,0,0
2019-2020,2020-07-21,Watford,Man City,0,4,A,0,2,A,2,26,0,10,14,11,0,8,2,0,0,0,1419.7478421454884,1668.7243387860603,-248.9764966405719,1.0,1.7,1.0,2.6,0.6,2.1,0,0,0.5,0.5,0.0,0.0,0.0,0.0,0,0
2019-2020,2020-07-21,Aston Villa,Arsenal,1,0,H,1,0,H,8,7,3,0,13,19,8,9,2,4,0,0,1369.6916286334674,1550.8657047949437,-181.17407616147625,0.5,1.6,0.6,1.7,1.1,1.9,1,0,0.5,0.5,0.0,0.0,0.0,0.0,0,0
2019-2020,2020-07-22,Man United,West Ham,1,1,D,0,1,A,11,12,4,3,10,9,2,3,3,1,0,0,1588.4433816075502,1437.167374214895,151.27600739265517,2.5,0.6,2.4,1.7,1.5,1.3,0,0,0.5,0.5,0.0,0.0,0.0,0.0,0,0
2019-2020,2020-07-22,Liverpool,Chelsea,5,3,H,3,1,H,10,10,7,5,8,11,6,0,1,0,0,0,1725.2478226464984,1566.7508770506377,158.49694559586078,1.6,1.4,1.7,2.1,1.3,2.2,0,0,0.5,0.5,0.0,0.0,0.0,0.0,0,0
2019-2020,2020-07-26,Chelsea,Wolves,2,0,H,2,0,H,11,5,3,1,10,16,3,3,2,3,0,0,1563.0665191855148,1539.5284560132977,23.538063172217107,2.2,1.7,1.9,1.3,0.6,2.0,0,0,0.5,0.5,0.0,0.0,0.0,0.0,0,0
2019-2020,2020-07-26,Burnley,Brighton,1,2,A,1,1,D,13,14,2,4,11,11,6,7,3,0,0,0,1510.950612585548,1420.5063973546805,90.44421523086748,0.9,0.9,1.7,0.5,1.4,1.0,0,0,0.5,0.5,0.0,0.0,0.0,0.0,0,0
2019-2020,2020-07-26,Crystal Palace,Tottenham,1,1,D,0,1,A,13,7,2,2,11,13,7,2,3,2,0,0,1441.6848760975085,1553.0875237330686,-111.40264763556002,0.6,1.7,0.9,1.6,1.0,1.8,0,0,0.5,0.5,0.0,0.0,0.0,0.0,0,0
2019-2020,2020-07-26,Leicester,Man United,0,2,A,0,0,D,14,7,3,3,12,11,3,3,1,4,1,0,1516.936872912162,1582.254318076965,-65.31744516480308,1.3,1.2,1.2,2.3,0.7,2.2,0,0,0.5,0.5,0.0,0.0,0.0,0.0,0,0
2019-2020,2020-07-26,Everton,Bournemouth,1,3,A,1,2,A,13,13,5,7,11,9,2,5,1,0,0,0,1504.5917340614058,1377.587763287904,127.0039707735018,0.7,1.2,1.3,1.1,2.1,0.5,0,0,0.5,0.5,0.0,0.0,0.0,0.0,0,0
2019-2020,2020-07-26,Southampton,Sheffield United,3,1,H,0,1,A,13,5,4,3,9,16,9,1,0,1,0,0,1481.572127096173,1451.8274587301796,29.744668365993448,1.4,1.1,1.5,0.9,1.1,1.4,0,1,0.5,0.5,0.0,0.0,0.0,0.0,0,0
2019-2020,2020-07-26,Man City,Norwich,5,0,H,2,0,H,31,5,10,4,7,4,9,0,1,1,0,0,1674.681252628549,1320.3684597904935,354.31279283805543,2.9,0.6,2.1,0.2,1.9,0.3,0,1,0.5,0.5,0.0,0.0,0.0,0.0,0,0
2019-2020,2020-07-26,West Ham,Aston Villa,1,1,D,0,0,D,10,13,1,4,16,13,0,7,2,1,0,0,1443.3564377454802,1381.9864028711024,61.37003487437778,1.6,1.3,1.4,0.6,1.4,0.9,0,1,0.5,0.5,0.0,0.0,0.0,0.0,0,0
2019-2020,2020-07-26,Newcastle,Liverpool,1,3,A,1,1,D,3,14,2,6,11,5,2,4,1,0,0,0,1455.871063994962,1728.9321805116213,-273.06111651665924,1.3,1.4,1.3,1.8,1.5,1.7,0,0,0.5,0.5,0.0,0.0,0.0,0.0,0,0
2019-2020,2020-07-26,Arsenal,Watford,3,2,H,3,1,H,13,19,5,6,9,12,4,8,3,3,0,0,1538.5709305573087,1413.7909283029999,124.78000225430878,1.4,1.0,1.6,1.0,1.8,1.0,0,0,0.5,0.5,0.0,0.0,0.0,0.0,0,0
2020-2021,2020-09-12,Crystal Palace,Southampton,1,0,H,1,0,H,5,9,3,5,14,11,7,3,2,1,0,0,1459.409067026114,1491.6015396242344,-32.1924725981205,0.6,1.8,0.7,1.6,0.9,1.8,0,0,0.5,0.5,0.0,0.0,0.0,0.0,0,0
2020-2021,2020-09-12,Liverpool,Leeds,4,3,H,3,2,H,22,6,6,3,9,6,9,0,1,0,0,0,1664.02812040872,1373.9398217697233,290.0882986389968,2.1,1.3,2.0,1.3,1.3,1.1,0,1,0.5,0.5,0.0,0.0,0.0,0.0,0,0
2020-2021,2020-09-12,Fulham,Arsenal,0,3,A,0,1,A,5,13,2,6,12,12,2,3,2,2,0,0,1389.373178644873,1530.0122702160231,-140.63909157115017,0.8,1.8,0.9,1.6,1.2,1.6,1,0,0.5,0.5,0.0,0.0,0.0,0.0,0,0
2020-2021,2020-09-12,West Ham,Newcastle,0,2,A,0,0,D,15,15,3,2,13,7,8,7,2,2,0,0,1457.3135189822203,1465.334150745888,-8.02063176366778,1.4,1.3,1.2,1.4,1.7,1.2,0,0,0.5,0.5,0.0,0.0,0.0,0.0,0,0
2020-2021,2020-09-13,West Brom,Leicester,0,3,A,0,0,D,7,13,1,7,12,9,2,5,1,1,0,0,1433.081825560007,1504.1593519677851,-71.07752640777812,0.9,1.4,1.1,1.3,1.3,1.2,1,0,0.5,0.5,0.0,0.0,0.0,0.0,0,0
2020-2021,2020-09-13,Tottenham,Everton,0,1,A,0,0,D,9,15,5,4,15,7,5,3,1,0,0,0,1536.93161285529,1492.1966742821232,44.7349385731668,1.5,0.8,1.9,0.7,1.4,1.2,0,0,0.5,0.5,0.0,0.0,0.0,0.0,0,0
2020-2021,2020-09-14,Brighton,Chelsea,1,3,A,0,1,A,13,10,3,5,8,13,4,3,1,0,0,0,1454.8483655343032,1548.7574143229294,-93.90904878862625,0.7,1.4,1.3,2.2,1.5,2.1,0,0,0.5,0.5,0.0,0.0,0.0,0.0,0,0
2020-2021,2020-09-14,Sheffield United,Wolves,0,2,A,0,2,A,9,11,2,4,13,7,12,5,2,1,0,0,1461.7781704542122,1523.0590683162393,-61.28089786202713,0.9,1.4,1.1,1.0,0.6,1.7,0,0,0.5,0.5,0.0,0.0,0.0,0.0,0,0
2020-2021,2020-09-19,Everton,West Brom,5,2,H,2,1,H,17,6,7,4,9,11,11,1,1,0,0,1,1506.13713329481,1422.2512874620138,83.88584583279612,0.8,1.0,1.5,0.9,1.6,1.1,0,1,0.5,0.5,0.0,0.0,0.0,0.0,0,0
2020-2021,2020-09-19,Leeds,Fulham,4,3,H,2,1,H,10,14,7,6,13,18,5,3,1,2,0,0,1372.0251048925115,1380.5375603306309,-8.512455438119332,3.0,4.0,0.0,0.7,1.9,0.9,1,1,0.5,0.5,0.0,0.0,0.0,0.0,0,0
2020-2021,2020-09-19,Man United,Crystal Palace,1,3,A,0,1,A,13,14,4,5,13,10,9,3,2,1,0,0,1565.274481724604,1467.4818170320837,97.79266469252025,2.4,0.6,2.4,0.6,1.8,0.7,0,0,0.5,0.5,0.0,0.0,0.0,0.0,0,0
2020-2021,2020-09-19,Arsenal,West Ham,2,1,H,1,1,D,7,14,3,3,11,13,7,5,0,1,0,0,1538.8478885302652,1444.7263021101114,94.12158642015379,1.9,0.9,1.9,1.4,1.4,1.2,0,0,0.5,0.5,0.0,0.0,0.0,0.0,0,0
2020-2021,2020-09-20,Southampton,Tottenham,2,5,A,1,1,D,14,9,7,6,16,18,3,2,4,3,0,0,1483.5287896182647,1522.9911538426034,-39.46236422433867,1.6,0.9,1.8,1.4,0.8,1.8,0,0,0.5,0.5,0.0,0.0,0.0,0.0,0,0
2020-2021,2020-09-20,Newcastle,Brighton,0,3,A,0,2,A,6,13,0,6,16,15,7,1,3,0,0,1,1477.921367617997,1444.673071824029,33.248295793968055,1.5,1.7,1.2,0.8,1.7,1.2,0,0,0.5,0.5,0.0,0.0,0.0,0.0,0,0
2020-2021,2020-09-20,Chelsea,Liverpool,0,2,A,0,0,D,5,18,3,6,10,6,1,11,0,0,1,0,1558.9327080332037,1665.9428372859318,-107.01012925272812,2.1,1.6,2.1,2.3,1.5,2.0,0,0,0.5,0.5,0.0,0.0,0.0,0.0,0,0
2020-2021,2020-09-20,Leicester,Burnley,4,2,H,1,1,D,14,16,6,5,11,13,15,4,1,2,0,0,1514.9898900657784,1497.1715414238568,17.818348641921602,1.2,1.3,1.2,1.0,1.1,1.6,0,0,0.5,0.5,0.0,0.0,0.0,0.0,0,0
2020-2021,2020-09-21,Aston Villa,Sheffield United,1,0,H,0,0,D,18,4,2,1,12,13,10,4,3,1,0,1,1420.4264694493872,1450.6683358198031,-30.24186637041589,0.7,1.1,1.0,0.9,1.6,1.0,0,0,0.5,0.5,0.0,0.0,0.0,0.0,0,0
2020-2021,2020-09-21,Wolves,Man City,1,3,A,0,2,A,10,14,1,9,6,8,4,6,0,3,0,0,1534.1689029506483,1623.2311778254975,-89.06227487484921,1.2,0.6,1.9,3.4,0.4,2.4,0,0,0.5,0.5,0.0,0.0,0.0,0.0,0,0
2020-2021,2020-09-26,Brighton,Man United,2,3,A,1,1,D,18,7,5,3,18,16,7,1,4,2,0,0,1458.3306716134225,1550.126082699513,-91.79541108609055,0.9,1.6,1.2,2.3,0.9,2.1,0,0,0.5,0.5,0.0,0.0,0.0,0.0,0,0
2020-2021,2020-09-26,Crystal Palace,Everton,1,2,A,1,2,A,8,10,1,5,16,15,7,6,3,1,0,0,1482.6302160571745,1511.2889350505222,-28.658718993347748,0.7,1.9,0.7,1.3,1.2,1.7,0,0,0.5,0.5,0.0,0.0,0.0,0.0,0,0
2020-2021,2020-09-26,West Brom,Chelsea,3,3,D,3,0,H,9,22,3,10,8,16,3,9,1,3,0,0,1417.0994857063015,1549.1344483965972,-132.03496269029574,1.0,1.7,1.1,1.9,1.7,1.8,1,0,0.5,0.5,0.0,0.0,0.0,0.0,0,0
2020-2021,2020-09-26,Burnley,Southampton,0,1,A,0,1,A,10,5,2,1,8,10,8,2,1,0,0,0,1490.4383538087338,1471.8037981021446,18.634555706589254,1.1,1.4,1.5,1.5,1.4,1.5,0,0,0.5,0.5,0.0,0.0,0.0,0.0,0,0
2020-2021,2020-09-27,Sheffield United,Leeds,0,1,A,0,0,D,14,17,4,9,18,4,5,7,2,1,0,0,1442.6495844656138,1379.4511011269458,63.198483338667984,0.9,1.4,1.0,3.5,3.5,1.5,0,1,0.5,0.5,0.0,0.0,0.0,0.0,0,0
2020-2021,2020-09-27,Tottenham,Newcastle,1,1,D,1,0,H,23,6,12,1,15,9,10,4,1,4,0,0,1534.7161453587235,1464.2637678286035,70.45237753011997,1.8,0.9,2.0,1.2,2.0,0.9,0,0,0.5,0.5,0.0,0.0,0.0,0.0,0,0
2020-2021,2020-09-27,Man City,Leicester,2,5,A,1,1,D,16,7,5,7,13,8,3,4,1,3,0,0,1633.5458869011711,1521.7230776809013,111.82280922026985,3.4,0.5,2.4,1.5,1.4,1.4,0,0,0.5,0.5,0.0,0.0,0.0,0.0,0,0
2020-2021,2020-09-27,West Ham,Wolves,4,0,H,1,0,H,15,11,7,2,7,11,1,3,0,1,0,0,1439.796623998503,1523.8541938749747,-84.05756987647169,1.5,1.4,1.2,1.1,0.9,1.6,0,0,0.5,0.5,0.0,0.0,0.0,0.0,0,0
2020-2021,2020-09-28,Fulham,Aston Villa,0,3,A,0,2,A,16,12,3,5,18,14,5,3,6,3,0,0,1373.1115640961966,1428.4452208035766,-55.33365670737999,0.9,2.0,0.9,0.8,1.1,1.2,1,0,0.5,0.5,0.0,0.0,0.0,0.0,0,0
2020-2021,2020-09-28,Liverpool,Arsenal,3,1,H,2,1,H,21,4,8,3,11,7,7,3,2,2,0,0,1675.7410969225382,1543.7775666418736,131.9635302806646,2.5,1.5,2.2,2.0,0.8,2.2,0,0,0.5,0.5,0.0,0.0,0.0,0.0,0,0
2020-2021,2020-10-03,Chelsea,Crystal Palace,4,0,H,0,0,D,17,4,6,0,17,13,8,5,2,0,0,0,1548.2150121315888,1470.605229204591,77.6097829269977,2.0,1.9,1.6,0.8,1.7,0.7,0,0,0.5,0.5,0.0,0.0,0.0,0.0,0,0
2020-2021,2020-10-03,Everton,Brighton,4,2,H,2,1,H,11,11,6,3,13,14,3,10,0,1,0,0,1523.3139219031057,1448.0945684481812,75.21935345492443,1.4,1.3,1.7,1.1,1.9,1.1,0,0,0.5,0.5,0.0,0.0,0.0,0.0,0,0
2020-2021,2020-10-03,Leeds,Man City,1,1,D,0,1,A,12,23,7,2,11,12,7,10,2,1,0,0,1393.8308558440956,1618.106903698402,-224.2760478543064,2.6666666666666665,2.3333333333333335,2.0,3.1,1.0,2.1,1,0,0.5,0.5,0.0,0.0,0.0,0.0,0,0
2020-2021,2020-10-03,Newcastle,Burnley,3,1,H,1,0,H,10,7,5,3,13,17,3,4,2,3,0,0,1468.8107039245883,1477.1505723434645,-8.339868418876222,1.2,2.0,0.9,1.1,1.0,1.5,0,0,0.5,0.5,0.0,0.0,0.0,0.0,0,0
2020-2021,2020-10-04,Leicester,West Ham,0,3,A,0,2,A,4,14,0,6,11,8,6,4,2,2,0,0,1537.1620608836704,1449.3380857502639,87.82397513340652,2.0,1.6,1.6,1.9,1.2,1.5,0,0,0.5,0.5,0.0,0.0,0.0,0.0,0,0
2020-2021,2020-10-04,Southampton,West Brom,2,0,H,1,0,H,13,5,7,2,19,10,5,1,2,1,0,0,1485.0915795674139,1418.01892197131,67.07265759610391,1.6,1.2,1.8,1.2,1.8,1.2,0,1,0.5,0.5,0.0,0.0,0.0,0.0,0,0
2020-2021,2020-10-04,Arsenal,Sheffield United,2,1,H,0,0,D,6,6,5,2,3,9,2,4,0,1,0,0,1539.611851051785,1428.269829748464,111.34202130332096,1.9,1.1,1.9,0.9,1.2,1.0,0,0,0.5,0.5,0.0,0.0,0.0,0.0,0,0
2020-2021,2020-10-04,Wolves,Fulham,1,0,H,0,0,D,14,10,5,2,15,8,6,2,1,1,0,0,1514.312732123214,1361.8329995511506,152.4797325720633,1.0,1.3,1.3,0.8,2.1,0.9,0,1,0.5,0.5,0.0,0.0,0.0,0.0,0,0
2020-2021,2020-10-04,Man United,Tottenham,1,6,A,1,4,A,5,22,2,8,14,10,2,4,2,1,1,0,1560.3621858647543,1530.1692092627386,30.192976602015733,2.5,1.0,2.3,1.7,1.0,1.8,0,0,0.5,0.5,0.0,0.0,0.0,0.0,0,0
2020-2021,2020-10-04,Aston Villa,Liverpool,7,2,H,4,1,H,18,14,11,8,7,10,2,7,2,1,0,0,1439.7237853486226,1679.9068125126269,-240.18302716400422,1.0,0.9,1.5,2.4,1.6,2.2,0,0,0.5,0.5,0.0,0.0,0.0,0.0,0,0
2020-2021,2020-10-17,Chelsea,Southampton,3,3,D,2,1,H,11,13,5,6,11,9,6,2,1,1,0,0,1553.506199657991,1490.6221485134536,62.88405114453735,2.2,1.6,1.9,1.5,1.1,1.8,0,0,0.5,0.5,0.0,0.0,0.0,0.0,0,0
2020-2021,2020-10-17,Everton,Liverpool,2,2,D,1,1,D,11,22,5,8,15,9,2,5,3,2,1,0,1528.6588292831611,1666.0775930471689,-137.41876376400774,1.6,1.4,1.7,2.6,1.9,2.2,0,0,0.5,0.5,0.0,0.0,0.0,0.0,0,0
2020-2021,2020-10-17,Newcastle,Man United,1,4,A,1,1,D,7,28,4,14,9,12,0,7,1,1,0,0,1476.2320624170923,1546.781004525824,-70.54894210873181,1.1,2.0,0.9,2.3,1.6,2.0,0,0,0.5,0.5,0.0,0.0,0.0,0.0,0,0
2020-2021,2020-10-17,Man City,Arsenal,1,0,H,1,0,H,13,11,5,3,15,10,6,6,4,1,0,0,1614.6750806258744,1544.1826196837571,70.4924609421173,3.1,0.9,2.2,1.7,1.2,1.9,0,0,0.5,0.5,0.0,0.0,0.0,0.0,0,0
2020-2021,2020-10-18,Sheffield United,Fulham,1,1,D,0,0,D,10,15,6,6,5,9,2,5,0,2,0,0,1423.6990611164917,1358.0433922786976,65.65566883779411,0.7,1.3,0.7,0.8,2.0,0.9,0,1,0.5,0.5,0.0,0.0,0.0,0.0,0,0
2020-2021,2020-10-18,Crystal Palace,Brighton,1,1,D,1,0,H,1,20,1,3,13,12,2,5,3,2,0,1,1465.314041678189,1442.7496610681258,22.564380610063154,0.8,2.0,0.7,1.3,2.0,1.1,0,0,0.5,0.5,0.0,0.0,0.0,0.0,0,0
2020-2021,2020-10-18,Tottenham,West Ham,3,3,D,3,0,H,11,13,6,4,13,12,3,7,0,5,0,0,1543.7503906016689,1464.2725123306452,79.47787827102366,2.2,0.8,2.1,1.9,1.0,1.5,0,0,0.5,0.5,0.0,0.0,0.0,0.0,0,0
2020-2021,2020-10-18,Leicester,Aston Villa,0,1,A,0,0,D,11,10,5,4,18,18,2,7,4,3,0,0,1522.227634303289,1453.5530048140806,68.67462948920843,1.9,1.7,1.6,1.6,1.0,1.7,0,0,0.5,0.5,0.0,0.0,0.0,0.0,0,0
2020-2021,2020-10-19,West Brom,Burnley,0,0,D,0,0,D,13,9,6,4,15,17,8,2,2,2,0,0,1412.4883530252703,1469.7292138509606,-57.24086082569033,1.1,1.8,1.2,1.1,1.3,1.2,1,0,0.5,0.5,0.0,0.0,0.0,0.0,0,0
2020-2021,2020-10-19,Leeds,Wolves,0,1,A,0,0,D,13,7,2,3,13,12,8,3,2,1,0,0,1397.2626789166231,1518.1023393956668,-120.83966047904369,2.25,2.0,1.75,1.0,1.3,1.3,1,0,0.5,0.5,0.0,0.0,0.0,0.0,0,0
2020-2021,2020-10-23,Aston Villa,Leeds,0,3,A,0,0,D,12,27,4,9,14,17,6,5,2,2,0,0,1468.0592576431316,1387.8617742655065,80.19748337762508,1.7,0.9,2.0,1.8,1.8,1.4,0,1,0.5,0.5,0.0,0.0,0.0,0.0,0,0
2020-2021,2020-10-24,West Ham,Man City,1,1,D,1,0,H,6,14,2,7,14,6,2,10,2,0,0,0,1469.023064872581,1620.1272294063663,-151.10416453378525,2.0,1.1,1.5,2.8,0.9,2.2,0,0,0.5,0.5,0.0,0.0,0.0,0.0,0,0
2020-2021,2020-10-24,Fulham,Crystal Palace,1,2,A,0,1,A,16,14,3,10,11,11,4,4,0,1,1,0,1362.4801266777401,1461.925755376728,-99.44562869898778,0.8,1.7,1.0,0.9,1.8,0.8,1,0,0.5,0.5,0.0,0.0,0.0,0.0,0,0
2020-2021,2020-10-24,Man United,Chelsea,0,0,D,0,0,D,14,6,4,1,8,6,9,6,3,1,0,0,1557.626649638022,1549.133761914867,8.492887723155036,2.4,1.7,2.0,2.2,1.9,1.7,0,0,0.5,0.5,0.0,0.0,0.0,0.0,0,0
2020-2021,2020-10-24,Liverpool,Sheffield United,2,1,H,1,1,D,17,13,5,2,7,15,7,3,0,3,0,0,1665.0047393504306,1419.2623267174492,245.7424126329813,2.6,2.1,2.0,0.7,1.3,0.7,0,0,0.5,0.5,0.0,0.0,0.0,0.0,0,0
2020-2021,2020-10-25,Southampton,Everton,2,0,H,2,0,H,12,6,6,2,11,11,4,5,1,2,0,1,1494.9945862565776,1529.7316829798995,-34.73709672332188,1.7,1.4,1.6,1.8,1.5,1.8,0,0,0.5,0.5,0.0,0.0,0.0,0.0,0,0
2020-2021,2020-10-25,Wolves,Newcastle,1,1,D,0,0,D,16,5,3,2,10,10,2,3,0,1,0,0,1527.5032440467835,1465.3864173048944,62.1168267418891,1.1,1.1,1.6,1.0,2.2,0.8,0,0,0.5,0.5,0.0,0.0,0.0,0.0,0,0
2020-2021,2020-10-25,Arsenal,Leicester,0,1,A,0,0,D,12,6,4,2,13,9,9,3,3,5,0,0,1538.7304709032653,1507.7213814742381,31.0090894290272,1.5,1.3,1.6,1.6,1.8,1.3,0,0,0.5,0.5,0.0,0.0,0.0,0.0,0,0
2020-2021,2020-10-26,Brighton,West Brom,1,1,D,1,0,H,5,9,3,3,14,7,6,2,2,0,0,0,1446.1379473695868,1411.2638222452765,34.87412512431024,1.3,2.1,0.9,1.0,1.7,1.2,0,1,0.5,0.5,0.0,0.0,0.0,0.0,0,0
2020-2021,2020-10-26,Burnley,Tottenham,0,1,A,0,0,D,13,9,4,3,9,7,4,5,2,0,0,0,1470.9537446309544,1538.999838059733,-68.0460934287787,1.0,1.3,1.0,2.4,1.1,1.9,0,0,0.5,0.5,0.0,0.0,0.0,0.0,0,0
2020-2021,2020-10-30,Wolves,Crystal Palace,2,0,H,2,0,H,15,11,5,2,13,4,7,6,0,2,0,1,1523.148684252075,1471.9417114518578,51.20697280021727,1.2,1.1,1.7,0.9,1.6,1.1,0,0,0.5,0.5,0.0,0.0,0.0,0.0,0,0
2020-2021,2020-10-31,Sheffield United,Man City,0,1,A,0,1,A,5,16,1,8,14,6,2,5,0,0,0,0,1416.857725403036,1618.6668500944381,-201.80912469140208,0.7,1.5,0.4,2.9,0.9,2.3,0,0,0.5,0.5,0.0,0.0,0.0,0.0,0,0
2020-2021,2020-10-31,Burnley,Chelsea,0,3,A,0,1,A,5,14,0,9,10,15,3,4,1,0,0,0,1460.0366216759953,1552.1587483101034,-92.1221266341081,0.9,1.3,0.9,1.9,1.7,1.5,0,0,0.5,0.5,0.0,0.0,0.0,0.0,0,0
2020-2021,2020-10-31,Liverpool,West Ham,2,1,H,1,1,D,9,4,5,3,13,14,1,2,0,1,0,0,1667.4093406648437,1470.4834441845092,196.9258964803346,2.5,2.1,2.0,2.1,1.1,1.6,0,0,0.5,0.5,0.0,0.0,0.0,0.0,0,0
2020-2021,2020-11-01,Aston Villa,Southampton,3,4,A,0,3,A,19,9,10,4,12,17,11,1,1,2,0,0,1453.2926831983154,1503.1379544945628,-49.84527129624735,1.7,1.0,2.0,1.8,1.3,1.8,0,0,0.5,0.5,0.0,0.0,0.0,0.0,0,0
2020-2021,2020-11-01,Newcastle,Everton,2,1,H,0,0,D,11,15,4,4,9,10,5,4,2,4,0,0,1469.7409770996028,1521.5883147419142,-51.84733764231146,1.1,1.8,0.9,1.7,1.6,1.7,0,0,0.5,0.5,0.0,0.0,0.0,0.0,0,0
2020-2021,2020-11-01,Man United,Arsenal,0,1,A,0,0,D,8,7,2,2,12,12,6,3,3,3,0,0,1554.6016632427854,1525.1288297077772,29.47283353500825,1.9,1.5,1.8,1.4,1.3,1.5,0,0,0.5,0.5,0.0,0.0,0.0,0.0,0,0
2020-2021,2020-11-01,Tottenham,Brighton,2,1,H,1,0,H,9,6,3,2,14,13,4,5,2,1,0,0,1549.9169610146919,1442.439882274769,107.47707873992294,2.5,1.1,2.1,1.3,1.9,1.0,0,0,0.5,0.5,0.0,0.0,0.0,0.0,0,0
2020-2021,2020-11-02,Fulham,West Brom,2,0,H,2,0,H,13,10,6,1,13,11,5,2,3,2,0,0,1352.4641706026102,1414.9618873400943,-62.4977167374841,0.7,1.9,0.7,1.0,1.8,1.0,1,1,0.5,0.5,0.0,0.0,0.0,0.0,0,0
2020-2021,2020-11-02,Leeds,Leicester,1,4,A,0,2,A,11,10,4,8,9,5,10,3,1,1,0,0,1402.6283487103226,1521.3230226697262,-118.69467395940364,2.0,1.5,1.6666666666666667,1.6,1.7,1.5,1,0,0.5,0.5,0.0,0.0,0.0,0.0,0,0
2020-2021,2020-11-06,Brighton,Burnley,0,0,D,0,0,D,19,4,3,1,11,5,5,3,1,0,0,0,1437.7901885385168,1449.8099171040099,-12.019728565493097,1.4,1.6,1.0,0.8,1.6,0.6,0,0,0.5,0.5,0.0,0.0,0.0,0.0,0,0
2020-2021,2020-11-06,Southampton,Newcastle,2,0,H,1,0,H,15,4,8,2,12,11,8,3,1,2,0,0,1514.5715790401944,1478.3638383577263,36.20774068246806,2.0,1.4,2.0,1.2,1.7,1.2,0,0,0.5,0.5,0.0,0.0,0.0,0.0,0,0
2020-2021,2020-11-07,Crystal Palace,Leeds,4,1,H,3,1,H,10,9,6,3,9,1,3,6,0,2,0,0,1466.0383619083043,1393.1659059912315,72.87245591707278,0.9,1.6,1.1,1.8571428571428572,1.8571428571428572,1.4285714285714286,0,1,0.5,0.5,0.0,0.0,0.0,0.0,0,0
2020-2021,2020-11-07,Everton,Man United,1,3,A,1,2,A,7,13,1,5,12,19,5,2,4,2,0,0,1512.9654534837907,1541.0385644260966,-28.073110942305902,1.8,1.5,1.7,1.6,1.6,1.5,0,0,0.5,0.5,0.0,0.0,0.0,0.0,0,0
2020-2021,2020-11-07,West Ham,Fulham,1,0,H,0,0,D,16,13,7,3,10,9,9,5,2,2,0,0,1467.4182052559424,1361.3889407518675,106.02926450407494,1.8,1.3,1.3,0.8,1.9,0.7,0,1,0.5,0.5,0.0,0.0,0.0,0.0,0,0
2020-2021,2020-11-07,Chelsea,Sheffield United,4,1,H,2,1,H,20,6,9,3,5,14,6,7,0,2,0,0,1562.3854528820889,1409.7069397278008,152.6785131542881,2.2,1.4,1.8,0.4,1.6,0.1,0,0,0.5,0.5,0.0,0.0,0.0,0.0,0,0
2020-2021,2020-11-08,West Brom,Tottenham,0,1,A,0,0,D,12,19,2,5,17,12,9,6,1,0,0,0,1406.037117190837,1554.566654750944,-148.52953756010697,0.8,1.8,0.9,2.5,1.1,2.1,1,0,0.5,0.5,0.0,0.0,0.0,0.0,0,0
2020-2021,2020-11-08,Leicester,Wolves,1,0,H,1,0,H,10,7,3,2,12,8,6,3,2,3,0,0,1530.7854653888173,1529.0520337956286,1.7334315931886977,1.9,1.4,1.8,1.1,1.1,1.7,0,0,0.5,0.5,0.0,0.0,0.0,0.0,0,0
2020-2021,2020-11-08,Man City,Liverpool,1,1,D,1,1,D,7,10,2,3,19,11,1,2,3,1,0,0,1625.8176357696734,1670.4745795934105,-44.65694382373704,2.5,0.9,2.3,2.6,2.1,2.2,0,0,0.5,0.5,0.0,0.0,0.0,0.0,0,0
2020-2021,2020-11-08,Arsenal,Aston Villa,0,3,A,0,1,A,13,15,2,6,11,13,3,8,0,0,0,0,1538.691928524466,1441.8590586526839,96.83286987178212,1.4,1.1,1.8,2.0,1.1,2.0,0,0,0.5,0.5,0.0,0.0,0.0,0.0,0,0
2020-2021,2020-11-21,Newcastle,Chelsea,0,2,A,0,1,A,8,14,1,3,11,12,7,4,2,0,0,0,1472.094991514195,1566.1715467102765,-94.07655519608147,1.1,1.6,1.2,2.5,1.5,1.8,0,0,0.5,0.5,0.0,0.0,0.0,0.0,0,0
2020-2021,2020-11-21,Aston Villa,Brighton,1,2,A,0,1,A,15,7,4,3,5,18,12,3,2,1,0,1,1456.987126013775,1435.3106862823895,21.67643973138547,2.1,1.1,2.0,1.3,1.5,1.0,0,0,0.5,0.5,0.0,0.0,0.0,0.0,0,0
2020-2021,2020-11-21,Tottenham,Man City,2,0,H,1,0,H,4,22,2,5,13,19,0,10,2,2,0,0,1563.1788759834055,1624.238071630956,-61.059195647550496,2.3,1.0,2.1,2.1,1.0,2.1,0,0,0.5,0.5,0.0,0.0,0.0,0.0,0,0
2020-2021,2020-11-21,Man United,West Brom,1,0,H,0,0,D,17,7,7,2,12,17,8,2,1,1,0,0,1553.0797097451562,1397.4248959583756,155.65481378678055,1.7,1.5,1.7,0.7,1.9,0.6,0,1,0.5,0.5,0.0,0.0,0.0,0.0,0,0
2020-2021,2020-11-22,Fulham,Everton,2,3,A,1,3,A,14,9,6,7,14,10,2,5,2,0,0,0,1356.7094380586698,1500.9243081647312,-144.21487010606143,0.7,2.0,0.4,1.8,1.7,1.6,1,0,0.5,0.5,0.0,0.0,0.0,0.0,0,0
2020-2021,2020-11-22,Sheffield United,West Ham,0,1,A,0,0,D,9,15,5,3,7,6,2,6,0,0,0,0,1405.9208458996131,1472.0977079491402,-66.17686204952702,0.5,1.8,0.1,1.6,1.2,1.3,0,0,0.5,0.5,0.0,0.0,0.0,0.0,0,0
2020-2021,2020-11-22,Leeds,Arsenal,0,0,D,0,0,D,25,9,4,2,9,8,5,3,3,0,0,1,1387.7679211995364,1523.563861163375,-135.79593996383846,1.75,2.125,1.25,1.2,1.3,1.5,1,0,0.5,0.5,0.0,0.0,0.0,0.0,0,0
2020-2021,2020-11-22,Liverpool,Leicester,3,0,H,2,0,H,24,11,13,4,15,6,10,3,0,2,0,0,1672.0541437321278,1537.938252949721,134.11589078240695,2.6,2.0,2.3,1.8,1.4,1.8,0,0,0.5,0.5,0.0,0.0,0.0,0.0,0,0
2020-2021,2020-11-23,Burnley,Crystal Palace,1,0,H,1,0,H,10,15,4,5,13,9,4,7,2,0,0,0,1452.2894193601371,1471.4363466999994,-19.14692733986226,0.7,1.5,0.6,1.3,1.5,1.4,0,0,0.5,0.5,0.0,0.0,0.0,0.0,0,0
2020-2021,2020-11-23,Wolves,Southampton,1,1,D,0,0,D,20,7,9,2,14,13,7,4,2,0,0,0,1521.899246234725,1520.8404258837256,1.05882035099944,1.0,1.1,1.6,2.1,1.3,2.2,0,0,0.5,0.5,0.0,0.0,0.0,0.0,0,0
2020-2021,2020-11-27,Crystal Palace,Newcastle,0,2,A,0,0,D,12,14,3,7,9,10,7,3,2,2,0,0,1463.7223663970042,1461.9245175847811,1.7978488122230374,1.3,1.4,1.4,1.1,1.8,1.1,0,0,0.5,0.5,0.0,0.0,0.0,0.0,0,0
2020-2021,2020-11-28,Brighton,Liverpool,1,1,D,0,0,D,11,6,3,2,9,13,4,3,2,1,0,0,1448.6763300996329,1676.179144140163,-227.5028140405302,1.5,1.6,1.2,2.4,1.7,2.3,0,0,0.5,0.5,0.0,0.0,0.0,0.0,0,0
2020-2021,2020-11-28,Man City,Burnley,5,0,H,3,0,H,19,9,6,1,12,4,6,4,0,0,0,0,1615.3542083227346,1460.0033996631323,155.3508086596023,1.9,1.1,1.8,0.7,1.4,0.8,0,0,0.5,0.5,0.0,0.0,0.0,0.0,0,0
2020-2021,2020-11-28,Everton,Leeds,0,1,A,0,0,D,15,23,8,7,8,14,4,2,1,2,0,0,1509.6585277556371,1388.7945810834433,120.86394667219383,2.0,1.9,1.6,1.5555555555555556,1.8888888888888888,1.2222222222222223,0,1,0.5,0.5,0.0,0.0,0.0,0.0,0,0
2020-2021,2020-11-28,West Brom,Sheffield United,1,0,H,1,0,H,17,21,6,5,10,9,14,9,2,3,0,0,1393.691109789205,1394.950401491472,-1.2592917022668644,0.6,2.0,0.3,0.5,1.8,0.1,1,0,0.5,0.5,0.0,0.0,0.0,0.0,0,0
2020-2021,2020-11-29,Chelsea,Tottenham,0,0,D,0,0,D,13,5,3,1,20,9,3,3,4,2,0,0,1576.3420206396904,1572.062739291627,4.279281348063478,2.4,1.0,2.1,2.2,1.0,2.1,0,0,0.5,0.5,0.0,0.0,0.0,0.0,0,0
2020-2021,2020-11-29,Arsenal,Wolves,1,2,A,1,2,A,13,11,2,5,13,13,8,4,3,4,0,0,1522.537201279468,1519.069886463426,3.4673148160420624,1.2,1.2,1.6,0.9,1.2,1.4,0,0,0.5,0.5,0.0,0.0,0.0,0.0,0,0
2020-2021,2020-11-29,Southampton,Man United,2,3,A,2,0,H,10,15,5,6,12,12,5,9,1,0,0,0,1523.6697856550247,1556.8134959143267,-33.143710259302,2.0,1.4,2.0,1.6,1.5,1.7,0,0,0.5,0.5,0.0,0.0,0.0,0.0,0,0
2020-2021,2020-11-30,Leicester,Fulham,1,2,A,0,2,A,16,10,3,5,9,21,6,5,0,2,0,0,1533.8132525416856,1347.9752184677639,185.8380340739218,1.8,1.4,1.8,0.9,2.2,0.4,0,1,0.5,0.5,0.0,0.0,0.0,0.0,0,0
2020-2021,2020-11-30,West Ham,Aston Villa,2,1,H,1,1,D,6,16,2,6,20,7,3,7,1,1,0,0,1483.0681523572814,1443.6214821965316,39.44667016074982,1.6,1.1,1.5,2.1,1.2,1.9,0,0,0.5,0.5,0.0,0.0,0.0,0.0,0,0
2020-2021,2020-12-05,Burnley,Everton,1,1,D,1,1,D,8,13,3,6,6,9,8,4,0,0,0,0,1456.2642963232456,1494.0388983812554,-37.774602058009805,0.5,1.9,0.5,1.9,1.7,1.6,0,0,0.5,0.5,0.0,0.0,0.0,0.0,0,0
2020-2021,2020-12-05,Man City,Fulham,2,0,H,2,0,H,16,6,6,1,7,6,9,3,0,0,0,0,1619.0933116626213,1364.7406293800873,254.35268228253403,2.0,1.1,1.8,1.1,1.9,0.7,0,1,0.5,0.5,0.0,0.0,0.0,0.0,0,0
2020-2021,2020-12-05,West Ham,Man United,1,3,A,1,0,H,19,15,6,6,9,10,5,4,0,0,0,0,1489.2570339450062,1568.7143701656453,-79.45733622063904,1.7,1.1,1.7,1.8,1.6,1.9,0,0,0.5,0.5,0.0,0.0,0.0,0.0,0,0
2020-2021,2020-12-05,Chelsea,Leeds,3,1,H,1,1,D,23,8,11,3,12,9,8,4,0,2,0,0,1573.4276143051584,1404.414210457825,169.0134038473334,2.2,1.0,1.9,1.5,1.7,1.4,0,1,0.5,0.5,0.0,0.0,0.0,0.0,0,0
2020-2021,2020-12-06,West Brom,Crystal Palace,1,5,A,1,1,D,9,18,4,6,10,16,4,6,2,2,1,0,1400.9232446502217,1450.8734502741804,-49.95020562395871,0.7,1.8,0.6,1.2,1.5,1.3,1,0,0.5,0.5,0.0,0.0,0.0,0.0,0,0
2020-2021,2020-12-06,Sheffield United,Leicester,1,2,A,1,1,D,4,13,1,4,13,6,6,5,1,3,0,0,1387.7182666304552,1517.0478416293622,-129.329574998907,0.4,1.6,0.1,1.9,1.4,1.8,0,0,0.5,0.5,0.0,0.0,0.0,0.0,0,0
2020-2021,2020-12-06,Tottenham,Arsenal,2,0,H,2,0,H,6,11,3,2,16,12,3,9,1,2,0,0,1574.977145626159,1509.6441947407825,65.33295088537648,2.1,0.9,2.1,1.0,1.2,1.3,0,0,0.5,0.5,0.0,0.0,0.0,0.0,0,0
2020-2021,2020-12-06,Liverpool,Wolves,4,0,H,1,0,H,11,9,6,3,8,14,4,6,1,1,0,0,1672.6656480602728,1531.9628930021115,140.7027550581613,2.2,1.7,2.1,1.1,1.1,1.7,0,0,0.5,0.5,0.0,0.0,0.0,0.0,0,0
2020-2021,2020-12-07,Brighton,Southampton,1,2,A,1,1,D,12,10,4,3,12,12,4,3,3,3,0,0,1452.1898261795232,1511.7689114037062,-59.57908522418302,1.4,1.6,1.0,1.9,1.6,1.7,0,0,0.5,0.5,0.0,0.0,0.0,0.0,0,0
2020-2021,2020-12-11,Leeds,West Ham,1,2,A,1,1,D,13,19,7,8,12,10,5,6,1,2,0,0,1400.9083398225196,1478.6664566014613,-77.75811677894171,1.3,1.6,1.4,1.8,1.2,1.7,1,0,0.5,0.5,0.0,0.0,0.0,0.0,0,0
2020-2021,2020-12-12,Wolves,Aston Villa,0,1,A,0,0,D,16,13,7,2,23,15,5,8,2,5,0,0,1527.9606591840254,1437.4326006088068,90.52805857521867,0.9,1.5,1.4,2.1,1.4,1.6,0,0,0.5,0.5,0.0,0.0,0.0,0.0,0,0
2020-2021,2020-12-12,Newcastle,West Brom,2,1,H,1,0,H,12,13,7,3,9,12,4,3,2,3,0,0,1474.773433707605,1389.4925784106958,85.28085529690907,1.2,1.5,1.4,0.8,2.0,0.6,0,1,0.5,0.5,0.0,0.0,0.0,0.0,0,0
2020-2021,2020-12-12,Man United,Man City,0,0,D,0,0,D,11,9,2,2,13,6,4,3,1,1,0,0,1579.3049475091902,1621.3950169577315,-42.09006944854127,1.9,1.7,1.9,1.7,1.1,1.8,0,0,0.5,0.5,0.0,0.0,0.0,0.0,0,0
2020-2021,2020-12-12,Everton,Chelsea,1,0,H,1,0,H,9,10,4,3,10,11,6,6,2,3,0,0,1495.8109822894407,1576.9334849404638,-81.12250265102307,1.9,1.8,1.4,2.2,1.0,1.9,0,0,0.5,0.5,0.0,0.0,0.0,0.0,0,0
2020-2021,2020-12-13,Fulham,Liverpool,1,1,D,1,0,H,10,12,5,6,9,5,6,8,3,1,0,0,1362.438924084977,1676.667881878359,-314.2289577933818,1.1,1.8,0.7,2.2,1.4,2.1,1,0,0.5,0.5,0.0,0.0,0.0,0.0,0,0
2020-2021,2020-12-13,Southampton,Sheffield United,3,0,H,1,0,H,16,3,6,0,8,14,8,4,0,1,0,0,1522.927098142657,1378.5604400858692,144.36665805678786,2.1,1.6,2.0,0.5,1.6,0.1,0,0,0.5,0.5,0.0,0.0,0.0,0.0,0,0
2020-2021,2020-12-13,Arsenal,Burnley,0,1,A,0,0,D,18,10,6,2,5,11,13,4,2,1,1,0,1504.0734659158227,1454.4922124150603,49.58125350076239,0.7,1.4,1.0,0.5,1.8,0.6,0,0,0.5,0.5,0.0,0.0,0.0,0.0,0,0
2020-2021,2020-12-13,Leicester,Brighton,3,0,H,3,0,H,15,12,6,4,9,11,9,5,2,1,0,0,1526.2056681739482,1441.0316394405722,85.17402873337596,1.8,1.5,1.8,1.4,1.5,1.0,0,0,0.5,0.5,0.0,0.0,0.0,0.0,0,0
2020-2021,2020-12-13,Crystal Palace,Tottenham,1,1,D,0,1,A,16,14,5,6,15,11,4,7,1,1,0,0,1462.3041165137063,1580.5478744511188,-118.24375793741251,1.6,1.6,1.3,2.3,0.8,2.4,0,0,0.5,0.5,0.0,0.0,0.0,0.0,0,0
2020-2021,2020-12-15,Wolves,Chelsea,2,1,H,0,0,D,12,13,4,3,12,12,5,6,2,2,0,0,1512.9675796984445,1567.4762889469007,-54.50870924845617,0.8,1.3,1.4,2.2,0.9,1.9,0,0,0.5,0.5,0.0,0.0,0.0,0.0,0,0
2020-2021,2020-12-15,Man City,West Brom,1,1,D,1,1,D,26,5,7,1,5,8,13,2,2,3,0,0,1623.0465330659583,1384.3714307739135,238.6751022920448,1.4,1.0,1.6,0.7,1.7,0.6,0,1,0.5,0.5,0.0,0.0,0.0,0.0,0,0
2020-2021,2020-12-16,Leeds,Newcastle,5,2,H,1,1,D,25,10,10,4,10,13,7,4,3,1,0,0,1390.2690400535482,1479.8945813443872,-89.62554129083901,1.0,1.5,1.1,1.2,1.6,1.4,1,0,0.5,0.5,0.0,0.0,0.0,0.0,0,0
2020-2021,2020-12-16,Leicester,Everton,0,2,A,0,1,A,14,11,2,6,12,9,4,6,2,3,0,0,1531.3291589970897,1505.2681782830039,26.060980714085872,1.7,1.3,1.8,1.5,1.6,1.4,0,0,0.5,0.5,0.0,0.0,0.0,0.0,0,0
2020-2021,2020-12-16,Arsenal,Southampton,1,1,D,0,1,A,9,13,4,3,13,13,2,7,1,3,1,0,1490.0158290405086,1526.8622389593818,-36.84640991887318,0.5,1.4,0.7,2.2,1.1,2.3,0,0,0.5,0.5,0.0,0.0,0.0,0.0,0,0
2020-2021,2020-12-16,Liverpool,Tottenham,2,1,H,1,1,D,17,8,11,2,8,9,7,4,0,2,0,0,1671.1803151766183,1580.0232589688069,91.15705620781137,2.1,1.5,1.9,1.9,0.7,2.2,0,0,0.5,0.5,0.0,0.0,0.0,0.0,0,0
2020-2021,2020-12-16,West Ham,Crystal Palace,1,1,D,0,1,A,9,8,2,2,8,12,5,3,0,1,0,1,1489.3057563704326,1462.8287319960182,26.47702437441444,1.9,1.1,2.0,1.4,1.6,1.1,0,0,0.5,0.5,0.0,0.0,0.0,0.0,0,0
2020-2021,2020-12-16,Fulham,Brighton,0,0,D,0,0,D,9,9,4,4,15,11,1,8,1,0,0,0,1367.9264907867177,1435.9081486174307,-67.98165783071295,0.9,1.5,0.8,1.1,1.8,0.7,1,0,0.5,0.5,0.0,0.0,0.0,0.0,0,0
2020-2021,2020-12-17,Aston Villa,Burnley,0,0,D,0,0,D,27,6,7,4,17,19,11,1,1,1,0,0,1452.4256800943876,1468.5498492903744,-16.124169195986724,2.1,1.3,1.8,0.4,1.4,0.9,0,0,0.5,0.5,0.0,0.0,0.0,0.0,0,0
2020-2021,2020-12-17,Sheffield United,Man United,2,3,A,1,2,A,12,14,6,8,17,8,6,3,3,2,0,0,1374.6252992691445,1577.6534314009634,-203.0281321318189,0.5,1.8,0.1,1.8,1.4,2.0,0,0,0.5,0.5,0.0,0.0,0.0,0.0,0,0
2020-2021,2020-12-19,Crystal Palace,Liverpool,0,7,A,0,3,A,5,14,3,8,5,11,5,4,1,0,0,0,1466.3163213869846,1676.1736574542854,-209.85733606730082,1.4,1.5,1.2,2.0,1.5,1.9,0,0,0.5,0.5,0.0,0.0,0.0,0.0,0,0
2020-2021,2020-12-19,Southampton,Man City,0,1,A,0,1,A,9,11,3,5,9,11,6,6,2,2,0,0,1528.66018713621,1615.538536804258,-86.87834966804803,2.2,1.2,2.1,1.3,0.6,1.7,0,0,0.5,0.5,0.0,0.0,0.0,0.0,0,0
2020-2021,2020-12-19,Everton,Arsenal,2,1,H,2,1,H,9,13,2,2,9,9,4,3,1,3,0,0,1518.745245101502,1488.2178808636804,30.52736423782153,1.5,1.5,1.4,0.5,1.2,0.8,0,0,0.5,0.5,0.0,0.0,0.0,0.0,0,0
2020-2021,2020-12-19,Newcastle,Fulham,1,1,D,0,1,A,12,11,5,4,7,17,2,9,1,2,0,1,1470.193093553977,1367.0075288568214,103.18556469715554,1.4,1.8,1.4,0.9,1.2,0.9,0,1,0.5,0.5,0.0,0.0,0.0,0.0,0,0
2020-2021,2020-12-20,Tottenham,Leicester,0,2,A,0,1,A,8,17,3,4,15,14,5,3,2,2,0,0,1575.0299166911398,1517.8520921785916,57.17782451254811,1.9,0.8,2.1,1.2,1.3,1.5,0,0,0.5,0.5,0.0,0.0,0.0,0.0,0,0
2020-2021,2020-12-20,Man United,Leeds,6,2,H,4,1,H,26,17,14,3,6,6,11,13,1,0,0,0,1584.7720118259854,1399.9705278439585,184.80148398202687,1.8,1.4,2.0,1.4,1.7,1.1,0,1,0.5,0.5,0.0,0.0,0.0,0.0,0,0
2020-2021,2020-12-20,Brighton,Sheffield United,1,1,D,0,0,D,21,5,5,3,9,11,14,2,1,5,0,1,1436.827110547327,1367.5067188441226,69.32039170320445,0.9,1.5,0.8,0.7,2.0,0.1,0,0,0.5,0.5,0.0,0.0,0.0,0.0,0,0
2020-2021,2020-12-20,West Brom,Aston Villa,0,3,A,0,1,A,1,19,1,10,14,8,1,7,1,2,1,0,1391.8794270356138,1450.0573707889273,-58.17794375331346,0.5,1.5,0.6,2.0,1.3,1.6,1,0,0.5,0.5,0.0,0.0,0.0,0.0,0,0
2020-2021,2020-12-21,Burnley,Wolves,2,1,H,1,0,H,10,15,4,3,11,15,1,7,2,1,0,0,1470.9181585958347,1521.6656665369132,-50.74750794107854,0.4,1.3,1.0,1.0,1.0,1.7,0,0,0.5,0.5,0.0,0.0,0.0,0.0,0,0
2020-2021,2020-12-21,Chelsea,West Ham,3,0,H,1,0,H,11,6,7,0,11,6,5,4,0,0,0,0,1558.778202108432,1485.8181669794662,72.96003512896573,2.0,0.8,1.8,1.6,1.2,1.8,0,0,0.5,0.5,0.0,0.0,0.0,0.0,0,0
2020-2021,2020-12-26,Leicester,Man United,2,2,D,1,1,D,10,9,2,4,10,17,5,0,2,1,0,0,1532.0907422331725,1588.022812499349,-55.932070266176424,1.4,1.0,1.8,2.3,1.0,2.3,0,0,0.5,0.5,0.0,0.0,0.0,0.0,0,0
2020-2021,2020-12-26,Aston Villa,Crystal Palace,3,0,H,1,0,H,21,13,10,6,18,16,4,4,1,4,1,0,1461.2553258711616,1459.3769436455107,1.8783822256509666,2.0,1.3,1.6,1.4,1.8,1.2,0,0,0.5,0.5,0.0,0.0,0.0,0.0,0,0
2020-2021,2020-12-26,Fulham,Southampton,0,0,D,0,0,D,10,3,1,2,15,12,6,3,2,0,0,0,1372.2690919298618,1518.2826951430072,-146.01360321314542,1.0,1.2,1.0,2.0,1.3,1.8,1,0,0.5,0.5,0.0,0.0,0.0,0.0,0,0
2020-2021,2020-12-26,Arsenal,Chelsea,3,1,H,2,0,H,15,19,7,3,13,10,7,9,2,1,0,0,1481.807449436826,1564.1742002526908,-82.36675081586486,0.4,1.3,0.5,1.9,0.8,1.8,0,0,0.5,0.5,0.0,0.0,0.0,0.0,0,0
2020-2021,2020-12-26,Man City,Newcastle,2,0,H,1,0,H,11,7,6,2,5,12,7,3,2,2,0,0,1625.9160287974607,1464.9315304809365,160.9844983165242,1.3,0.5,1.9,1.4,1.8,1.4,0,0,0.5,0.5,0.0,0.0,0.0,0.0,0,0
2020-2021,2020-12-26,Sheffield United,Everton,0,1,A,0,0,D,10,7,2,3,11,10,6,3,2,4,0,0,1372.0277715516295,1525.1556765283565,-153.127904976727,0.7,1.9,0.2,1.3,1.4,1.4,0,0,0.5,0.5,0.0,0.0,0.0,0.0,0,0
2020-2021,2020-12-27,Leeds,Burnley,1,0,H,1,0,H,11,14,4,6,8,14,4,12,0,3,0,0,1396.719727170595,1479.5099781993706,-82.79025102877563,1.5,2.2,1.0,0.5,1.1,1.3,1,0,0.5,0.5,0.0,0.0,0.0,0.0,0,0
2020-2021,2020-12-27,West Ham,Brighton,2,2,D,0,1,A,11,13,4,4,6,8,5,4,0,0,0,0,1480.4221688352075,1432.3060578398201,48.11611099538732,1.3,1.5,1.5,0.8,1.2,0.9,0,0,0.5,0.5,0.0,0.0,0.0,0.0,0,0
2020-2021,2020-12-27,Liverpool,West Brom,1,1,D,1,0,H,17,5,2,3,8,5,8,3,0,1,0,0,1683.1130351957593,1380.6814719533795,302.43156324237975,2.5,0.8,2.2,0.5,1.6,0.6,0,1,0.5,0.5,0.0,0.0,0.0,0.0,0,0
2020-2021,2020-12-27,Wolves,Tottenham,1,1,D,0,1,A,11,6,6,3,20,13,9,2,4,1,0,0,1513.0738469333774,1560.791266636559,-47.71741970318158,1.0,1.2,1.4,1.3,0.9,1.8,0,0,0.5,0.5,0.0,0.0,0.0,0.0,0,0
2020-2021,2020-12-28,Crystal Palace,Leicester,1,1,D,0,0,D,4,17,1,3,10,7,2,5,0,1,0,0,1452.227989434293,1530.8291235689178,-78.60113413462477,1.3,2.0,1.1,1.6,1.1,1.9,0,0,0.5,0.5,0.0,0.0,0.0,0.0,0,0
2020-2021,2020-12-28,Chelsea,Aston Villa,1,1,D,1,0,H,16,10,5,2,16,3,11,4,3,1,0,0,1554.6812906445696,1468.4042800823793,86.2770105621903,1.7,0.8,1.7,1.6,1.1,1.6,0,0,0.5,0.5,0.0,0.0,0.0,0.0,0,0
2020-2021,2020-12-29,Brighton,Arsenal,0,1,A,0,0,D,13,11,2,3,11,4,5,4,2,0,0,0,1436.3284074287415,1491.300359044947,-54.971951616205615,0.9,1.3,0.9,0.7,1.3,0.8,0,0,0.5,0.5,0.0,0.0,0.0,0.0,0,0
2020-2021,2020-12-29,Burnley,Sheffield United,1,0,H,1,0,H,5,7,3,3,13,17,3,5,1,2,0,0,1470.0049098734546,1363.5451074438706,106.45980242958399,0.5,1.2,1.2,0.6,1.9,0.1,0,0,0.5,0.5,0.0,0.0,0.0,0.0,0,0
2020-2021,2020-12-29,Southampton,West Ham,0,0,D,0,0,D,8,8,3,3,16,15,4,3,3,1,0,0,1516.9660063355614,1476.3998192462861,40.56618708927522,1.7,1.0,1.8,1.2,1.4,1.5,0,0,0.5,0.5,0.0,0.0,0.0,0.0,0,0
2020-2021,2020-12-29,West Brom,Leeds,0,5,A,0,4,A,4,14,1,6,7,10,3,10,0,1,0,0,1388.8862939100834,1406.224795496511,-17.338501586427583,0.6,1.7,0.6,1.6,2.1,1.3,1,1,0.5,0.5,0.0,0.0,0.0,0.0,0,0
2020-2021,2020-12-29,Man United,Wolves,1,0,H,0,0,D,11,9,3,5,11,7,2,2,1,1,0,0,1589.2844311636036,1511.5802900120752,77.70414115152835,2.1,1.1,2.1,1.0,1.3,1.2,0,0,0.5,0.5,0.0,0.0,0.0,0.0,0,0
2020-2021,2020-12-30,Newcastle,Liverpool,0,0,D,0,0,D,8,11,2,4,9,13,5,12,2,3,0,0,1461.2900173251826,1674.9082132390554,-213.6181959138728,1.1,1.9,1.1,2.4,0.7,2.2,0,0,0.5,0.5,0.0,0.0,0.0,0.0,0,0
2020-2021,2021-01-01,Everton,West Ham,0,1,A,0,0,D,10,11,2,5,9,7,5,4,2,0,0,0,1533.6383406361153,1480.2384459038642,53.39989473225114,1.2,1.2,1.6,1.1,1.3,1.5,0,0,0.5,0.5,0.0,0.0,0.0,0.0,0,0
2020-2021,2021-01-01,Man United,Aston Villa,2,1,H,1,0,H,19,5,9,5,22,10,5,10,4,0,0,0,1594.573505294982,1473.3049487503429,121.26855654463907,2.2,1.1,2.3,1.6,1.2,1.4,0,0,0.5,0.5,0.0,0.0,0.0,0.0,0,0
2020-2021,2021-01-02,Tottenham,Leeds,3,0,H,2,0,H,20,18,7,5,15,13,3,5,2,1,1,0,1562.2848235578608,1418.5600866891382,143.72473686872263,1.1,0.7,1.8,1.8,2.1,1.3,0,1,0.5,0.5,0.0,0.0,0.0,0.0,0,0
2020-2021,2021-01-02,Crystal Palace,Sheffield United,2,0,H,2,0,H,9,7,4,2,8,18,3,6,1,3,0,0,1451.6128581889136,1358.8744829157874,92.73837527312617,1.2,2.0,0.9,0.5,1.8,0.1,0,0,0.5,0.5,0.0,0.0,0.0,0.0,0,0
2020-2021,2021-01-02,Brighton,Wolves,3,3,D,1,3,A,13,11,4,4,13,8,5,8,2,1,0,0,1425.039603727625,1506.2912158806969,-81.25161215307185,0.8,1.3,0.8,0.9,1.3,1.1,0,0,0.5,0.5,0.0,0.0,0.0,0.0,0,0
2020-2021,2021-01-02,West Brom,Arsenal,0,4,A,0,2,A,7,21,3,12,7,4,3,5,1,2,0,0,1376.5510027174562,1502.5891627460635,-126.03816002860731,0.5,2.1,0.5,0.8,1.2,1.1,1,0,0.5,0.5,0.0,0.0,0.0,0.0,0,0
2020-2021,2021-01-03,Newcastle,Leicester,1,2,A,0,0,D,8,9,2,3,10,11,3,6,0,2,0,0,1464.4484182027431,1531.4442548142972,-66.99583661155407,1.0,1.5,1.2,1.6,1.2,1.7,0,0,0.5,0.5,0.0,0.0,0.0,0.0,0,0
2020-2021,2021-01-03,Chelsea,Man City,1,3,A,0,3,A,9,18,2,6,11,10,5,3,3,1,0,0,1549.780621976606,1629.5575419532147,-79.77691997660872,1.8,0.9,1.7,1.4,0.5,1.9,0,0,0.5,0.5,0.0,0.0,0.0,0.0,0,0
2020-2021,2021-01-04,Southampton,Liverpool,1,0,H,1,0,H,7,17,3,1,5,12,1,10,1,3,0,0,1513.1273796779833,1671.7498123614948,-158.62243268351153,1.5,1.0,1.6,2.2,0.6,2.0,0,0,0.5,0.5,0.0,0.0,0.0,0.0,0,0
2020-2021,2021-01-12,Sheffield United,Newcastle,1,0,H,0,0,D,17,7,4,3,13,12,5,2,2,3,0,1,1353.9151680576715,1453.501329084605,-99.5861610269335,0.5,1.9,0.1,1.0,1.6,1.1,0,0,0.5,0.5,0.0,0.0,0.0,0.0,0,0
2020-2021,2021-01-12,Burnley,Man United,0,1,A,0,0,D,11,13,0,7,15,13,3,4,1,2,0,0,1474.6755344015378,1598.9459132374136,-124.27037883587582,0.6,1.1,1.5,2.4,1.1,2.6,0,0,0.5,0.5,0.0,0.0,0.0,0.0,0,0
2020-2021,2021-01-12,Wolves,Everton,1,2,A,1,1,D,12,5,3,3,6,11,6,5,2,2,0,0,1506.8303146912697,1519.4893016698031,-12.658986978533449,1.0,1.6,0.9,1.2,1.1,1.6,0,0,0.5,0.5,0.0,0.0,0.0,0.0,0,0
2020-2021,2021-01-13,Man City,Brighton,1,0,H,1,0,H,16,5,6,1,4,12,8,4,0,2,0,0,1640.1389525236555,1424.5005049170522,215.63844760660322,1.6,0.5,2.1,1.0,1.4,0.9,0,0,0.5,0.5,0.0,0.0,0.0,0.0,0,0
2020-2021,2021-01-13,Tottenham,Fulham,1,1,D,1,0,H,15,15,6,4,13,15,6,5,1,2,0,0,1566.2316575115547,1373.5857807373077,192.64587677424697,1.3,0.7,1.8,0.9,1.1,1.0,0,1,0.5,0.5,0.0,0.0,0.0,0.0,0,0
2020-2021,2021-01-14,Arsenal,Crystal Palace,0,0,D,0,0,D,11,12,4,2,10,11,7,3,1,1,0,0,1511.8411242057073,1456.5721730470295,55.26895115867774,1.1,1.2,1.1,1.4,1.8,1.2,0,0,0.5,0.5,0.0,0.0,0.0,0.0,0,0
2020-2021,2021-01-16,Wolves,West Brom,2,3,A,2,1,H,23,12,6,5,10,14,11,0,2,1,0,0,1494.3680884547575,1367.2990412578124,127.06904719694512,1.1,1.7,0.9,0.5,2.3,0.5,0,1,0.5,0.5,0.0,0.0,0.0,0.0,0,0
2020-2021,2021-01-16,Leeds,Brighton,0,1,A,0,1,A,7,7,2,2,8,9,5,2,1,1,0,0,1414.6132527354443,1421.7045262504803,-7.091273515035937,1.7,2.0,1.3,1.0,1.5,0.8,1,0,0.5,0.5,0.0,0.0,0.0,0.0,0,0
2020-2021,2021-01-16,West Ham,Burnley,1,0,H,1,0,H,15,10,4,2,12,9,7,4,2,1,0,0,1494.3874848701764,1465.3729579910648,29.0145268791116,1.1,1.1,1.8,0.6,0.9,1.5,0,0,0.5,0.5,0.0,0.0,0.0,0.0,0,0
2020-2021,2021-01-16,Fulham,Chelsea,0,1,A,0,0,D,10,21,3,6,11,10,1,12,2,3,1,0,1380.456047889162,1539.1992114061652,-158.74316351700327,0.9,1.0,1.1,1.6,1.2,1.4,1,0,0.5,0.5,0.0,0.0,0.0,0.0,0,0
2020-2021,2021-01-16,Leicester,Southampton,2,0,H,1,0,H,16,8,5,3,10,11,2,5,2,2,0,0,1542.3913439324353,1524.7988371222075,17.59250681022786,1.4,1.2,1.7,1.2,0.7,1.6,0,0,0.5,0.5,0.0,0.0,0.0,0.0,0,0
2020-2021,2021-01-17,Sheffield United,Tottenham,1,3,A,0,2,A,15,14,5,5,13,4,5,7,4,0,0,0,1363.903256820176,1559.3613903597004,-195.4581335395244,0.5,1.5,0.4,1.2,0.7,1.6,0,0,0.5,0.5,0.0,0.0,0.0,0.0,0,0
2020-2021,2021-01-17,Liverpool,Man United,0,0,D,0,0,D,17,8,3,4,15,6,7,3,2,1,0,0,1660.0783549172706,1608.2484896478866,51.82986526938407,2.0,0.6,1.7,2.2,1.0,2.6,0,0,0.5,0.5,0.0,0.0,0.0,0.0,0,0
2020-2021,2021-01-17,Man City,Crystal Palace,4,0,H,1,0,H,13,2,6,0,9,8,11,1,0,0,0,0,1642.9349311902274,1460.7656474870698,182.1692837031576,1.6,0.5,2.1,1.0,1.7,1.0,0,0,0.5,0.5,0.0,0.0,0.0,0.0,0,0
2020-2021,2021-01-18,Arsenal,Newcastle,3,0,H,0,0,D,20,4,6,1,9,8,7,2,0,0,0,0,1507.647649765667,1443.5132403221005,64.13440944356648,1.1,0.9,1.2,0.8,1.6,0.8,0,0,0.5,0.5,0.0,0.0,0.0,0.0,0,0
2020-2021,2021-01-19,West Ham,West Brom,2,1,H,1,0,H,14,6,6,2,10,10,3,1,0,1,0,0,1500.8359078859019,1383.0396394190143,117.79626846688757,1.1,1.1,1.8,0.8,2.4,0.8,0,1,0.5,0.5,0.0,0.0,0.0,0.0,0,0
2020-2021,2021-01-19,Leicester,Chelsea,2,0,H,2,0,H,8,9,6,5,7,16,6,3,1,3,0,0,1549.1303393196322,1547.524376326606,1.6059629930261963,1.5,1.2,1.7,1.3,1.1,1.4,0,0,0.5,0.5,0.0,0.0,0.0,0.0,0,0
2020-2021,2021-01-20,Man City,Aston Villa,2,0,H,0,0,D,28,11,9,4,10,9,16,2,0,2,0,0,1646.2271935559822,1468.9325408079112,177.29465274807103,1.9,0.4,2.3,1.7,1.1,1.4,0,0,0.5,0.5,0.0,0.0,0.0,0.0,0,0
2020-2021,2021-01-20,Fulham,Man United,1,2,A,1,1,D,12,15,5,5,6,10,2,8,3,1,0,0,1372.1308829687212,1612.360048602371,-240.22916563364993,0.7,1.1,0.8,2.1,1.0,2.4,1,0,0.5,0.5,0.0,0.0,0.0,0.0,0,0
2020-2021,2021-01-21,Liverpool,Burnley,0,1,A,0,0,D,27,6,6,4,11,8,12,0,2,1,0,0,1655.9667959627861,1458.9245349753394,197.04226098744675,1.9,0.5,1.7,0.6,1.0,1.4,0,0,0.5,0.5,0.0,0.0,0.0,0.0,0,0
2020-2021,2021-01-23,Aston Villa,Newcastle,2,0,H,2,0,H,14,7,5,1,9,18,5,4,0,3,0,0,1465.5623748767862,1437.9147401123694,27.647634764416807,1.4,0.9,1.4,0.8,1.7,0.8,0,0,0.5,0.5,0.0,0.0,0.0,0.0,0,0
2020-2021,2021-01-26,Crystal Palace,West Ham,2,3,A,1,2,A,6,17,3,7,9,8,3,4,0,0,0,0,1457.473385121315,1505.2769893189632,-47.803604197648156,1.0,2.0,1.0,1.2,1.2,1.8,0,0,0.5,0.5,0.0,0.0,0.0,0.0,0,0
2020-2021,2021-01-26,Newcastle,Leeds,1,2,A,0,1,A,22,9,5,2,10,15,9,5,1,3,0,0,1431.4318893733139,1402.001094603811,29.43079476950288,0.8,1.7,0.8,1.6,1.7,1.3,0,1,0.5,0.5,0.0,0.0,0.0,0.0,0,0
2020-2021,2021-01-26,Southampton,Arsenal,1,3,A,1,2,A,13,9,5,5,11,6,4,5,1,2,0,0,1518.0598417350107,1513.246149975398,4.813691759612539,1.0,0.9,1.3,1.4,0.9,1.4,0,0,0.5,0.5,0.0,0.0,0.0,0.0,0,0
2020-2021,2021-01-26,West Brom,Man City,0,5,A,0,4,A,4,18,1,7,8,8,3,8,2,0,0,0,1378.598557985953,1649.5973594871073,-270.9988015011543,0.9,2.5,0.8,2.1,0.2,2.6,1,0,0.5,0.5,0.0,0.0,0.0,0.0,0,0
2020-2021,2021-01-27,Burnley,Aston Villa,3,2,H,0,1,A,10,18,5,10,16,7,2,4,1,0,0,0,1475.8610342028353,1472.0452256158417,3.815808586993626,0.6,1.0,1.4,1.3,0.9,1.4,0,0,0.5,0.5,0.0,0.0,0.0,0.0,0,0
2020-2021,2021-01-27,Chelsea,Wolves,0,0,D,0,0,D,14,4,5,0,14,7,13,1,1,1,0,0,1540.3682169913757,1478.6274902935556,61.74072669782004,1.1,1.3,1.1,1.2,1.9,0.8,0,0,0.5,0.5,0.0,0.0,0.0,0.0,0,0
2020-2021,2021-01-27,Brighton,Fulham,0,0,D,0,0,D,16,10,5,3,10,14,10,0,2,1,0,0,1434.3166843821136,1365.9612356289729,68.35544875314076,0.9,1.4,0.8,0.8,1.2,0.8,0,1,0.5,0.5,0.0,0.0,0.0,0.0,0,0
2020-2021,2021-01-27,Everton,Leicester,1,1,D,1,0,H,8,19,2,6,12,10,5,11,1,1,0,0,1531.9515279063153,1556.2864986548625,-24.33497074854722,1.3,1.0,1.9,1.7,0.9,2.0,0,0,0.5,0.5,0.0,0.0,0.0,0.0,0,0
2020-2021,2021-01-27,Man United,Sheffield United,1,2,A,0,1,A,16,5,4,3,10,12,7,2,1,1,0,0,1618.5296959421194,1356.5836539227157,261.94604201940365,2.0,0.9,2.4,0.6,1.7,0.4,0,0,0.5,0.5,0.0,0.0,0.0,0.0,0,0
2020-2021,2021-01-28,Tottenham,Liverpool,1,3,A,0,1,A,3,14,2,7,9,11,1,2,1,2,0,0,1566.6809932571607,1639.0302967352902,-72.34930347812951,1.4,0.8,1.6,1.6,0.6,1.4,0,0,0.5,0.5,0.0,0.0,0.0,0.0,0,0
2020-2021,2021-01-30,Everton,Newcastle,0,2,A,0,0,D,11,13,3,3,13,6,7,12,3,4,0,0,1529.8075027607133,1417.8698469608896,111.93765579982369,1.3,0.8,2.0,0.7,1.9,0.5,0,0,0.5,0.5,0.0,0.0,0.0,0.0,0,0
2020-2021,2021-01-30,Crystal Palace,Wolves,1,0,H,0,0,D,11,6,2,4,7,10,1,6,1,2,0,0,1445.9822535441656,1482.973273587926,-36.9910200437605,1.2,2.1,1.0,1.0,1.8,0.6,0,0,0.5,0.5,0.0,0.0,0.0,0.0,0,0
2020-2021,2021-01-30,Man City,Sheffield United,1,0,H,1,0,H,10,4,5,1,7,10,10,0,0,3,0,0,1655.0379565407575,1374.3694926743913,280.6684638663662,2.1,0.2,2.6,0.8,1.7,0.7,0,0,0.5,0.5,0.0,0.0,0.0,0.0,0,0
2020-2021,2021-01-30,West Brom,Fulham,2,2,D,0,1,A,5,12,3,7,9,10,2,3,1,0,0,0,1373.1579609323028,1370.4601641603167,2.697796771986077,0.8,3.0,0.5,0.6,0.9,0.9,1,1,0.5,0.5,0.0,0.0,0.0,0.0,0,0
2020-2021,2021-01-30,Arsenal,Man United,0,0,D,0,0,D,17,14,3,3,9,16,4,7,1,3,0,0,1526.1746250860174,1600.7438571904438,-74.56923210442642,1.6,0.8,1.7,1.8,1.0,2.1,0,0,0.5,0.5,0.0,0.0,0.0,0.0,0,0
2020-2021,2021-01-30,Southampton,Aston Villa,0,1,A,0,1,A,20,8,5,4,12,11,7,1,1,0,0,0,1505.1313666243914,1464.9474204444166,40.18394617997478,1.0,1.1,1.2,1.4,1.0,1.4,0,0,0.5,0.5,0.0,0.0,0.0,0.0,0,0
2020-2021,2021-01-31,Chelsea,Burnley,2,0,H,1,0,H,19,1,8,0,7,9,4,2,0,1,0,0,1536.0224336970052,1482.9588393742604,53.06359432274485,1.1,1.3,1.1,0.9,0.7,1.7,0,0,0.5,0.5,0.0,0.0,0.0,0.0,0,0
2020-2021,2021-01-31,Leicester,Leeds,1,3,A,1,1,D,18,8,8,7,17,16,6,4,0,3,0,0,1558.4305238004645,1415.5631370162353,142.8673867842292,1.7,0.8,2.1,1.8,1.8,1.5,0,1,0.5,0.5,0.0,0.0,0.0,0.0,0,0
2020-2021,2021-01-31,West Ham,Liverpool,1,3,A,0,0,D,8,14,2,5,7,8,6,5,2,0,0,0,1516.7681208961126,1649.824471750952,-133.05635085483937,1.3,1.3,1.8,1.8,0.6,1.6,0,0,0.5,0.5,0.0,0.0,0.0,0.0,0,0
2020-2021,2021-01-31,Brighton,Tottenham,1,0,H,1,0,H,16,8,5,4,11,11,9,2,2,1,0,0,1429.8177558507698,1555.886818241499,-126.06906239072919,0.8,1.3,0.8,1.3,1.1,1.3,0,0,0.5,0.5,0.0,0.0,0.0,0.0,0,0
2020-2021,2021-02-02,Sheffield United,West Brom,2,1,H,0,1,A,14,8,6,4,11,9,9,2,2,1,0,0,1372.358810052956,1370.285262165883,2.073547887072891,0.7,1.6,0.7,0.9,2.7,0.6,0,1,0.5,0.5,0.0,0.0,0.0,0.0,0,0
2020-2021,2021-02-02,Wolves,Arsenal,2,1,H,1,1,D,11,9,7,3,11,8,9,6,3,2,0,2,1474.7671937980463,1525.4439731291238,-50.67677933107757,1.0,1.5,0.6,1.6,0.6,1.8,0,0,0.5,0.5,0.0,0.0,0.0,0.0,0,0
2020-2021,2021-02-02,Man United,Southampton,9,0,H,4,0,H,24,3,14,1,11,6,5,3,2,3,0,2,1601.4745091473374,1491.3021245860991,110.17238456123823,1.8,1.0,2.1,0.8,0.9,1.2,0,0,0.5,0.5,0.0,0.0,0.0,0.0,0,0
2020-2021,2021-02-02,Newcastle,Crystal Palace,1,2,A,1,2,A,21,6,5,3,14,11,9,1,1,3,0,0,1433.3111574297589,1454.1883333340454,-20.87717590428656,0.7,1.8,0.5,0.8,2.0,1.0,0,0,0.5,0.5,0.0,0.0,0.0,0.0,0,0
2020-2021,2021-02-03,Burnley,Man City,0,2,A,0,2,A,2,17,0,6,8,5,1,3,2,1,0,0,1477.0998619003017,1657.0486391621928,-179.9487772618911,0.8,0.8,1.6,2.0,0.2,2.6,0,0,0.5,0.5,0.0,0.0,0.0,0.0,0,0
2020-2021,2021-02-03,Fulham,Leicester,0,2,A,0,2,A,8,9,1,5,17,10,5,2,3,1,0,0,1373.3328629267364,1542.3930159515164,-169.06015302478,0.6,1.0,0.7,1.6,1.0,1.8,1,0,0.5,0.5,0.0,0.0,0.0,0.0,0,0
2020-2021,2021-02-03,Leeds,Everton,1,2,A,0,2,A,16,10,7,6,12,12,7,1,2,3,0,0,1431.6006448651833,1514.366192291844,-82.76554742666076,2.0,1.9,1.5,1.0,0.8,1.7,1,0,0.5,0.5,0.0,0.0,0.0,0.0,0,0
2020-2021,2021-02-03,Aston Villa,West Ham,1,3,A,0,0,D,9,20,2,10,11,15,7,3,1,1,0,0,1478.7766624827088,1507.7166985958015,-28.940036113092674,1.4,0.8,1.7,1.3,1.3,1.8,0,0,0.5,0.5,0.0,0.0,0.0,0.0,0,0
2020-2021,2021-02-03,Liverpool,Brighton,0,1,A,0,0,D,11,13,1,4,12,6,6,3,1,0,0,0,1658.875894051263,1440.5666788497451,218.30921520151787,1.7,0.7,1.6,0.8,1.1,1.1,0,0,0.5,0.5,0.0,0.0,0.0,0.0,0,0
2020-2021,2021-02-04,Tottenham,Chelsea,0,1,A,0,1,A,7,18,2,2,20,14,2,7,2,3,0,0,1545.1378952425237,1541.881411170964,3.2564840715597256,1.3,1.2,1.2,1.0,1.2,1.1,0,0,0.5,0.5,0.0,0.0,0.0,0.0,0,0
2020-2021,2021-02-06,Aston Villa,Arsenal,1,0,H,1,0,H,12,14,8,3,12,12,3,7,3,2,0,0,1466.7594418378173,1516.8541488333826,-50.094706995565275,1.4,1.1,1.4,1.7,0.7,1.8,0,0,0.5,0.5,0.0,0.0,0.0,0.0,0,0
2020-2021,2021-02-06,Burnley,Brighton,1,1,D,0,1,A,20,10,7,2,8,10,8,7,2,0,0,0,1469.3611994320568,1457.8074723075226,11.553727124534134,0.7,1.0,1.3,0.9,0.8,1.4,0,0,0.5,0.5,0.0,0.0,0.0,0.0,0,0
2020-2021,2021-02-06,Newcastle,Southampton,3,2,H,3,1,H,6,14,4,5,11,14,0,7,2,1,1,0,1421.0723891720913,1486.7075709574474,-65.63518178535605,0.6,1.5,0.5,0.6,1.7,0.9,0,0,0.5,0.5,0.0,0.0,0.0,0.0,0,0
2020-2021,2021-02-06,Fulham,West Ham,0,0,D,0,0,D,20,8,2,1,11,10,7,3,1,2,0,1,1365.2948029988652,1519.733919240693,-154.43911624182783,0.6,1.0,0.7,1.4,1.3,1.8,1,0,0.5,0.5,0.0,0.0,0.0,0.0,0,0
2020-2021,2021-02-06,Man United,Everton,3,3,D,2,0,H,14,6,5,3,14,10,5,1,2,1,0,0,1606.069062775989,1524.8618332485428,81.20722952744632,2.4,0.8,2.1,1.2,0.8,2.0,0,0,0.5,0.5,0.0,0.0,0.0,0.0,0,0
2020-2021,2021-02-07,Tottenham,West Brom,2,0,H,0,0,D,13,4,6,1,16,12,8,0,1,2,0,0,1532.2504499991599,1363.1414678453689,169.10898215379098,1.1,1.3,0.9,0.9,2.7,0.6,0,1,0.5,0.5,0.0,0.0,0.0,0.0,0,0
2020-2021,2021-02-07,Wolves,Leicester,0,0,D,0,0,D,13,13,1,3,11,15,8,2,1,3,0,0,1483.3570180937875,1550.4310758793877,-67.07405778560019,1.2,1.5,0.9,1.5,1.0,1.8,0,0,0.5,0.5,0.0,0.0,0.0,0.0,0,0
2020-2021,2021-02-07,Liverpool,Man City,1,4,A,0,0,D,8,8,3,5,13,8,6,1,2,1,0,0,1641.6351005934855,1664.7873016304377,-23.152201036952192,1.6,0.7,1.5,2.2,0.2,2.8,0,0,0.5,0.5,0.0,0.0,0.0,0.0,0,0
2020-2021,2021-02-07,Sheffield United,Chelsea,1,2,A,0,1,A,8,9,3,3,8,8,1,8,1,0,0,0,1379.5026043734701,1554.7688564143277,-175.26625204085758,0.9,1.4,1.0,1.1,1.1,1.4,0,0,0.5,0.5,0.0,0.0,0.0,0.0,0,0
2020-2021,2021-02-08,Leeds,Crystal Palace,2,0,H,1,0,H,17,8,7,3,7,8,5,3,0,2,0,0,1421.1050039084846,1466.427101591713,-45.32209768322832,2.0,1.8,1.5,0.9,2.0,1.2,1,0,0.5,0.5,0.0,0.0,0.0,0.0,0,0
2020-2021,2021-02-13,Leicester,Liverpool,3,1,H,0,0,D,11,15,6,4,9,6,2,12,1,2,0,0,1551.375933758057,1629.4586213088821,-78.08268755082509,1.5,0.8,1.9,1.5,1.0,1.2,0,0,0.5,0.5,0.0,0.0,0.0,0.0,0,0
2020-2021,2021-02-13,Crystal Palace,Burnley,0,3,A,0,2,A,13,16,3,4,15,14,7,4,0,0,0,0,1457.9879931034004,1466.2563912322987,-8.268398128898298,0.8,2.1,1.1,0.8,1.1,1.3,0,0,0.5,0.5,0.0,0.0,0.0,0.0,0,0
2020-2021,2021-02-13,Man City,Tottenham,3,0,H,1,0,H,15,7,6,3,12,13,4,2,1,3,0,0,1676.963780915041,1535.7547301379395,141.20905077710154,2.5,0.2,3.0,1.2,1.2,1.1,0,0,0.5,0.5,0.0,0.0,0.0,0.0,0,0
2020-2021,2021-02-13,Brighton,Aston Villa,0,0,D,0,0,D,26,4,9,1,16,12,9,2,2,3,0,0,1460.9122805072807,1475.332849795912,-14.420569288631214,1.0,0.9,1.4,1.5,1.1,1.6,0,0,0.5,0.5,0.0,0.0,0.0,0.0,0,0
2020-2021,2021-02-14,Southampton,Wolves,1,2,A,1,0,H,7,10,3,4,10,9,4,6,2,2,0,0,1477.693456999633,1482.412160215118,-4.718703215484993,0.5,2.0,0.6,1.0,1.4,0.7,0,0,0.5,0.5,0.0,0.0,0.0,0.0,0,0
2020-2021,2021-02-14,West Brom,Man United,1,1,D,1,1,D,7,10,3,7,13,10,4,5,5,0,0,0,1359.6371877065892,1601.2800597767011,-241.64287207011193,0.8,2.8,0.5,2.1,0.9,1.9,1,0,0.5,0.5,0.0,0.0,0.0,0.0,0,0
2020-2021,2021-02-14,Arsenal,Leeds,4,2,H,3,0,H,13,9,5,5,8,17,4,5,0,2,0,0,1508.280740875288,1429.5441123967971,78.73662847849096,1.6,0.7,1.7,2.1,1.6,1.8,0,1,0.5,0.5,0.0,0.0,0.0,0.0,0,0
2020-2021,2021-02-14,Everton,Fulham,0,2,A,0,0,D,7,12,2,3,7,16,5,4,1,1,0,0,1529.6508362478307,1366.8489884245573,162.80184782327342,1.4,1.0,2.0,0.5,0.9,0.7,0,1,0.5,0.5,0.0,0.0,0.0,0.0,0,0
2020-2021,2021-02-15,West Ham,Sheffield United,3,0,H,1,0,H,13,8,9,5,11,12,7,7,0,2,0,0,1518.1797338150009,1371.635676711156,146.5440571038448,1.3,1.2,1.8,0.8,1.3,1.0,0,0,0.5,0.5,0.0,0.0,0.0,0.0,0,0
2020-2021,2021-02-15,Chelsea,Newcastle,2,0,H,2,0,H,18,10,5,4,9,13,10,5,0,0,0,0,1562.6357840766418,1430.0865031299056,132.5492809467362,1.2,1.0,1.7,0.8,1.6,0.7,0,0,0.5,0.5,0.0,0.0,0.0,0.0,0,0
2020-2021,2021-02-17,Burnley,Fulham,1,1,D,0,0,D,8,8,3,3,7,13,5,5,1,1,0,0,1478.8369529348815,1383.2385311010003,95.59842183388128,0.9,1.0,1.3,0.7,0.9,0.9,0,1,0.5,0.5,0.0,0.0,0.0,0.0,0,0
2020-2021,2021-02-17,Everton,Man City,1,3,A,1,1,D,3,16,2,7,8,8,0,10,2,1,0,0,1513.2612935713878,1680.9566926700459,-167.69539909865807,1.3,1.2,1.7,2.7,0.2,3.0,0,0,0.5,0.5,0.0,0.0,0.0,0.0,0,0
2020-2021,2021-02-19,Wolves,Leeds,1,0,H,0,0,D,15,18,5,7,13,8,7,9,1,0,0,0,1495.0878325785895,1424.2781281224923,70.80970445609728,1.1,1.3,1.0,1.8,1.8,1.5,0,1,0.5,0.5,0.0,0.0,0.0,0.0,0,0
2020-2021,2021-02-20,Southampton,Chelsea,1,1,D,1,0,H,4,9,1,3,10,10,3,6,1,1,0,0,1465.0177846361617,1566.7903900476306,-101.77260541146893,0.5,2.1,0.5,1.1,1.0,1.7,0,0,0.5,0.5,0.0,0.0,0.0,0.0,0,0
2020-2021,2021-02-20,Burnley,West Brom,0,0,D,0,0,D,6,10,1,3,16,10,5,5,3,0,0,1,1473.7351201119116,1363.502206052225,110.23291405968666,1.0,1.0,1.4,0.9,2.6,0.6,0,1,0.5,0.5,0.0,0.0,0.0,0.0,0,0
2020-2021,2021-02-20,Liverpool,Everton,0,2,A,0,1,A,15,9,6,6,10,10,7,2,2,1,0,0,1620.0886168078498,1505.185435932051,114.90318087579885,0.9,1.3,0.9,1.2,1.5,1.4,0,0,0.5,0.5,0.0,0.0,0.0,0.0,0,0
2020-2021,2021-02-20,Fulham,Sheffield United,1,0,H,0,0,D,15,4,7,2,11,14,6,4,1,2,0,0,1388.3403639239702,1367.7400041283836,20.600359795586655,0.7,0.9,0.9,0.7,1.5,0.9,1,0,0.5,0.5,0.0,0.0,0.0,0.0,0,0
2020-2021,2021-02-21,West Ham,Tottenham,2,1,H,1,0,H,4,20,4,4,14,7,5,7,4,3,0,0,1522.0754063977733,1531.7618183829347,-9.686411985161385,1.6,0.9,2.1,1.1,1.3,1.1,0,0,0.5,0.5,0.0,0.0,0.0,0.0,0,0
2020-2021,2021-02-21,Aston Villa,Leicester,1,2,A,0,2,A,11,16,2,7,11,12,7,8,2,1,0,0,1477.7473883561013,1560.7459382590894,-82.99854990298809,1.2,1.1,1.4,1.6,0.9,1.9,0,0,0.5,0.5,0.0,0.0,0.0,0.0,0,0
2020-2021,2021-02-21,Arsenal,Man City,0,1,A,0,1,A,7,15,1,3,11,9,1,3,2,2,0,0,1513.546725149593,1689.0325503093827,-175.48582515978978,1.9,0.7,2.0,2.8,0.3,3.0,0,0,0.5,0.5,0.0,0.0,0.0,0.0,0,0
2020-2021,2021-02-21,Man United,Newcastle,3,1,H,1,1,D,15,10,7,6,9,11,6,4,1,2,0,0,1597.4150414310654,1425.9318971589169,171.4831442721486,2.0,0.8,1.9,0.8,1.6,0.7,0,0,0.5,0.5,0.0,0.0,0.0,0.0,0,0
2020-2021,2021-02-22,Brighton,Crystal Palace,1,2,A,0,1,A,25,3,5,2,11,6,13,0,2,0,0,0,1458.4977419470913,1445.4074314008176,13.090310546273713,0.9,0.8,1.4,0.8,1.7,1.1,0,0,0.5,0.5,0.0,0.0,0.0,0.0,0,0
2020-2021,2021-02-23,Leeds,Southampton,3,0,H,0,0,D,11,13,7,5,11,13,2,4,1,2,0,0,1418.8332187753253,1465.0688038784367,-46.23558510311136,1.6,1.3,1.5,0.6,2.1,0.6,1,0,0.5,0.5,0.0,0.0,0.0,0.0,0,0
2020-2021,2021-02-27,Man City,West Ham,2,1,H,1,1,D,10,9,3,3,8,11,4,2,1,1,0,0,1696.8934465149644,1529.532980461005,167.36046605395927,2.6,0.2,3.0,1.6,0.8,2.3,0,0,0.5,0.5,0.0,0.0,0.0,0.0,0,0
2020-2021,2021-02-27,West Brom,Brighton,1,0,H,1,0,H,6,15,2,6,11,12,7,4,0,0,0,0,1368.9088854417744,1445.3530257350656,-76.44414029329118,0.8,2.5,0.6,0.8,0.8,1.3,1,0,0.5,0.5,0.0,0.0,0.0,0.0,0,0
2020-2021,2021-02-27,Leeds,Aston Villa,0,1,A,0,1,A,13,9,3,4,14,14,7,5,3,2,0,0,1427.2979894370583,1467.2584374963149,-39.96044805925658,1.8,1.3,1.5,1.0,1.3,1.1,1,0,0.5,0.5,0.0,0.0,0.0,0.0,0,0
2020-2021,2021-02-27,Newcastle,Wolves,1,1,D,0,0,D,19,14,7,4,11,13,3,5,2,0,0,0,1422.4669426748853,1500.5327419257565,-78.06579925087112,0.9,1.9,0.6,1.1,1.2,1.2,0,0,0.5,0.5,0.0,0.0,0.0,0.0,0,0
2020-2021,2021-02-28,Crystal Palace,Fulham,0,0,D,0,0,D,3,16,0,4,10,14,1,3,1,1,0,0,1458.5521476128433,1395.0022123679385,63.54993524490487,1.0,1.5,1.4,0.8,0.9,1.1,0,1,0.5,0.5,0.0,0.0,0.0,0.0,0,0
2020-2021,2021-02-28,Sheffield United,Liverpool,0,2,A,0,0,D,8,16,2,8,9,9,4,3,0,0,0,0,1361.0781556844154,1604.5875025635323,-243.50934687911695,0.7,1.5,0.9,0.8,1.4,0.8,0,0,0.5,0.5,0.0,0.0,0.0,0.0,0,0
2020-2021,2021-02-28,Leicester,Arsenal,1,3,A,1,2,A,8,12,3,4,15,3,2,7,2,1,0,0,1571.2348891188758,1505.6858289440113,65.54906017486451,1.6,0.8,2.1,1.6,0.7,1.7,0,0,0.5,0.5,0.0,0.0,0.0,0.0,0,0
2020-2021,2021-02-28,Chelsea,Man United,0,0,D,0,0,D,18,11,6,4,11,12,3,4,1,2,0,0,1566.7393708053555,1600.879995915097,-34.14062510974145,1.1,0.8,1.8,2.2,0.9,1.9,0,0,0.5,0.5,0.0,0.0,0.0,0.0,0,0
2020-2021,2021-02-28,Tottenham,Burnley,4,0,H,3,0,H,16,10,7,3,6,10,3,4,0,0,0,0,1524.304244319703,1468.328440722362,55.97580359734093,1.2,1.3,1.1,0.9,1.0,1.2,0,0,0.5,0.5,0.0,0.0,0.0,0.0,0,0
2020-2021,2021-03-01,Everton,Southampton,1,0,H,1,0,H,7,9,1,1,13,9,4,10,0,2,0,0,1520.6865501763684,1456.6040332167038,64.08251695966464,1.2,1.4,1.4,0.6,2.4,0.5,0,0,0.5,0.5,0.0,0.0,0.0,0.0,0,0
2020-2021,2021-03-02,Man City,Wolves,4,1,H,1,0,H,22,6,10,1,9,5,10,2,0,1,0,0,1700.4269132740287,1501.1632215783463,199.26369169568238,2.7,0.3,3.0,1.2,1.2,1.3,0,0,0.5,0.5,0.0,0.0,0.0,0.0,0,0
2020-2021,2021-03-03,Burnley,Leicester,1,1,D,1,1,D,12,15,7,4,6,12,5,8,0,2,0,0,1462.5386680071122,1556.8006194879868,-94.26195148087459,0.9,1.3,1.2,1.6,1.0,2.0,0,0,0.5,0.5,0.0,0.0,0.0,0.0,0,0
2020-2021,2021-03-03,Sheffield United,Aston Villa,1,0,H,1,0,H,9,16,2,4,13,6,2,7,1,0,1,0,1354.9887752616432,1478.9695161577795,-123.98074089613624,0.7,1.6,0.9,1.0,1.2,1.3,0,0,0.5,0.5,0.0,0.0,0.0,0.0,0,0
2020-2021,2021-03-03,Crystal Palace,Man United,0,0,D,0,0,D,8,11,2,1,4,13,4,6,1,0,0,0,1454.1642213194298,1602.7531984228904,-148.5889771034606,0.9,1.4,1.4,2.0,0.8,1.7,0,0,0.5,0.5,0.0,0.0,0.0,0.0,0,0
2020-2021,2021-03-04,Liverpool,Chelsea,0,1,A,0,1,A,7,11,1,5,9,8,5,2,0,0,0,0,1610.6768829863045,1564.8661682975621,45.81071468874234,1.0,1.4,1.0,1.0,0.7,1.8,0,0,0.5,0.5,0.0,0.0,0.0,0.0,0,0
2020-2021,2021-03-04,Fulham,Tottenham,0,1,A,0,1,A,11,9,3,2,13,9,4,1,2,1,0,0,1399.390138661352,1530.094017034953,-130.7038783736009,0.7,0.8,1.1,1.5,1.2,1.3,1,0,0.5,0.5,0.0,0.0,0.0,0.0,0,0
2020-2021,2021-03-04,West Brom,Everton,0,1,A,0,0,D,11,11,3,3,9,7,3,3,3,1,0,0,1378.2319302422504,1526.2862546956503,-148.0543244533999,0.9,2.0,0.9,1.2,1.4,1.4,1,0,0.5,0.5,0.0,0.0,0.0,0.0,0,0
2020-2021,2021-03-06,Burnley,Arsenal,1,1,D,1,1,D,9,15,5,3,5,12,2,4,1,1,0,0,1462.3735287089871,1520.1200985749003,-57.746569865913216,1.0,1.3,1.3,1.8,0.8,1.7,0,0,0.5,0.5,0.0,0.0,0.0,0.0,0,0
2020-2021,2021-03-06,Sheffield United,Southampton,0,2,A,0,1,A,8,15,2,5,17,11,7,3,4,3,0,0,1365.6779024691723,1451.004328697422,-85.3264262282496,0.8,1.4,1.2,0.6,2.5,0.4,0,0,0.5,0.5,0.0,0.0,0.0,0.0,0,0
2020-2021,2021-03-06,Aston Villa,Wolves,0,0,D,0,0,D,9,10,1,2,13,13,5,3,1,0,0,0,1468.2803889502504,1498.1327480518491,-29.852359101598722,0.9,1.1,1.3,1.0,1.3,1.2,0,0,0.5,0.5,0.0,0.0,0.0,0.0,0,0
2020-2021,2021-03-06,Brighton,Leicester,1,2,A,1,0,H,7,8,2,4,14,8,6,6,0,1,0,0,1436.0299809345895,1556.9657587861118,-120.93577785152229,0.8,0.8,1.3,1.5,1.0,1.8,0,0,0.5,0.5,0.0,0.0,0.0,0.0,0,0
2020-2021,2021-03-07,Man City,Man United,0,2,A,0,1,A,23,8,6,6,9,12,6,2,0,3,0,0,1703.457386800526,1601.3637418365774,102.09364496394846,2.7,0.4,3.0,1.9,0.8,1.5,0,0,0.5,0.5,0.0,0.0,0.0,0.0,0,0
2020-2021,2021-03-07,Tottenham,Crystal Palace,4,1,H,1,1,D,12,5,5,1,8,17,1,5,2,3,0,0,1539.2125817834117,1455.5536779057427,83.65890387766899,1.3,1.2,1.3,0.7,1.4,1.2,0,0,0.5,0.5,0.0,0.0,0.0,0.0,0,0
2020-2021,2021-03-07,West Brom,Newcastle,0,0,D,0,0,D,13,9,3,5,11,10,9,7,0,0,0,0,1369.6062921622654,1421.8364630222954,-52.23017086003006,0.9,1.7,0.9,0.9,1.8,0.7,1,0,0.5,0.5,0.0,0.0,0.0,0.0,0,0
2020-2021,2021-03-07,Liverpool,Fulham,0,1,A,0,1,A,16,10,3,3,10,8,9,4,2,3,0,0,1596.7103003477011,1390.2715739128932,206.4387264348079,1.0,1.4,1.0,0.7,0.8,1.1,0,1,0.5,0.5,0.0,0.0,0.0,0.0,0,0
2020-2021,2021-03-08,Chelsea,Everton,2,0,H,1,0,H,19,7,9,1,11,12,7,3,0,3,0,0,1578.8327509361654,1534.9118927756354,43.92085816053009,1.0,0.4,2.1,1.3,1.3,1.7,0,0,0.5,0.5,0.0,0.0,0.0,0.0,0,0
2020-2021,2021-03-08,West Ham,Leeds,2,0,H,2,0,H,16,17,5,2,9,9,6,6,1,1,0,0,1525.9995137019407,1415.5869107755937,110.41260292634706,1.7,1.0,2.2,1.3,1.4,1.2,0,1,0.5,0.5,0.0,0.0,0.0,0.0,0,0
2020-2021,2021-03-10,Man City,Southampton,5,2,H,3,1,H,17,11,10,6,6,4,5,5,1,0,0,0,1688.2185887376795,1461.4264171695672,226.79217156811228,2.5,0.6,2.7,0.7,2.5,0.4,0,0,0.5,0.5,0.0,0.0,0.0,0.0,0,0
2020-2021,2021-03-12,Newcastle,Aston Villa,1,1,D,0,0,D,12,15,3,6,10,10,2,2,2,3,0,0,1423.2027902754658,1466.2883718478522,-43.085581572386445,0.9,1.7,0.8,0.9,0.9,1.4,0,0,0.5,0.5,0.0,0.0,0.0,0.0,0,0
2020-2021,2021-03-13,Leeds,Chelsea,0,0,D,0,0,D,7,15,4,8,16,6,8,5,3,0,0,0,1410.9972491550748,1584.912103095977,-173.91485394090228,1.3,1.3,1.2,1.1,0.4,2.1,1,0,0.5,0.5,0.0,0.0,0.0,0.0,0,0
2020-2021,2021-03-13,Crystal Palace,West Brom,1,0,H,1,0,H,6,12,4,1,16,15,3,2,3,1,0,0,1450.396877981609,1368.239964909095,82.15691307251382,0.8,1.8,1.1,0.6,1.5,0.7,0,1,0.5,0.5,0.0,0.0,0.0,0.0,0,0
2020-2021,2021-03-13,Everton,Burnley,1,2,A,1,2,A,14,14,4,5,9,6,7,4,0,4,0,0,1528.8325406158237,1461.1633376951318,67.66920292069199,1.1,1.4,1.4,1.0,1.4,1.1,0,0,0.5,0.5,0.0,0.0,0.0,0.0,0,0
2020-2021,2021-03-13,Fulham,Man City,0,3,A,0,0,D,3,8,0,7,14,13,4,2,0,0,0,0,1407.3457801669354,1690.8636865768885,-283.5179064099532,0.7,0.6,1.4,2.5,0.8,2.7,1,0,0.5,0.5,0.0,0.0,0.0,0.0,0,0
2020-2021,2021-03-14,Southampton,Brighton,1,2,A,1,1,D,9,8,4,6,11,10,4,5,0,0,0,0,1458.7813193303582,1426.63183278876,32.14948654159821,0.9,2.8,0.4,0.6,0.7,1.2,0,0,0.5,0.5,0.0,0.0,0.0,0.0,0,0
2020-2021,2021-03-14,Leicester,Sheffield United,5,0,H,1,0,H,19,1,10,0,10,9,9,1,0,2,0,0,1566.3639069319413,1355.255813997027,211.10809293491434,1.5,1.1,1.8,0.7,1.6,0.9,0,0,0.5,0.5,0.0,0.0,0.0,0.0,0,0
2020-2021,2021-03-14,Arsenal,Tottenham,2,1,H,1,1,D,13,6,3,3,12,14,6,3,1,2,0,1,1521.3302895887557,1544.3693817075455,-23.039092118789767,1.5,0.9,1.5,1.6,1.2,1.5,0,0,0.5,0.5,0.0,0.0,0.0,0.0,0,0
2020-2021,2021-03-14,Man United,West Ham,1,0,H,0,0,D,15,7,4,0,12,2,6,3,4,0,0,0,1616.6025398994238,1530.5891753224596,86.01336457696425,2.1,0.8,1.7,1.8,1.0,2.2,0,0,0.5,0.5,0.0,0.0,0.0,0.0,0,0
2020-2021,2021-03-15,Wolves,Liverpool,0,1,A,0,1,A,10,12,5,4,17,10,3,2,2,1,0,0,1500.1247651542474,1579.636094093659,-79.51132893941167,0.9,1.1,1.3,1.0,1.5,0.9,0,0,0.5,0.5,0.0,0.0,0.0,0.0,0,0
2020-2021,2021-03-19,Fulham,Leeds,1,2,A,1,1,D,13,13,6,4,13,12,13,7,2,2,0,0,1402.1858733220038,1413.0931642708938,-10.907290948890022,0.7,0.9,1.3,1.3,1.2,1.3,1,1,0.5,0.5,0.0,0.0,0.0,0.0,0,0
2020-2021,2021-03-20,Brighton,Newcastle,3,0,H,1,0,H,11,3,6,1,12,5,3,1,0,1,0,0,1440.26200564479,1421.5791589124892,18.68284673230073,0.8,0.7,1.5,1.0,1.5,0.9,0,0,0.5,0.5,0.0,0.0,0.0,0.0,0,0
2020-2021,2021-03-21,West Ham,Arsenal,3,3,D,3,1,H,15,16,5,7,18,8,3,5,3,1,0,0,1525.484075963151,1529.1507092044114,-3.6666332412603424,1.7,1.1,1.9,1.7,1.0,1.7,0,0,0.5,0.5,0.0,0.0,0.0,0.0,0,0
2020-2021,2021-03-21,Aston Villa,Tottenham,0,2,A,0,1,A,8,9,1,3,18,13,5,8,3,2,0,0,1467.9120032108287,1536.5489620918897,-68.63695888106099,0.8,1.0,1.2,1.4,1.3,1.2,0,0,0.5,0.5,0.0,0.0,0.0,0.0,0,0
2020-2021,2021-04-03,Chelsea,West Brom,2,5,A,1,2,A,18,14,8,7,11,6,10,3,1,1,1,0,1582.816187980158,1363.0500054564848,219.76618252367325,1.1,0.2,2.2,0.5,1.4,0.7,0,1,0.5,0.5,0.0,0.0,0.0,0.0,0,0
2020-2021,2021-04-03,Leeds,Sheffield United,2,1,H,1,1,D,23,9,8,1,12,13,5,7,1,2,0,0,1425.6026926379166,1352.396521911973,73.2061707259436,1.3,1.2,1.3,0.6,1.8,0.9,1,0,0.5,0.5,0.0,0.0,0.0,0.0,0,0
2020-2021,2021-04-03,Leicester,Man City,0,2,A,0,0,D,5,11,2,4,13,12,1,1,2,3,0,0,1569.2231990169953,1696.0235934218201,-126.80039440482483,1.8,1.1,1.8,2.7,0.8,2.7,0,0,0.5,0.5,0.0,0.0,0.0,0.0,0,0
2020-2021,2021-04-03,Arsenal,Liverpool,0,3,A,0,0,D,3,16,2,7,10,10,1,2,1,1,0,0,1531.8544718459314,1590.2251228078258,-58.3706509618944,1.7,1.3,1.5,1.1,1.4,1.2,0,0,0.5,0.5,0.0,0.0,0.0,0.0,0,0
2020-2021,2021-04-04,Southampton,Burnley,3,2,H,2,2,D,24,7,9,5,11,10,6,7,0,0,0,0,1445.1511464743282,1475.6464983159917,-30.495351841663478,0.9,2.7,0.4,0.9,1.3,1.1,0,0,0.5,0.5,0.0,0.0,0.0,0.0,0,0
2020-2021,2021-04-04,Newcastle,Tottenham,2,2,D,1,2,A,22,11,6,5,13,14,7,3,3,2,0,0,1414.868180004247,1547.4492190016547,-132.58103899740763,1.0,1.6,0.9,1.5,1.0,1.5,0,0,0.5,0.5,0.0,0.0,0.0,0.0,0,0
2020-2021,2021-04-04,Aston Villa,Fulham,3,1,H,0,0,D,14,15,4,7,14,20,4,4,1,2,0,0,1457.0117463010638,1389.676344954981,67.33540134608279,0.6,0.9,1.2,0.6,0.9,1.2,0,1,0.5,0.5,0.0,0.0,0.0,0.0,0,0
2020-2021,2021-04-04,Man United,Brighton,2,1,H,0,1,A,15,5,7,3,14,7,5,6,2,2,0,0,1621.7076392587323,1446.9729845530321,174.73465470570022,2.0,0.7,1.7,1.0,0.7,1.5,0,0,0.5,0.5,0.0,0.0,0.0,0.0,0,0
2020-2021,2021-04-05,Everton,Crystal Palace,1,1,D,0,0,D,15,13,7,6,10,10,3,4,2,0,0,0,1514.3493799949638,1455.5868374342192,58.76254256074458,1.1,1.5,1.3,0.9,1.4,1.4,0,0,0.5,0.5,0.0,0.0,0.0,0.0,0,0
2020-2021,2021-04-05,Wolves,West Ham,2,3,A,1,3,A,20,9,5,6,9,9,4,2,1,4,0,0,1489.5357364400807,1522.7803133216312,-33.24457688155053,0.7,0.9,1.3,1.8,1.3,1.7,0,0,0.5,0.5,0.0,0.0,0.0,0.0,0,0
2020-2021,2021-04-09,Fulham,Wolves,0,1,A,0,0,D,14,7,3,3,11,8,3,4,0,0,0,0,1384.151825690485,1477.6376606167973,-93.48583492631224,0.7,1.0,1.2,0.9,1.2,1.2,1,0,0.5,0.5,0.0,0.0,0.0,0.0,0,0
2020-2021,2021-04-10,Liverpool,Aston Villa,2,1,H,0,1,A,23,9,10,5,16,11,7,0,2,4,0,0,1601.4176105664924,1462.5362655655597,138.8813450009327,1.1,1.3,1.2,0.8,1.0,1.2,0,0,0.5,0.5,0.0,0.0,0.0,0.0,0,0
2020-2021,2021-04-10,Crystal Palace,Chelsea,1,4,A,0,3,A,1,23,1,10,7,12,0,8,1,0,0,0,1459.8628321865574,1565.555506219136,-105.69267403257868,0.8,1.2,1.5,1.3,0.7,2.1,0,0,0.5,0.5,0.0,0.0,0.0,0.0,0,0
2020-2021,2021-04-10,Man City,Leeds,1,2,A,0,1,A,29,2,7,2,12,15,9,3,3,1,0,1,1705.2537423887316,1430.9931099096907,274.26063247904085,2.7,0.8,2.7,1.2,1.2,1.3,0,1,0.5,0.5,0.0,0.0,0.0,0.0,0,0
2020-2021,2021-04-11,Burnley,Newcastle,1,2,A,1,0,H,24,10,4,5,11,12,13,3,1,0,0,0,1467.6207364406018,1415.8031984756,51.81753796500175,1.1,1.4,1.1,1.1,1.6,1.0,0,0,0.5,0.5,0.0,0.0,0.0,0.0,0,0
2020-2021,2021-04-11,West Ham,Leicester,3,2,H,2,0,H,4,15,4,5,7,13,1,9,3,3,0,0,1534.6783891449145,1559.9930500500839,-25.314660905169376,1.8,1.3,1.7,1.7,1.2,1.7,0,0,0.5,0.5,0.0,0.0,0.0,0.0,0,0
2020-2021,2021-04-11,Tottenham,Man United,1,3,A,1,0,H,12,12,3,7,11,15,7,5,1,5,0,0,1546.5142005303017,1625.1193028281573,-78.60510229785564,1.7,1.1,1.6,2.1,0.6,2.0,0,0,0.5,0.5,0.0,0.0,0.0,0.0,0,0
2020-2021,2021-04-11,Sheffield United,Arsenal,0,3,A,0,1,A,7,14,2,5,9,6,2,4,1,1,0,0,1347.0061046401988,1520.6619840872647,-173.6558794470659,0.5,1.9,0.6,1.4,1.5,1.2,0,0,0.5,0.5,0.0,0.0,0.0,0.0,0,0
2020-2021,2021-04-12,West Brom,Southampton,3,0,H,2,0,H,15,14,6,4,12,11,5,10,0,1,0,0,1380.3106872175067,1453.1769083497181,-72.86622113221142,1.0,1.1,1.0,1.2,2.8,0.7,1,0,0.5,0.5,0.0,0.0,0.0,0.0,0,0
2020-2021,2021-04-12,Brighton,Everton,0,0,D,0,0,D,23,8,3,1,12,7,10,3,1,2,0,0,1443.5613209836072,1510.0733852426256,-66.51206425901842,1.1,0.9,1.4,1.2,1.4,1.4,0,0,0.5,0.5,0.0,0.0,0.0,0.0,0,0
2020-2021,2021-04-16,Everton,Tottenham,2,2,D,1,1,D,18,12,7,3,8,8,6,3,1,1,0,0,1511.0342717239578,1535.8991830657546,-24.86491134179687,1.0,1.3,1.2,1.8,1.3,1.6,0,0,0.5,0.5,0.0,0.0,0.0,0.0,0,0
2020-2021,2021-04-17,Newcastle,West Ham,3,2,H,2,0,H,16,16,8,6,9,7,3,8,2,0,0,1,1429.9144625974982,1542.5612817444253,-112.6468191469271,1.1,1.7,1.0,2.0,1.2,2.0,0,0,0.5,0.5,0.0,0.0,0.0,0.0,0,0
2020-2021,2021-04-17,Wolves,Sheffield United,1,0,H,0,0,D,10,8,5,2,8,15,3,3,1,2,0,0,1487.825131392181,1339.0948921974584,148.73023919472257,1.0,1.1,1.5,0.5,2.1,0.6,0,0,0.5,0.5,0.0,0.0,0.0,0.0,0,0
2020-2021,2021-04-18,Arsenal,Fulham,1,1,D,0,0,D,18,3,5,1,9,11,11,1,0,3,0,0,1528.5731965300051,1373.9643549151015,154.60884161490367,1.7,1.5,1.4,0.7,1.1,1.1,0,1,0.5,0.5,0.0,0.0,0.0,0.0,0,0
2020-2021,2021-04-18,Man United,Burnley,3,1,H,0,0,D,17,10,9,3,9,12,8,3,1,2,0,0,1635.7343202927043,1453.5094723187037,182.22484797400057,2.4,0.7,2.2,1.2,1.4,1.1,0,0,0.5,0.5,0.0,0.0,0.0,0.0,0,0
2020-2021,2021-04-19,Leeds,Liverpool,1,1,D,0,1,A,12,17,5,7,17,15,10,8,2,1,0,0,1448.9147267845058,1605.453515611647,-156.53878882714116,1.3,1.1,1.6,1.0,1.3,1.2,1,0,0.5,0.5,0.0,0.0,0.0,0.0,0,0
2020-2021,2021-04-20,Chelsea,Brighton,0,0,D,0,0,D,7,11,4,2,8,9,0,3,2,0,0,1,1575.3916725503693,1442.600434502275,132.79123804809433,1.5,0.8,2.1,1.0,0.9,1.2,0,0,0.5,0.5,0.0,0.0,0.0,0.0,0,0
2020-2021,2021-04-21,Tottenham,Southampton,2,1,H,0,1,A,12,10,3,5,10,14,5,5,2,1,0,0,1538.0286516986491,1443.9562973813147,94.07235431733443,1.8,1.5,1.4,1.2,2.2,0.7,0,0,0.5,0.5,0.0,0.0,0.0,0.0,0,0
2020-2021,2021-04-21,Aston Villa,Man City,1,2,A,1,2,A,8,13,3,3,12,7,1,11,0,1,1,1,1458.5003605204051,1687.3321255139165,-228.83176499351134,0.8,0.9,1.2,2.4,0.9,2.4,0,0,0.5,0.5,0.0,0.0,0.0,0.0,0,0
2020-2021,2021-04-22,Leicester,West Brom,3,0,H,3,0,H,17,4,7,1,13,12,7,3,0,2,0,0,1552.110157450573,1389.5312981859101,162.57885926466292,1.8,1.2,1.7,1.1,0.9,1.2,0,1,0.5,0.5,0.0,0.0,0.0,0.0,0,0
2020-2021,2021-04-23,Arsenal,Everton,0,1,A,0,0,D,14,8,3,1,13,10,7,3,1,3,0,0,1522.3253016457722,1508.9048030910633,13.420498554708956,1.7,1.4,1.5,0.9,1.2,1.2,0,0,0.5,0.5,0.0,0.0,0.0,0.0,0,0
2020-2021,2021-04-24,Liverpool,Newcastle,1,1,D,1,0,H,22,7,9,4,9,7,6,3,2,1,0,0,1603.8404125714976,1440.2783066301167,163.56210594138088,1.1,1.3,1.3,1.3,1.7,1.3,0,0,0.5,0.5,0.0,0.0,0.0,0.0,0,0
2020-2021,2021-04-24,West Ham,Chelsea,0,1,A,0,1,A,9,17,2,6,9,11,4,2,0,4,1,0,1532.1974377118067,1569.5416958350202,-37.34425812321342,1.9,1.4,1.7,1.4,0.8,1.9,0,0,0.5,0.5,0.0,0.0,0.0,0.0,0,0
2020-2021,2021-04-24,Sheffield United,Brighton,1,0,H,1,0,H,7,17,3,4,13,7,2,12,3,0,0,0,1335.238544404839,1448.4504112176242,-113.21186681278505,0.3,2.1,0.3,0.9,0.9,1.0,0,0,0.5,0.5,0.0,0.0,0.0,0.0,0,0
2020-2021,2021-04-25,Wolves,Burnley,0,4,A,0,3,A,12,14,2,7,8,9,8,5,1,2,0,0,1491.6814791848003,1450.2180895561792,41.463389628621144,0.9,1.0,1.5,1.2,1.6,1.0,0,0,0.5,0.5,0.0,0.0,0.0,0.0,0,0
2020-2021,2021-04-25,Leeds,Man United,0,0,D,0,0,D,6,16,3,4,21,11,2,6,4,1,0,0,1450.527829824655,1639.0257030552289,-188.49787323057376,1.2,1.2,1.4,1.8,0.8,2.2,1,0,0.5,0.5,0.0,0.0,0.0,0.0,0,0
2020-2021,2021-04-25,Aston Villa,West Brom,2,2,D,1,1,D,24,10,11,4,14,9,11,4,0,2,0,0,1452.0473398558993,1385.917041458931,66.13029839696833,0.8,1.1,0.9,1.0,1.0,1.2,0,1,0.5,0.5,0.0,0.0,0.0,0.0,0,0
2020-2021,2021-04-26,Leicester,Crystal Palace,2,1,H,0,1,A,13,4,5,2,13,12,7,2,0,1,0,0,1555.7244141775523,1450.0266658553242,105.69774832222811,1.9,1.2,1.7,0.8,1.6,1.2,0,0,0.5,0.5,0.0,0.0,0.0,0.0,0,0
2020-2021,2021-04-30,Southampton,Leicester,1,1,D,0,0,D,5,23,3,9,9,13,0,10,1,0,1,0,1439.0255664684857,1560.4107610819237,-121.38519461343799,1.1,2.1,0.7,2.1,1.3,1.9,0,0,0.5,0.5,0.0,0.0,0.0,0.0,0,0
2020-2021,2021-05-01,Crystal Palace,Man City,0,2,A,0,0,D,9,20,4,3,9,10,2,6,2,0,0,0,1445.3403189509527,1693.7851461784223,-248.44482722746966,0.7,1.7,0.9,2.3,1.0,2.4,0,0,0.5,0.5,0.0,0.0,0.0,0.0,0,0
2020-2021,2021-05-01,Brighton,Leeds,2,0,H,1,0,H,17,11,5,2,17,6,2,9,1,1,0,0,1438.070326311063,1453.021308779695,-14.950982468631992,0.8,0.9,0.9,1.0,0.8,1.5,0,1,0.5,0.5,0.0,0.0,0.0,0.0,0,0
2020-2021,2021-05-01,Chelsea,Fulham,2,0,H,1,0,H,9,10,5,3,15,8,1,8,1,1,0,0,1581.325774433917,1380.2122497993344,201.11352463458275,1.3,0.7,1.9,0.6,1.2,0.9,0,1,0.5,0.5,0.0,0.0,0.0,0.0,0,0
2020-2021,2021-05-01,Everton,Aston Villa,1,2,A,1,1,D,16,13,3,5,10,13,3,6,0,2,0,0,1522.0580804854108,1447.5996402752542,74.4584402101566,1.0,1.0,1.5,1.0,1.3,0.9,0,0,0.5,0.5,0.0,0.0,0.0,0.0,0,0
2020-2021,2021-05-02,Newcastle,Arsenal,0,2,A,0,1,A,5,19,1,5,10,9,3,7,2,1,1,0,1446.680779598739,1509.1720242514248,-62.49124465268574,1.1,1.6,1.1,1.7,1.4,1.5,0,0,0.5,0.5,0.0,0.0,0.0,0.0,0,0
2020-2021,2021-05-02,Tottenham,Sheffield United,4,0,H,1,0,H,20,8,11,1,8,9,6,6,1,1,0,0,1542.959382611478,1345.6186293114004,197.34075330007772,2.0,1.3,1.7,0.3,1.9,0.6,0,0,0.5,0.5,0.0,0.0,0.0,0.0,0,0
2020-2021,2021-05-03,West Brom,Wolves,1,1,D,0,1,A,10,20,4,10,17,11,5,6,2,0,0,0,1390.364741039576,1477.8208559321743,-87.45611489259818,1.2,1.0,1.3,0.9,1.4,1.4,1,0,0.5,0.5,0.0,0.0,0.0,0.0,0,0
2020-2021,2021-05-03,Burnley,West Ham,1,2,A,1,2,A,8,22,3,4,4,8,5,4,2,1,0,0,1464.0787128088052,1520.4133591129098,-56.33464630410458,1.3,1.6,1.0,1.9,1.5,1.6,0,0,0.5,0.5,0.0,0.0,0.0,0.0,0,0
2020-2021,2021-05-07,Leicester,Newcastle,2,4,A,0,2,A,25,14,9,6,12,9,9,6,1,1,0,0,1559.7960218388405,1435.6053656204276,124.19065621841287,1.9,1.3,1.7,1.1,1.6,1.1,0,0,0.5,0.5,0.0,0.0,0.0,0.0,0,0
2020-2021,2021-05-08,Leeds,Tottenham,3,1,H,2,1,H,16,11,7,3,12,10,8,6,1,2,0,0,1445.421465568678,1546.0184284461063,-100.59696287742827,1.0,0.9,1.5,2.3,1.1,2.0,1,0,0.5,0.5,0.0,0.0,0.0,0.0,0,0
2020-2021,2021-05-08,Sheffield United,Crystal Palace,0,2,A,0,1,A,7,21,0,8,11,8,5,11,1,1,0,0,1342.559583476772,1439.3705959765268,-96.81101249975472,0.3,2.0,0.6,0.7,1.7,0.9,0,0,0.5,0.5,0.0,0.0,0.0,0.0,0,0
2020-2021,2021-05-08,Man City,Chelsea,1,2,A,1,0,H,16,12,4,5,12,10,6,2,2,0,0,0,1699.7548691528482,1584.3289691288035,115.42590002404472,2.2,0.9,2.4,1.3,0.7,1.9,0,0,0.5,0.5,0.0,0.0,0.0,0.0,0,0
2020-2021,2021-05-08,Liverpool,Southampton,2,0,H,1,0,H,14,12,6,6,10,6,8,4,0,1,0,0,1597.4379396028753,1439.640305711569,157.7976338913063,1.1,1.0,1.4,1.1,2.0,0.8,0,0,0.5,0.5,0.0,0.0,0.0,0.0,0,0
2020-2021,2021-05-09,Wolves,Brighton,2,1,H,0,1,A,16,5,6,3,12,7,10,5,2,2,0,2,1478.1817411752418,1445.6701695220797,32.51157165316204,0.8,1.4,1.2,1.0,0.9,1.1,0,0,0.5,0.5,0.0,0.0,0.0,0.0,0,0
2020-2021,2021-05-09,Aston Villa,Man United,1,3,A,1,0,H,11,18,5,7,13,18,5,6,1,1,1,0,1462.237560459741,1636.532224100189,-174.2946636404481,1.1,1.2,1.2,1.5,0.5,2.2,0,0,0.5,0.5,0.0,0.0,0.0,0.0,0,0
2020-2021,2021-05-09,West Ham,Everton,0,1,A,0,1,A,11,9,0,3,8,10,5,6,2,1,0,0,1531.663573474602,1507.420160300924,24.243413173677936,1.8,1.6,1.6,1.0,0.9,1.5,0,0,0.5,0.5,0.0,0.0,0.0,0.0,0,0
2020-2021,2021-05-09,Arsenal,West Brom,3,1,H,2,0,H,15,12,7,1,7,9,6,6,1,2,0,0,1520.2474382297362,1390.0038557965086,130.24358243322763,1.5,1.2,1.5,1.2,1.0,1.3,0,1,0.5,0.5,0.0,0.0,0.0,0.0,0,0
2020-2021,2021-05-10,Fulham,Burnley,0,2,A,0,2,A,21,14,3,5,11,10,8,4,2,0,0,0,1377.209055104448,1452.8284984471131,-75.61944334266514,0.5,1.3,0.8,1.3,1.7,0.9,1,0,0.5,0.5,0.0,0.0,0.0,0.0,0,0
2020-2021,2021-05-11,Man United,Leicester,1,2,A,1,1,D,4,12,1,3,9,12,3,4,0,0,0,0,1644.4258597995308,1544.1112328699332,100.31462692959758,1.7,0.5,2.4,1.9,1.6,1.4,0,0,0.5,0.5,0.0,0.0,0.0,0.0,0,0
2020-2021,2021-05-11,Southampton,Crystal Palace,3,1,H,1,1,D,13,11,6,4,20,13,12,8,2,3,0,0,1435.9438331003596,1449.4623798375185,-13.518546737158886,1.0,2.1,0.7,0.9,1.4,1.2,0,0,0.5,0.5,0.0,0.0,0.0,0.0,0,0
2020-2021,2021-05-12,Chelsea,Arsenal,0,1,A,0,1,A,19,5,5,2,7,6,9,1,0,1,0,0,1599.8405667783172,1524.4459015819484,75.3946651963688,1.4,0.7,2.1,1.8,1.2,1.8,0,0,0.5,0.5,0.0,0.0,0.0,0.0,0,0
2020-2021,2021-05-13,Aston Villa,Everton,0,0,D,0,0,D,13,15,2,5,9,12,9,1,2,0,0,0,1454.3439247603992,1520.851154670525,-66.50722991012572,1.1,1.5,0.9,0.9,0.9,1.5,0,0,0.5,0.5,0.0,0.0,0.0,0.0,0,0
2020-2021,2021-05-13,Man United,Liverpool,2,4,A,1,2,A,18,17,3,8,10,12,6,4,3,0,0,0,1629.224312580689,1601.1344122140847,28.089900366604297,1.5,0.6,2.1,1.2,0.7,1.7,0,0,0.5,0.5,0.0,0.0,0.0,0.0,0,0
2020-2021,2021-05-14,Newcastle,Man City,3,4,A,2,2,D,11,15,5,6,11,10,4,5,2,2,0,0,1451.2901545893349,1684.2432715033344,-232.95311691399957,1.4,1.5,1.4,2.2,1.1,2.1,0,0,0.5,0.5,0.0,0.0,0.0,0.0,0,0
2020-2021,2021-05-15,Burnley,Leeds,0,4,A,0,1,A,16,16,4,6,10,10,6,8,1,1,0,0,1463.5290777147848,1455.4386475245528,8.090430190231928,1.5,1.7,1.1,1.0,1.0,1.5,0,1,0.5,0.5,0.0,0.0,0.0,0.0,0,0
2020-2021,2021-05-15,Southampton,Fulham,3,1,H,1,0,H,11,10,7,3,9,15,6,5,0,1,0,0,1443.5048612165067,1366.5084758367764,76.99638537973033,1.3,1.9,1.0,0.4,1.5,0.5,0,1,0.5,0.5,0.0,0.0,0.0,0.0,0,0
2020-2021,2021-05-15,Brighton,West Ham,1,1,D,0,0,D,10,15,2,3,7,5,3,3,1,1,0,0,1439.309387219385,1518.232579105001,-78.923191885616,1.0,0.9,1.1,1.6,1.6,1.3,0,0,0.5,0.5,0.0,0.0,0.0,0.0,0,0
2020-2021,2021-05-16,Tottenham,Wolves,2,0,H,1,0,H,24,15,13,3,8,11,10,3,1,0,0,0,1536.0012464902316,1484.5425234779366,51.45872301229497,2.0,1.4,1.7,0.9,1.5,1.2,0,0,0.5,0.5,0.0,0.0,0.0,0.0,0,0
2020-2021,2021-05-16,Crystal Palace,Aston Villa,3,2,H,1,2,A,23,19,8,5,23,13,7,7,3,2,0,0,1441.9013517213714,1453.3829004202232,-11.481548698851839,0.8,1.6,0.9,1.1,1.4,1.0,0,0,0.5,0.5,0.0,0.0,0.0,0.0,0,0
2020-2021,2021-05-16,Everton,Sheffield United,0,1,A,0,1,A,16,10,6,3,8,12,11,4,1,3,0,0,1521.812179010701,1332.4677996157805,189.34437939492045,0.8,0.9,1.3,0.3,2.1,0.6,0,0,0.5,0.5,0.0,0.0,0.0,0.0,0,0
2020-2021,2021-05-16,West Brom,Liverpool,1,2,A,1,1,D,10,26,3,6,7,14,9,13,0,0,0,0,1385.8053924442963,1614.6627112311028,-228.85731878680645,1.3,1.3,1.2,1.6,0.7,2.0,1,0,0.5,0.5,0.0,0.0,0.0,0.0,0,0
2020-2021,2021-05-18,Man United,Fulham,1,1,D,1,0,H,13,8,6,5,10,15,6,1,2,3,0,0,1615.696013563671,1361.2035365198935,254.4924770437774,1.7,1.0,2.0,0.5,1.8,0.4,0,1,0.5,0.5,0.0,0.0,0.0,0.0,0,0
2020-2021,2021-05-18,Southampton,Leeds,0,2,A,0,0,D,18,15,3,7,10,12,4,5,0,3,0,0,1448.8098005333895,1468.4531065443712,-19.643306010981632,1.6,1.9,1.3,1.4,0.9,1.8,0,1,0.5,0.5,0.0,0.0,0.0,0.0,0,0
2020-2021,2021-05-18,Brighton,Man City,3,2,H,0,1,A,19,8,6,4,13,11,5,3,3,3,0,1,1438.7034909903614,1690.5930333421434,-251.88954235178198,1.1,0.9,1.2,2.4,1.3,2.1,0,0,0.5,0.5,0.0,0.0,0.0,0.0,0,0
2020-2021,2021-05-18,Chelsea,Leicester,2,1,H,0,0,D,17,7,6,3,15,16,6,5,2,4,0,0,1585.1815226453232,1559.312780088775,25.868742556548113,1.4,0.8,2.0,2.0,1.4,1.7,0,0,0.5,0.5,0.0,0.0,0.0,0.0,0,0
2020-2021,2021-05-19,Everton,Wolves,1,0,H,0,0,D,14,9,4,3,11,11,7,12,0,2,0,0,1504.9924125469547,1478.6452020420893,26.347210504865416,0.7,1.0,1.0,0.8,1.6,1.1,0,0,0.5,0.5,0.0,0.0,0.0,0.0,0,0
2020-2021,2021-05-19,Newcastle,Sheffield United,1,0,H,1,0,H,16,11,5,1,7,7,5,2,0,2,0,0,1444.940392750526,1349.2875660795266,95.65282667099927,1.6,1.8,1.3,0.4,1.9,0.9,0,0,0.5,0.5,0.0,0.0,0.0,0.0,0,0
2020-2021,2021-05-19,Tottenham,Aston Villa,1,2,A,1,2,A,10,20,4,4,14,13,4,5,1,1,0,0,1541.8985679260788,1445.8769348266248,96.021633099454,2.1,1.4,1.7,1.3,1.7,0.9,0,0,0.5,0.5,0.0,0.0,0.0,0.0,0,0
2020-2021,2021-05-19,Crystal Palace,Arsenal,1,3,A,0,1,A,12,6,6,3,7,7,6,7,2,1,0,0,1449.4073173149698,1539.1049457149425,-89.6976283999727,1.1,1.8,1.1,1.6,1.1,1.8,0,0,0.5,0.5,0.0,0.0,0.0,0.0,0,0
2020-2021,2021-05-19,Burnley,Liverpool,0,3,A,0,1,A,10,20,4,3,10,7,6,7,0,0,0,0,1450.5146186949664,1621.1150889484627,-170.60047025349627,1.5,1.7,1.1,1.6,0.8,2.0,0,0,0.5,0.5,0.0,0.0,0.0,0.0,0,0
2020-2021,2021-05-19,West Brom,West Ham,1,3,A,1,1,D,14,21,4,9,8,11,6,8,2,2,0,0,1379.3530147269364,1518.8384753340245,-139.48546060708804,1.3,1.5,0.9,1.6,1.5,1.4,1,0,0.5,0.5,0.0,0.0,0.0,0.0,0,0
2020-2021,2021-05-23,Leicester,Tottenham,2,4,A,1,1,D,10,11,6,4,9,8,8,7,0,2,0,0,1552.78498185932,1526.7877302598329,25.997251599487072,2.0,1.5,1.6,1.8,1.5,1.4,0,0,0.5,0.5,0.0,0.0,0.0,0.0,0,0
2020-2021,2021-05-23,Arsenal,Brighton,2,0,H,0,0,D,16,5,5,1,10,8,11,3,0,0,0,0,1549.4013849268113,1452.8164771221675,96.58490780464376,1.8,1.1,2.0,1.3,0.9,1.5,0,0,0.5,0.5,0.0,0.0,0.0,0.0,0,0
2020-2021,2021-05-23,Leeds,West Brom,3,1,H,2,0,H,17,14,9,5,12,12,8,3,2,1,0,0,1480.7255815187566,1370.4846298735852,110.24095164517144,1.6,0.7,2.1,1.4,1.7,0.9,1,1,0.5,0.5,0.0,0.0,0.0,0.0,0,0
2020-2021,2021-05-23,Fulham,Newcastle,0,2,A,0,1,A,14,10,0,4,12,6,5,4,1,0,0,0,1368.903469788042,1449.8374017056344,-80.93393191759242,0.6,1.8,0.5,1.7,1.8,1.5,1,0,0.5,0.5,0.0,0.0,0.0,0.0,0,0
2020-2021,2021-05-23,Aston Villa,Chelsea,2,1,H,1,0,H,6,23,3,7,11,12,2,9,3,3,0,1,1460.9877724928708,1591.7093208747783,-130.7215483819075,1.4,1.7,1.1,1.5,0.9,2.0,0,0,0.5,0.5,0.0,0.0,0.0,0.0,0,0
2020-2021,2021-05-23,West Ham,Southampton,3,0,H,2,0,H,14,17,7,5,5,9,2,3,0,3,0,0,1527.7068601873757,1436.537325559004,91.1695346283716,1.7,1.6,1.4,1.4,2.1,1.0,0,0,0.5,0.5,0.0,0.0,0.0,0.0,0,0
2020-2021,2021-05-23,Sheffield United,Burnley,1,0,H,1,0,H,12,10,3,3,11,1,8,9,3,1,0,0,1344.3905571244181,1442.5191488324947,-98.12859170807656,0.3,2.0,0.6,1.4,1.9,1.0,0,0,0.5,0.5,0.0,0.0,0.0,0.0,0,0
2020-2021,2021-05-23,Man City,Everton,5,0,H,2,0,H,21,8,11,3,8,10,7,5,2,2,0,0,1676.4800472103373,1511.5081054651448,164.97194174519245,2.2,1.5,1.8,0.8,0.8,1.3,0,0,0.5,0.5,0.0,0.0,0.0,0.0,0,0
2020-2021,2021-05-23,Wolves,Man United,1,2,A,1,2,A,14,9,4,4,14,3,6,2,4,1,0,0,1472.1295091238992,1607.9960802955225,-135.86657117162326,0.7,1.3,1.1,1.8,1.1,2.0,0,0,0.5,0.5,0.0,0.0,0.0,0.0,0,0
2020-2021,2021-05-23,Liverpool,Crystal Palace,2,0,H,1,0,H,19,5,5,4,10,8,14,1,2,2,0,0,1629.1105588109344,1439.110878103101,189.99968070783348,1.9,0.7,2.3,1.2,2.1,1.0,0,0,0.5,0.5,0.0,0.0,0.0,0.0,0,0
2021-2022,2021-08-13,Brentford,Arsenal,2,0,H,1,0,H,8,22,3,4,12,8,2,5,0,0,0,0,1359.5278071971309,1537.9950057276553,-178.46719853052446,1.3,1.3,1.1,1.8,1.0,2.0,1,0,0.5,0.5,0.0,0.0,0.0,0.0,0,0
2021-2022,2021-08-14,Man United,Leeds,5,1,H,1,0,H,16,10,8,3,11,9,5,4,1,2,0,0,1581.8771862662225,1489.7231168917374,92.15406937448506,1.8,1.2,2.0,1.9,0.8,2.3,0,0,0.5,0.5,0.0,0.0,0.0,0.0,0,0
2021-2022,2021-08-14,Burnley,Brighton,1,2,A,1,0,H,14,14,3,8,10,7,7,6,2,1,0,0,1452.8011082404284,1463.5574977066296,-10.756389466201199,1.3,1.9,0.9,1.1,1.0,1.2,0,0,0.5,0.5,0.0,0.0,0.0,0.0,0,0
2021-2022,2021-08-14,Norwich,Liverpool,0,3,A,0,1,A,14,19,3,8,4,14,3,11,1,1,0,0,1373.303620867832,1592.596501462929,-219.2928805950969,0.1,2.4,0.0,2.1,0.6,2.6,1,0,0.5,0.5,0.0,0.0,0.0,0.0,0,0
2021-2022,2021-08-14,Chelsea,Crystal Palace,3,0,H,2,0,H,13,4,6,1,15,11,5,2,0,0,0,0,1556.5791666951757,1455.1585043768957,101.42066231827994,1.4,1.1,1.7,1.1,1.9,1.0,0,0,0.5,0.5,0.0,0.0,0.0,0.0,0,0
2021-2022,2021-08-14,Leicester,Wolves,1,0,H,1,0,H,9,17,5,3,6,10,5,4,1,2,0,0,1527.5166693562096,1474.2107263273726,53.305943028836964,2.0,1.8,1.3,0.8,1.5,1.0,0,0,0.5,0.5,0.0,0.0,0.0,0.0,0,0
2021-2022,2021-08-14,Watford,Aston Villa,3,2,H,2,0,H,13,11,7,2,18,13,2,4,3,1,0,0,1436.6410309861926,1480.3087986621786,-43.66776767598594,0.9,2.1,0.7,1.6,1.6,1.4,1,0,0.5,0.5,0.0,0.0,0.0,0.0,0,0
2021-2022,2021-08-14,Everton,Southampton,3,1,H,0,1,A,14,6,6,3,13,15,6,8,2,0,0,0,1505.5541226008477,1452.0809766839075,53.47314591694021,0.7,1.1,1.3,1.2,1.9,1.0,0,0,0.5,0.5,0.0,0.0,0.0,0.0,0,0
2021-2022,2021-08-15,Newcastle,West Ham,2,4,A,2,1,H,17,8,3,9,4,3,7,6,1,0,0,0,1472.2699319439107,1522.8899533385584,-50.620021394647665,1.8,1.7,1.7,2.0,1.5,1.7,0,0,0.5,0.5,0.0,0.0,0.0,0.0,0,0
2021-2022,2021-08-15,Tottenham,Man City,1,0,H,0,0,D,13,18,3,4,11,8,3,11,2,1,0,0,1528.184229127197,1626.0375842719898,-97.85335514479266,2.1,1.5,1.7,2.7,1.3,2.1,0,0,0.5,0.5,0.0,0.0,0.0,0.0,0,0
2021-2022,2021-08-21,Liverpool,Burnley,2,0,H,1,0,H,27,9,9,3,6,12,8,4,0,0,0,0,1599.291830623697,1440.2875105524263,159.00432007127074,2.3,0.6,2.6,1.2,2.0,0.6,0,0,0.5,0.5,0.0,0.0,0.0,0.0,0,0
2021-2022,2021-08-21,Aston Villa,Newcastle,2,0,H,1,0,H,10,9,2,1,8,18,3,4,3,4,0,0,1471.9161106730367,1460.8581551380096,11.057955535027077,1.5,1.8,1.1,2.0,1.8,1.7,0,0,0.5,0.5,0.0,0.0,0.0,0.0,0,0
2021-2022,2021-08-21,Crystal Palace,Brentford,0,0,D,0,0,D,7,14,2,3,12,9,3,5,3,1,0,0,1450.383234280841,1371.7486432809103,78.63459099993065,1.0,2.2,0.7,2.0,0.0,3.0,0,1,0.5,0.5,0.0,0.0,0.0,0.0,0,0
2021-2022,2021-08-21,Leeds,Everton,2,2,D,1,1,D,17,17,4,8,6,13,8,5,2,4,0,0,1484.7512468466934,1511.4033383891112,-26.652091542417793,1.8,1.2,2.0,0.9,1.1,1.5,0,0,0.5,0.5,0.0,0.0,0.0,0.0,0,0
2021-2022,2021-08-21,Man City,Norwich,5,0,H,2,0,H,16,1,4,0,13,7,6,1,1,0,0,0,1616.09936889134,1366.608291707064,249.49107718427604,2.2,1.2,1.8,0.1,2.6,0.0,0,1,0.5,0.5,0.0,0.0,0.0,0.0,0,0
2021-2022,2021-08-21,Brighton,Watford,2,0,H,2,0,H,13,10,3,1,11,6,7,2,4,0,0,0,1476.0710953946318,1445.0337189753345,31.03737641929729,1.0,1.1,1.2,1.2,2.2,1.0,0,1,0.5,0.5,0.0,0.0,0.0,0.0,0,0
2021-2022,2021-08-22,Wolves,Tottenham,0,1,A,0,1,A,25,8,6,6,9,7,5,4,1,4,0,0,1468.3575264012595,1538.122444507847,-69.7649181065874,0.8,1.5,1.0,2.0,1.5,1.7,0,0,0.5,0.5,0.0,0.0,0.0,0.0,0,0
2021-2022,2021-08-22,Arsenal,Chelsea,0,2,A,0,2,A,6,22,3,5,10,4,9,8,3,0,0,0,1525.774169643876,1561.3544367912305,-35.58026714735456,1.5,0.9,1.9,1.7,1.1,1.9,0,0,0.5,0.5,0.0,0.0,0.0,0.0,0,0
2021-2022,2021-08-22,Southampton,Man United,1,1,D,1,0,H,8,15,3,4,12,10,7,7,2,3,0,0,1446.231760895644,1586.8490563112664,-140.6172954156225,1.2,2.0,1.0,2.2,1.3,2.0,0,0,0.5,0.5,0.0,0.0,0.0,0.0,0,0
2021-2022,2021-08-23,West Ham,Leicester,4,1,H,1,0,H,13,5,7,1,8,8,10,0,0,1,0,1,1534.3017301444595,1533.3698692823227,0.931860862136773,2.1,1.4,1.9,1.6,1.8,1.3,0,0,0.5,0.5,0.0,0.0,0.0,0.0,0,0
2021-2022,2021-08-28,Brighton,Everton,0,2,A,0,1,A,14,14,3,5,7,9,4,5,1,2,0,0,1482.4687456669112,1513.483647005493,-31.014901338581694,1.1,0.9,1.5,1.1,1.3,1.5,0,0,0.5,0.5,0.0,0.0,0.0,0.0,0,0
2021-2022,2021-08-28,Man City,Arsenal,5,0,H,3,0,H,25,1,10,0,5,7,14,0,1,2,0,1,1618.4586926278118,1513.940980242615,104.51771238519677,2.4,1.2,1.8,1.5,0.8,1.9,0,0,0.5,0.5,0.0,0.0,0.0,0.0,0,0
2021-2022,2021-08-28,Norwich,Leicester,1,2,A,1,1,D,14,9,4,3,8,9,9,9,2,1,0,0,1364.248967970592,1526.1958670461897,-161.94689907559768,0.1,2.8,0.0,1.7,2.0,1.3,1,0,0.5,0.5,0.0,0.0,0.0,0.0,0,0
2021-2022,2021-08-28,Aston Villa,Brentford,1,1,D,1,1,D,7,9,5,2,15,14,3,2,3,3,0,0,1478.8242020813352,1376.4803799953008,102.34382208603438,1.6,1.6,1.4,1.0,0.0,2.0,0,1,0.5,0.5,0.0,0.0,0.0,0.0,0,0
2021-2022,2021-08-28,West Ham,Crystal Palace,2,2,D,1,0,H,14,9,4,2,10,7,5,3,1,0,0,0,1541.4757323805925,1445.6514975664504,95.82423481414207,2.2,1.3,1.9,0.9,2.1,0.7,0,0,0.5,0.5,0.0,0.0,0.0,0.0,0,0
2021-2022,2021-08-28,Liverpool,Chelsea,1,1,D,1,1,D,24,6,7,3,13,4,12,3,0,2,0,1,1602.967418084365,1573.1876261924913,29.77979189187363,2.2,0.6,2.6,1.7,0.6,2.2,0,0,0.5,0.5,0.0,0.0,0.0,0.0,0,0
2021-2022,2021-08-28,Newcastle,Southampton,2,2,D,0,0,D,10,22,5,6,11,6,4,4,3,3,0,0,1453.950063729711,1447.3955237385283,6.554539991182764,1.8,1.8,1.6,1.0,1.9,0.8,0,0,0.5,0.5,0.0,0.0,0.0,0.0,0,0
2021-2022,2021-08-29,Burnley,Leeds,1,1,D,0,0,D,12,12,3,2,13,9,5,5,4,3,0,0,1436.6119230917584,1482.6709382303118,-46.05901513855338,1.0,1.9,0.6,1.8,1.3,1.8,0,0,0.5,0.5,0.0,0.0,0.0,0.0,0,0
2021-2022,2021-08-29,Tottenham,Watford,1,0,H,1,0,H,15,9,8,2,8,14,10,3,3,3,0,0,1548.990489958972,1438.6360687030551,110.3544212559168,1.9,1.3,1.9,1.1,2.3,0.9,0,1,0.5,0.5,0.0,0.0,0.0,0.0,0,0
2021-2022,2021-08-29,Wolves,Man United,0,1,A,0,0,D,15,10,6,3,7,9,5,7,3,4,0,0,1457.4894809501345,1585.685293468382,-128.19581251824752,0.6,1.3,1.0,2.1,1.3,1.8,0,0,0.5,0.5,0.0,0.0,0.0,0.0,0,0
2021-2022,2021-09-11,Southampton,West Ham,0,0,D,0,0,D,11,13,3,3,10,12,5,4,3,1,0,1,1450.3697399459875,1536.369093446349,-85.99935350036162,1.2,1.8,0.9,2.1,1.3,1.7,0,0,0.5,0.5,0.0,0.0,0.0,0.0,0,0
2021-2022,2021-09-11,Watford,Wolves,0,2,A,0,0,D,6,14,2,5,15,13,6,8,3,3,0,0,1434.0452225579595,1448.29924475305,-14.254022195090556,1.1,2.3,0.9,0.5,1.4,0.7,1,0,0.5,0.5,0.0,0.0,0.0,0.0,0,0
2021-2022,2021-09-11,Crystal Palace,Tottenham,3,0,H,0,0,D,18,2,4,1,13,15,8,2,2,1,0,1,1450.7581365006938,1553.5813361040675,-102.82319960337372,1.0,1.9,0.8,1.9,1.0,2.2,0,0,0.5,0.5,0.0,0.0,0.0,0.0,0,0
2021-2022,2021-09-11,Arsenal,Norwich,1,0,H,0,0,D,30,10,7,1,9,11,8,4,1,2,0,0,1509.230214949881,1356.0132866556683,153.21692829421272,1.2,1.3,1.6,0.2,2.9,0.0,0,1,0.5,0.5,0.0,0.0,0.0,0.0,0,0
2021-2022,2021-09-11,Brentford,Brighton,0,1,A,0,0,D,7,4,1,2,9,12,1,6,3,2,0,0,1381.7244005375655,1470.508882768933,-88.78448223136752,1.0,0.3333333333333333,1.6666666666666667,1.1,1.1,1.4,1,0,0.5,0.5,0.0,0.0,0.0,0.0,0,0
2021-2022,2021-09-11,Leicester,Man City,0,1,A,0,0,D,6,25,1,8,4,11,5,8,1,2,0,0,1534.4315483611135,1623.169457920546,-88.73790955943241,1.7,1.8,1.6,2.7,1.2,1.8,0,0,0.5,0.5,0.0,0.0,0.0,0.0,0,0
2021-2022,2021-09-11,Man United,Newcastle,4,1,H,1,0,H,21,12,7,3,9,2,7,3,1,0,0,0,1594.8755296654665,1450.9758475222518,143.8996821432147,1.9,1.2,1.8,1.8,1.9,1.4,0,0,0.5,0.5,0.0,0.0,0.0,0.0,0,0
2021-2022,2021-09-11,Chelsea,Aston Villa,3,0,H,1,0,H,12,18,4,6,11,11,4,11,1,4,0,0,1576.7584358923725,1473.5801815390705,103.17825435330201,1.4,0.6,2.0,1.6,1.5,1.5,0,0,0.5,0.5,0.0,0.0,0.0,0.0,0,0
2021-2022,2021-09-12,Leeds,Liverpool,0,3,A,0,1,A,9,30,4,9,9,8,2,11,2,1,1,0,1484.2111294918082,1599.3966083844837,-115.18547889267552,1.7,1.3,1.6,2.1,0.6,2.4,0,0,0.5,0.5,0.0,0.0,0.0,0.0,0,0
2021-2022,2021-09-13,Everton,Burnley,3,1,H,0,0,D,14,11,6,6,3,6,4,6,1,1,0,0,1525.443509903471,1435.071731830262,90.37177807320904,1.1,1.1,1.7,1.0,1.8,0.7,0,0,0.5,0.5,0.0,0.0,0.0,0.0,0,0
2021-2022,2021-09-17,Newcastle,Leeds,1,1,D,1,1,D,17,22,7,9,9,11,4,5,2,2,0,0,1447.032202939868,1474.6479246028975,-27.61572166302949,1.6,2.1,1.1,1.6,1.5,1.5,0,0,0.5,0.5,0.0,0.0,0.0,0.0,0,0
2021-2022,2021-09-18,Wolves,Brentford,0,2,A,0,2,A,11,9,0,3,10,7,4,2,4,2,0,1,1460.7182969338237,1371.401704068482,89.31659286534159,0.6,1.4,0.7,0.75,0.5,1.25,0,1,0.5,0.5,0.0,0.0,0.0,0.0,0,0
2021-2022,2021-09-18,Burnley,Arsenal,0,1,A,0,1,A,18,13,3,3,9,8,8,3,2,1,0,0,1430.0614338609196,1513.0068048390829,-82.94537097816328,1.0,1.8,0.7,1.2,1.2,1.8,0,0,0.5,0.5,0.0,0.0,0.0,0.0,0,0
2021-2022,2021-09-18,Liverpool,Crystal Palace,3,0,H,1,0,H,25,13,10,2,17,11,10,5,3,1,0,0,1608.9598132733943,1460.8393929287913,148.12042034460296,2.3,0.5,2.6,1.2,1.7,1.1,0,0,0.5,0.5,0.0,0.0,0.0,0.0,0,0
2021-2022,2021-09-18,Man City,Southampton,0,0,D,0,0,D,18,10,1,2,5,12,8,5,0,2,0,0,1633.4934934572098,1449.966986927698,183.52650652951183,2.7,1.0,2.1,1.1,1.6,1.0,0,0,0.5,0.5,0.0,0.0,0.0,0.0,0,0
2021-2022,2021-09-18,Norwich,Watford,1,3,A,1,1,D,12,12,5,8,10,14,4,8,1,1,0,0,1352.2366967664664,1421.6261703771859,-69.3894736107195,0.2,2.6,0.0,1.0,2.2,0.9,1,1,0.5,0.5,0.0,0.0,0.0,0.0,0,0
2021-2022,2021-09-18,Aston Villa,Everton,3,0,H,0,0,D,15,11,3,1,7,10,5,4,1,1,0,0,1468.841592451433,1530.4538078728135,-61.6122154213806,1.4,1.6,1.4,1.3,1.2,1.7,0,0,0.5,0.5,0.0,0.0,0.0,0.0,0,0
2021-2022,2021-09-19,Brighton,Leicester,2,1,H,1,0,H,12,14,5,3,8,10,4,9,2,1,0,0,1480.8315792380165,1524.1075128244497,-43.27593358643321,1.2,1.1,1.6,1.4,1.9,1.3,0,0,0.5,0.5,0.0,0.0,0.0,0.0,0,0
2021-2022,2021-09-19,West Ham,Man United,1,2,A,1,1,D,13,17,4,10,5,8,2,11,0,0,0,0,1536.7718464646387,1598.8191742478502,-62.047327783211585,1.9,1.0,1.8,2.0,1.2,1.8,0,0,0.5,0.5,0.0,0.0,0.0,0.0,0,0
2021-2022,2021-09-19,Tottenham,Chelsea,0,3,A,0,0,D,8,20,2,10,4,15,5,11,0,1,0,0,1543.50007967597,1581.49702498001,-37.99694530404008,1.7,1.1,2.1,1.7,0.6,2.2,0,0,0.5,0.5,0.0,0.0,0.0,0.0,0,0
2021-2022,2021-09-25,Chelsea,Man City,0,1,A,0,0,D,5,15,0,4,12,10,4,13,3,2,0,0,1593.262909596933,1626.7643244379015,-33.50141484096844,1.9,0.6,2.2,2.5,0.9,1.9,0,0,0.5,0.5,0.0,0.0,0.0,0.0,0,0
2021-2022,2021-09-25,Man United,Aston Villa,0,1,A,0,0,D,28,7,4,3,9,13,5,5,2,2,0,0,1609.9072156713664,1477.7411774378982,132.16603823346827,2.2,1.3,2.0,1.5,1.5,1.4,0,0,0.5,0.5,0.0,0.0,0.0,0.0,0,0
2021-2022,2021-09-25,Watford,Newcastle,1,1,D,0,1,A,15,20,4,6,19,12,5,6,4,3,0,0,1432.5049395547296,1444.9784447740105,-12.473505219280923,1.3,2.0,1.2,1.6,2.1,1.1,1,0,0.5,0.5,0.0,0.0,0.0,0.0,0,0
2021-2022,2021-09-25,Everton,Norwich,2,0,H,1,0,H,11,10,4,2,12,9,6,4,2,3,0,0,1521.5542228863483,1341.3579275889226,180.19629529742565,1.2,1.3,1.7,0.3,2.8,0.0,0,1,0.5,0.5,0.0,0.0,0.0,0.0,0,0
2021-2022,2021-09-25,Leicester,Burnley,2,2,D,1,2,A,22,9,5,3,10,8,8,4,2,4,0,0,1515.7258093722362,1419.5709560593584,96.15485331287778,1.3,2.0,1.0,0.6,1.9,0.4,0,0,0.5,0.5,0.0,0.0,0.0,0.0,0,0
2021-2022,2021-09-25,Leeds,West Ham,1,2,A,1,0,H,15,20,5,7,10,6,5,7,3,2,0,0,1476.701682768755,1525.6838050411225,-48.982122272367405,1.7,1.6,1.5,2.0,1.1,1.8,0,0,0.5,0.5,0.0,0.0,0.0,0.0,0,0
2021-2022,2021-09-25,Brentford,Liverpool,3,3,D,1,1,D,12,16,4,6,8,7,2,11,1,1,0,0,1386.3685623046158,1612.8270999408837,-226.45853763626792,1.0,0.4,1.6,2.5,0.4,2.8,1,0,0.5,0.5,0.0,0.0,0.0,0.0,0,0
2021-2022,2021-09-26,Southampton,Wolves,0,1,A,0,0,D,18,5,6,3,12,8,5,5,0,0,0,0,1456.6961559470062,1445.75143869769,10.944717249316227,1.0,1.5,1.0,0.6,1.2,0.7,0,0,0.5,0.5,0.0,0.0,0.0,0.0,0,0
2021-2022,2021-09-26,Arsenal,Tottenham,3,1,H,3,0,H,12,10,7,4,12,13,4,4,2,1,0,0,1523.497282640644,1531.7341950590471,-8.236912418403108,1.3,1.1,2.1,1.5,1.3,1.8,0,0,0.5,0.5,0.0,0.0,0.0,0.0,0,0
2021-2022,2021-09-27,Crystal Palace,Brighton,1,1,D,1,0,H,8,8,3,4,12,10,6,5,2,3,0,0,1456.9721062613019,1489.21328269023,-32.241176428928156,1.2,1.8,1.1,1.4,1.1,1.9,0,0,0.5,0.5,0.0,0.0,0.0,0.0,0,0
2021-2022,2021-10-02,Chelsea,Southampton,3,1,H,1,0,H,20,6,9,2,11,13,7,2,1,3,0,1,1581.3719608380247,1443.6071953301935,137.76476550783127,1.7,0.7,1.9,1.0,1.4,1.0,0,0,0.5,0.5,0.0,0.0,0.0,0.0,0,0
2021-2022,2021-10-02,Man United,Everton,1,1,D,1,0,H,13,12,6,2,10,9,10,1,1,1,0,0,1594.069087927421,1524.877840849379,69.1912470780419,1.9,1.3,1.7,1.3,1.3,1.7,0,0,0.5,0.5,0.0,0.0,0.0,0.0,0,0
2021-2022,2021-10-02,Burnley,Norwich,0,0,D,0,0,D,14,10,4,2,13,3,9,5,5,2,0,0,1424.6846259894126,1338.0343096258919,86.65031636352069,0.7,1.9,0.5,0.2,2.8,0.0,0,1,0.5,0.5,0.0,0.0,0.0,0.0,0,0
2021-2022,2021-10-02,Wolves,Newcastle,2,1,H,1,1,D,7,8,3,2,15,5,0,4,0,2,0,0,1458.8403993145027,1447.4456852897313,11.394714024771474,0.6,1.1,0.9,1.7,2.0,1.2,0,0,0.5,0.5,0.0,0.0,0.0,0.0,0,0
2021-2022,2021-10-02,Brighton,Arsenal,0,0,D,0,0,D,21,8,2,2,8,5,8,5,2,1,0,0,1491.1391829061529,1530.9158750749184,-39.77669216876552,1.3,1.2,1.7,1.4,1.2,2.1,0,0,0.5,0.5,0.0,0.0,0.0,0.0,0,0
2021-2022,2021-10-02,Leeds,Watford,1,0,H,1,0,H,20,5,4,1,10,16,6,3,0,3,0,0,1465.243734112334,1430.0376990390089,35.20603507332521,1.8,1.6,1.5,1.2,2.0,1.0,0,1,0.5,0.5,0.0,0.0,0.0,0.0,0,0
2021-2022,2021-10-03,Crystal Palace,Leicester,2,2,D,0,2,A,18,9,4,5,15,11,1,3,2,3,0,0,1455.046206045379,1510.612139442182,-55.565933396803075,1.1,1.9,0.9,1.4,2.1,1.0,0,0,0.5,0.5,0.0,0.0,0.0,0.0,0,0
2021-2022,2021-10-03,Tottenham,Aston Villa,2,1,H,1,0,H,17,14,8,3,11,14,5,8,2,1,0,0,1524.3156026247727,1493.5793051818437,30.73629744292907,1.2,1.6,1.5,1.5,1.2,1.7,0,0,0.5,0.5,0.0,0.0,0.0,0.0,0,0
2021-2022,2021-10-03,West Ham,Brentford,1,2,A,0,1,A,18,13,5,6,16,13,11,6,2,3,0,0,1537.1417536975434,1389.855684315542,147.28606938200141,2.0,1.1,1.8,1.3333333333333333,0.8333333333333334,1.5,0,1,0.5,0.5,0.0,0.0,0.0,0.0,0,0
2021-2022,2021-10-03,Liverpool,Man City,2,2,D,0,0,D,6,12,4,3,10,12,3,4,3,3,0,0,1609.3399779299575,1638.6552731968097,-29.315295266852218,2.6,0.7,2.6,2.4,0.9,1.9,0,0,0.5,0.5,0.0,0.0,0.0,0.0,0,0
2021-2022,2021-10-16,Aston Villa,Wolves,2,3,A,0,0,D,14,9,5,4,8,17,6,7,2,3,0,0,1487.1741113547346,1465.7397272745789,21.434384080155723,1.6,1.4,1.6,0.6,1.1,0.9,0,0,0.5,0.5,0.0,0.0,0.0,0.0,0,0
2021-2022,2021-10-16,Man City,Burnley,2,0,H,1,0,H,15,7,6,2,11,5,6,2,1,0,0,0,1640.6621302660678,1419.7757975002544,220.88633276581345,2.5,0.9,2.0,0.5,1.9,0.3,0,0,0.5,0.5,0.0,0.0,0.0,0.0,0,0
2021-2022,2021-10-16,Leicester,Man United,4,2,H,1,1,D,22,18,11,6,5,17,4,3,0,3,0,0,1511.8841272545592,1589.5509930296353,-77.66686577507608,1.4,1.9,1.1,1.9,1.2,1.8,0,0,0.5,0.5,0.0,0.0,0.0,0.0,0,0
2021-2022,2021-10-16,Southampton,Leeds,1,0,H,0,0,D,19,3,5,0,16,14,8,1,2,3,0,0,1439.5505443833629,1471.537425252996,-31.98688086963307,0.8,1.6,0.7,1.6,1.5,1.5,0,0,0.5,0.5,0.0,0.0,0.0,0.0,0,0
2021-2022,2021-10-16,Norwich,Brighton,0,0,D,0,0,D,15,11,3,3,5,14,8,4,3,5,0,0,1342.94313811505,1489.4229706385397,-146.47983252348968,0.2,2.4,0.1,1.2,1.0,1.8,1,0,0.5,0.5,0.0,0.0,0.0,0.0,0,0
2021-2022,2021-10-16,Brentford,Chelsea,0,1,A,0,1,A,17,5,7,1,13,8,5,5,1,1,0,0,1405.9733929418758,1585.4286117848553,-179.45521884297955,1.4285714285714286,0.8571428571428571,1.7142857142857142,1.8,0.7,1.9,1,0,0.5,0.5,0.0,0.0,0.0,0.0,0,0
2021-2022,2021-10-16,Watford,Liverpool,0,5,A,0,2,A,6,19,2,8,4,10,1,9,0,0,0,0,1423.744007898347,1607.3331208606994,-183.58911296235237,1.0,2.0,0.7,2.4,0.7,2.4,1,0,0.5,0.5,0.0,0.0,0.0,0.0,0,0
2021-2022,2021-10-17,Everton,West Ham,0,1,A,0,0,D,15,16,2,4,3,3,7,9,0,2,0,0,1529.3959357471647,1521.0240450712097,8.371890675955001,1.4,1.4,1.7,2.1,1.2,1.8,0,0,0.5,0.5,0.0,0.0,0.0,0.0,0,0
2021-2022,2021-10-17,Newcastle,Tottenham,2,3,A,1,3,A,7,14,1,4,13,4,2,9,4,1,1,0,1440.5463573296552,1530.7207964518818,-90.17443912222666,1.4,2.0,0.9,1.3,1.4,1.8,0,0,0.5,0.5,0.0,0.0,0.0,0.0,0,0
2021-2022,2021-10-18,Arsenal,Crystal Palace,2,2,D,1,0,H,17,9,6,6,7,4,6,4,1,1,0,0,1532.6320873425316,1453.7742182330019,78.8578691095297,1.1,1.1,1.9,1.2,1.8,1.0,0,0,0.5,0.5,0.0,0.0,0.0,0.0,0,0
2021-2022,2021-10-22,Arsenal,Aston Villa,3,1,H,2,0,H,22,10,9,4,17,10,7,4,2,5,0,0,1527.8953645260506,1473.8146467249605,54.08071780109003,1.2,1.3,1.7,1.6,1.4,1.6,0,0,0.5,0.5,0.0,0.0,0.0,0.0,0,0
2021-2022,2021-10-23,Leeds,Wolves,1,1,D,0,1,A,18,8,4,4,15,14,6,3,2,3,0,0,1463.4703722125214,1479.099191904353,-15.628819691831495,1.2,1.6,1.2,0.9,1.1,1.2,0,0,0.5,0.5,0.0,0.0,0.0,0.0,0,0
2021-2022,2021-10-23,Southampton,Burnley,2,2,D,1,1,D,16,9,4,5,10,11,6,2,1,3,0,0,1447.6175974238374,1417.0516877292791,30.565909694558286,0.6,1.5,0.7,0.5,1.7,0.3,0,0,0.5,0.5,0.0,0.0,0.0,0.0,0,0
2021-2022,2021-10-23,Chelsea,Norwich,7,0,H,3,0,H,23,3,13,1,14,16,5,0,0,2,0,1,1593.180757896605,1344.2730110994955,248.90774679710944,1.9,0.6,2.2,0.2,2.3,0.2,0,1,0.5,0.5,0.0,0.0,0.0,0.0,0,0
2021-2022,2021-10-23,Crystal Palace,Newcastle,1,1,D,0,0,D,15,6,3,2,13,9,3,7,3,4,0,0,1458.5109410494829,1430.263630322909,28.247310726573915,1.1,1.8,0.8,1.3,1.9,0.9,0,0,0.5,0.5,0.0,0.0,0.0,0.0,0,0
2021-2022,2021-10-23,Everton,Watford,2,5,A,1,1,D,15,20,4,8,9,13,3,5,4,3,0,0,1516.3741135856,1416.104526148135,100.26958743746513,1.4,1.4,1.7,0.9,2.2,0.7,0,1,0.5,0.5,0.0,0.0,0.0,0.0,0,0
2021-2022,2021-10-23,Brighton,Man City,1,4,A,0,3,A,10,23,5,14,10,6,7,6,2,3,0,0,1488.0930976540942,1643.386240037043,-155.29314238294887,1.1,0.9,1.8,2.3,0.6,2.0,0,0,0.5,0.5,0.0,0.0,0.0,0.0,0,0
2021-2022,2021-10-24,Brentford,Leicester,1,2,A,0,1,A,15,10,5,6,13,7,9,2,1,1,0,0,1398.2212468301261,1521.2422118488194,-123.02096501869323,1.25,0.875,1.5,1.6,2.0,1.1,1,0,0.5,0.5,0.0,0.0,0.0,0.0,0,0
2021-2022,2021-10-24,West Ham,Tottenham,1,0,H,0,0,D,13,7,4,4,11,4,2,4,2,1,0,0,1534.0458672327743,1541.003523458628,-6.957656225853725,2.1,1.1,2.0,1.4,1.6,1.8,0,0,0.5,0.5,0.0,0.0,0.0,0.0,0,0
2021-2022,2021-10-24,Man United,Liverpool,0,5,A,0,4,A,12,19,4,8,10,8,6,3,6,0,1,0,1580.192908435375,1614.9726026109115,-34.779694175536406,1.9,1.2,1.8,2.7,0.6,2.4,0,0,0.5,0.5,0.0,0.0,0.0,0.0,0,0
2021-2022,2021-10-30,Man City,Crystal Palace,0,2,A,0,1,A,14,8,3,3,11,11,7,1,2,3,1,0,1651.8080767202014,1454.978676046228,196.8294006739734,2.5,0.4,2.3,1.1,1.6,0.9,0,0,0.5,0.5,0.0,0.0,0.0,0.0,0,0
2021-2022,2021-10-30,Leicester,Arsenal,0,2,A,0,2,A,16,9,8,5,8,11,7,6,2,0,0,0,1530.5805831884825,1533.730116396131,-3.149533207648574,1.7,1.9,1.4,1.2,1.3,1.7,0,0,0.5,0.5,0.0,0.0,0.0,0.0,0,0
2021-2022,2021-10-30,Liverpool,Brighton,2,2,D,2,1,H,14,9,3,6,8,5,5,3,2,2,0,0,1626.828050555808,1479.671260970936,147.15678958487206,2.9,0.6,2.4,0.9,1.1,1.5,0,0,0.5,0.5,0.0,0.0,0.0,0.0,0,0
2021-2022,2021-10-30,Tottenham,Man United,0,3,A,0,1,A,9,10,0,4,12,14,10,2,2,3,0,0,1533.6192646306924,1568.3374604904786,-34.71819585978619,1.3,1.5,1.8,1.8,1.6,1.7,0,0,0.5,0.5,0.0,0.0,0.0,0.0,0,0
2021-2022,2021-10-30,Newcastle,Chelsea,0,3,A,0,0,D,6,19,1,6,14,12,0,2,3,2,0,0,1433.7958953261639,1595.5470784441636,-161.75118311799974,1.3,2.0,0.7,2.4,0.5,2.2,0,0,0.5,0.5,0.0,0.0,0.0,0.0,0,0
2021-2022,2021-10-30,Burnley,Brentford,3,1,H,3,0,H,15,12,6,5,7,10,4,2,1,1,0,0,1420.6422227416076,1388.882875490463,31.759347251144618,0.7,1.6,0.4,1.2222222222222223,1.0,1.3333333333333333,0,1,0.5,0.5,0.0,0.0,0.0,0.0,0,0
2021-2022,2021-10-30,Watford,Southampton,0,1,A,0,1,A,10,12,4,1,16,6,5,8,2,2,0,0,1431.305127701602,1444.027062411509,-12.721934709906918,1.4,2.0,1.0,0.8,1.5,0.8,1,0,0.5,0.5,0.0,0.0,0.0,0.0,0,0
2021-2022,2021-10-31,Norwich,Leeds,1,2,A,0,0,D,14,13,3,6,14,23,5,0,1,4,0,0,1341.906690551937,1461.0886098302976,-119.18191927836074,0.2,2.8,0.2,1.1,1.7,1.0,1,0,0.5,0.5,0.0,0.0,0.0,0.0,0,0
2021-2022,2021-10-31,Aston Villa,West Ham,1,4,A,1,2,A,9,21,3,9,7,13,3,6,1,2,1,0,1467.97989485488,1541.4301260607099,-73.45023120582982,1.5,1.6,1.3,1.9,1.0,2.0,0,0,0.5,0.5,0.0,0.0,0.0,0.0,0,0
2021-2022,2021-11-01,Wolves,Everton,2,1,H,2,0,H,10,14,4,5,10,8,4,3,1,1,0,0,1481.4809542865767,1501.173512032133,-19.692557745556314,1.0,1.1,1.3,1.5,1.9,1.4,0,0,0.5,0.5,0.0,0.0,0.0,0.0,0,0
2021-2022,2021-11-05,Southampton,Aston Villa,1,0,H,1,0,H,9,14,3,3,12,12,10,8,2,2,0,0,1456.4875866310595,1457.2172150509334,-0.7296284198739613,0.9,1.2,1.1,1.4,1.9,1.0,0,0,0.5,0.5,0.0,0.0,0.0,0.0,0,0
2021-2022,2021-11-06,Man United,Man City,0,2,A,0,2,A,5,16,1,5,9,12,1,9,1,2,0,0,1580.1946175052824,1634.8747576352575,-54.68014012997514,1.9,1.5,1.7,2.0,0.6,2.0,0,0,0.5,0.5,0.0,0.0,0.0,0.0,0,0
2021-2022,2021-11-06,Brighton,Newcastle,1,1,D,1,0,H,14,6,5,1,16,10,2,5,3,4,1,0,1485.7866407197744,1425.554755661344,60.23188505843041,1.1,1.1,1.6,1.1,2.3,0.4,0,0,0.5,0.5,0.0,0.0,0.0,0.0,0,0
2021-2022,2021-11-06,Brentford,Norwich,1,2,A,0,2,A,19,9,7,5,12,13,6,2,2,3,0,0,1382.5032950530729,1332.4582302921942,50.04506476087863,1.2,1.2,1.2,0.3,2.5,0.2,1,1,0.5,0.5,0.0,0.0,0.0,0.0,0,0
2021-2022,2021-11-06,Crystal Palace,Wolves,2,0,H,0,0,D,13,4,6,2,14,13,4,6,2,1,0,0,1471.9119951311718,1489.209823728571,-17.297828597399302,1.3,1.4,1.2,1.1,1.0,1.6,0,0,0.5,0.5,0.0,0.0,0.0,0.0,0,0
2021-2022,2021-11-06,Chelsea,Burnley,1,1,D,1,0,H,25,5,4,2,6,9,14,2,1,4,0,0,1603.7882181089835,1427.0218031789977,176.76641492998579,2.6,0.3,2.5,1.0,1.6,0.7,0,0,0.5,0.5,0.0,0.0,0.0,0.0,0,0
2021-2022,2021-11-07,Arsenal,Watford,1,0,H,0,0,D,14,7,6,1,6,19,4,2,4,2,0,1,1546.4476687924046,1418.8446034820515,127.60306531035303,1.2,1.3,1.7,1.2,1.8,1.0,0,1,0.5,0.5,0.0,0.0,0.0,0.0,0,0
2021-2022,2021-11-07,Everton,Tottenham,0,0,D,0,0,D,12,8,2,0,13,17,4,2,2,4,1,0,1493.4446425901385,1521.7621076158887,-28.317465025750153,1.6,1.6,1.4,0.9,1.6,1.5,0,0,0.5,0.5,0.0,0.0,0.0,0.0,0,0
2021-2022,2021-11-07,Leeds,Leicester,1,1,D,1,1,D,18,9,5,3,12,5,10,5,1,1,0,0,1470.5370700900403,1517.863030792209,-47.325960702168686,1.0,1.7,1.0,1.5,1.7,1.4,0,0,0.5,0.5,0.0,0.0,0.0,0.0,0,0
2021-2022,2021-11-07,West Ham,Liverpool,3,2,H,1,1,D,7,16,3,5,11,6,3,2,1,1,0,0,1552.1928058646565,1620.7126708069695,-68.519864942313,2.0,1.1,2.0,2.9,0.8,2.2,0,0,0.5,0.5,0.0,0.0,0.0,0.0,0,0
2021-2022,2021-11-20,Burnley,Crystal Palace,3,3,D,2,3,A,15,18,9,8,14,15,3,6,2,3,0,0,1433.643107581513,1479.575597149166,-45.932489567652965,1.0,1.5,0.8,1.5,1.1,1.5,0,0,0.5,0.5,0.0,0.0,0.0,0.0,0,0
2021-2022,2021-11-20,Newcastle,Brentford,3,3,D,2,2,D,23,10,9,4,13,11,8,2,2,2,0,0,1429.8652463475516,1368.4345125879374,61.43073375961421,1.0,2.0,0.5,1.1,1.4,0.9,0,1,0.5,0.5,0.0,0.0,0.0,0.0,0,0
2021-2022,2021-11-20,Leicester,Chelsea,0,3,A,0,2,A,4,16,3,7,15,8,3,5,3,1,0,0,1519.3676016146906,1597.1669137064682,-77.79931209177767,1.5,1.8,1.2,2.4,0.4,2.3,0,0,0.5,0.5,0.0,0.0,0.0,0.0,0,0
2021-2022,2021-11-20,Aston Villa,Brighton,2,0,H,0,0,D,9,6,5,2,7,13,5,7,3,3,0,0,1449.999151250078,1481.4761500335667,-31.476998783488625,1.2,1.7,1.0,1.0,1.1,1.4,0,0,0.5,0.5,0.0,0.0,0.0,0.0,0,0
2021-2022,2021-11-20,Liverpool,Arsenal,4,0,H,1,0,H,19,5,9,3,15,12,6,1,2,0,0,0,1611.6162705351705,1550.6967746399419,60.91949589522869,2.8,1.1,1.9,1.3,1.1,2.0,0,0,0.5,0.5,0.0,0.0,0.0,0.0,0,0
2021-2022,2021-11-20,Wolves,West Ham,1,0,H,0,0,D,15,8,5,3,6,9,7,3,1,1,0,0,1481.546221710577,1561.2892061364555,-79.7429844258786,1.1,1.1,1.6,1.9,1.1,2.0,0,0,0.5,0.5,0.0,0.0,0.0,0.0,0,0
2021-2022,2021-11-20,Watford,Man United,4,1,H,2,0,H,20,9,7,3,7,5,9,3,2,1,0,1,1414.5954976345142,1568.8975551991578,-154.30205756464352,0.9,1.7,0.7,1.4,1.6,1.4,1,0,0.5,0.5,0.0,0.0,0.0,0.0,0,0
2021-2022,2021-11-20,Norwich,Southampton,2,1,H,1,1,D,8,17,4,5,8,9,5,7,3,2,0,0,1346.5270127573297,1463.7056504319148,-117.17863767458516,0.5,2.3,0.5,0.9,0.9,1.4,1,0,0.5,0.5,0.0,0.0,0.0,0.0,0,0
2021-2022,2021-11-21,Man City,Everton,3,0,H,1,0,H,17,4,7,1,5,7,7,1,1,1,0,0,1646.1718199413822,1491.4102382963254,154.76158164505682,2.2,0.5,2.3,1.3,1.5,1.2,0,0,0.5,0.5,0.0,0.0,0.0,0.0,0,0
2021-2022,2021-11-21,Tottenham,Leeds,2,1,H,0,1,A,13,18,4,7,11,12,4,8,1,4,0,0,1523.7965119097018,1469.0324992675587,54.76401264214314,0.8,1.6,1.3,1.0,1.3,1.1,0,0,0.5,0.5,0.0,0.0,0.0,0.0,0,0
2021-2022,2021-11-27,Norwich,Wolves,0,0,D,0,0,D,14,5,4,2,11,10,4,3,2,2,0,0,1357.021051165842,1490.963837703769,-133.94278653792708,0.7,1.9,0.8,1.2,1.0,1.9,1,0,0.5,0.5,0.0,0.0,0.0,0.0,0,0
2021-2022,2021-11-27,Brighton,Leeds,0,0,D,0,0,D,20,11,4,4,12,14,6,1,1,3,0,0,1473.423220241158,1463.213988826792,10.209231414366059,0.8,1.3,1.1,0.9,1.3,1.0,0,0,0.5,0.5,0.0,0.0,0.0,0.0,0,0
2021-2022,2021-11-27,Arsenal,Newcastle,2,0,H,0,0,D,24,9,6,5,6,12,4,4,1,3,0,0,1545.023365362302,1425.5267031192677,119.49666224303428,1.3,1.3,2.0,1.3,2.1,0.6,0,0,0.5,0.5,0.0,0.0,0.0,0.0,0,0
2021-2022,2021-11-27,Crystal Palace,Aston Villa,1,2,A,0,1,A,8,10,3,3,12,10,7,3,3,3,0,0,1481.1193435217906,1458.0520810424866,23.067262479303963,1.8,1.4,1.5,1.2,1.7,1.0,0,0,0.5,0.5,0.0,0.0,0.0,0.0,0,0
2021-2022,2021-11-27,Liverpool,Southampton,4,0,H,3,0,H,20,7,6,3,7,14,5,7,0,1,0,0,1617.2896798128104,1453.2116120234025,164.0780677894079,3.0,1.1,1.9,0.9,1.0,1.3,0,0,0.5,0.5,0.0,0.0,0.0,0.0,0,0
2021-2022,2021-11-28,Brentford,Everton,1,0,H,1,0,H,6,14,4,5,8,11,3,3,4,3,0,0,1372.7730558162214,1487.6608125424218,-114.88775672620045,1.4,1.7,0.9,1.1,1.6,1.1,1,0,0.5,0.5,0.0,0.0,0.0,0.0,0,0
2021-2022,2021-11-28,Leicester,Watford,4,2,H,3,1,H,18,16,8,5,5,19,8,6,0,0,0,0,1508.7294827050894,1426.1458332464672,82.58364945862218,1.4,1.7,1.2,1.3,1.6,1.0,0,1,0.5,0.5,0.0,0.0,0.0,0.0,0,0
2021-2022,2021-11-28,Man City,West Ham,2,1,H,1,0,H,19,5,9,3,7,6,8,4,2,0,0,0,1649.9212456952857,1551.8715901432633,98.04965555202239,2.0,0.5,2.3,1.5,1.1,1.7,0,0,0.5,0.5,0.0,0.0,0.0,0.0,0,0
2021-2022,2021-11-28,Chelsea,Man United,1,1,D,0,0,D,24,3,6,2,13,14,15,2,2,5,0,0,1607.8050326160694,1557.3472195872048,50.45781302886462,2.5,0.4,2.3,1.4,1.9,1.3,0,0,0.5,0.5,0.0,0.0,0.0,0.0,0,0
2021-2022,2021-11-30,Newcastle,Norwich,1,1,D,0,0,D,9,16,1,6,8,11,2,5,0,0,0,1,1421.119347307209,1357.9949067909545,63.12444051625448,1.1,2.1,0.5,0.6,1.7,0.9,0,1,0.5,0.5,0.0,0.0,0.0,0.0,0,0
2021-2022,2021-11-30,Leeds,Crystal Palace,1,0,H,0,0,D,15,9,3,1,15,15,7,4,5,3,0,0,1466.2837878346488,1467.7182511031726,-1.434463268523814,0.8,1.2,1.0,1.7,1.4,1.4,0,0,0.5,0.5,0.0,0.0,0.0,0.0,0,0
2021-2022,2021-12-01,Southampton,Leicester,2,2,D,2,1,H,15,15,7,6,14,11,2,4,1,3,0,0,1449.6228397397513,1513.910007006391,-64.2871672666397,0.7,1.2,1.2,1.6,1.8,1.2,0,0,0.5,0.5,0.0,0.0,0.0,0.0,0,0
2021-2022,2021-12-01,Watford,Chelsea,1,2,A,1,1,D,13,8,6,4,18,16,6,0,4,3,0,0,1420.9653089451656,1603.7263418029208,-182.76103285775525,1.5,1.9,1.0,2.5,0.4,2.3,1,0,0.5,0.5,0.0,0.0,0.0,0.0,0,0
2021-2022,2021-12-01,West Ham,Brighton,1,1,D,1,0,H,14,9,6,3,10,8,9,5,1,1,0,0,1547.0254232949972,1470.3534212333013,76.67200206169582,1.4,1.1,1.6,0.8,1.1,1.2,0,0,0.5,0.5,0.0,0.0,0.0,0.0,0,0
2021-2022,2021-12-01,Wolves,Burnley,0,0,D,0,0,D,16,6,2,1,5,7,5,5,2,3,0,0,1489.9899820786566,1432.0993612088885,57.8906208697681,1.2,0.9,2.0,1.3,1.6,0.9,0,0,0.5,0.5,0.0,0.0,0.0,0.0,0,0
2021-2022,2021-12-01,Aston Villa,Man City,1,2,A,0,2,A,9,17,3,7,8,12,4,11,0,0,0,0,1471.4531734611046,1654.767412543552,-183.31423908244733,1.3,1.7,1.2,1.7,0.6,2.3,0,0,0.5,0.5,0.0,0.0,0.0,0.0,0,0
2021-2022,2021-12-01,Everton,Liverpool,1,4,A,1,2,A,8,16,2,7,8,16,3,11,4,3,0,0,1477.2325705331116,1620.8784520964616,-143.64588156335003,0.9,1.7,0.8,3.3,1.0,2.1,0,0,0.5,0.5,0.0,0.0,0.0,0.0,0,0
2021-2022,2021-12-02,Tottenham,Brentford,2,0,H,1,0,H,11,6,6,2,13,11,11,5,0,0,0,0,1529.6150223504685,1383.2012978255316,146.41372452493692,0.9,1.7,1.3,1.4,1.6,1.1,0,1,0.5,0.5,0.0,0.0,0.0,0.0,0,0
2021-2022,2021-12-02,Man United,Arsenal,3,2,H,1,1,D,14,17,10,8,9,10,3,8,1,0,0,0,1561.4259104003534,1549.4307211743608,11.99518922599259,1.4,2.0,1.1,1.5,0.8,2.3,0,0,0.5,0.5,0.0,0.0,0.0,0.0,0,0
2021-2022,2021-12-04,West Ham,Chelsea,3,2,H,1,2,A,11,19,5,7,10,10,1,9,1,3,0,0,1542.3376442033282,1611.3883421959986,-69.0506979926704,1.5,1.2,1.6,2.4,0.5,2.3,0,0,0.5,0.5,0.0,0.0,0.0,0.0,0,0
2021-2022,2021-12-04,Watford,Man City,1,3,A,0,2,A,11,26,4,13,10,7,5,11,3,0,0,0,1413.3033085520879,1662.414366361063,-249.11105780897515,1.6,1.9,1.0,1.8,0.7,2.3,1,0,0.5,0.5,0.0,0.0,0.0,0.0,0,0
2021-2022,2021-12-04,Newcastle,Burnley,1,0,H,1,0,H,19,10,4,1,11,9,10,3,1,1,0,0,1416.7413150770326,1436.354826622262,-19.613511545229358,1.1,1.8,0.6,1.2,1.5,0.9,0,0,0.5,0.5,0.0,0.0,0.0,0.0,0,0
2021-2022,2021-12-04,Wolves,Liverpool,0,1,A,0,0,D,3,17,1,5,4,7,2,8,2,2,0,0,1485.734516665283,1629.628789431579,-143.8942727662959,1.0,0.9,1.8,3.4,1.1,2.1,0,0,0.5,0.5,0.0,0.0,0.0,0.0,0,0
2021-2022,2021-12-04,Southampton,Brighton,1,1,D,1,0,H,14,14,4,4,15,12,6,2,4,2,0,0,1448.598546719696,1475.0412003249703,-26.442653605274245,0.9,1.4,1.2,0.8,1.2,1.0,0,0,0.5,0.5,0.0,0.0,0.0,0.0,0,0
2021-2022,2021-12-05,Leeds,Brentford,2,2,D,1,0,H,13,9,6,3,11,9,5,1,5,3,0,0,1473.5205789285264,1379.303271260578,94.21730766794849,0.9,0.9,1.3,1.4,1.7,1.1,0,1,0.5,0.5,0.0,0.0,0.0,0.0,0,0
2021-2022,2021-12-05,Man United,Crystal Palace,1,0,H,0,0,D,16,8,3,2,16,9,9,6,2,2,0,0,1568.3096253000938,1460.481460009295,107.82816529079878,1.3,2.1,1.1,1.4,1.5,1.1,0,0,0.5,0.5,0.0,0.0,0.0,0.0,0,0
2021-2022,2021-12-05,Tottenham,Norwich,3,0,H,1,0,H,17,10,7,1,11,4,6,4,1,2,0,0,1533.5130489154221,1362.3729390211308,171.1401098942913,1.0,1.7,1.3,0.7,1.7,1.0,0,1,0.5,0.5,0.0,0.0,0.0,0.0,0,0
2021-2022,2021-12-05,Aston Villa,Leicester,2,1,H,1,1,D,13,12,4,5,8,25,3,6,1,1,0,0,1463.8062196435935,1514.9343000264462,-51.12808038285266,1.4,1.6,1.2,1.8,1.9,1.3,0,0,0.5,0.5,0.0,0.0,0.0,0.0,0,0
2021-2022,2021-12-06,Everton,Arsenal,2,1,H,0,1,A,11,10,5,3,8,12,3,3,2,2,0,0,1468.4822331979944,1542.5470062746203,-74.0647730766259,0.7,2.0,0.5,1.6,1.1,2.0,0,0,0.5,0.5,0.0,0.0,0.0,0.0,0,0
2021-2022,2021-12-10,Brentford,Watford,2,1,H,0,1,A,14,6,5,2,12,18,8,2,4,0,0,0,1384.3756396617923,1407.349634085214,-22.973994423421573,1.4,1.9,0.9,1.4,2.1,0.7,1,1,0.5,0.5,0.0,0.0,0.0,0.0,0,0
2021-2022,2021-12-11,Chelsea,Leeds,3,2,H,1,1,D,16,12,6,5,9,15,5,2,2,5,0,0,1602.2767859888913,1468.448210527312,133.82857546157925,2.3,0.8,2.0,1.0,1.0,1.3,0,0,0.5,0.5,0.0,0.0,0.0,0.0,0,0
2021-2022,2021-12-11,Man City,Wolves,1,0,H,0,0,D,24,2,10,1,12,5,14,1,3,2,0,1,1668.368040827937,1476.9912163266688,191.37682450126817,2.1,0.8,2.5,1.0,0.8,1.8,0,0,0.5,0.5,0.0,0.0,0.0,0.0,0,0
2021-2022,2021-12-11,Liverpool,Aston Villa,1,0,H,0,0,D,20,4,5,0,13,6,11,3,1,2,0,0,1638.3720897701933,1472.4087774446718,165.96331232552143,3.2,1.1,2.1,1.3,1.7,1.2,0,0,0.5,0.5,0.0,0.0,0.0,0.0,0,0
2021-2022,2021-12-11,Norwich,Man United,0,1,A,0,0,D,11,13,5,5,6,17,8,6,1,1,0,0,1358.9023241459429,1572.9521105114823,-214.04978636553938,0.6,1.7,1.0,1.2,2.0,1.1,1,0,0.5,0.5,0.0,0.0,0.0,0.0,0,0
2021-2022,2021-12-11,Arsenal,Southampton,3,0,H,2,0,H,15,11,5,6,5,9,9,8,2,0,0,0,1533.2920986747197,1446.512471596231,86.7796270784886,1.6,1.3,1.7,1.0,1.5,1.2,0,0,0.5,0.5,0.0,0.0,0.0,0.0,0,0
2021-2022,2021-12-12,Burnley,West Ham,0,0,D,0,0,D,9,16,1,3,13,11,6,4,2,1,0,0,1428.6281148491626,1551.4492004104354,-122.82108556127287,1.1,1.3,0.9,1.7,1.2,1.9,0,0,0.5,0.5,0.0,0.0,0.0,0.0,0,0
2021-2022,2021-12-12,Leicester,Newcastle,4,0,H,1,0,H,8,12,5,3,9,16,4,6,2,3,0,0,1506.3317422253679,1424.468026850132,81.86371537523587,1.8,1.9,1.3,1.1,1.7,0.8,0,0,0.5,0.5,0.0,0.0,0.0,0.0,0,0
2021-2022,2021-12-12,Crystal Palace,Everton,3,1,H,1,0,H,17,12,6,6,15,14,8,2,0,2,0,0,1455.8389747979065,1477.737140797895,-21.898165999988578,1.4,1.3,1.1,0.9,1.8,0.8,0,0,0.5,0.5,0.0,0.0,0.0,0.0,0,0
2021-2022,2021-12-14,Norwich,Aston Villa,0,2,A,0,1,A,7,17,3,6,12,9,7,10,3,1,0,0,1352.0719036304113,1468.8518521149142,-116.77994848450294,0.6,1.6,1.0,1.2,1.8,0.9,1,0,0.5,0.5,0.0,0.0,0.0,0.0,0,0
2021-2022,2021-12-14,Man City,Leeds,7,0,H,3,0,H,31,6,15,3,5,9,6,2,1,1,0,0,1671.5171077651764,1464.3177921922072,207.19931557296923,2.1,0.8,2.5,1.1,1.1,1.3,0,0,0.5,0.5,0.0,0.0,0.0,0.0,0,0
2021-2022,2021-12-15,Brighton,Wolves,0,1,A,0,1,A,12,8,2,5,11,14,7,4,2,0,0,0,1477.1272754484353,1473.8421493894293,3.285126059005961,0.7,1.2,0.8,0.9,0.9,1.5,0,0,0.5,0.5,0.0,0.0,0.0,0.0,0,0
2021-2022,2021-12-15,Crystal Palace,Southampton,2,2,D,1,2,A,9,15,6,4,16,20,4,6,2,4,0,0,1463.6281384195352,1441.4241245887952,22.204013830739996,1.6,1.3,1.3,1.0,1.7,1.2,0,0,0.5,0.5,0.0,0.0,0.0,0.0,0,0
2021-2022,2021-12-15,Arsenal,West Ham,2,0,H,0,0,D,21,7,8,1,8,9,5,2,2,0,0,1,1538.3804456821556,1550.7932997768623,-12.412854094706745,1.6,1.2,1.7,1.5,1.1,1.7,0,0,0.5,0.5,0.0,0.0,0.0,0.0,0,0
2021-2022,2021-12-16,Chelsea,Everton,1,1,D,0,0,D,23,5,10,3,11,11,7,1,2,3,0,0,1606.4072043239962,1469.9479771762665,136.45922714772973,2.6,0.9,2.3,0.8,2.1,0.5,0,0,0.5,0.5,0.0,0.0,0.0,0.0,0,0
2021-2022,2021-12-16,Liverpool,Newcastle,3,1,H,2,1,H,23,4,8,2,9,4,11,0,1,3,0,0,1641.929015099951,1419.271578324094,222.65743677585692,3.0,0.8,2.3,1.0,2.0,0.7,0,0,0.5,0.5,0.0,0.0,0.0,0.0,0,0
2021-2022,2021-12-18,Leeds,Arsenal,1,4,A,0,3,A,9,21,2,12,11,7,1,4,3,1,0,0,1461.4029175579387,1545.9115658217036,-84.50864826376483,1.0,1.8,1.0,1.8,1.2,1.9,0,0,0.5,0.5,0.0,0.0,0.0,0.0,0,0
2021-2022,2021-12-19,Newcastle,Man City,0,4,A,0,2,A,5,18,1,7,9,6,3,6,1,2,0,0,1416.5713699478893,1674.431982399445,-257.86061245155565,1.0,2.1,0.7,2.6,0.6,2.7,0,0,0.5,0.5,0.0,0.0,0.0,0.0,0,0
2021-2022,2021-12-19,Wolves,Chelsea,0,0,D,0,0,D,4,8,1,1,9,7,4,9,0,2,0,0,1486.7303502658851,1600.4882127016897,-113.75786243580455,0.8,0.8,1.5,2.4,0.9,2.1,0,0,0.5,0.5,0.0,0.0,0.0,0.0,0,0
2021-2022,2021-12-19,Tottenham,Liverpool,2,2,D,1,1,D,10,18,5,6,12,11,6,4,4,4,0,1,1536.98366379061,1644.6292234761556,-107.64555968554555,1.3,1.4,1.6,3.1,0.7,2.5,0,0,0.5,0.5,0.0,0.0,0.0,0.0,0,0
2021-2022,2021-12-26,Man City,Leicester,6,3,H,4,0,H,17,14,9,8,11,9,14,4,1,2,0,0,1680.177224314342,1511.5281907514059,168.6490335629362,2.8,0.6,2.7,2.0,1.7,1.5,0,0,0.5,0.5,0.0,0.0,0.0,0.0,0,0
2021-2022,2021-12-26,Norwich,Arsenal,0,5,A,0,2,A,4,16,2,6,13,7,3,5,1,2,0,0,1342.5544942055938,1556.3571475241351,-213.8026533185414,0.6,1.8,0.9,2.0,1.1,2.1,1,0,0.5,0.5,0.0,0.0,0.0,0.0,0,0
2021-2022,2021-12-26,Tottenham,Crystal Palace,3,0,H,2,0,H,17,4,6,0,16,10,4,2,1,1,0,1,1537.2036851736048,1460.249036754718,76.95464841888679,1.5,1.3,1.7,1.6,1.3,1.3,0,0,0.5,0.5,0.0,0.0,0.0,0.0,0,0
2021-2022,2021-12-26,West Ham,Southampton,2,3,A,0,1,A,11,11,5,6,10,9,10,2,2,3,0,0,1543.2621796373144,1444.8032262536124,98.45895338370201,1.4,1.1,1.7,1.1,1.6,1.3,0,0,0.5,0.5,0.0,0.0,0.0,0.0,0,0
2021-2022,2021-12-26,Aston Villa,Chelsea,1,3,A,1,1,D,8,10,1,4,8,11,2,5,3,1,0,0,1478.3692615397317,1600.092436430644,-121.72317489091233,1.3,1.6,1.2,2.3,0.9,1.9,0,0,0.5,0.5,0.0,0.0,0.0,0.0,0,0
2021-2022,2021-12-26,Brighton,Brentford,2,0,H,2,0,H,15,16,5,6,8,10,6,9,1,3,0,0,1464.2390745719795,1392.1942746977115,72.04479987426794,0.6,1.2,0.7,1.3,1.7,1.1,0,1,0.5,0.5,0.0,0.0,0.0,0.0,0,0
2021-2022,2021-12-27,Newcastle,Man United,1,1,D,1,0,H,13,13,8,4,11,8,2,4,3,3,0,0,1410.826128032992,1579.7825310270139,-168.9564029940218,0.8,2.2,0.7,1.3,1.9,1.4,0,0,0.5,0.5,0.0,0.0,0.0,0.0,0,0
2021-2022,2021-12-28,Crystal Palace,Norwich,3,0,H,3,0,H,19,12,6,3,9,13,8,8,1,2,0,0,1454.943160905404,1335.7176737821285,119.22548712327557,1.4,1.4,1.2,0.6,2.3,0.8,0,1,0.5,0.5,0.0,0.0,0.0,0.0,0,0
2021-2022,2021-12-28,Southampton,Tottenham,1,1,D,1,1,D,9,21,2,11,15,5,3,7,2,2,1,0,1459.9657055442192,1542.5095610229187,-82.54385547869947,1.3,1.8,1.3,1.7,1.0,2.0,0,0,0.5,0.5,0.0,0.0,0.0,0.0,0,0
2021-2022,2021-12-28,Watford,West Ham,1,4,A,1,2,A,14,13,5,6,12,12,4,5,0,1,0,0,1399.5309990492947,1528.0997003467076,-128.56870129741287,1.4,2.2,0.6,1.5,1.4,1.4,1,0,0.5,0.5,0.0,0.0,0.0,0.0,0,0
2021-2022,2021-12-28,Leicester,Liverpool,1,0,H,0,0,D,6,21,1,4,8,11,1,12,0,1,0,0,1508.0162515000488,1644.409202093161,-136.39295059311212,2.1,2.1,1.4,2.8,0.9,2.3,0,0,0.5,0.5,0.0,0.0,0.0,0.0,0,0
2021-2022,2021-12-29,Chelsea,Brighton,1,1,D,1,0,H,11,18,5,6,14,7,10,8,4,1,0,0,1609.4680066777446,1469.655856668945,139.81215000879956,1.9,1.0,1.9,0.8,1.2,0.9,0,0,0.5,0.5,0.0,0.0,0.0,0.0,0,0
2021-2022,2021-12-29,Brentford,Man City,0,1,A,0,1,A,6,12,2,3,12,10,3,5,0,0,0,0,1386.777492600746,1683.6891635656991,-296.91167096495315,1.1,1.8,0.8,3.0,0.8,2.7,1,0,0.5,0.5,0.0,0.0,0.0,0.0,0,0
2021-2022,2021-12-30,Man United,Burnley,3,1,H,3,1,H,18,10,6,3,5,10,7,5,0,0,0,0,1577.82346234519,1429.2840154827356,148.53944686245427,1.3,1.9,1.4,1.1,1.2,1.0,0,0,0.5,0.5,0.0,0.0,0.0,0.0,0,0
2021-2022,2022-01-01,Arsenal,Man City,1,2,A,1,0,H,7,15,2,2,13,5,5,5,3,2,1,0,1563.1939679476004,1688.5594247593713,-125.36545681177085,2.2,1.0,2.1,3.1,0.6,3.0,0,0,0.5,0.5,0.0,0.0,0.0,0.0,0,0
2021-2022,2022-01-01,Watford,Tottenham,0,1,A,0,0,D,6,21,4,9,6,9,3,7,0,1,0,0,1390.3514241478208,1543.0115669095514,-152.66014276173064,1.5,2.5,0.6,1.6,1.0,1.8,1,0,0.5,0.5,0.0,0.0,0.0,0.0,0,0
2021-2022,2022-01-01,Crystal Palace,West Ham,2,3,A,0,3,A,22,10,6,5,6,16,9,1,0,2,0,0,1459.3558828692207,1537.2792752481814,-77.92339237896067,1.6,1.3,1.4,1.8,1.5,1.4,0,0,0.5,0.5,0.0,0.0,0.0,0.0,0,0
2021-2022,2022-01-02,Brentford,Aston Villa,2,1,H,1,1,D,10,16,4,5,17,11,3,7,2,2,0,0,1381.9072314070738,1468.9936912926312,-87.08645988555736,1.1,1.8,0.8,1.2,1.6,1.2,1,0,0.5,0.5,0.0,0.0,0.0,0.0,0,0
2021-2022,2022-01-02,Everton,Brighton,2,3,A,0,2,A,17,12,6,5,5,12,8,5,1,1,0,0,1475.866968798573,1475.6371851935016,0.2297836050713613,0.8,2.1,0.5,0.9,1.3,0.9,0,0,0.5,0.5,0.0,0.0,0.0,0.0,0,0
2021-2022,2022-01-02,Leeds,Burnley,3,1,H,1,0,H,22,8,7,2,11,7,9,3,2,1,0,0,1450.9573358555072,1425.4242478082267,25.533088047280444,1.1,2.1,1.0,1.0,1.3,0.9,0,0,0.5,0.5,0.0,0.0,0.0,0.0,0,0
2021-2022,2022-01-02,Chelsea,Liverpool,2,2,D,2,2,D,15,10,6,6,5,13,6,7,1,2,0,0,1603.486678153188,1633.3655429954254,-29.878864842237363,1.7,1.1,1.7,2.3,1.0,2.0,0,0,0.5,0.5,0.0,0.0,0.0,0.0,0,0
2021-2022,2022-01-03,Man United,Wolves,0,1,A,0,0,D,9,19,2,6,9,8,3,8,3,1,0,0,1581.6832300196988,1487.1261265369308,94.55710348276807,1.4,1.6,1.7,0.5,0.6,1.3,0,0,0.5,0.5,0.0,0.0,0.0,0.0,0,0
2021-2022,2022-01-11,Southampton,Brentford,4,1,H,2,1,H,12,5,6,4,9,8,5,2,0,1,0,0,1459.4636996575864,1391.5357209063516,67.92797875123483,1.2,1.7,1.3,1.2,1.7,1.1,0,1,0.5,0.5,0.0,0.0,0.0,0.0,0,0
2021-2022,2022-01-12,West Ham,Norwich,2,0,H,1,0,H,13,7,5,3,9,8,11,2,0,0,0,0,1547.9138373013845,1331.3049518183118,216.60888548307275,1.7,1.6,1.4,0.6,1.9,0.8,0,1,0.5,0.5,0.0,0.0,0.0,0.0,0,0
2021-2022,2022-01-14,Brighton,Crystal Palace,1,1,D,0,0,D,19,3,4,1,11,7,9,0,0,2,0,0,1488.4445787675456,1448.7213208160176,39.72325795152801,1.1,1.1,1.2,1.6,1.6,1.1,0,0,0.5,0.5,0.0,0.0,0.0,0.0,0,0
2021-2022,2022-01-15,Man City,Chelsea,1,0,H,0,0,D,11,4,6,1,11,6,9,1,0,2,0,0,1697.8306425968597,1601.4953936857203,96.33524891113939,3.1,0.7,3.0,1.8,1.2,1.7,0,0,0.5,0.5,0.0,0.0,0.0,0.0,0,0
2021-2022,2022-01-15,Newcastle,Watford,1,1,D,0,0,D,12,18,1,5,13,13,4,6,3,2,0,0,1412.785196714816,1381.8556040478445,30.92959266697153,0.8,2.2,0.7,1.5,2.1,0.6,0,1,0.5,0.5,0.0,0.0,0.0,0.0,0,0
2021-2022,2022-01-15,Norwich,Everton,2,1,H,2,0,H,14,12,3,5,12,14,8,8,3,1,0,0,1328.52238174248,1463.059575224529,-134.5371934820489,0.5,1.9,0.8,1.0,2.3,0.5,1,0,0.5,0.5,0.0,0.0,0.0,0.0,0,0
2021-2022,2022-01-15,Wolves,Southampton,3,1,H,1,0,H,9,13,5,10,13,14,2,10,2,3,0,0,1502.205755127172,1464.974589844155,37.23116528301716,0.5,0.5,1.5,1.5,1.8,1.3,0,0,0.5,0.5,0.0,0.0,0.0,0.0,0,0
2021-2022,2022-01-15,Aston Villa,Man United,2,2,D,0,1,A,13,13,9,6,8,13,3,6,1,2,0,0,1459.3652017933534,1566.6036014294575,-107.23839963610408,1.2,1.5,1.2,1.4,1.2,1.7,0,0,0.5,0.5,0.0,0.0,0.0,0.0,0,0
2021-2022,2022-01-16,Liverpool,Brentford,3,0,H,1,0,H,27,6,13,1,6,6,9,0,0,1,0,0,1635.356827462893,1386.024830719783,249.33199674311004,2.3,1.0,2.0,1.2,1.8,1.1,0,1,0.5,0.5,0.0,0.0,0.0,0.0,0,0
2021-2022,2022-01-16,West Ham,Leeds,2,3,A,1,2,A,15,18,5,5,6,9,4,3,3,2,0,0,1550.6964073772162,1457.4936331090516,93.2027742681646,1.6,1.4,1.4,1.3,2.1,1.2,0,0,0.5,0.5,0.0,0.0,0.0,0.0,0,0
2021-2022,2022-01-18,Brighton,Chelsea,1,1,D,0,1,A,10,15,2,3,8,5,5,7,1,2,0,0,1484.626657865553,1596.612897059015,-111.9862391934621,1.0,1.0,1.2,1.5,1.3,1.4,0,0,0.5,0.5,0.0,0.0,0.0,0.0,0,0
2021-2022,2022-01-19,Leicester,Tottenham,2,3,A,1,1,D,14,27,4,10,6,12,3,8,1,2,0,0,1519.0599105977844,1551.5073870095277,-32.44747641174331,1.8,1.9,1.4,1.4,0.8,1.8,0,0,0.5,0.5,0.0,0.0,0.0,0.0,0,0
2021-2022,2022-01-19,Brentford,Man United,1,3,A,0,0,D,18,13,8,5,7,9,6,9,0,0,0,0,1383.663600657242,1566.3952936782798,-182.73169302103793,1.1,1.9,1.1,1.3,1.4,1.5,1,0,0.5,0.5,0.0,0.0,0.0,0.0,0,0
2021-2022,2022-01-21,Watford,Norwich,0,3,A,0,0,D,15,7,4,2,16,11,5,1,0,1,1,0,1385.455253786806,1339.5131806799855,45.942073106820544,1.1,2.0,0.4,0.5,1.9,0.8,1,1,0.5,0.5,0.0,0.0,0.0,0.0,0,0
2021-2022,2022-01-22,Everton,Aston Villa,0,1,A,0,1,A,15,8,1,3,14,16,9,2,5,3,0,0,1452.0687762870236,1459.5735095445311,-7.504733257507496,0.9,2.0,0.5,1.3,1.3,1.3,0,0,0.5,0.5,0.0,0.0,0.0,0.0,0,0
2021-2022,2022-01-22,Southampton,Man City,1,1,D,1,0,H,7,20,3,5,13,5,2,11,3,0,0,0,1458.7310708265552,1702.713139223565,-243.9820683970097,1.5,2.1,1.0,2.9,0.7,3.0,0,0,0.5,0.5,0.0,0.0,0.0,0.0,0,0
2021-2022,2022-01-22,Brentford,Wolves,1,2,A,0,0,D,11,7,1,2,6,7,6,3,2,3,0,0,1376.0008019407078,1508.4492741447718,-132.44847220406405,0.9,1.9,1.0,0.6,0.5,1.5,1,0,0.5,0.5,0.0,0.0,0.0,0.0,0,0
2021-2022,2022-01-22,Man United,West Ham,1,0,H,0,0,D,18,6,3,1,9,8,3,3,1,1,0,0,1574.058092394814,1535.64575869912,38.41233369569386,1.6,1.3,1.8,1.8,1.6,1.4,0,0,0.5,0.5,0.0,0.0,0.0,0.0,0,0
2021-2022,2022-01-22,Leeds,Newcastle,0,1,A,0,0,D,13,15,4,3,9,9,6,7,4,2,0,0,1472.5442817871478,1409.1855469758545,63.35873481129329,1.4,2.2,1.2,0.9,2.0,0.8,0,0,0.5,0.5,0.0,0.0,0.0,0.0,0,0
2021-2022,2022-01-23,Arsenal,Burnley,0,0,D,0,0,D,20,10,5,1,9,13,12,4,0,2,0,0,1553.922750110112,1418.8879505546822,135.0347995554298,2.1,1.2,1.8,1.1,1.6,0.8,0,0,0.5,0.5,0.0,0.0,0.0,0.0,0,0
2021-2022,2022-01-23,Crystal Palace,Liverpool,1,3,A,0,2,A,8,15,5,7,12,10,2,5,4,1,0,0,1452.5392417180103,1637.7180575254342,-185.17881580742392,1.5,1.7,0.9,2.4,0.7,2.3,0,0,0.5,0.5,0.0,0.0,0.0,0.0,0,0
2021-2022,2022-01-23,Leicester,Brighton,1,1,D,0,0,D,15,14,5,5,6,8,4,5,0,1,0,0,1507.1397285878115,1484.9715127579143,22.168215829897235,1.8,2.1,1.1,1.0,1.0,1.2,0,0,0.5,0.5,0.0,0.0,0.0,0.0,0,0
2021-2022,2022-01-23,Chelsea,Tottenham,2,0,H,0,0,D,15,6,7,3,17,14,10,3,2,1,0,0,1596.2680421666537,1563.4275690195007,32.840473147153034,1.5,1.3,1.4,1.7,0.9,2.1,0,0,0.5,0.5,0.0,0.0,0.0,0.0,0,0
2021-2022,2022-02-05,Burnley,Watford,0,0,D,0,0,D,13,11,2,5,16,9,4,7,1,2,0,0,1424.7802427550675,1371.4854856894267,53.29475706564085,1.1,1.4,0.9,1.1,2.2,0.4,0,1,0.5,0.5,0.0,0.0,0.0,0.0,0,0
2021-2022,2022-02-08,Newcastle,Everton,3,1,H,1,1,D,20,11,9,3,13,13,6,2,2,3,0,0,1423.5690285842866,1439.467709922662,-15.898681338375354,0.9,1.9,1.0,0.8,1.9,0.5,0,0,0.5,0.5,0.0,0.0,0.0,0.0,0,0
2021-2022,2022-02-08,West Ham,Watford,1,0,H,0,0,D,9,6,3,1,1,6,5,6,1,0,0,0,1529.4314017530128,1375.6320191655755,153.79938258743732,1.7,1.5,1.4,1.1,2.1,0.5,0,1,0.5,0.5,0.0,0.0,0.0,0.0,0,0
2021-2022,2022-02-08,Burnley,Man United,1,1,D,0,1,A,9,22,3,5,11,10,2,10,2,1,0,0,1420.6337092789188,1580.2724493409212,-159.6387400620024,0.9,1.2,0.9,1.6,0.9,2.1,0,0,0.5,0.5,0.0,0.0,0.0,0.0,0,0
2021-2022,2022-02-09,Man City,Brentford,2,0,H,1,0,H,15,6,7,2,7,13,9,3,0,0,0,0,1698.7910005246003,1366.93203805634,331.8589624682604,2.8,0.7,2.8,0.9,2.1,0.7,0,1,0.5,0.5,0.0,0.0,0.0,0.0,0,0
2021-2022,2022-02-09,Norwich,Crystal Palace,1,1,D,1,0,H,5,13,1,5,11,15,4,6,1,2,0,0,1353.4829487773648,1444.9429188702113,-91.45997009284656,0.6,1.8,0.8,1.3,1.7,0.8,1,0,0.5,0.5,0.0,0.0,0.0,0.0,0,0
2021-2022,2022-02-09,Tottenham,Southampton,2,3,A,1,1,D,8,23,3,10,7,13,2,8,2,3,0,0,1557.074996691517,1462.6532095255197,94.42178716599733,1.7,0.8,2.1,1.5,2.0,1.1,0,0,0.5,0.5,0.0,0.0,0.0,0.0,0,0
2021-2022,2022-02-09,Aston Villa,Leeds,3,3,D,3,2,H,12,16,4,8,11,9,6,11,1,3,1,0,1472.1745759088928,1458.1608001787158,14.01377573017703,1.4,1.2,1.6,1.3,2.2,1.1,0,0,0.5,0.5,0.0,0.0,0.0,0.0,0,0
2021-2022,2022-02-10,Liverpool,Leicester,2,0,H,1,0,H,22,5,11,1,11,7,7,6,1,0,0,0,1645.3143803732332,1503.761539655396,141.55284071783717,2.3,0.8,2.3,1.9,2.0,1.2,0,0,0.5,0.5,0.0,0.0,0.0,0.0,0,0
2021-2022,2022-02-10,Wolves,Arsenal,0,1,A,0,1,A,15,12,4,2,12,13,7,4,2,3,0,1,1517.5180380291397,1548.0304579097267,-30.512419880587004,0.8,0.4,1.8,2.0,1.2,1.6,0,0,0.5,0.5,0.0,0.0,0.0,0.0,0,0
2021-2022,2022-02-12,Everton,Leeds,3,0,H,2,0,H,21,7,10,0,8,9,5,3,1,1,0,0,1431.8421443276652,1461.3294472892978,-29.487302961632622,0.9,2.2,0.4,1.5,2.3,1.2,0,0,0.5,0.5,0.0,0.0,0.0,0.0,0,0
2021-2022,2022-02-12,Man United,Southampton,1,1,D,1,0,H,12,13,8,4,12,13,1,4,4,0,0,0,1578.5725714202115,1477.7299477666168,100.84262365359473,1.6,0.9,2.1,1.8,1.8,1.4,0,0,0.5,0.5,0.0,0.0,0.0,0.0,0,0
2021-2022,2022-02-12,Watford,Brighton,0,2,A,0,1,A,9,11,1,6,16,9,4,5,3,2,0,0,1371.8656899588593,1488.3497016903298,-116.48401173147045,0.7,2.1,0.2,1.1,0.9,1.3,1,0,0.5,0.5,0.0,0.0,0.0,0.0,0,0
2021-2022,2022-02-12,Norwich,Man City,0,4,A,0,1,A,8,22,3,9,7,8,4,12,0,2,0,0,1353.2371964492154,1700.3279384379323,-347.0907419887169,0.7,1.9,0.8,2.8,0.6,2.8,1,0,0.5,0.5,0.0,0.0,0.0,0.0,0,0
2021-2022,2022-02-12,Brentford,Crystal Palace,0,0,D,0,0,D,9,6,2,3,10,10,3,9,1,0,0,0,1365.395100143008,1445.1886711983607,-79.79357105535269,0.9,2.1,0.7,1.3,1.6,0.9,1,0,0.5,0.5,0.0,0.0,0.0,0.0,0,0
2021-2022,2022-02-13,Burnley,Liverpool,0,1,A,0,1,A,8,12,5,4,7,6,5,8,0,1,0,0,1422.3335871996285,1649.3009714642108,-226.96738426458228,0.7,1.2,0.7,2.1,0.8,2.3,0,0,0.5,0.5,0.0,0.0,0.0,0.0,0,0
2021-2022,2022-02-13,Newcastle,Aston Villa,1,0,H,1,0,H,10,11,2,1,22,15,3,6,3,4,0,0,1431.1945941792833,1469.0059287983108,-37.81133461902755,0.9,1.7,1.2,1.5,1.5,1.4,0,0,0.5,0.5,0.0,0.0,0.0,0.0,0,0
2021-2022,2022-02-13,Tottenham,Wolves,0,2,A,0,2,A,17,11,7,7,13,13,7,3,3,1,0,0,1541.99825845042,1505.5442720194203,36.45398643099975,1.9,1.1,2.0,0.7,0.5,1.5,0,0,0.5,0.5,0.0,0.0,0.0,0.0,0,0
2021-2022,2022-02-13,Leicester,West Ham,2,2,D,1,1,D,13,8,2,3,10,9,5,4,1,2,0,0,1499.7749485644185,1533.197730959729,-33.42278239531038,1.8,2.1,1.1,1.7,1.4,1.6,0,0,0.5,0.5,0.0,0.0,0.0,0.0,0,0
2021-2022,2022-02-15,Man United,Brighton,2,0,H,0,0,D,19,10,7,3,8,10,10,2,3,1,0,1,1573.3599477039784,1497.875609369583,75.48433833439549,1.4,0.8,1.9,1.3,0.9,1.5,0,0,0.5,0.5,0.0,0.0,0.0,0.0,0,0
2021-2022,2022-02-19,West Ham,Newcastle,1,1,D,1,1,D,11,14,3,3,3,7,3,7,3,3,0,0,1535.0908619231234,1439.4235343378082,95.6673275853152,1.6,1.4,1.4,1.0,1.5,1.5,0,0,0.5,0.5,0.0,0.0,0.0,0.0,0,0
2021-2022,2022-02-19,Arsenal,Brentford,2,1,H,0,0,D,24,6,8,2,10,5,14,0,1,1,0,0,1560.004223919446,1364.8141672103984,195.19005670904767,2.1,0.8,1.9,0.7,1.9,0.7,0,1,0.5,0.5,0.0,0.0,0.0,0.0,0,0
2021-2022,2022-02-19,Aston Villa,Watford,0,1,A,0,0,D,20,8,1,4,12,7,10,5,1,2,0,0,1460.776988639786,1362.3397822796062,98.43720636017974,1.3,1.5,1.1,0.5,1.9,0.2,0,1,0.5,0.5,0.0,0.0,0.0,0.0,0,0
2021-2022,2022-02-19,Brighton,Burnley,0,3,A,0,2,A,11,10,1,4,12,12,4,4,1,4,0,0,1492.5366740101415,1415.8335674875293,76.70310652261219,1.2,1.0,1.4,0.6,1.2,0.6,0,0,0.5,0.5,0.0,0.0,0.0,0.0,0,0
2021-2022,2022-02-19,Crystal Palace,Chelsea,0,1,A,0,0,D,7,9,0,3,4,20,4,4,1,3,0,0,1445.7696041309703,1602.6206144946373,-156.851010363667,1.3,1.5,1.0,1.5,1.2,1.4,0,0,0.5,0.5,0.0,0.0,0.0,0.0,0,0
2021-2022,2022-02-19,Liverpool,Norwich,3,1,H,0,0,D,29,6,8,1,7,8,9,4,0,1,0,0,1655.80099117631,1349.3513859915552,306.4496051847548,1.8,0.7,2.3,0.6,2.2,0.7,0,1,0.5,0.5,0.0,0.0,0.0,0.0,0,0
2021-2022,2022-02-19,Southampton,Everton,2,0,H,0,0,D,19,9,11,0,6,9,4,4,0,2,0,0,1482.9425714828499,1439.8400391181453,43.10253236470453,1.7,1.7,1.4,1.2,1.9,0.7,0,0,0.5,0.5,0.0,0.0,0.0,0.0,0,0
2021-2022,2022-02-19,Man City,Tottenham,2,3,A,1,1,D,21,6,4,5,5,7,10,0,0,3,0,0,1704.2137488955925,1528.2610060752181,175.9527428203744,2.9,0.5,2.8,1.7,1.2,1.7,0,0,0.5,0.5,0.0,0.0,0.0,0.0,0,0
2021-2022,2022-02-20,Leeds,Man United,2,4,A,0,2,A,16,15,6,9,13,19,3,3,6,3,0,0,1453.3315524988177,1578.6988830634198,-125.36733056460207,1.5,2.6,1.1,1.5,0.8,1.9,0,0,0.5,0.5,0.0,0.0,0.0,0.0,0,0
2021-2022,2022-02-20,Wolves,Leicester,2,1,H,1,1,D,11,17,3,7,12,9,7,10,4,4,0,0,1519.2815243946222,1497.881817601024,21.39970679359817,0.9,0.5,1.7,2.0,2.0,1.2,0,0,0.5,0.5,0.0,0.0,0.0,0.0,0,0
2021-2022,2022-02-23,Watford,Crystal Palace,1,4,A,1,2,A,8,7,1,5,12,9,6,4,2,1,0,0,1377.5018024434414,1437.3914585216012,-59.88965607815976,0.5,1.7,0.5,1.3,1.5,1.0,1,0,0.5,0.5,0.0,0.0,0.0,0.0,0,0
2021-2022,2022-02-23,Liverpool,Leeds,6,0,H,3,0,H,23,3,15,2,5,11,4,0,0,3,0,0,1657.55873114843,1444.0603883058102,213.49834284261988,2.0,0.8,2.3,1.6,3.0,0.8,0,0,0.5,0.5,0.0,0.0,0.0,0.0,0,0
2021-2022,2022-02-23,Burnley,Tottenham,1,0,H,0,0,D,15,12,4,2,8,8,3,7,0,0,0,0,1430.5220450727677,1544.8691381516103,-114.34709307884259,0.6,0.9,0.8,1.8,1.4,1.7,0,0,0.5,0.5,0.0,0.0,0.0,0.0,0,0
2021-2022,2022-02-24,Arsenal,Wolves,2,1,H,0,1,A,26,6,5,2,8,9,5,4,1,1,0,0,1563.0954873503529,1525.9229452423247,37.17254210802821,2.1,0.9,1.9,1.1,0.6,1.9,0,0,0.5,0.5,0.0,0.0,0.0,0.0,0,0
2021-2022,2022-02-25,Southampton,Norwich,2,0,H,1,0,H,27,8,9,1,12,9,13,6,1,2,0,0,1489.0418748471138,1347.593646019435,141.4482288276788,1.8,1.6,1.6,0.7,2.2,0.7,0,1,0.5,0.5,0.0,0.0,0.0,0.0,0,0
2021-2022,2022-02-26,Leeds,Tottenham,0,4,A,0,3,A,19,15,3,11,16,11,3,6,4,2,0,0,1441.2346484348243,1534.4564301771327,-93.2217817423084,1.4,3.4,0.7,1.5,1.5,1.4,0,0,0.5,0.5,0.0,0.0,0.0,0.0,0,0
2021-2022,2022-02-26,Brentford,Newcastle,0,2,A,0,2,A,6,26,1,11,9,7,6,6,3,1,1,0,1361.7229037794916,1444.5268340607163,-82.80393028122467,0.6,2.0,0.4,1.0,1.5,1.5,1,0,0.5,0.5,0.0,0.0,0.0,0.0,0,0
2021-2022,2022-02-26,Crystal Palace,Burnley,1,1,D,1,0,H,11,5,4,1,5,17,5,4,0,2,0,0,1448.5408253087746,1440.9347530472453,7.606072261529334,1.4,1.5,1.0,0.7,0.9,1.0,0,0,0.5,0.5,0.0,0.0,0.0,0.0,0,0
2021-2022,2022-02-26,Man United,Watford,0,0,D,0,0,D,22,10,3,2,2,7,4,3,0,0,0,0,1587.9700472564273,1366.352435656268,221.6176116001593,1.8,1.0,1.9,0.5,1.8,0.5,0,1,0.5,0.5,0.0,0.0,0.0,0.0,0,0
2021-2022,2022-02-26,Brighton,Aston Villa,0,2,A,0,1,A,12,9,1,4,17,11,7,2,4,5,0,0,1477.848196424903,1445.6149684759507,32.23322794895239,1.1,1.2,1.3,1.2,1.4,1.1,0,0,0.5,0.5,0.0,0.0,0.0,0.0,0,0
2021-2022,2022-02-26,Everton,Man City,0,1,A,0,0,D,6,13,2,8,7,14,3,4,3,2,0,0,1433.7407357538814,1687.6056168192003,-253.86488106531897,1.2,2.0,0.7,3.0,0.8,2.5,0,0,0.5,0.5,0.0,0.0,0.0,0.0,0,0
2021-2022,2022-02-27,West Ham,Wolves,1,0,H,0,0,D,13,14,4,1,8,2,3,5,1,0,0,0,1529.9875622002153,1519.677976921187,10.30958527902817,1.7,1.5,1.4,1.2,0.7,1.9,0,0,0.5,0.5,0.0,0.0,0.0,0.0,0,0
2021-2022,2022-03-01,Burnley,Leicester,0,2,A,0,0,D,9,22,2,6,10,13,6,8,1,1,0,0,1443.936532613236,1491.2403967533216,-47.30386414008558,0.8,0.9,1.1,1.7,2.0,0.9,0,0,0.5,0.5,0.0,0.0,0.0,0.0,0,0
2021-2022,2022-03-05,Leicester,Leeds,1,0,H,0,0,D,7,19,4,4,9,12,5,10,1,2,0,0,1502.7455891629133,1431.0395803786469,71.70600878426649,1.7,1.8,1.1,1.2,3.5,0.7,0,0,0.5,0.5,0.0,0.0,0.0,0.0,0,0
2021-2022,2022-03-05,Newcastle,Brighton,2,1,H,2,0,H,10,15,4,4,8,10,4,7,1,1,0,0,1455.0213729779477,1464.2159311098517,-9.194558131903932,1.1,1.5,1.5,1.1,1.3,1.3,0,0,0.5,0.5,0.0,0.0,0.0,0.0,0,0
2021-2022,2022-03-05,Aston Villa,Southampton,4,0,H,2,0,H,14,11,9,1,10,8,4,7,1,1,0,0,1459.2472337910021,1493.0303884580833,-33.783154667081135,1.2,1.3,1.1,2.0,1.3,1.9,0,0,0.5,0.5,0.0,0.0,0.0,0.0,0,0
2021-2022,2022-03-05,Norwich,Brentford,1,3,A,0,1,A,15,10,7,6,13,18,5,5,2,5,0,0,1343.6051324084656,1351.2283648622602,-7.6232324537945715,0.7,2.3,0.7,0.6,2.0,0.4,1,1,0.5,0.5,0.0,0.0,0.0,0.0,0,0
2021-2022,2022-03-05,Liverpool,West Ham,1,0,H,1,0,H,22,13,5,5,7,7,4,6,2,1,0,0,1660.384471019416,1536.915147202691,123.46932381672491,2.5,0.8,2.3,1.8,1.3,1.7,0,0,0.5,0.5,0.0,0.0,0.0,0.0,0,0
2021-2022,2022-03-05,Wolves,Crystal Palace,0,2,A,0,2,A,12,12,5,8,13,8,7,7,0,3,0,0,1512.7503919187113,1445.5390457427839,67.21134617592747,1.2,0.7,1.9,1.3,1.4,1.0,0,0,0.5,0.5,0.0,0.0,0.0,0.0,0,0
2021-2022,2022-03-05,Burnley,Chelsea,0,4,A,0,0,D,6,11,1,5,12,7,5,2,2,0,0,0,1432.4313402036444,1610.9987601040064,-178.56741990036198,0.8,1.1,1.0,1.4,0.9,1.7,0,0,0.5,0.5,0.0,0.0,0.0,0.0,0,0
2021-2022,2022-03-06,Watford,Arsenal,2,3,A,1,2,A,13,16,7,4,5,11,1,5,1,2,0,0,1373.638216163895,1569.3404556714904,-195.70223950759532,0.4,1.6,0.6,2.1,0.7,2.2,1,0,0.5,0.5,0.0,0.0,0.0,0.0,0,0
2021-2022,2022-03-06,Man City,Man United,4,1,H,2,1,H,24,5,10,2,10,14,9,3,0,1,0,0,1693.4455045114732,1580.6842667488002,112.76123776267309,2.4,0.8,2.5,1.7,0.9,1.9,0,0,0.5,0.5,0.0,0.0,0.0,0.0,0,0
2021-2022,2022-03-07,Tottenham,Everton,5,0,H,3,0,H,14,6,7,0,15,10,5,2,2,0,0,0,1544.6514982333101,1427.9008480616085,116.75065017170164,1.7,1.3,1.6,1.1,1.7,0.7,0,0,0.5,0.5,0.0,0.0,0.0,0.0,0,0
2021-2022,2022-03-10,Norwich,Chelsea,1,3,A,0,2,A,9,15,3,7,8,15,3,8,0,2,0,0,1331.007246255944,1618.7751818649417,-287.76793560899773,0.8,2.4,0.7,1.5,0.7,1.7,1,0,0.5,0.5,0.0,0.0,0.0,0.0,0,0
2021-2022,2022-03-10,Southampton,Newcastle,1,2,A,1,1,D,14,8,5,4,6,7,12,5,1,1,0,0,1484.9135168524006,1462.4657102009933,22.44780665140729,1.8,1.5,1.8,1.3,1.2,1.8,0,0,0.5,0.5,0.0,0.0,0.0,0.0,0,0
2021-2022,2022-03-10,Wolves,Watford,4,0,H,3,0,H,10,9,5,0,11,10,5,2,2,2,0,0,1498.2777670467108,1366.325133191772,131.95263385493877,1.1,0.9,1.6,0.5,1.5,0.6,0,1,0.5,0.5,0.0,0.0,0.0,0.0,0,0
2021-2022,2022-03-10,Leeds,Aston Villa,0,3,A,0,1,A,4,15,1,9,17,11,3,5,5,3,0,0,1425.6150919728013,1467.3641053966849,-41.749013423883525,1.2,2.9,0.7,1.6,1.2,1.4,0,0,0.5,0.5,0.0,0.0,0.0,0.0,0,0
2021-2022,2022-03-12,Brighton,Liverpool,0,2,A,0,1,A,8,18,3,9,12,15,7,6,3,1,0,0,1456.7715938868062,1664.7137507553225,-207.94215686851635,1.0,1.5,1.0,2.3,0.7,2.3,0,0,0.5,0.5,0.0,0.0,0.0,0.0,0,0
2021-2022,2022-03-12,Brentford,Burnley,2,0,H,0,0,D,13,7,4,1,6,10,2,9,1,1,0,1,1363.8262510147817,1424.654918442709,-60.82866742792726,0.9,2.0,0.7,0.7,1.2,1.0,1,0,0.5,0.5,0.0,0.0,0.0,0.0,0,0
2021-2022,2022-03-12,Man United,Tottenham,3,2,H,2,1,H,10,10,6,3,8,7,4,5,2,1,0,0,1576.142241863074,1549.1134098394255,27.028832023648647,1.5,1.2,1.6,1.9,1.3,1.6,0,0,0.5,0.5,0.0,0.0,0.0,0.0,0,0
2021-2022,2022-03-13,Leeds,Norwich,2,1,H,1,0,H,13,12,7,4,18,8,6,2,3,1,0,0,1413.9540287762688,1325.9404525215432,88.01357625472565,1.1,2.8,0.7,0.9,2.2,0.7,0,1,0.5,0.5,0.0,0.0,0.0,0.0,0,0
2021-2022,2022-03-13,Chelsea,Newcastle,1,0,H,0,0,D,8,7,3,2,17,16,7,2,4,3,0,0,1623.8419755993425,1475.851026097665,147.9909495016775,1.7,0.7,1.9,1.4,1.0,2.1,0,0,0.5,0.5,0.0,0.0,0.0,0.0,0,0
2021-2022,2022-03-13,Everton,Wolves,0,1,A,0,0,D,8,14,2,3,13,11,5,2,2,1,1,0,1423.4389364554931,1502.443689510731,-79.00475305523787,0.9,2.1,0.4,1.5,0.9,1.8,0,0,0.5,0.5,0.0,0.0,0.0,0.0,0,0
2021-2022,2022-03-13,West Ham,Aston Villa,2,1,H,0,0,D,11,13,4,7,9,3,5,7,1,0,0,0,1532.5858674667845,1479.0251685932174,53.56069887356716,1.6,1.1,1.7,1.7,1.2,1.4,0,0,0.5,0.5,0.0,0.0,0.0,0.0,0,0
2021-2022,2022-03-13,Arsenal,Leicester,2,0,H,1,0,H,21,6,8,3,8,10,2,6,0,3,0,0,1576.6535386436135,1508.1700775687589,68.48346107485463,2.3,0.7,2.5,1.7,1.6,1.4,0,0,0.5,0.5,0.0,0.0,0.0,0.0,0,0
2021-2022,2022-03-13,Southampton,Watford,1,2,A,1,2,A,13,9,7,5,8,12,11,3,3,2,0,0,1471.5282009557288,1362.1592107277518,109.36899022797706,1.6,1.5,1.5,0.5,1.8,0.6,0,1,0.5,0.5,0.0,0.0,0.0,0.0,0,0
2021-2022,2022-03-14,Crystal Palace,Man City,0,0,D,0,0,D,7,18,1,4,6,11,2,6,3,1,0,0,1460.0116706147844,1697.9875293971993,-237.9758587824149,1.5,1.1,1.3,2.4,0.9,2.5,0,0,0.5,0.5,0.0,0.0,0.0,0.0,0,0
2021-2022,2022-03-16,Brighton,Tottenham,0,2,A,0,1,A,15,17,0,7,11,9,6,3,2,2,0,0,1449.7821725581298,1542.6149419878013,-92.83276942967154,0.9,1.6,0.9,2.0,1.5,1.5,0,0,0.5,0.5,0.0,0.0,0.0,0.0,0,0
2021-2022,2022-03-16,Arsenal,Liverpool,0,2,A,0,0,D,9,9,2,3,9,9,1,6,0,1,0,0,1582.1516718627834,1671.7031720839989,-89.55150022121552,2.2,0.7,2.5,2.3,0.5,2.5,0,0,0.5,0.5,0.0,0.0,0.0,0.0,0,0
2021-2022,2022-03-17,Everton,Newcastle,1,0,H,0,0,D,9,17,3,6,13,11,5,7,2,1,1,0,1412.835379160878,1471.9814139603852,-59.14603479950733,0.8,1.9,0.4,1.4,0.7,2.1,0,0,0.5,0.5,0.0,0.0,0.0,0.0,0,0
2021-2022,2022-03-18,Wolves,Leeds,2,3,A,2,0,H,14,15,8,6,13,14,2,5,1,4,1,0,1513.0472468053463,1419.0154748886816,94.03177191666464,1.5,0.9,1.8,1.0,2.8,0.7,0,0,0.5,0.5,0.0,0.0,0.0,0.0,0,0
2021-2022,2022-03-19,Aston Villa,Arsenal,0,1,A,0,1,A,8,10,1,3,13,14,6,5,3,3,0,0,1473.178038396399,1571.8510304924703,-98.67299209607131,1.7,1.1,1.4,2.0,0.9,2.2,0,0,0.5,0.5,0.0,0.0,0.0,0.0,0,0
2021-2022,2022-03-20,Leicester,Brentford,2,1,H,2,0,H,12,15,4,6,10,10,2,5,1,2,0,0,1502.671944349589,1372.7035623315996,129.96838201798937,1.3,1.8,1.1,0.9,1.9,0.7,0,1,0.5,0.5,0.0,0.0,0.0,0.0,0,0
2021-2022,2022-03-20,Tottenham,West Ham,3,1,H,2,1,H,17,6,4,1,7,7,5,3,0,1,0,0,1552.8212022087453,1538.432997663603,14.388204545142344,2.1,1.5,1.5,1.4,1.1,1.7,0,0,0.5,0.5,0.0,0.0,0.0,0.0,0,0
2021-2022,2022-04-02,Brighton,Norwich,0,0,D,0,0,D,31,6,4,0,12,11,11,2,1,1,0,0,1439.5759123371859,1320.8790064091304,118.69690592805546,0.6,1.6,0.6,1.0,2.1,0.7,0,1,0.5,0.5,0.0,0.0,0.0,0.0,0,0
2021-2022,2022-04-02,Chelsea,Brentford,1,4,A,0,0,D,21,17,8,6,11,7,12,7,0,0,0,0,1627.7115877366223,1368.4998416643284,259.21174607229386,1.8,0.7,2.1,0.9,1.7,0.7,0,1,0.5,0.5,0.0,0.0,0.0,0.0,0,0
2021-2022,2022-04-02,Liverpool,Watford,2,0,H,1,0,H,20,5,3,2,9,8,9,3,1,1,0,0,1682.003813454312,1377.5482695321111,304.45554392220083,2.5,0.4,2.8,0.6,1.8,0.8,0,1,0.5,0.5,0.0,0.0,0.0,0.0,0,0
2021-2022,2022-04-02,Man United,Leicester,1,1,D,0,0,D,11,11,5,3,13,6,6,5,2,2,0,0,1582.6407097146982,1506.8756650168602,75.765044697838,1.8,1.3,1.9,1.2,1.3,1.4,0,0,0.5,0.5,0.0,0.0,0.0,0.0,0,0
2021-2022,2022-04-02,Wolves,Aston Villa,2,1,H,2,0,H,11,15,5,5,15,8,4,9,4,3,0,0,1497.978845664044,1463.1398442244022,34.839001439641834,1.4,1.1,1.5,1.6,1.0,1.4,0,0,0.5,0.5,0.0,0.0,0.0,0.0,0,0
2021-2022,2022-04-02,Burnley,Man City,0,2,A,0,2,A,3,18,1,6,11,6,1,8,1,0,0,0,1415.777607125891,1694.2126538357645,-278.4350467098734,0.6,1.1,1.0,1.8,0.6,2.3,0,0,0.5,0.5,0.0,0.0,0.0,0.0,0,0
2021-2022,2022-04-02,Leeds,Southampton,1,1,D,1,0,H,12,14,3,6,14,7,4,7,1,1,0,0,1434.083876029984,1456.1391421513695,-22.055266121385557,1.0,2.8,0.7,1.6,1.6,1.4,0,0,0.5,0.5,0.0,0.0,0.0,0.0,0,0
2021-2022,2022-04-03,West Ham,Everton,2,1,H,1,0,H,11,13,5,2,9,12,2,4,1,1,0,1,1531.6113363500199,1421.6648972043138,109.94643914570611,1.2,1.2,1.4,0.8,1.8,0.6,0,0,0.5,0.5,0.0,0.0,0.0,0.0,0,0
2021-2022,2022-04-03,Tottenham,Newcastle,5,1,H,1,1,D,19,8,6,1,10,7,2,3,2,3,0,0,1559.6428635223283,1463.1518959169493,96.49096760537896,2.1,1.4,1.5,1.3,0.7,2.0,0,0,0.5,0.5,0.0,0.0,0.0,0.0,0,0
2021-2022,2022-04-04,Crystal Palace,Arsenal,3,0,H,2,0,H,6,12,5,3,11,15,0,2,0,2,0,0,1463.7865461762192,1581.8892246644673,-118.1026784882481,1.2,1.1,1.1,1.7,0.8,2.2,0,0,0.5,0.5,0.0,0.0,0.0,0.0,0,0
2021-2022,2022-04-06,Burnley,Everton,3,2,H,1,2,A,13,16,4,4,11,16,9,6,2,2,0,0,1410.5048851796405,1417.065738895395,-6.560853715754547,0.6,1.3,0.9,0.7,1.7,0.6,0,0,0.5,0.5,0.0,0.0,0.0,0.0,0,0
2021-2022,2022-04-08,Newcastle,Wolves,1,0,H,0,0,D,12,5,4,2,6,13,1,2,1,1,0,0,1458.272706706466,1504.2816532896604,-46.00894658319453,1.3,1.1,1.9,1.4,1.1,1.5,0,0,0.5,0.5,0.0,0.0,0.0,0.0,0,0
2021-2022,2022-04-09,Everton,Man United,1,0,H,1,0,H,7,12,3,4,4,10,5,7,2,2,0,0,1409.6921163504244,1577.97332336488,-168.2812070144555,0.8,1.8,0.6,1.7,1.2,1.9,0,0,0.5,0.5,0.0,0.0,0.0,0.0,0,0
2021-2022,2022-04-09,Arsenal,Brighton,1,2,A,0,1,A,20,8,4,3,12,19,11,2,3,4,0,0,1571.3686586855335,1433.9991075937912,137.36955109174232,1.2,1.1,1.9,0.5,1.5,0.6,0,0,0.5,0.5,0.0,0.0,0.0,0.0,0,0
2021-2022,2022-04-09,Southampton,Chelsea,0,6,A,0,4,A,4,24,1,14,11,10,3,3,1,0,0,0,1458.3456774068732,1609.9569317828518,-151.61125437597866,1.3,1.6,1.2,1.6,1.0,1.8,0,0,0.5,0.5,0.0,0.0,0.0,0.0,0,0
2021-2022,2022-04-09,Watford,Leeds,0,3,A,0,1,A,8,10,1,5,8,12,3,8,2,0,0,0,1375.7720389176054,1431.8773407744802,-56.1053018568748,0.6,1.7,0.8,1.1,2.8,0.8,1,0,0.5,0.5,0.0,0.0,0.0,0.0,0,0
2021-2022,2022-04-09,Aston Villa,Tottenham,0,4,A,0,1,A,9,11,8,5,12,14,9,3,2,3,0,0,1456.8370365987857,1564.5220527328117,-107.685016134026,1.5,1.0,1.3,2.6,1.3,1.8,0,0,0.5,0.5,0.0,0.0,0.0,0.0,0,0
2021-2022,2022-04-10,Leicester,Crystal Palace,2,1,H,2,0,H,12,11,3,3,11,12,3,4,1,1,0,0,1511.5430513666786,1474.307112155153,37.23593921152565,1.2,1.4,1.2,1.3,0.8,1.4,0,0,0.5,0.5,0.0,0.0,0.0,0.0,0,0
2021-2022,2022-04-10,Brentford,West Ham,2,0,H,0,0,D,15,5,7,1,2,6,4,6,0,1,0,0,1386.2544976180989,1536.2104946589386,-149.95599704083975,1.3,1.5,1.0,1.2,1.3,1.4,1,0,0.5,0.5,0.0,0.0,0.0,0.0,0,0
2021-2022,2022-04-10,Man City,Liverpool,2,2,D,2,1,H,11,6,5,4,9,11,4,1,1,4,0,0,1699.4853757820151,1683.7800440688177,15.705331713197438,1.9,0.6,2.3,2.5,0.2,3.0,0,0,0.5,0.5,0.0,0.0,0.0,0.0,0,0
2021-2022,2022-04-10,Norwich,Burnley,2,0,H,1,0,H,17,18,6,4,12,10,6,7,1,1,0,0,1326.455811152525,1417.8785077246112,-91.42269657208612,1.0,1.9,0.8,0.9,1.5,1.1,1,0,0.5,0.5,0.0,0.0,0.0,0.0,0,0
2021-2022,2022-04-16,Tottenham,Brighton,0,1,A,0,0,D,5,12,0,5,14,10,4,4,3,3,0,0,1574.3008962545425,1449.9350945895733,124.36580166496924,2.8,1.0,2.1,0.6,1.5,0.8,0,0,0.5,0.5,0.0,0.0,0.0,0.0,0,0
2021-2022,2022-04-16,Man United,Norwich,3,2,H,2,1,H,20,15,9,4,7,6,6,7,0,0,0,0,1566.032949623715,1336.2089866569609,229.82396296675415,1.4,1.2,1.6,1.0,1.8,0.8,0,1,0.5,0.5,0.0,0.0,0.0,0.0,0,0
2021-2022,2022-04-16,Southampton,Arsenal,1,0,H,1,0,H,9,23,3,6,6,6,6,8,2,1,0,0,1449.820337610283,1555.4326716897515,-105.61233407946838,1.2,1.9,1.2,1.2,1.1,1.9,0,0,0.5,0.5,0.0,0.0,0.0,0.0,0,0
2021-2022,2022-04-16,Watford,Brentford,1,2,A,0,1,A,17,16,4,5,11,9,6,5,2,1,0,0,1364.5153272062503,1397.6825193089312,-33.16719210268093,0.6,2.0,0.7,1.4,1.2,1.3,1,1,0.5,0.5,0.0,0.0,0.0,0.0,0,0
2021-2022,2022-04-17,Newcastle,Leicester,2,1,H,1,1,D,16,8,7,2,10,10,3,5,2,2,0,0,1466.7311085726938,1517.7864523695632,-51.055343796869465,1.3,1.1,1.9,1.2,1.2,1.5,0,0,0.5,0.5,0.0,0.0,0.0,0.0,0,0
2021-2022,2022-04-17,West Ham,Burnley,1,1,D,0,1,A,21,9,8,1,9,10,13,4,2,2,0,0,1524.7824729681063,1408.1253322201753,116.65714074793095,1.0,1.2,1.4,0.8,1.6,1.0,0,0,0.5,0.5,0.0,0.0,0.0,0.0,0,0
2021-2022,2022-04-19,Liverpool,Man United,4,0,H,2,0,H,14,2,5,1,3,6,10,2,1,2,0,0,1686.9924219423644,1568.6382459513375,118.35417599102698,2.4,0.4,2.8,1.6,1.4,1.6,0,0,0.5,0.5,0.0,0.0,0.0,0.0,0,0
2021-2022,2022-04-20,Chelsea,Arsenal,2,4,A,2,2,D,11,14,2,4,7,6,6,1,3,1,0,0,1618.4822715794419,1545.2711497787573,73.21112180068462,2.1,0.9,2.0,1.2,1.2,1.8,0,0,0.5,0.5,0.0,0.0,0.0,0.0,0,0
2021-2022,2022-04-20,Everton,Leicester,1,1,D,0,1,A,13,11,3,3,8,17,5,4,3,1,0,0,1421.6324900915893,1509.1859471523019,-87.55345706071262,0.9,1.7,0.9,1.2,1.3,1.4,0,0,0.5,0.5,0.0,0.0,0.0,0.0,0,0
2021-2022,2022-04-20,Newcastle,Crystal Palace,1,0,H,1,0,H,13,10,4,2,12,12,2,5,1,1,0,0,1475.331613789955,1468.0637111522683,7.267902637686802,1.2,1.1,1.9,1.3,0.9,1.3,0,0,0.5,0.5,0.0,0.0,0.0,0.0,0,0
2021-2022,2022-04-20,Man City,Brighton,3,0,H,0,0,D,17,2,5,1,12,7,7,4,0,3,0,0,1696.2729979084684,1465.6232945512186,230.6497033572498,1.9,0.7,2.1,0.6,1.4,1.0,0,0,0.5,0.5,0.0,0.0,0.0,0.0,0,0
2021-2022,2022-04-21,Burnley,Southampton,2,0,H,2,0,H,16,11,6,3,7,7,10,10,2,2,0,0,1413.6615543875264,1459.9818595212773,-46.320305133750935,0.9,1.6,1.1,1.2,1.8,1.4,0,0,0.5,0.5,0.0,0.0,0.0,0.0,0,0
2021-2022,2022-04-23,Arsenal,Man United,3,1,H,2,1,H,14,14,7,5,9,12,1,7,3,4,0,0,1559.8808447301521,1564.2082503477604,-4.327405617608292,1.5,1.4,1.8,1.5,1.7,1.5,0,0,0.5,0.5,0.0,0.0,0.0,0.0,0,0
2021-2022,2022-04-23,Leicester,Aston Villa,0,0,D,0,0,D,5,11,2,3,15,16,7,6,3,2,0,0,1509.5440342832608,1447.058193077055,62.485841206205805,1.3,1.2,1.5,1.4,1.4,1.0,0,0,0.5,0.5,0.0,0.0,0.0,0.0,0,0
2021-2022,2022-04-23,Man City,Watford,5,1,H,3,1,H,21,5,8,2,9,7,11,4,1,0,0,0,1698.8675424656687,1352.615104404013,346.25243806165577,2.1,0.7,2.1,0.7,2.1,0.7,0,1,0.5,0.5,0.0,0.0,0.0,0.0,0,0
2021-2022,2022-04-23,Norwich,Newcastle,0,3,A,0,2,A,5,13,2,7,11,10,2,3,0,2,0,0,1333.6036903293384,1482.3386930767147,-148.73500274737626,0.9,2.1,0.5,1.2,1.1,1.9,1,0,0.5,0.5,0.0,0.0,0.0,0.0,0,0
2021-2022,2022-04-23,Brentford,Tottenham,0,0,D,0,0,D,15,9,2,0,8,7,12,8,2,1,0,0,1409.5827421111685,1558.6126962928972,-149.02995418172873,1.5,1.1,1.6,2.8,0.9,2.1,1,0,0.5,0.5,0.0,0.0,0.0,0.0,0,0
2021-2022,2022-04-24,Brighton,Southampton,2,2,D,2,1,H,8,18,5,5,12,7,6,6,1,0,0,0,1463.0287499940182,1451.514707804227,11.514042189791098,0.4,1.7,0.7,0.9,1.8,1.1,0,0,0.5,0.5,0.0,0.0,0.0,0.0,0,0
2021-2022,2022-04-24,Burnley,Wolves,1,0,H,0,0,D,14,10,5,4,8,7,3,6,3,1,0,0,1422.1287061045766,1495.8232514234326,-73.69454531885594,0.8,1.6,1.1,1.4,1.1,1.5,0,0,0.5,0.5,0.0,0.0,0.0,0.0,0,0
2021-2022,2022-04-24,Chelsea,West Ham,1,0,H,0,0,D,26,6,5,2,11,9,3,1,1,0,0,1,1603.872576628047,1519.2462508007552,84.6263258272918,2.1,1.1,1.9,1.1,1.2,1.5,0,0,0.5,0.5,0.0,0.0,0.0,0.0,0,0
2021-2022,2022-04-24,Liverpool,Everton,2,0,H,0,0,D,18,9,4,1,8,8,13,1,2,5,0,0,1691.4224175459415,1421.2744029606304,270.1480145853111,2.5,0.3,2.8,0.9,1.5,1.0,0,0,0.5,0.5,0.0,0.0,0.0,0.0,0,0
2021-2022,2022-04-25,Crystal Palace,Leeds,0,0,D,0,0,D,17,9,7,2,12,13,6,3,2,2,0,0,1461.0566318655087,1443.1340524858354,17.92257937967338,1.2,0.7,1.3,1.1,2.5,1.0,0,0,0.5,0.5,0.0,0.0,0.0,0.0,0,0
2021-2022,2022-04-28,Man United,Chelsea,1,1,D,0,0,D,6,21,3,6,9,12,2,9,0,1,0,0,1556.89437570316,1609.0080920715077,-52.113716368347696,1.5,1.9,1.4,2.2,1.0,2.2,0,0,0.5,0.5,0.0,0.0,0.0,0.0,0,0
2021-2022,2022-04-30,Newcastle,Liverpool,0,1,A,0,1,A,4,24,2,10,11,11,0,6,1,3,0,0,1490.9451149172805,1693.5453066051343,-202.6001916878538,1.4,1.0,2.1,2.5,0.3,2.8,0,0,0.5,0.5,0.0,0.0,0.0,0.0,0,0
2021-2022,2022-04-30,Aston Villa,Norwich,2,0,H,1,0,H,21,9,6,3,16,8,2,3,4,1,0,0,1451.4213559882464,1324.9972684887725,126.4240874994739,1.1,1.1,1.0,0.8,2.3,0.4,0,1,0.5,0.5,0.0,0.0,0.0,0.0,0,0
2021-2022,2022-04-30,Southampton,Crystal Palace,1,2,A,1,0,H,8,14,3,5,13,11,6,7,1,3,0,0,1454.618483851666,1457.7871399036208,-3.168656051954713,1.0,1.9,1.1,1.1,0.6,1.3,0,0,0.5,0.5,0.0,0.0,0.0,0.0,0,0
2021-2022,2022-04-30,Watford,Burnley,1,2,A,1,0,H,13,17,1,6,13,9,5,6,1,2,0,0,1351.191679522866,1431.3730176965291,-80.18133817366311,0.8,2.4,0.7,0.8,1.6,1.1,1,0,0.5,0.5,0.0,0.0,0.0,0.0,0,0
2021-2022,2022-04-30,Wolves,Brighton,0,3,A,0,1,A,11,17,1,9,6,4,7,3,2,1,0,0,1486.57893983148,1459.9249739465793,26.6539658849008,1.2,1.2,1.2,0.6,1.7,0.8,0,0,0.5,0.5,0.0,0.0,0.0,0.0,0,0
2021-2022,2022-04-30,Leeds,Man City,0,4,A,0,1,A,7,19,2,6,13,3,3,6,1,2,0,0,1446.4035444477233,1700.2909673468157,-253.88742289909237,1.1,2.2,1.1,2.5,0.7,2.3,0,0,0.5,0.5,0.0,0.0,0.0,0.0,0,0
2021-2022,2022-05-01,Everton,Chelsea,1,0,H,0,0,D,9,17,4,5,9,12,3,8,3,5,0,0,1419.1515139014375,1610.3777084299923,-191.22619452855474,0.6,1.7,0.7,2.2,1.0,2.2,0,0,0.5,0.5,0.0,0.0,0.0,0.0,0,0
2021-2022,2022-05-01,Tottenham,Leicester,3,1,H,1,0,H,13,6,7,2,13,8,7,3,2,3,0,0,1557.210794604441,1505.1808713720693,52.02992323237163,2.5,0.7,1.9,1.1,1.0,1.5,0,0,0.5,0.5,0.0,0.0,0.0,0.0,0,0
2021-2022,2022-05-01,West Ham,Arsenal,1,2,A,1,1,D,8,13,3,7,8,9,3,7,2,2,0,0,1514.1107353572945,1567.1947193747526,-53.08398401745808,1.0,1.3,1.2,1.6,1.4,1.8,0,0,0.5,0.5,0.0,0.0,0.0,0.0,0,0
2021-2022,2022-05-02,Man United,Brentford,3,0,H,1,0,H,9,12,5,4,4,6,3,8,1,0,0,0,1555.5247593446754,1410.9846437996248,144.54011554505064,1.4,2.0,1.2,1.5,0.9,1.7,0,1,0.5,0.5,0.0,0.0,0.0,0.0,0,0
2021-2022,2022-05-07,Brentford,Southampton,3,0,H,2,0,H,18,19,5,4,12,9,4,7,0,1,0,0,1407.0526581650806,1441.9014412152005,-34.84878305011989,1.5,1.2,1.6,0.9,2.1,0.8,1,0,0.5,0.5,0.0,0.0,0.0,0.0,0,0
2021-2022,2022-05-07,Burnley,Aston Villa,1,3,A,0,2,A,14,12,6,7,13,11,4,5,1,2,0,0,1441.9428267436194,1455.6932170420118,-13.750390298392404,0.9,1.6,1.3,1.3,1.0,1.3,0,0,0.5,0.5,0.0,0.0,0.0,0.0,0,0
2021-2022,2022-05-07,Chelsea,Wolves,2,2,D,0,0,D,19,14,6,4,7,11,9,3,1,3,0,0,1597.8107298950854,1473.0868778990534,124.72385199603195,2.0,1.1,1.9,1.0,1.4,0.9,0,0,0.5,0.5,0.0,0.0,0.0,0.0,0,0
2021-2022,2022-05-07,Crystal Palace,Watford,1,0,H,1,0,H,15,6,7,1,11,18,8,5,2,1,0,1,1470.5041825400863,1340.6218704757757,129.88231206431055,1.3,0.7,1.5,0.8,2.6,0.4,0,1,0.5,0.5,0.0,0.0,0.0,0.0,0,0
2021-2022,2022-05-07,Brighton,Man United,4,0,H,1,0,H,17,15,6,5,13,9,7,6,0,2,0,0,1473.4170358790059,1559.4567449792196,-86.03970910021371,0.9,1.4,1.1,1.3,1.8,1.2,0,0,0.5,0.5,0.0,0.0,0.0,0.0,0,0
2021-2022,2022-05-07,Liverpool,Tottenham,1,1,D,0,0,D,22,8,3,3,12,8,11,5,3,2,0,0,1700.6751855121838,1563.094452059229,137.58073345295475,2.5,0.3,2.8,2.8,0.7,2.2,0,0,0.5,0.5,0.0,0.0,0.0,0.0,0,0
2021-2022,2022-05-08,Arsenal,Leeds,2,1,H,2,0,H,19,3,9,2,13,15,8,2,2,2,0,1,1578.5369226314044,1440.564193261243,137.97272937016146,1.6,1.4,1.8,0.9,2.2,1.1,0,0,0.5,0.5,0.0,0.0,0.0,0.0,0,0
2021-2022,2022-05-08,Leicester,Everton,1,2,A,1,2,A,16,10,9,4,11,6,6,1,3,0,0,0,1499.2972139172812,1431.7184924363444,67.57872148093679,1.1,1.1,1.5,0.7,1.5,1.0,0,0,0.5,0.5,0.0,0.0,0.0,0.0,0,0
2021-2022,2022-05-08,Norwich,West Ham,0,4,A,0,3,A,8,13,2,5,7,7,9,5,1,1,0,0,1320.7254074350071,1502.7685321006427,-182.04312466563556,0.8,2.1,0.4,0.9,1.3,1.1,1,0,0.5,0.5,0.0,0.0,0.0,0.0,0,0
2021-2022,2022-05-08,Man City,Newcastle,5,0,H,2,0,H,21,7,9,3,6,11,8,2,1,3,0,0,1706.130318533296,1483.815236010231,222.31508252306503,2.7,0.7,2.3,1.2,1.1,1.8,0,0,0.5,0.5,0.0,0.0,0.0,0.0,0,0
2021-2022,2022-05-10,Aston Villa,Liverpool,1,2,A,1,1,D,9,17,4,6,10,12,2,3,0,0,0,0,1468.1259118597377,1694.7352633719734,-226.60935151223566,1.6,1.0,1.6,2.3,0.3,2.6,0,0,0.5,0.5,0.0,0.0,0.0,0.0,0,0
2021-2022,2022-05-11,Leeds,Chelsea,0,3,A,0,1,A,5,17,0,4,10,14,1,5,1,0,1,0,1436.5114122723674,1592.1155629168004,-155.60415064443305,1.0,1.8,1.1,2.1,1.3,1.7,0,0,0.5,0.5,0.0,0.0,0.0,0.0,0,0
2021-2022,2022-05-11,Leicester,Norwich,3,0,H,0,0,D,20,9,8,5,10,5,10,2,0,0,0,0,1484.8161343803226,1313.04386406255,171.7722703177726,1.0,1.3,1.2,0.7,2.2,0.4,0,1,0.5,0.5,0.0,0.0,0.0,0.0,0,0
2021-2022,2022-05-11,Watford,Everton,0,0,D,0,0,D,6,16,0,5,5,12,1,13,1,2,0,0,1336.4165045722082,1446.199571973303,-109.78306740109474,0.7,2.3,0.4,0.9,1.5,1.3,1,0,0.5,0.5,0.0,0.0,0.0,0.0,0,0
2021-2022,2022-05-11,Wolves,Man City,1,5,A,1,3,A,7,16,3,5,2,10,6,2,0,1,0,0,1478.7820448773384,1708.8351332065604,-230.05308832922196,1.1,1.4,1.0,2.8,0.7,2.3,0,0,0.5,0.5,0.0,0.0,0.0,0.0,0,0
2021-2022,2022-05-12,Tottenham,Arsenal,3,0,H,2,0,H,16,8,6,4,8,15,2,2,1,3,0,1,1569.0343741994395,1582.58970362028,-13.555329420840508,2.5,0.8,2.0,1.5,1.3,1.8,0,0,0.5,0.5,0.0,0.0,0.0,0.0,0,0
2021-2022,2022-05-15,Tottenham,Burnley,1,0,H,1,0,H,21,8,8,1,12,8,8,2,3,2,0,0,1576.5963980549268,1429.5101319258936,147.08626612903322,2.3,0.8,2.0,1.0,1.7,1.3,0,0,0.5,0.5,0.0,0.0,0.0,0.0,0,0
2021-2022,2022-05-15,Aston Villa,Crystal Palace,1,1,D,0,0,D,13,16,4,4,11,15,1,5,1,3,0,0,1461.6168462268643,1474.7095484436538,-13.092702216789576,1.5,1.2,1.3,1.4,0.6,1.8,0,0,0.5,0.5,0.0,0.0,0.0,0.0,0,0
2021-2022,2022-05-15,Leeds,Brighton,1,1,D,0,1,A,19,16,5,6,16,8,8,1,3,2,0,0,1428.0983029443591,1483.0154425095554,-54.917139565196294,1.0,1.7,1.1,1.3,1.2,1.4,0,0,0.5,0.5,0.0,0.0,0.0,0.0,0,0
2021-2022,2022-05-15,Watford,Leicester,1,5,A,1,2,A,13,13,5,7,4,6,7,3,0,1,0,0,1336.6980094918083,1488.276323680853,-151.5783141890447,0.7,2.3,0.4,1.2,1.3,1.2,1,0,0.5,0.5,0.0,0.0,0.0,0.0,0,0
2021-2022,2022-05-15,West Ham,Man City,2,2,D,2,0,H,6,31,2,8,9,5,4,9,3,1,0,0,1510.4500754730998,1715.2574623133808,-204.80738684028097,1.2,1.2,1.3,3.1,0.5,2.6,0,0,0.5,0.5,0.0,0.0,0.0,0.0,0,0
2021-2022,2022-05-15,Wolves,Norwich,1,1,D,0,1,A,17,11,4,2,5,10,5,3,0,3,0,0,1472.359715770518,1309.5836747620197,162.7760410084984,1.2,1.8,1.0,0.7,2.3,0.4,0,1,0.5,0.5,0.0,0.0,0.0,0.0,0,0
2021-2022,2022-05-15,Everton,Brentford,2,3,A,2,1,H,10,18,5,7,8,8,5,2,0,3,2,0,1445.9180670537028,1415.1991303695352,30.718936684167602,0.9,1.0,1.4,1.7,1.0,1.9,0,1,0.5,0.5,0.0,0.0,0.0,0.0,0,0
2021-2022,2022-05-16,Newcastle,Arsenal,2,0,H,0,0,D,16,11,4,2,11,8,12,8,0,3,0,0,1481.1104213369667,1575.0276797647928,-93.91725842782603,1.0,1.5,1.5,1.3,1.6,1.5,0,0,0.5,0.5,0.0,0.0,0.0,0.0,0,0
2021-2022,2022-05-17,Southampton,Liverpool,1,2,A,1,1,D,4,24,2,5,6,6,1,9,2,0,0,0,1433.754969010746,1701.2443290048468,-267.4893599941008,0.7,2.4,0.5,1.9,0.4,2.6,0,0,0.5,0.5,0.0,0.0,0.0,0.0,0,0
2021-2022,2022-05-19,Everton,Crystal Palace,3,2,H,0,2,A,12,7,6,5,9,13,4,5,2,3,0,0,1432.3236959992644,1477.160044561778,-44.83634856251365,1.1,1.2,1.4,1.1,0.6,1.6,0,0,0.5,0.5,0.0,0.0,0.0,0.0,0,0
2021-2022,2022-05-19,Aston Villa,Burnley,1,1,D,0,1,A,22,10,9,5,11,20,13,6,0,1,0,1,1459.16635010874,1425.624240801278,33.54210930746217,1.2,1.3,1.1,1.0,1.4,1.3,0,0,0.5,0.5,0.0,0.0,0.0,0.0,0,0
2021-2022,2022-05-19,Chelsea,Leicester,1,1,D,1,1,D,20,2,7,1,13,7,6,0,4,1,0,0,1600.5286722448086,1496.8025909677153,103.72608127709327,2.0,1.3,1.7,1.7,1.2,1.5,0,0,0.5,0.5,0.0,0.0,0.0,0.0,0,0
2021-2022,2022-05-22,Chelsea,Watford,2,1,H,1,0,H,19,8,8,3,9,9,3,3,0,0,0,0,1595.2558679596748,1328.171742204946,267.0841257547288,1.8,1.3,1.5,0.6,2.5,0.4,0,1,0.5,0.5,0.0,0.0,0.0,0.0,0,0
2021-2022,2022-05-22,Arsenal,Everton,5,1,H,2,1,H,26,6,9,2,8,9,12,2,0,1,0,0,1565.2027372551663,1440.7491671191744,124.45357013599187,1.3,1.6,1.5,1.3,1.4,1.4,0,0,0.5,0.5,0.0,0.0,0.0,0.0,0,0
2021-2022,2022-05-22,Brighton,West Ham,3,1,H,0,1,A,18,7,7,2,9,9,5,6,1,1,0,0,1484.305797592295,1513.3783846754923,-29.072587083197277,1.3,1.1,1.5,1.3,1.4,1.1,0,0,0.5,0.5,0.0,0.0,0.0,0.0,0,0
2021-2022,2022-05-22,Burnley,Newcastle,1,2,A,0,1,A,12,8,5,6,8,9,8,2,1,0,0,0,1429.2891636251572,1490.9353638465932,-61.64620022143595,1.1,1.3,1.4,1.0,1.4,1.5,0,0,0.5,0.5,0.0,0.0,0.0,0.0,0,0
2021-2022,2022-05-22,Brentford,Leeds,1,2,A,0,0,D,14,14,5,6,11,13,3,2,2,1,1,0,1428.7935014239736,1426.8079478616196,1.9855535623539708,2.0,1.0,2.2,1.1,1.7,1.2,1,0,0.5,0.5,0.0,0.0,0.0,0.0,0,0
2021-2022,2022-05-22,Man City,Aston Villa,3,2,H,0,1,A,24,4,5,2,5,11,13,1,0,1,0,0,1712.3291531109883,1455.5014272848607,256.82772582612756,3.2,0.7,2.4,1.0,1.4,0.9,0,0,0.5,0.5,0.0,0.0,0.0,0.0,0,0
2021-2022,2022-05-22,Leicester,Southampton,4,1,H,0,0,D,12,7,6,2,10,5,3,3,0,1,0,0,1502.0753952528491,1428.233992746057,73.84140250679206,1.6,1.2,1.3,0.8,2.2,0.5,0,0,0.5,0.5,0.0,0.0,0.0,0.0,0,0
2021-2022,2022-05-22,Liverpool,Wolves,3,1,H,1,1,D,29,7,8,5,6,3,5,3,1,0,0,0,1706.7653052695357,1465.9706126455778,240.79469262395787,2.0,0.5,2.6,1.3,1.7,1.1,0,0,0.5,0.5,0.0,0.0,0.0,0.0,0,0
2021-2022,2022-05-22,Norwich,Tottenham,0,5,A,0,2,A,9,19,0,13,13,7,3,2,3,1,0,0,1315.9727778869599,1580.4822891795425,-264.5095112925826,0.7,2.1,0.5,2.2,0.5,2.3,1,0,0.5,0.5,0.0,0.0,0.0,0.0,0,0
2021-2022,2022-05-22,Crystal Palace,Man United,1,0,H,1,0,H,6,10,3,4,12,22,3,6,2,4,0,0,1468.734573441868,1549.85833834867,-81.12376490680208,1.2,0.8,1.5,1.3,2.2,1.1,0,0,0.5,0.5,0.0,0.0,0.0,0.0,0,0
2022-2023,2022-08-05,Crystal Palace,Arsenal,0,2,A,0,1,A,10,10,2,2,16,11,3,5,1,2,0,0,1484.7342639613257,1548.658980104328,-63.92471614300234,1.1,0.8,1.5,1.7,1.7,1.5,0,0,0.5,0.5,0.0,0.0,0.0,0.0,0,0
2022-2023,2022-08-06,Tottenham,Southampton,4,1,H,2,1,H,18,10,8,2,11,6,10,2,3,0,0,0,1560.250462171718,1446.0005733035791,114.2498888681389,2.5,0.5,2.3,0.8,2.4,0.5,0,0,0.5,0.5,0.0,0.0,0.0,0.0,0,0
2022-2023,2022-08-06,Everton,Chelsea,0,1,A,0,1,A,8,15,4,6,14,11,4,16,3,2,0,0,1455.5073529577103,1568.1887204266693,-112.68136746895902,1.3,1.7,1.4,1.9,1.4,1.5,0,0,0.5,0.5,0.0,0.0,0.0,0.0,0,0
2022-2023,2022-08-06,Fulham,Liverpool,2,2,D,1,0,H,9,11,3,4,7,9,4,4,2,0,0,0,1400.8486781016627,1646.4615694302543,-245.61289132859156,0.5,2.0,0.2,2.1,0.6,2.6,1,0,0.5,0.5,0.0,0.0,0.0,0.0,0,0
2022-2023,2022-08-06,Bournemouth,Aston Villa,2,0,H,1,0,H,7,15,3,2,18,16,5,5,3,3,0,0,1425.3289738623935,1467.260007897863,-41.931034035469565,1.2,2.0,0.7,1.1,1.5,0.9,1,0,0.5,0.5,0.0,0.0,0.0,0.0,0,0
2022-2023,2022-08-06,Leeds,Wolves,2,1,H,1,1,D,12,15,4,6,13,9,6,4,2,0,0,0,1457.7632791144956,1474.4535731103251,-16.690293995829506,1.3,1.5,1.5,1.0,2.0,0.8,0,0,0.5,0.5,0.0,0.0,0.0,0.0,0,0
2022-2023,2022-08-06,Newcastle,Nott'm Forest,2,0,H,0,0,D,23,5,10,0,9,14,11,1,0,3,0,0,1501.4243687732662,1351.529281866837,149.89508690642924,1.2,1.4,1.8,1.3,1.3,1.1,0,1,0.5,0.5,0.0,0.0,0.0,0.0,0,0
2022-2023,2022-08-07,Leicester,Brentford,2,2,D,1,0,H,14,8,5,3,6,5,5,6,0,0,0,0,1505.215998295655,1441.1577353854195,64.0582629102355,1.9,1.2,1.5,1.8,1.1,1.9,0,0,0.5,0.5,0.0,0.0,0.0,0.0,0,0
2022-2023,2022-08-07,Man United,Brighton,1,2,A,0,2,A,17,15,5,4,7,12,6,2,4,1,0,0,1528.2807742920506,1494.604565975806,33.67620831624458,1.2,1.9,1.1,1.6,1.0,1.8,0,0,0.5,0.5,0.0,0.0,0.0,0.0,0,0
2022-2023,2022-08-07,West Ham,Man City,0,2,A,0,1,A,6,14,1,2,8,4,1,4,0,1,0,0,1503.7743616116447,1650.221398379231,-146.44703676758627,1.4,1.6,1.1,3.1,0.8,2.4,0,0,0.5,0.5,0.0,0.0,0.0,0.0,0,0
2022-2023,2022-08-13,Aston Villa,Everton,2,1,H,1,0,H,12,15,4,4,9,7,5,8,4,1,0,0,1458.9159762273189,1445.8721900509881,13.043786176330741,1.1,1.6,0.9,1.1,1.5,1.4,0,0,0.5,0.5,0.0,0.0,0.0,0.0,0,0
2022-2023,2022-08-13,Arsenal,Leicester,4,2,H,2,0,H,19,6,7,2,15,9,6,2,1,1,0,0,1559.6935947476693,1500.8162657519633,58.877328995705966,1.9,1.4,1.8,1.9,1.3,1.3,0,0,0.5,0.5,0.0,0.0,0.0,0.0,0,0
2022-2023,2022-08-13,Brighton,Newcastle,0,0,D,0,0,D,13,4,7,1,8,6,7,3,2,3,0,0,1508.2728295876514,1505.2598871263808,3.0129424612705407,1.8,0.9,2.1,1.4,1.3,2.1,0,0,0.5,0.5,0.0,0.0,0.0,0.0,0,0
2022-2023,2022-08-13,Man City,Bournemouth,4,0,H,3,0,H,19,3,7,1,9,9,11,1,0,3,0,0,1658.8924526500305,1433.6730055329376,225.21944711709284,3.3,0.8,2.6,1.3,1.8,1.0,0,1,0.5,0.5,0.0,0.0,0.0,0.0,0,0
2022-2023,2022-08-13,Southampton,Leeds,2,2,D,0,0,D,14,13,4,5,10,12,2,5,1,3,0,0,1441.48856101963,1465.4103561808313,-23.921795161201317,0.8,2.6,0.5,1.3,1.5,1.5,0,0,0.5,0.5,0.0,0.0,0.0,0.0,0,0
2022-2023,2022-08-13,Wolves,Fulham,0,0,D,0,0,D,7,9,1,3,7,14,5,3,3,3,0,0,1466.8064960439895,1404.8104616949645,61.99603434902497,1.0,2.2,0.5,0.7,1.9,0.3,0,1,0.5,0.5,0.0,0.0,0.0,0.0,0,0
2022-2023,2022-08-13,Brentford,Man United,4,0,H,4,0,H,13,15,7,4,6,15,8,2,0,4,0,0,1445.5574679291112,1514.6125106802053,-69.0550427510941,1.8,1.3,1.7,1.0,1.9,0.8,0,0,0.5,0.5,0.0,0.0,0.0,0.0,0,0
2022-2023,2022-08-14,Nott'm Forest,West Ham,1,0,H,1,0,H,13,19,6,5,10,11,6,7,4,1,0,0,1347.6937635137224,1495.1033073408453,-147.4095438271229,0.0,2.0,0.0,1.2,1.7,0.8,1,0,0.5,0.5,0.0,0.0,0.0,0.0,0,0
2022-2023,2022-08-14,Chelsea,Tottenham,2,2,D,1,0,H,16,10,3,5,9,9,8,5,3,0,0,0,1577.8238833333914,1564.7624744556672,13.061408877724261,1.9,1.0,1.8,2.6,0.5,2.3,0,0,0.5,0.5,0.0,0.0,0.0,0.0,0,0
2022-2023,2022-08-15,Liverpool,Crystal Palace,1,1,D,0,1,A,24,7,4,3,7,8,4,2,2,4,1,0,1642.4997858369525,1473.6996493179845,168.80013651896797,2.1,0.8,2.4,1.1,1.0,1.4,0,0,0.5,0.5,0.0,0.0,0.0,0.0,0,0
2022-2023,2022-08-20,Tottenham,Wolves,1,0,H,0,0,D,11,20,4,3,10,8,8,6,2,2,0,0,1567.9064410555204,1462.4547541047511,105.45168695076927,2.3,0.6,2.1,0.8,1.9,0.6,0,0,0.5,0.5,0.0,0.0,0.0,0.0,0,0
2022-2023,2022-08-20,Crystal Palace,Aston Villa,3,1,H,1,1,D,17,13,9,5,16,14,4,2,2,1,0,0,1480.1902277011225,1465.7724667203715,14.417760980750927,0.9,1.1,1.2,1.2,1.5,1.2,0,0,0.5,0.5,0.0,0.0,0.0,0.0,0,0
2022-2023,2022-08-20,Everton,Nott'm Forest,1,1,D,0,0,D,19,14,8,5,6,9,6,2,3,2,0,0,1439.0156995579355,1359.0499130730875,79.96578648484797,1.1,1.7,1.1,0.5,1.0,1.5,0,1,0.5,0.5,0.0,0.0,0.0,0.0,0,0
2022-2023,2022-08-20,Fulham,Brentford,3,2,H,2,1,H,18,13,9,5,13,7,6,3,3,2,0,0,1409.1622036342028,1454.6691482014785,-45.506944567275696,0.6,1.7,0.4,2.1,1.1,2.0,1,0,0.5,0.5,0.0,0.0,0.0,0.0,0,0
2022-2023,2022-08-20,Leicester,Southampton,1,2,A,0,0,D,6,9,1,3,11,15,2,5,2,3,0,0,1495.0949598674065,1439.333193285583,55.761766581823395,2.0,1.5,1.3,0.9,2.7,0.5,0,0,0.5,0.5,0.0,0.0,0.0,0.0,0,0
2022-2023,2022-08-20,Bournemouth,Arsenal,0,3,A,0,2,A,6,14,1,6,12,10,3,4,2,1,0,0,1431.0070585803408,1565.4149006322261,-134.40784205188538,1.3,2.0,1.0,2.2,1.4,2.1,1,0,0.5,0.5,0.0,0.0,0.0,0.0,0,0
2022-2023,2022-08-21,Leeds,Chelsea,3,0,H,2,0,H,12,14,6,3,16,15,4,6,0,1,0,1,1467.5657239148782,1574.6799167335382,-107.11419281866006,1.2,1.5,1.3,1.5,1.2,1.6,0,0,0.5,0.5,0.0,0.0,0.0,0.0,0,0
2022-2023,2022-08-21,West Ham,Brighton,0,2,A,0,1,A,13,11,3,2,10,7,5,4,2,0,0,0,1483.7471577814802,1505.3918109132205,-21.64465313174037,1.1,1.5,0.8,1.8,0.9,2.1,0,0,0.5,0.5,0.0,0.0,0.0,0.0,0,0
2022-2023,2022-08-21,Newcastle,Man City,3,3,D,2,1,H,12,21,6,10,14,7,5,5,4,2,0,0,1508.1409058008117,1661.5583996026273,-153.41749380181568,1.3,0.8,2.2,3.5,0.8,2.6,0,0,0.5,0.5,0.0,0.0,0.0,0.0,0,0
2022-2023,2022-08-22,Man United,Liverpool,2,1,H,1,0,H,12,17,4,5,11,7,6,8,3,1,0,0,1505.500830407838,1636.0092074538145,-130.50837704597643,0.9,2.2,0.7,2.0,0.9,2.2,0,0,0.5,0.5,0.0,0.0,0.0,0.0,0,0
2022-2023,2022-08-27,Chelsea,Leicester,2,1,H,0,0,D,7,17,3,5,10,7,3,11,1,2,1,0,1564.4751824171474,1480.8898023698573,83.58538004729007,1.3,1.1,1.6,2.0,1.6,1.2,0,0,0.5,0.5,0.0,0.0,0.0,0.0,0,0
2022-2023,2022-08-27,Southampton,Man United,0,1,A,0,0,D,17,11,5,6,4,14,5,3,0,3,0,0,1453.5383507831323,1516.3766821200952,-62.83833133696294,1.1,2.2,0.8,1.1,2.2,1.0,0,0,0.5,0.5,0.0,0.0,0.0,0.0,0,0
2022-2023,2022-08-27,Brentford,Everton,1,1,D,0,1,A,19,14,5,7,8,8,8,5,2,2,0,0,1446.224848584925,1434.2542803630954,11.97056822182958,1.9,1.3,1.7,1.1,1.7,1.1,0,0,0.5,0.5,0.0,0.0,0.0,0.0,0,0
2022-2023,2022-08-27,Liverpool,Bournemouth,9,0,H,5,0,H,19,5,12,2,6,5,8,1,0,1,0,0,1625.1333557415574,1421.9941708969586,203.13918484459873,1.9,0.9,2.1,1.3,2.2,1.0,0,1,0.5,0.5,0.0,0.0,0.0,0.0,0,0
2022-2023,2022-08-27,Man City,Crystal Palace,4,2,H,0,2,A,18,2,5,2,14,8,6,1,1,2,0,0,1660.0329216038385,1487.0111242693727,173.02179733446587,3.6,0.9,2.6,1.1,1.0,1.5,0,0,0.5,0.5,0.0,0.0,0.0,0.0,0,0
2022-2023,2022-08-27,Arsenal,Fulham,2,1,H,0,0,D,22,11,8,3,6,12,9,2,2,3,0,0,1574.4277883156083,1417.6065032507563,156.82128506485196,2.5,1.3,2.4,0.8,1.6,0.7,0,1,0.5,0.5,0.0,0.0,0.0,0.0,0,0
2022-2023,2022-08-27,Brighton,Leeds,1,0,H,0,0,D,13,10,4,2,10,14,5,3,2,3,0,0,1517.6095862106017,1477.770458231269,39.839127979332716,1.8,0.8,2.1,1.4,1.4,1.5,0,0,0.5,0.5,0.0,0.0,0.0,0.0,0,0
2022-2023,2022-08-28,Aston Villa,West Ham,0,1,A,0,0,D,9,7,3,2,10,10,3,2,2,0,0,0,1458.9515701521213,1471.529382484099,-12.577812331977611,1.3,1.4,1.2,0.9,1.6,0.5,0,0,0.5,0.5,0.0,0.0,0.0,0.0,0,0
2022-2023,2022-08-28,Wolves,Newcastle,1,1,D,1,0,H,10,21,4,6,10,11,4,13,2,1,0,0,1457.7633227293838,1509.6663837996005,-51.90306107021661,0.6,1.9,0.3,1.5,1.1,2.0,0,0,0.5,0.5,0.0,0.0,0.0,0.0,0,0
2022-2023,2022-08-28,Nott'm Forest,Tottenham,0,2,A,0,1,A,17,18,1,7,11,13,6,1,6,1,0,0,1363.8113322679276,1572.5978724308877,-208.78654016296014,0.6666666666666666,1.0,1.3333333333333333,2.0,0.6,2.1,1,0,0.5,0.5,0.0,0.0,0.0,0.0,0,0
2022-2023,2022-08-30,Crystal Palace,Brentford,1,1,D,0,0,D,13,9,4,3,11,8,4,6,1,2,0,0,1483.5714692554077,1443.1092033296595,40.46226592574817,1.3,1.3,1.5,1.8,1.4,1.5,0,0,0.5,0.5,0.0,0.0,0.0,0.0,0,0
2022-2023,2022-08-30,Fulham,Brighton,2,1,H,0,0,D,10,7,3,4,9,11,3,3,2,1,0,0,1413.89306506302,1523.7888167919593,-109.89575172893933,0.9,1.7,0.7,1.8,0.8,2.1,1,0,0.5,0.5,0.0,0.0,0.0,0.0,0,0
2022-2023,2022-08-30,Southampton,Chelsea,2,1,H,2,1,H,9,10,7,4,15,10,5,3,2,1,0,0,1442.472812284924,1569.6336023082395,-127.16079002331549,1.0,2.3,0.5,1.4,1.2,1.6,0,0,0.5,0.5,0.0,0.0,0.0,0.0,0,0
2022-2023,2022-08-30,Leeds,Everton,1,1,D,0,1,A,14,7,5,2,10,9,10,2,3,3,0,0,1471.5912276499114,1437.3699256183609,34.22130203155052,1.1,1.5,1.2,1.2,1.6,1.2,0,0,0.5,0.5,0.0,0.0,0.0,0.0,0,0
2022-2023,2022-08-31,Arsenal,Aston Villa,2,1,H,1,0,H,22,4,9,3,10,14,10,3,2,3,0,0,1578.1412265033446,1446.487149293012,131.65407721033262,2.3,1.2,2.4,1.3,1.5,1.1,0,0,0.5,0.5,0.0,0.0,0.0,0.0,0,0
2022-2023,2022-08-31,Bournemouth,Wolves,0,0,D,0,0,D,5,17,2,4,12,12,2,5,2,1,0,0,1419.0206156524478,1456.3877574542498,-37.36714180180206,1.2,2.7,1.0,0.7,1.9,0.4,1,0,0.5,0.5,0.0,0.0,0.0,0.0,0,0
2022-2023,2022-08-31,Man City,Nott'm Forest,6,0,H,3,0,H,17,8,9,1,9,7,10,1,0,1,0,0,1663.4725766178035,1356.8439952917092,306.62858132609426,3.7,1.1,2.6,0.5,1.25,1.0,0,1,0.5,0.5,0.0,0.0,0.0,0.0,0,0
2022-2023,2022-08-31,West Ham,Tottenham,1,1,D,0,1,A,14,13,4,4,10,9,3,4,2,5,0,0,1483.9938033432084,1579.565209407106,-95.57140606389771,1.0,1.4,0.8,2.2,0.5,2.4,0,0,0.5,0.5,0.0,0.0,0.0,0.0,0,0
2022-2023,2022-08-31,Liverpool,Newcastle,2,1,H,0,1,A,23,5,6,2,9,10,13,0,0,2,0,0,1628.1069109860682,1511.0419490747345,117.06496191133374,2.4,0.9,2.1,1.4,1.1,1.8,0,0,0.5,0.5,0.0,0.0,0.0,0.0,0,0
2022-2023,2022-09-01,Leicester,Man United,0,1,A,0,1,A,10,9,2,2,7,15,1,3,1,3,0,0,1475.7313824787652,1527.4422206183035,-51.71083813953828,2.1,1.8,1.1,0.9,2.0,1.0,0,0,0.5,0.5,0.0,0.0,0.0,0.0,0,0
2022-2023,2022-09-03,Everton,Liverpool,0,0,D,0,0,D,14,23,3,8,7,11,7,9,2,2,0,0,1441.051759323095,1632.5625537519097,-191.51079442881473,1.2,1.7,1.0,2.4,1.0,2.1,0,0,0.5,0.5,0.0,0.0,0.0,0.0,0,0
2022-2023,2022-09-03,Brentford,Leeds,5,2,H,2,1,H,14,17,8,6,8,9,2,6,2,2,0,0,1446.9452793419018,1467.9093939451773,-20.964114603275448,1.7,1.4,1.3,1.2,1.6,1.2,0,0,0.5,0.5,0.0,0.0,0.0,0.0,0,0
2022-2023,2022-09-03,Chelsea,West Ham,2,1,H,0,0,D,8,6,3,3,6,11,10,3,4,2,0,0,1558.8534405603355,1483.8663450662546,74.9870954940809,1.4,1.3,1.5,1.0,1.4,0.8,0,0,0.5,0.5,0.0,0.0,0.0,0.0,0,0
2022-2023,2022-09-03,Newcastle,Crystal Palace,0,0,D,0,0,D,23,19,6,9,19,12,13,5,2,1,0,0,1506.586306308893,1479.7353932431654,26.850913065727582,1.4,1.3,1.5,1.4,1.4,1.5,0,0,0.5,0.5,0.0,0.0,0.0,0.0,0,0
2022-2023,2022-09-03,Nott'm Forest,Bournemouth,2,3,A,2,0,H,11,8,3,3,13,10,4,6,2,1,0,0,1355.087906405677,1417.2371747419995,-62.14926833632262,0.4,2.2,0.8,1.0,2.2,1.1,1,1,0.5,0.5,0.0,0.0,0.0,0.0,0,0
2022-2023,2022-09-03,Tottenham,Fulham,2,1,H,1,0,H,23,9,10,3,9,6,10,3,3,4,0,0,1579.6926676840599,1424.1778106984211,155.51485698563874,2.3,0.6,2.4,1.0,1.7,0.9,0,1,0.5,0.5,0.0,0.0,0.0,0.0,0,0
2022-2023,2022-09-03,Wolves,Southampton,1,0,H,1,0,H,7,12,2,1,10,14,5,6,4,2,0,0,1458.171198364698,1453.252974032828,4.9182243318700785,0.7,1.8,0.5,1.2,2.2,0.8,0,0,0.5,0.5,0.0,0.0,0.0,0.0,0,0
2022-2023,2022-09-03,Aston Villa,Man City,1,1,D,0,0,D,3,13,1,4,7,6,1,4,2,0,0,0,1442.315555640713,1665.2286655038358,-222.91310986312283,1.2,1.7,0.8,3.8,1.0,2.6,0,0,0.5,0.5,0.0,0.0,0.0,0.0,0,0
2022-2023,2022-09-04,Brighton,Leicester,5,2,H,2,2,D,23,6,11,4,6,8,10,1,1,1,0,0,1513.5040711565582,1464.3503896836937,49.15368147286449,1.9,0.7,2.1,2.0,1.6,1.1,0,0,0.5,0.5,0.0,0.0,0.0,0.0,0,0
2022-2023,2022-09-04,Man United,Arsenal,3,1,H,1,0,H,10,16,6,3,13,9,2,5,3,3,0,0,1538.823213413375,1582.3128201556435,-43.489606742268506,1.0,1.6,1.3,2.2,1.2,2.4,0,0,0.5,0.5,0.0,0.0,0.0,0.0,0,0
2022-2023,2022-09-16,Aston Villa,Southampton,1,0,H,1,0,H,11,7,3,1,13,13,6,3,3,1,0,0,1445.7127238301575,1446.1841995661266,-0.4714757359690793,1.0,1.7,0.6,1.0,2.1,0.7,0,0,0.5,0.5,0.0,0.0,0.0,0.0,0,0
2022-2023,2022-09-16,Nott'm Forest,Fulham,2,3,A,1,0,H,11,15,3,7,11,10,2,10,2,4,0,0,1344.0027644249144,1420.4415773530275,-76.43881292811307,0.6666666666666666,2.3333333333333335,0.6666666666666666,1.1,1.7,0.9,1,1,0.5,0.5,0.0,0.0,0.0,0.0,0,0
2022-2023,2022-09-17,Wolves,Man City,0,3,A,0,2,A,6,16,1,7,7,9,5,7,2,1,1,0,1465.2399728313994,1661.8314973143913,-196.59152448299187,0.8,1.5,0.8,3.5,1.1,2.4,0,0,0.5,0.5,0.0,0.0,0.0,0.0,0,0
2022-2023,2022-09-17,Newcastle,Bournemouth,1,1,D,0,0,D,20,10,7,3,10,11,8,1,2,2,0,0,1503.0892680232257,1428.322316722762,74.76695130046369,1.1,1.3,1.3,1.3,2.4,1.3,0,1,0.5,0.5,0.0,0.0,0.0,0.0,0,0
2022-2023,2022-09-17,Tottenham,Leicester,6,2,H,2,2,D,16,19,11,7,9,9,6,1,1,2,0,0,1583.4289010294535,1458.3977411113965,125.03115991805703,2.2,0.6,2.4,2.1,1.9,1.1,0,0,0.5,0.5,0.0,0.0,0.0,0.0,0,0
2022-2023,2022-09-18,Brentford,Arsenal,0,3,A,0,2,A,5,13,2,7,10,10,3,3,0,2,0,0,1454.7088880970446,1573.925127161834,-119.21623906478953,2.2,1.6,1.5,2.1,1.4,2.1,0,0,0.5,0.5,0.0,0.0,0.0,0.0,0,0
2022-2023,2022-09-18,Everton,West Ham,1,0,H,0,0,D,7,14,2,4,8,11,5,14,3,1,0,0,1443.626387926041,1478.516199750461,-34.88981182442012,1.0,1.6,0.8,1.1,1.5,0.8,0,0,0.5,0.5,0.0,0.0,0.0,0.0,0,0
2022-2023,2022-10-01,Arsenal,Tottenham,3,1,H,1,1,D,22,7,9,3,10,10,5,2,2,1,0,1,1583.372602628945,1587.7277609086204,-4.355158279675379,2.2,1.3,2.1,2.7,0.7,2.6,0,0,0.5,0.5,0.0,0.0,0.0,0.0,0,0
2022-2023,2022-10-01,Bournemouth,Brentford,0,0,D,0,0,D,7,13,1,4,11,10,7,8,1,2,0,0,1432.9672036567922,1445.2614126299336,-12.294208973141394,1.0,2.4,1.1,2.2,1.6,1.5,1,0,0.5,0.5,0.0,0.0,0.0,0.0,0,0
2022-2023,2022-10-01,Crystal Palace,Chelsea,1,2,A,1,1,D,7,13,3,3,11,13,5,2,1,3,0,0,1483.2324315288326,1564.203585876129,-80.9711543472963,1.2,1.3,1.3,1.6,1.3,1.8,0,0,0.5,0.5,0.0,0.0,0.0,0.0,0,0
2022-2023,2022-10-01,Fulham,Newcastle,1,4,A,0,3,A,3,19,1,10,9,10,1,8,2,0,1,0,1431.1186851836078,1498.4443810891955,-67.32569590558774,1.4,1.7,1.2,1.2,1.3,1.4,1,0,0.5,0.5,0.0,0.0,0.0,0.0,0,0
2022-2023,2022-10-01,Liverpool,Brighton,3,3,D,1,2,A,15,6,7,6,9,13,9,2,1,1,0,0,1629.9879251489638,1519.4567197288554,110.53120542010834,2.3,1.0,1.9,2.2,0.7,2.3,0,0,0.5,0.5,0.0,0.0,0.0,0.0,0,0
2022-2023,2022-10-01,Southampton,Everton,1,2,A,0,0,D,22,12,6,5,11,10,7,6,2,2,0,0,1438.9729895406504,1451.7740004878065,-12.8010109471561,0.9,2.0,0.7,1.1,1.6,1.0,0,0,0.5,0.5,0.0,0.0,0.0,0.0,0,0
2022-2023,2022-10-01,West Ham,Wolves,2,0,H,1,0,H,18,15,5,4,8,6,1,6,2,2,0,0,1470.3685871886955,1457.9506212796598,12.417965909035729,1.0,1.4,0.8,0.6,1.6,0.7,0,0,0.5,0.5,0.0,0.0,0.0,0.0,0,0
2022-2023,2022-10-02,Man City,Man United,6,3,H,4,0,H,22,12,10,8,3,9,5,1,0,3,0,0,1669.120848866131,1547.2109064071844,121.90994245894649,3.3,1.1,2.4,1.2,1.4,1.6,0,0,0.5,0.5,0.0,0.0,0.0,0.0,0,0
2022-2023,2022-10-02,Leeds,Aston Villa,0,0,D,0,0,D,9,19,1,7,23,12,2,9,3,2,1,0,1460.1457851900345,1452.9239338556338,7.221851334400753,1.4,1.7,1.2,1.0,1.5,0.9,0,0,0.5,0.5,0.0,0.0,0.0,0.0,0,0
2022-2023,2022-10-03,Leicester,Nott'm Forest,4,0,H,3,0,H,17,10,7,3,13,12,6,6,2,4,0,0,1454.0988812322296,1333.325656594334,120.77322463789551,2.0,2.5,0.8,0.8571428571428571,2.4285714285714284,0.5714285714285714,0,1,0.5,0.5,0.0,0.0,0.0,0.0,0,0
2022-2023,2022-10-08,Bournemouth,Leicester,2,1,H,0,1,A,10,9,4,5,8,16,7,2,1,2,0,0,1430.495117335258,1458.4810386901179,-27.985921354859784,0.9,2.2,1.2,1.9,2.4,0.8,1,0,0.5,0.5,0.0,0.0,0.0,0.0,0,0
2022-2023,2022-10-08,Chelsea,Wolves,3,0,H,1,0,H,20,8,7,2,8,8,4,2,2,0,0,0,1574.750733099137,1451.0778889904375,123.67284410869956,1.6,1.2,2.0,0.5,1.3,0.7,0,0,0.5,0.5,0.0,0.0,0.0,0.0,0,0
2022-2023,2022-10-08,Man City,Southampton,4,0,H,2,0,H,21,5,8,0,4,8,9,1,0,1,0,0,1673.48065576772,1426.5146036449296,246.96605212279042,3.4,1.3,2.4,1.0,1.9,0.7,0,0,0.5,0.5,0.0,0.0,0.0,0.0,0,0
2022-2023,2022-10-08,Newcastle,Brentford,5,1,H,2,0,H,16,6,6,3,14,9,9,5,0,1,0,0,1509.3820604104799,1447.7334989514677,61.64856145901217,1.6,0.9,1.7,1.9,1.6,1.3,0,0,0.5,0.5,0.0,0.0,0.0,0.0,0,0
2022-2023,2022-10-08,Brighton,Tottenham,0,1,A,0,1,A,14,8,4,3,9,14,6,2,1,2,0,0,1524.8694720798774,1580.4131450968437,-55.543673016966295,2.2,1.0,2.1,2.5,1.0,2.3,0,0,0.5,0.5,0.0,0.0,0.0,0.0,0,0
2022-2023,2022-10-09,Crystal Palace,Leeds,2,1,H,1,1,D,13,10,5,4,13,23,5,3,3,3,0,0,1472.6852843058246,1457.1540712583765,15.531213047448091,1.2,1.5,1.0,1.3,1.5,1.3,0,0,0.5,0.5,0.0,0.0,0.0,0.0,0,0
2022-2023,2022-10-09,West Ham,Fulham,3,1,H,1,1,D,17,8,8,2,9,7,4,2,1,3,0,0,1477.2413194779178,1420.1810058623234,57.060313615594396,0.8,1.4,0.8,1.4,1.8,1.2,0,1,0.5,0.5,0.0,0.0,0.0,0.0,0,0
2022-2023,2022-10-09,Arsenal,Liverpool,3,2,H,2,1,H,11,8,7,3,11,11,4,3,1,2,0,0,1590.6872184407218,1624.5751727979418,-33.887954357219996,2.5,1.1,2.4,2.5,1.2,1.9,0,0,0.5,0.5,0.0,0.0,0.0,0.0,0,0
2022-2023,2022-10-09,Everton,Man United,1,2,A,1,2,A,11,12,2,4,7,13,5,4,2,1,0,0,1464.2323863835272,1542.8510995055954,-78.61871312206813,1.1,1.4,1.3,1.4,1.9,1.5,0,0,0.5,0.5,0.0,0.0,0.0,0.0,0,0
2022-2023,2022-10-10,Nott'm Forest,Aston Villa,1,1,D,1,1,D,6,12,3,2,13,19,1,4,3,3,0,0,1328.9434991364458,1455.9156477872918,-126.97214865084607,0.75,2.625,0.5,0.9,1.4,0.9,1,0,0.5,0.5,0.0,0.0,0.0,0.0,0,0
2022-2023,2022-10-14,Brentford,Brighton,2,0,H,1,0,H,7,21,3,7,12,15,2,11,3,1,0,0,1442.0771302589098,1513.596853933713,-71.51972367480312,1.7,1.9,1.0,1.8,1.1,1.8,0,0,0.5,0.5,0.0,0.0,0.0,0.0,0,0
2022-2023,2022-10-15,Fulham,Bournemouth,2,2,D,1,2,A,19,10,4,6,9,11,5,6,2,0,0,0,1414.416880941339,1438.4515671747818,-24.0346862334427,1.4,2.0,1.1,1.1,2.1,1.5,1,1,0.5,0.5,0.0,0.0,0.0,0.0,0,0
2022-2023,2022-10-15,Leicester,Crystal Palace,0,0,D,0,0,D,14,8,5,1,18,13,9,2,2,2,0,0,1450.5245888505942,1479.4774015343835,-28.95281268378926,1.9,2.5,0.7,1.3,1.5,1.2,0,0,0.5,0.5,0.0,0.0,0.0,0.0,0,0
2022-2023,2022-10-15,Tottenham,Everton,2,0,H,0,0,D,21,4,7,0,12,13,7,1,1,4,0,0,1591.685763243008,1453.6177591891476,138.06800405386048,2.5,1.0,2.3,0.9,1.4,1.0,0,0,0.5,0.5,0.0,0.0,0.0,0.0,0,0
2022-2023,2022-10-15,Wolves,Nott'm Forest,1,0,H,0,0,D,9,10,2,2,17,13,4,5,2,2,0,0,1446.752582027401,1329.718264168121,117.03431785928001,0.4,1.5,0.6,0.7777777777777778,2.4444444444444446,0.5555555555555556,0,1,0.5,0.5,0.0,0.0,0.0,0.0,0,0
2022-2023,2022-10-16,Aston Villa,Chelsea,0,2,A,0,1,A,18,8,7,4,12,11,7,1,0,3,0,0,1455.1408827556165,1579.0760400621734,-123.9351573065569,0.9,1.4,0.9,1.6,1.2,2.0,0,0,0.5,0.5,0.0,0.0,0.0,0.0,0,0
2022-2023,2022-10-16,Leeds,Arsenal,0,1,A,0,1,A,16,9,4,4,10,11,6,3,0,2,0,0,1450.3619540298175,1598.8069996231873,-148.44504559336974,1.4,1.4,1.3,2.8,1.1,2.7,0,0,0.5,0.5,0.0,0.0,0.0,0.0,0,0
2022-2023,2022-10-16,Man United,Newcastle,0,0,D,0,0,D,15,9,2,2,13,11,4,4,3,1,0,0,1553.465726699975,1515.0384291030377,38.42729759693725,1.3,2.0,1.5,1.9,1.0,1.7,0,0,0.5,0.5,0.0,0.0,0.0,0.0,0,0
2022-2023,2022-10-16,Southampton,West Ham,1,1,D,1,0,H,10,25,8,4,7,3,4,14,1,1,0,0,1424.1248637189124,1483.0054443989022,-58.88058067998986,0.9,2.1,0.7,0.9,1.3,1.0,0,0,0.5,0.5,0.0,0.0,0.0,0.0,0,0
2022-2023,2022-10-16,Liverpool,Man City,1,0,H,0,0,D,13,16,2,6,10,7,5,6,3,1,0,0,1616.4553916154764,1675.8703956937372,-59.415004078260836,2.5,1.4,1.6,3.6,1.1,2.6,0,0,0.5,0.5,0.0,0.0,0.0,0.0,0,0
2022-2023,2022-10-18,Brighton,Nott'm Forest,0,0,D,0,0,D,19,3,7,0,10,14,9,1,3,1,0,0,1504.4147510350563,1325.2620104936466,179.15274054140968,1.7,1.2,1.7,0.7,2.3,0.5,0,1,0.5,0.5,0.0,0.0,0.0,0.0,0,0
2022-2023,2022-10-18,Crystal Palace,Wolves,2,1,H,0,1,A,14,10,4,4,14,18,4,3,3,1,0,0,1481.4942694013623,1451.2088357018756,30.285433699486703,1.1,1.2,1.3,0.4,1.2,0.9,0,0,0.5,0.5,0.0,0.0,0.0,0.0,0,0
2022-2023,2022-10-19,Bournemouth,Southampton,0,1,A,0,1,A,15,9,3,3,8,13,7,3,1,3,0,0,1440.6038363739253,1422.9468467293336,17.656989644591704,1.0,2.2,1.3,0.9,1.8,0.8,1,0,0.5,0.5,0.0,0.0,0.0,0.0,0,0
2022-2023,2022-10-19,Brentford,Chelsea,0,0,D,0,0,D,8,14,5,5,7,7,6,2,0,0,0,0,1451.2592331575665,1588.388218636971,-137.1289854794045,1.8,1.7,1.3,1.7,1.1,2.2,0,0,0.5,0.5,0.0,0.0,0.0,0.0,0,0
2022-2023,2022-10-19,Liverpool,West Ham,1,0,H,1,0,H,22,8,7,3,9,8,8,3,0,0,0,0,1625.2925458459604,1484.183461388481,141.1090844574794,2.4,1.3,1.6,0.9,1.1,1.1,0,0,0.5,0.5,0.0,0.0,0.0,0.0,0,0
2022-2023,2022-10-19,Newcastle,Everton,1,0,H,1,0,H,16,1,4,0,9,12,8,2,2,4,0,0,1518.824441123211,1449.5667502278588,69.2576908953522,1.7,0.9,1.5,0.8,1.1,1.0,0,0,0.5,0.5,0.0,0.0,0.0,0.0,0,0
2022-2023,2022-10-19,Man United,Tottenham,2,0,H,0,0,D,28,9,10,2,7,7,8,3,1,0,0,0,1549.6797146798017,1595.7367722042968,-46.05705752449512,1.3,1.6,1.6,2.2,1.0,2.3,0,0,0.5,0.5,0.0,0.0,0.0,0.0,0,0
2022-2023,2022-10-20,Fulham,Aston Villa,3,0,H,1,0,H,18,12,8,6,11,11,9,7,0,2,0,1,1412.2646117421955,1445.828704180819,-33.56409243862345,1.6,2.0,1.2,0.7,1.3,0.9,1,0,0.5,0.5,0.0,0.0,0.0,0.0,0,0
2022-2023,2022-10-20,Leicester,Leeds,2,0,H,2,0,H,5,14,1,2,15,11,2,9,2,1,0,0,1448.5077209836154,1441.7473476788134,6.760373304801988,1.5,2.4,0.5,1.3,1.4,1.2,0,0,0.5,0.5,0.0,0.0,0.0,0.0,0,0
2022-2023,2022-10-22,Nott'm Forest,Liverpool,1,0,H,0,0,D,10,15,7,7,14,8,2,11,2,1,0,0,1331.9217114439493,1629.287296917666,-297.3655854737167,0.7,2.1,0.6,2.2,1.2,1.6,1,0,0.5,0.5,0.0,0.0,0.0,0.0,0,0
2022-2023,2022-10-22,Everton,Crystal Palace,3,0,H,1,0,H,9,9,6,2,16,14,3,4,3,4,0,0,1444.0863670178494,1487.9107684404528,-43.82440142260339,0.8,1.1,1.0,1.2,1.3,1.3,0,0,0.5,0.5,0.0,0.0,0.0,0.0,0,0
2022-2023,2022-10-22,Man City,Brighton,3,1,H,2,0,H,10,8,4,2,11,12,7,3,1,3,0,0,1667.0332414632533,1497.7550500847535,169.27819137849974,3.3,1.0,2.3,1.4,1.1,1.5,0,0,0.5,0.5,0.0,0.0,0.0,0.0,0,0
2022-2023,2022-10-22,Chelsea,Man United,1,1,D,0,0,D,6,13,2,6,8,10,6,4,1,4,0,0,1587.3236101653044,1558.139468410293,29.184141755011524,1.5,1.0,2.0,1.5,1.5,1.9,0,0,0.5,0.5,0.0,0.0,0.0,0.0,0,0
2022-2023,2022-10-23,Aston Villa,Brentford,4,0,H,3,0,H,19,12,11,3,14,11,7,6,1,0,0,0,1437.717913379751,1452.3238416292331,-14.605928249482076,0.7,1.4,0.9,1.6,1.5,1.3,0,0,0.5,0.5,0.0,0.0,0.0,0.0,0,0
2022-2023,2022-10-23,Leeds,Fulham,2,3,A,1,1,D,14,11,5,5,12,8,3,6,1,1,0,0,1434.7269632267062,1420.3754025432634,14.351560683442813,1.1,1.5,0.9,1.7,1.8,1.4,0,1,0.5,0.5,0.0,0.0,0.0,0.0,0,0
2022-2023,2022-10-23,Southampton,Arsenal,1,1,D,0,1,A,10,12,3,3,11,8,9,4,2,1,0,0,1436.2095098407651,1607.4216059741914,-171.21209613342626,0.9,1.4,1.1,2.4,1.0,2.7,0,0,0.5,0.5,0.0,0.0,0.0,0.0,0,0
2022-2023,2022-10-23,Wolves,Leicester,0,4,A,0,2,A,21,5,5,4,10,13,9,2,2,1,0,0,1444.7923366627851,1455.5281054357226,-10.73576877293749,0.4,1.2,0.9,1.5,2.2,0.7,0,0,0.5,0.5,0.0,0.0,0.0,0.0,0,0
2022-2023,2022-10-23,Tottenham,Newcastle,1,2,A,0,2,A,17,13,5,5,12,6,6,7,4,2,0,0,1587.2770184738056,1524.3048243332205,62.97219414058509,1.8,1.1,2.0,1.6,0.9,1.5,0,0,0.5,0.5,0.0,0.0,0.0,0.0,0,0
2022-2023,2022-10-24,West Ham,Bournemouth,2,0,H,1,0,H,20,5,4,3,9,11,5,0,0,2,0,0,1480.1887103167753,1427.3411732624938,52.847537054281474,0.9,1.0,1.1,0.8,2.3,1.0,0,1,0.5,0.5,0.0,0.0,0.0,0.0,0,0
2022-2023,2022-10-29,Leicester,Man City,0,1,A,0,0,D,10,15,5,5,5,10,3,10,0,0,0,0,1468.0422591276206,1670.5347072240636,-202.492448096443,1.7,1.8,1.0,3.4,1.1,2.3,0,0,0.5,0.5,0.0,0.0,0.0,0.0,0,0
2022-2023,2022-10-29,Bournemouth,Tottenham,2,3,A,1,0,H,6,23,4,7,10,5,2,19,1,2,0,0,1421.4770422085492,1572.9025290202203,-151.42548681167114,0.8,2.1,1.0,1.7,1.1,1.9,1,0,0.5,0.5,0.0,0.0,0.0,0.0,0,0
2022-2023,2022-10-29,Brentford,Wolves,1,1,D,0,0,D,12,14,3,4,10,17,3,6,3,3,0,1,1444.7333555166788,1432.2781829708872,12.455172545791584,1.2,1.9,1.0,0.4,1.6,0.8,0,0,0.5,0.5,0.0,0.0,0.0,0.0,0,0
2022-2023,2022-10-29,Brighton,Chelsea,4,1,H,3,0,H,19,15,9,7,16,6,8,7,1,2,0,0,1494.2535843239432,1583.7677678016155,-89.5141834776723,1.3,1.3,1.2,1.5,1.1,1.8,0,0,0.5,0.5,0.0,0.0,0.0,0.0,0,0
2022-2023,2022-10-29,Crystal Palace,Southampton,1,0,H,1,0,H,12,14,3,4,13,12,8,4,3,3,0,0,1479.5136883210073,1438.2309306545508,41.28275766645652,1.2,1.4,1.3,0.8,1.3,1.1,0,0,0.5,0.5,0.0,0.0,0.0,0.0,0,0
2022-2023,2022-10-29,Newcastle,Aston Villa,4,0,H,1,0,H,20,3,7,0,11,11,3,0,1,1,0,0,1538.6793137868058,1445.3083994923054,93.37091429450038,1.8,1.0,1.7,0.9,1.3,0.9,0,0,0.5,0.5,0.0,0.0,0.0,0.0,0,0
2022-2023,2022-10-29,Fulham,Everton,0,0,D,0,0,D,24,9,6,4,10,8,13,4,2,1,0,0,1433.5527930463577,1452.483447137295,-18.930654090937196,2.0,2.0,1.6,1.0,0.9,1.3,1,0,0.5,0.5,0.0,0.0,0.0,0.0,0,0
2022-2023,2022-10-29,Liverpool,Leeds,1,2,A,1,1,D,22,14,10,6,9,3,14,5,0,1,0,0,1614.1479377309834,1421.5495727236118,192.5983650073715,2.0,1.1,1.5,1.1,1.7,0.6,0,0,0.5,0.5,0.0,0.0,0.0,0.0,0,0
2022-2023,2022-10-30,Arsenal,Nott'm Forest,5,0,H,1,0,H,24,5,10,2,9,8,9,4,0,1,0,0,1605.4001851604057,1347.061070630632,258.3391145297737,2.3,1.1,2.5,0.7,2.1,0.6,0,1,0.5,0.5,0.0,0.0,0.0,0.0,0,0
2022-2023,2022-10-30,Man United,West Ham,1,0,H,1,0,H,16,13,3,5,12,10,5,10,1,3,0,0,1561.6953107739819,1486.05284137072,75.64246940326188,1.5,1.4,2.0,1.1,0.9,1.4,0,0,0.5,0.5,0.0,0.0,0.0,0.0,0,0
2022-2023,2022-11-05,Man City,Fulham,2,1,H,1,1,D,16,4,5,2,6,11,9,0,2,4,1,0,1677.6674320372945,1431.2608746482995,246.406557388995,3.1,1.1,2.3,1.7,1.8,1.4,0,1,0.5,0.5,0.0,0.0,0.0,0.0,0,0
2022-2023,2022-11-05,Wolves,Brighton,2,3,A,2,2,D,8,19,5,8,15,11,4,9,2,0,1,0,1435.4064168111572,1503.9518698656755,-68.54545305451825,0.5,1.6,0.9,1.7,1.4,1.4,0,0,0.5,0.5,0.0,0.0,0.0,0.0,0,0
2022-2023,2022-11-05,Leeds,Bournemouth,4,3,H,1,2,A,18,9,4,6,16,10,13,3,2,2,0,0,1438.4191177761852,1412.9464714528747,25.472646323310528,1.1,1.6,0.8,1.0,2.1,1.0,0,1,0.5,0.5,0.0,0.0,0.0,0.0,0,0
2022-2023,2022-11-05,Everton,Leicester,0,2,A,0,1,A,12,22,2,8,9,5,8,3,0,0,0,0,1454.775365535353,1460.9095343143897,-6.1341687790365995,0.9,0.8,1.3,1.6,1.7,1.0,0,0,0.5,0.5,0.0,0.0,0.0,0.0,0,0
2022-2023,2022-11-05,Nott'm Forest,Brentford,2,2,D,1,1,D,15,6,7,2,10,11,3,3,2,2,0,0,1344.805694352902,1441.6051216764088,-96.79942732350673,0.6,2.5,0.5,1.1,1.7,1.1,1,0,0.5,0.5,0.0,0.0,0.0,0.0,0,0
2022-2023,2022-11-06,Chelsea,Arsenal,0,1,A,0,0,D,5,14,1,2,20,13,4,6,5,2,0,0,1574.0694822598832,1607.6555614381357,-33.586079178252476,1.4,1.3,1.7,2.4,0.9,2.5,0,0,0.5,0.5,0.0,0.0,0.0,0.0,0,0
2022-2023,2022-11-06,Aston Villa,Man United,3,1,H,2,1,H,6,8,4,3,6,12,3,5,3,3,0,0,1440.3626522480638,1567.0306843219635,-126.66803207389967,0.8,1.4,0.9,1.6,1.0,2.3,0,0,0.5,0.5,0.0,0.0,0.0,0.0,0,0
2022-2023,2022-11-06,Southampton,Newcastle,1,4,A,0,1,A,16,7,5,4,7,10,8,2,1,0,0,0,1432.087128894859,1543.6250610310474,-111.53793213618837,0.6,1.3,0.8,1.9,0.7,1.9,0,0,0.5,0.5,0.0,0.0,0.0,0.0,0,0
2022-2023,2022-11-06,West Ham,Crystal Palace,1,2,A,1,1,D,5,15,2,6,10,7,2,5,1,1,0,0,1480.7174678227384,1485.657490080699,-4.940022257960663,1.1,0.8,1.4,1.2,1.3,1.5,0,0,0.5,0.5,0.0,0.0,0.0,0.0,0,0
2022-2023,2022-11-06,Tottenham,Liverpool,1,2,A,0,2,A,14,13,5,6,10,8,5,3,0,0,0,0,1581.4330997758948,1597.27839267841,-15.845292902515212,1.9,1.3,1.9,2.0,1.2,1.4,0,0,0.5,0.5,0.0,0.0,0.0,0.0,0,0
2022-2023,2022-11-12,Man City,Brentford,1,2,A,1,1,D,29,10,6,8,9,7,10,2,2,2,0,0,1680.063957282814,1441.6972389573843,238.3667183254297,3.0,0.9,2.5,1.2,1.8,1.1,0,0,0.5,0.5,0.0,0.0,0.0,0.0,0,0
2022-2023,2022-11-12,Nott'm Forest,Crystal Palace,1,0,H,0,0,D,9,8,2,0,11,13,1,5,1,4,0,0,1344.7135770719265,1498.3272474104829,-153.6136703385564,0.8,2.5,0.6,1.1,1.3,1.5,1,0,0.5,0.5,0.0,0.0,0.0,0.0,0,0
2022-2023,2022-11-12,Bournemouth,Everton,3,0,H,2,0,H,16,15,9,3,12,8,3,5,2,0,0,0,1406.4086431646806,1442.1375579177325,-35.72891475305187,1.3,1.6,1.0,0.8,0.9,1.2,1,0,0.5,0.5,0.0,0.0,0.0,0.0,0,0
2022-2023,2022-11-12,Liverpool,Southampton,3,1,H,3,1,H,15,9,7,5,8,8,6,0,0,2,0,0,1609.6542770382302,1422.4190952517768,187.2351817864535,2.1,1.1,1.7,0.7,1.6,0.8,0,0,0.5,0.5,0.0,0.0,0.0,0.0,0,0
2022-2023,2022-11-12,West Ham,Leicester,0,2,A,0,1,A,18,9,6,6,9,8,7,2,3,1,0,0,1468.0477104929546,1473.5473419320103,-5.499631439055747,1.1,1.0,1.1,1.7,1.5,1.3,0,0,0.5,0.5,0.0,0.0,0.0,0.0,0,0
2022-2023,2022-11-12,Wolves,Arsenal,0,2,A,0,0,D,11,14,2,4,5,6,6,4,3,2,0,0,1424.5035475595425,1619.5441603869167,-195.04061282737416,0.6,1.8,0.8,2.2,0.9,2.5,0,0,0.5,0.5,0.0,0.0,0.0,0.0,0,0
2022-2023,2022-11-12,Newcastle,Chelsea,1,0,H,0,0,D,10,5,3,2,14,11,5,3,3,2,0,0,1553.2930946741296,1562.1808833111022,-8.887788636972573,2.2,0.7,2.1,1.4,1.1,1.7,0,0,0.5,0.5,0.0,0.0,0.0,0.0,0,0
2022-2023,2022-11-12,Tottenham,Leeds,4,3,H,1,2,A,14,12,8,5,8,7,9,2,1,1,0,1,1569.0572154160745,1444.9569460643793,124.10026935169526,1.8,1.5,1.6,1.2,1.9,0.8,0,0,0.5,0.5,0.0,0.0,0.0,0.0,0,0
2022-2023,2022-11-13,Brighton,Aston Villa,1,2,A,1,1,D,7,8,2,2,14,11,11,4,2,7,0,0,1514.8547391172901,1451.128716055072,63.726023062218246,1.8,1.6,1.4,1.1,1.4,1.2,0,0,0.5,0.5,0.0,0.0,0.0,0.0,0,0
2022-2023,2022-11-13,Fulham,Man United,1,2,A,0,1,A,14,14,7,9,9,10,10,3,1,1,0,0,1428.86434940278,1556.2646205149554,-127.40027111217546,1.7,1.8,1.4,1.5,1.2,2.0,1,0,0.5,0.5,0.0,0.0,0.0,0.0,0,0
2022-2023,2022-12-26,Brentford,Tottenham,2,2,D,1,0,H,9,16,5,8,11,10,6,5,3,1,0,0,1459.201360037771,1573.3741875145618,-114.17282747679064,1.3,1.8,1.3,2.1,1.7,1.8,0,0,0.5,0.5,0.0,0.0,0.0,0.0,0,0
2022-2023,2022-12-26,Crystal Palace,Fulham,0,3,A,0,1,A,4,23,0,11,12,15,1,8,0,0,2,0,1486.796254869422,1419.6513616477184,67.14489322170357,0.9,1.0,1.5,1.6,1.9,1.1,0,1,0.5,0.5,0.0,0.0,0.0,0.0,0,0
2022-2023,2022-12-26,Everton,Wolves,1,2,A,1,1,D,12,7,6,4,9,22,2,2,1,6,0,0,1433.9666123528605,1417.1727872414933,16.79382511136714,0.7,1.1,1.1,0.6,2.0,0.7,0,0,0.5,0.5,0.0,0.0,0.0,0.0,0,0
2022-2023,2022-12-26,Leicester,Newcastle,0,3,A,0,3,A,8,12,2,5,9,6,5,5,0,0,0,0,1486.2021340248014,1560.7291809187363,-74.527046893935,1.9,1.4,1.6,2.2,0.5,2.4,0,0,0.5,0.5,0.0,0.0,0.0,0.0,0,0
2022-2023,2022-12-26,Southampton,Brighton,1,3,A,0,2,A,14,7,4,4,9,10,4,2,1,2,0,0,1419.2062541518628,1500.4627213482015,-81.25646719633869,0.6,1.8,0.5,1.8,1.8,1.1,0,0,0.5,0.5,0.0,0.0,0.0,0.0,0,0
2022-2023,2022-12-26,Aston Villa,Liverpool,1,3,A,0,2,A,12,16,6,9,7,12,0,6,0,0,0,0,1465.5207338241605,1612.8671181381442,-147.34638431398366,1.2,1.3,1.5,1.5,1.2,1.7,0,0,0.5,0.5,0.0,0.0,0.0,0.0,0,0
2022-2023,2022-12-26,Arsenal,West Ham,3,1,H,0,1,A,16,8,5,4,13,17,7,5,0,2,0,0,1626.874920704966,1455.3929184001636,171.48200230480234,2.2,0.8,2.5,1.0,1.1,1.0,0,0,0.5,0.5,0.0,0.0,0.0,0.0,0,0
2022-2023,2022-12-27,Chelsea,Bournemouth,2,0,H,2,0,H,15,9,5,4,8,10,6,8,0,0,0,0,1554.7447970664955,1414.5795887295526,140.1652083369429,1.2,1.1,1.4,1.6,1.6,1.2,0,1,0.5,0.5,0.0,0.0,0.0,0.0,0,0
2022-2023,2022-12-27,Man United,Nott'm Forest,3,0,H,2,0,H,17,8,8,3,13,4,9,9,3,1,0,0,1565.4776082700168,1356.2445696129873,209.2330386570295,1.6,1.3,2.0,0.9,1.9,0.9,0,1,0.5,0.5,0.0,0.0,0.0,0.0,0,0
2022-2023,2022-12-28,Leeds,Man City,1,3,A,0,1,A,9,26,1,9,11,14,3,5,3,3,0,0,1440.639973965892,1662.5598362024273,-221.9198622365352,1.5,2.2,0.8,2.7,0.9,2.2,0,0,0.5,0.5,0.0,0.0,0.0,0.0,0,0
2022-2023,2022-12-30,West Ham,Brentford,0,2,A,0,2,A,20,9,5,6,9,5,8,1,1,0,0,0,1451.9279450847043,1459.6090606850453,-7.681115600340945,1.0,1.2,1.0,1.0,1.8,1.1,0,0,0.5,0.5,0.0,0.0,0.0,0.0,0,0
2022-2023,2022-12-30,Liverpool,Leicester,2,1,H,2,1,H,21,7,5,2,8,15,4,5,0,1,0,0,1621.5127530663394,1475.4702743726377,146.0424786937017,1.6,1.2,1.7,1.7,1.2,1.6,0,0,0.5,0.5,0.0,0.0,0.0,0.0,0,0
2022-2023,2022-12-31,Wolves,Man United,0,1,A,0,0,D,10,16,3,6,11,11,7,5,1,3,0,0,1430.4132331405506,1568.363452491722,-137.95021935117143,0.7,2.1,0.7,1.8,1.3,2.0,0,0,0.5,0.5,0.0,0.0,0.0,0.0,0,0
2022-2023,2022-12-31,Bournemouth,Crystal Palace,0,2,A,0,2,A,6,15,2,6,17,11,2,7,4,1,0,0,1410.5674395951976,1472.3251601804766,-61.757720585279,1.3,1.6,0.9,0.8,1.2,1.4,1,0,0.5,0.5,0.0,0.0,0.0,0.0,0,0
2022-2023,2022-12-31,Fulham,Southampton,2,1,H,1,0,H,8,9,2,3,8,13,4,4,0,1,0,0,1434.1224563366638,1408.667294674652,25.455161662011733,1.8,1.7,1.4,0.7,2.0,0.5,1,0,0.5,0.5,0.0,0.0,0.0,0.0,0,0
2022-2023,2022-12-31,Man City,Everton,1,1,D,1,0,H,16,2,3,1,13,14,7,1,3,4,0,0,1669.1879812264465,1420.7261664538032,248.46181477264327,2.4,1.0,2.2,0.8,1.3,1.0,0,0,0.5,0.5,0.0,0.0,0.0,0.0,0,0
2022-2023,2022-12-31,Newcastle,Leeds,0,0,D,0,0,D,16,8,5,1,13,19,9,3,3,5,0,0,1571.4610405709,1434.0118289418729,137.4492116290271,2.5,0.5,2.6,1.5,2.4,0.7,0,0,0.5,0.5,0.0,0.0,0.0,0.0,0,0
2022-2023,2022-12-31,Brighton,Arsenal,2,4,A,0,2,A,9,14,5,7,7,11,7,4,3,3,0,0,1511.0016808254122,1630.3398940204252,-119.33821319501294,2.0,1.7,1.4,2.3,0.8,2.5,0,0,0.5,0.5,0.0,0.0,0.0,0.0,0,0
2022-2023,2023-01-01,Tottenham,Aston Villa,0,2,A,0,0,D,6,13,2,4,15,10,5,3,4,3,0,0,1572.9664868672876,1456.8750988959653,116.09138797132232,2.1,1.8,1.6,1.2,1.5,1.4,0,0,0.5,0.5,0.0,0.0,0.0,0.0,0,0
2022-2023,2023-01-01,Nott'm Forest,Chelsea,1,1,D,0,1,A,12,7,5,2,16,14,1,2,2,2,0,0,1353.3587253912822,1558.7569462008505,-205.39822080956833,0.7,1.9,0.9,1.3,0.9,1.7,1,0,0.5,0.5,0.0,0.0,0.0,0.0,0,0
2022-2023,2023-01-02,Brentford,Liverpool,3,1,H,2,0,H,10,16,7,6,5,8,4,9,1,3,0,0,1472.2053931987402,1625.417490740116,-153.21209754137567,1.2,1.5,1.4,1.8,1.3,1.9,0,0,0.5,0.5,0.0,0.0,0.0,0.0,0,0
2022-2023,2023-01-03,Arsenal,Newcastle,0,0,D,0,0,D,17,8,4,1,10,16,5,5,4,4,0,0,1639.7838695754704,1565.5235688574485,74.26030071802188,2.6,0.7,2.8,2.4,0.4,2.6,0,0,0.5,0.5,0.0,0.0,0.0,0.0,0,0
2022-2023,2023-01-03,Everton,Brighton,1,4,A,0,1,A,10,19,4,8,8,10,5,2,3,1,0,0,1428.354485022821,1501.557705270367,-73.20322024754591,0.8,1.4,0.8,1.7,1.9,1.1,0,0,0.5,0.5,0.0,0.0,0.0,0.0,0,0
2022-2023,2023-01-03,Leicester,Fulham,0,1,A,0,1,A,15,11,6,2,12,11,6,3,2,6,0,0,1471.5655366988613,1440.6607275589695,30.904809139891768,1.6,0.8,1.6,1.7,1.6,1.4,0,1,0.5,0.5,0.0,0.0,0.0,0.0,0,0
2022-2023,2023-01-03,Man United,Bournemouth,3,0,H,1,0,H,18,7,6,4,13,7,6,5,0,3,0,0,1577.2754808316301,1399.4711620346172,177.8043187970129,1.6,1.2,2.0,1.2,1.7,0.8,0,1,0.5,0.5,0.0,0.0,0.0,0.0,0,0
2022-2023,2023-01-04,Southampton,Nott'm Forest,0,1,A,0,1,A,8,11,0,1,14,17,6,2,2,2,0,0,1402.1290234523465,1356.3025741823622,45.82644926998432,0.8,2.1,0.5,0.6,1.7,1.0,0,1,0.5,0.5,0.0,0.0,0.0,0.0,0,0
2022-2023,2023-01-04,Leeds,West Ham,2,2,D,1,1,D,14,15,6,2,11,18,8,1,3,1,0,0,1439.9493006553244,1439.3316125710094,0.6176880843149775,1.3,1.9,0.8,1.0,1.3,1.0,0,0,0.5,0.5,0.0,0.0,0.0,0.0,0,0
2022-2023,2023-01-04,Aston Villa,Wolves,1,1,D,0,1,A,13,10,4,3,6,12,7,8,1,3,0,0,1472.4000181161148,1421.5012048006424,50.89881331547235,1.3,1.5,1.4,0.7,1.9,0.7,0,0,0.5,0.5,0.0,0.0,0.0,0.0,0,0
2022-2023,2023-01-04,Crystal Palace,Tottenham,0,4,A,0,0,D,19,14,4,6,11,8,10,4,1,2,0,0,1483.421437741057,1557.441567647138,-74.02012990608114,1.0,1.2,1.6,1.5,1.8,1.3,0,0,0.5,0.5,0.0,0.0,0.0,0.0,0,0
2022-2023,2023-01-05,Chelsea,Man City,0,1,A,0,0,D,8,12,2,3,9,9,3,2,2,0,0,0,1555.8130974097705,1661.5596626574286,-105.74656524765805,1.2,0.9,1.5,2.4,1.0,2.2,0,0,0.5,0.5,0.0,0.0,0.0,0.0,0,0
2022-2023,2023-01-12,Fulham,Chelsea,2,1,H,1,0,H,8,20,3,10,12,16,5,7,4,3,0,1,1454.2597563839618,1545.9784817720986,-91.71872538813682,1.7,1.2,1.7,1.0,0.9,1.2,1,0,0.5,0.5,0.0,0.0,0.0,0.0,0,0
2022-2023,2023-01-13,Aston Villa,Leeds,2,1,H,1,0,H,11,16,5,4,12,8,0,11,2,2,0,0,1468.310751348541,1437.1316254680078,31.17912588053332,1.4,1.6,1.4,1.5,2.1,0.8,0,0,0.5,0.5,0.0,0.0,0.0,0.0,0,0
2022-2023,2023-01-14,Man United,Man City,2,1,H,0,0,D,8,5,4,1,15,5,1,2,3,0,0,0,1580.63743326534,1671.3942782951005,-90.7568450297606,1.6,0.6,2.3,2.2,1.0,2.2,0,0,0.5,0.5,0.0,0.0,0.0,0.0,0,0
2022-2023,2023-01-14,Brighton,Liverpool,3,0,H,0,0,D,16,6,9,2,8,15,7,1,1,3,0,0,1512.3274528819175,1613.8977874690038,-101.57033458708634,1.8,1.7,1.3,1.6,1.3,1.8,0,0,0.5,0.5,0.0,0.0,0.0,0.0,0,0
2022-2023,2023-01-14,Everton,Southampton,1,2,A,1,0,H,12,13,4,5,7,19,6,4,0,3,0,0,1417.5847374112707,1388.1620591977098,29.422678213560857,0.7,1.7,0.5,0.7,2.0,0.5,0,0,0.5,0.5,0.0,0.0,0.0,0.0,0,0
2022-2023,2023-01-14,Nott'm Forest,Leicester,2,0,H,0,0,D,15,6,5,1,11,12,3,5,1,2,0,0,1370.2695384369988,1457.966507873869,-87.69696943687018,0.7,1.3,1.3,1.2,0.9,1.3,1,0,0.5,0.5,0.0,0.0,0.0,0.0,0,0
2022-2023,2023-01-14,Wolves,West Ham,1,0,H,0,0,D,17,16,4,4,10,7,4,3,0,2,0,0,1425.5904715682161,1442.149287758326,-16.558816190109837,0.8,1.8,0.8,1.0,1.5,0.8,0,0,0.5,0.5,0.0,0.0,0.0,0.0,0,0
2022-2023,2023-01-14,Brentford,Bournemouth,2,0,H,1,0,H,12,7,4,2,5,9,5,3,1,1,0,0,1483.7250964698524,1396.1092096009074,87.61588686894493,1.5,1.6,1.6,1.2,2.0,0.7,0,1,0.5,0.5,0.0,0.0,0.0,0.0,0,0
2022-2023,2023-01-15,Chelsea,Crystal Palace,1,0,H,0,0,D,15,10,5,5,10,17,11,7,2,5,0,0,1536.2167908872275,1472.6750675529331,63.541723334294375,0.8,1.1,0.9,0.9,1.4,1.6,0,0,0.5,0.5,0.0,0.0,0.0,0.0,0,0
2022-2023,2023-01-15,Newcastle,Fulham,1,0,H,0,0,D,20,5,5,0,6,14,10,5,1,3,0,0,1570.1570116590617,1464.0214472688328,106.13556439022886,2.0,0.3,2.4,1.8,1.0,2.0,0,1,0.5,0.5,0.0,0.0,0.0,0.0,0,0
2022-2023,2023-01-15,Tottenham,Arsenal,0,2,A,0,2,A,17,14,7,5,16,15,4,3,4,2,0,0,1568.187937835262,1635.1504267738571,-66.96248893859524,1.8,1.5,1.6,2.3,0.7,2.6,0,0,0.5,0.5,0.0,0.0,0.0,0.0,0,0
2022-2023,2023-01-18,Crystal Palace,Man United,1,1,D,0,1,A,10,15,5,4,9,10,3,3,1,2,0,0,1467.0628029946656,1590.3714566268504,-123.30865363218481,0.7,1.4,1.3,1.6,0.6,2.3,0,0,0.5,0.5,0.0,0.0,0.0,0.0,0,0
2022-2023,2023-01-19,Man City,Tottenham,4,2,H,0,2,A,16,9,6,3,10,14,8,3,1,2,0,0,1661.66025493359,1557.2398975119913,104.42035742159874,1.7,0.9,1.9,1.7,1.7,1.3,0,0,0.5,0.5,0.0,0.0,0.0,0.0,0,0
2022-2023,2023-01-21,Liverpool,Chelsea,0,0,D,0,0,D,15,11,3,2,16,9,5,5,3,1,0,0,1603.8525899141353,1541.829055445495,62.023534468640264,1.4,1.3,1.8,0.7,1.1,0.9,0,0,0.5,0.5,0.0,0.0,0.0,0.0,0,0
2022-2023,2023-01-21,Bournemouth,Nott'm Forest,1,1,D,1,0,H,16,20,4,5,10,7,4,6,1,2,0,0,1391.0391038799944,1379.915576688507,11.123527191487483,1.0,2.1,0.4,0.8,1.2,1.5,1,1,0.5,0.5,0.0,0.0,0.0,0.0,0,0
2022-2023,2023-01-21,Leicester,Brighton,2,2,D,1,1,D,9,13,2,4,9,9,5,6,0,1,0,0,1448.3204696223609,1522.372650436786,-74.05218081442513,1.1,0.9,1.3,2.1,1.6,1.6,0,0,0.5,0.5,0.0,0.0,0.0,0.0,0,0
2022-2023,2023-01-21,Southampton,Aston Villa,0,1,A,0,0,D,8,16,5,5,19,9,2,2,1,2,0,0,1401.7238976363697,1474.7048517078772,-72.98095407150754,0.9,1.7,0.8,1.5,1.6,1.6,0,0,0.5,0.5,0.0,0.0,0.0,0.0,0,0
2022-2023,2023-01-21,West Ham,Everton,2,0,H,2,0,H,11,5,4,2,9,6,4,9,1,1,0,0,1434.5057851044014,1404.0228989726108,30.482886131790565,0.7,1.5,0.5,0.7,1.7,0.5,0,0,0.5,0.5,0.0,0.0,0.0,0.0,0,0
2022-2023,2023-01-21,Crystal Palace,Newcastle,0,0,D,0,0,D,6,16,1,7,13,7,3,15,4,2,0,0,1467.7326752979889,1574.8343212425295,-107.10164594454068,0.8,1.5,1.3,1.6,0.2,2.4,0,0,0.5,0.5,0.0,0.0,0.0,0.0,0,0
2022-2023,2023-01-22,Leeds,Brentford,0,0,D,0,0,D,9,6,5,0,10,18,2,3,2,2,0,0,1430.7375251086717,1488.7952021907654,-58.05767708209373,1.5,2.1,0.8,1.6,1.1,1.9,0,0,0.5,0.5,0.0,0.0,0.0,0.0,0,0
2022-2023,2023-01-22,Man City,Wolves,3,0,H,1,0,H,13,10,7,1,10,10,5,7,1,2,0,0,1666.3730387106198,1433.2339742221407,233.1390644884791,1.7,1.1,1.9,0.9,1.5,1.1,0,0,0.5,0.5,0.0,0.0,0.0,0.0,0,0
2022-2023,2023-01-22,Arsenal,Man United,3,2,H,1,1,D,25,6,5,4,8,9,12,4,1,2,0,0,1646.0984670971277,1589.7015843235272,56.39688277360051,2.2,0.6,2.6,1.7,0.7,2.3,0,0,0.5,0.5,0.0,0.0,0.0,0.0,0,0
2022-2023,2023-01-23,Fulham,Tottenham,0,1,A,0,1,A,10,10,5,3,10,10,3,8,1,3,0,0,1459.344137685365,1552.5271137349616,-93.18297604959662,1.6,0.9,1.9,1.7,2.1,1.0,1,0,0.5,0.5,0.0,0.0,0.0,0.0,0,0
2022-2023,2023-02-03,Chelsea,Fulham,0,0,D,0,0,D,12,10,3,4,16,12,6,2,1,4,0,0,1546.181438984906,1449.1479531390096,97.0334858458964,0.7,1.1,0.9,1.3,1.0,1.6,0,1,0.5,0.5,0.0,0.0,0.0,0.0,0,0
2022-2023,2023-02-04,Everton,Arsenal,1,0,H,0,0,D,12,15,4,3,13,8,7,5,4,1,0,0,1397.611352263299,1651.878273597535,-254.26692133423603,0.7,1.7,0.5,2.2,0.6,2.6,0,0,0.5,0.5,0.0,0.0,0.0,0.0,0,0
2022-2023,2023-02-04,Aston Villa,Leicester,2,4,A,2,3,A,19,9,4,5,10,10,11,3,0,2,0,0,1485.4809584352743,1447.5750168008954,37.905941634378905,1.6,1.4,1.9,1.3,1.1,1.3,0,0,0.5,0.5,0.0,0.0,0.0,0.0,0,0
2022-2023,2023-02-04,Newcastle,West Ham,1,1,D,1,1,D,8,10,2,1,11,13,4,2,2,1,0,0,1574.6299479031009,1440.9173318137132,133.71261608938767,1.6,0.2,2.4,0.8,1.4,0.7,0,0,0.5,0.5,0.0,0.0,0.0,0.0,0,0
2022-2023,2023-02-04,Brentford,Southampton,3,0,H,2,0,H,14,14,4,6,10,9,4,4,1,2,0,0,1489.9965690078177,1390.9477909089726,99.0487780988451,1.4,1.1,1.7,0.8,1.7,0.7,0,0,0.5,0.5,0.0,0.0,0.0,0.0,0,0
2022-2023,2023-02-04,Man United,Crystal Palace,2,1,H,1,0,H,14,10,5,3,9,9,5,5,1,2,1,0,1583.9217778231198,1467.9370486374175,115.98472918570224,1.7,1.0,2.0,0.6,1.4,1.1,0,0,0.5,0.5,0.0,0.0,0.0,0.0,0,0
2022-2023,2023-02-04,Wolves,Liverpool,3,0,H,2,0,H,12,22,6,4,9,7,2,7,1,1,0,0,1430.671614736124,1599.5002063747243,-168.8285916386003,0.8,1.8,0.8,1.3,1.3,1.6,0,0,0.5,0.5,0.0,0.0,0.0,0.0,0,0
2022-2023,2023-02-04,Brighton,Bournemouth,1,0,H,0,0,D,20,12,6,2,14,7,7,3,3,1,0,0,1523.1181032582515,1387.9454885082762,135.1726147499753,2.3,1.6,1.7,0.9,2.0,0.4,0,1,0.5,0.5,0.0,0.0,0.0,0.0,0,0
2022-2023,2023-02-05,Nott'm Forest,Leeds,1,0,H,1,0,H,6,10,2,4,15,14,0,2,4,2,0,0,1383.0091920602251,1429.5361582916194,-46.526966231394226,0.9,1.2,1.6,1.5,2.0,0.9,1,0,0.5,0.5,0.0,0.0,0.0,0.0,0,0
2022-2023,2023-02-05,Tottenham,Man City,1,0,H,1,0,H,12,15,3,5,19,14,4,6,2,3,1,0,1562.723298281317,1668.9353981966365,-106.21209991531941,1.8,1.9,1.3,2.0,1.0,2.2,0,0,0.5,0.5,0.0,0.0,0.0,0.0,0,0
2022-2023,2023-02-08,Man United,Leeds,2,2,D,0,1,A,24,8,7,2,7,11,6,5,1,3,0,0,1588.3989917766546,1421.063197621042,167.33579415561258,1.8,1.0,2.2,1.5,1.9,0.9,0,0,0.5,0.5,0.0,0.0,0.0,0.0,0,0
2022-2023,2023-02-11,Crystal Palace,Brighton,1,1,D,0,0,D,6,17,1,7,10,11,1,6,4,1,0,0,1463.4598346838827,1527.2232222049824,-63.76338752109973,0.7,1.3,1.1,2.4,1.6,1.9,0,0,0.5,0.5,0.0,0.0,0.0,0.0,0,0
2022-2023,2023-02-11,West Ham,Chelsea,1,1,D,1,1,D,10,12,2,4,9,11,5,6,1,1,0,0,1446.7847253333603,1541.0491171357326,-94.2643918023723,0.9,1.4,0.8,0.6,1.0,0.9,0,0,0.5,0.5,0.0,0.0,0.0,0.0,0,0
2022-2023,2023-02-11,Leicester,Tottenham,4,1,H,3,1,H,15,11,7,4,14,9,1,5,5,2,0,0,1461.3481666114064,1572.9020778386769,-111.55391122727042,1.5,1.3,1.3,1.8,1.7,1.6,0,0,0.5,0.5,0.0,0.0,0.0,0.0,0,0
2022-2023,2023-02-11,Arsenal,Brentford,1,1,D,0,0,D,23,9,7,2,9,9,7,4,0,2,0,0,1637.7085969006257,1494.8216485577548,142.88694834287094,2.1,0.7,2.3,1.7,1.1,1.9,0,0,0.5,0.5,0.0,0.0,0.0,0.0,0,0
2022-2023,2023-02-11,Southampton,Wolves,1,2,A,1,0,H,17,11,2,2,12,14,5,2,2,2,0,1,1386.1227113590355,1442.6271456435452,-56.50443428450967,0.7,2.0,0.4,1.0,1.6,1.1,0,0,0.5,0.5,0.0,0.0,0.0,0.0,0,0
2022-2023,2023-02-11,Bournemouth,Newcastle,1,1,D,1,1,D,11,15,5,7,8,10,4,6,2,3,0,0,1383.8403695615452,1568.7625543834538,-184.92218482190856,0.9,2.0,0.4,1.6,0.3,2.2,1,0,0.5,0.5,0.0,0.0,0.0,0.0,0,0
2022-2023,2023-02-11,Fulham,Nott'm Forest,2,0,H,1,0,H,16,10,3,1,9,11,5,4,0,1,0,0,1454.280274988183,1391.4821527308025,62.798122257380555,1.0,0.8,1.4,1.0,1.2,1.8,1,1,0.5,0.5,0.0,0.0,0.0,0.0,0,0
2022-2023,2023-02-12,Leeds,Man United,0,2,A,0,0,D,16,11,6,5,10,13,7,3,2,1,0,0,1427.529317670461,1581.9328717272356,-154.4035540567745,1.5,1.8,1.0,1.9,1.2,2.0,0,0,0.5,0.5,0.0,0.0,0.0,0.0,0,0
2022-2023,2023-02-12,Man City,Aston Villa,3,1,H,3,0,H,17,6,9,2,13,14,8,4,1,2,0,0,1658.7566186392767,1471.7078086247632,187.0488100145135,1.7,1.0,1.9,1.8,1.5,1.9,0,0,0.5,0.5,0.0,0.0,0.0,0.0,0,0
2022-2023,2023-02-13,Liverpool,Everton,2,0,H,1,0,H,15,6,6,1,8,16,3,3,1,3,0,0,1587.544675467303,1411.7810289602085,175.76364650709456,1.2,1.6,1.3,0.8,1.6,0.8,0,0,0.5,0.5,0.0,0.0,0.0,0.0,0,0
2022-2023,2023-02-15,Arsenal,Man City,1,3,A,1,1,D,10,9,1,6,11,15,1,3,2,3,0,0,1631.6707312686858,1661.972353951512,-30.30162268282629,2.1,0.7,2.3,1.9,1.1,1.9,0,0,0.5,0.5,0.0,0.0,0.0,0.0,0,0
2022-2023,2023-02-18,Brighton,Fulham,0,1,A,0,0,D,21,5,7,2,12,14,10,2,0,5,0,0,1528.2624303339678,1459.9098378557808,68.35259247818703,2.4,1.4,2.0,1.2,0.8,1.6,0,1,0.5,0.5,0.0,0.0,0.0,0.0,0,0
2022-2023,2023-02-18,Chelsea,Southampton,0,1,A,0,1,A,17,8,5,5,16,24,8,2,3,6,0,0,1541.214186214905,1374.8773077979304,166.33687841697474,0.6,0.7,1.0,0.7,2.1,0.3,0,0,0.5,0.5,0.0,0.0,0.0,0.0,0,0
2022-2023,2023-02-18,Brentford,Crystal Palace,1,1,D,0,0,D,12,10,5,4,10,8,2,6,2,2,0,0,1500.8595141896947,1462.4206265548974,38.43888763479731,1.8,0.8,2.0,0.7,1.4,0.9,0,0,0.5,0.5,0.0,0.0,0.0,0.0,0,0
2022-2023,2023-02-18,Aston Villa,Arsenal,2,4,A,2,1,H,7,20,5,5,13,4,2,9,2,1,0,0,1468.4920733125277,1619.691135091088,-151.19906177856024,1.5,1.8,1.6,1.7,1.0,2.0,0,0,0.5,0.5,0.0,0.0,0.0,0.0,0,0
2022-2023,2023-02-18,Nott'm Forest,Man City,1,1,D,0,1,A,4,26,1,6,8,6,0,10,1,0,0,0,1385.8525898632047,1673.95195012911,-288.09936026590526,0.9,1.4,1.5,2.0,1.1,1.9,1,0,0.5,0.5,0.0,0.0,0.0,0.0,0,0
2022-2023,2023-02-18,Wolves,Bournemouth,0,1,A,0,0,D,15,5,4,1,12,10,12,2,3,3,0,0,1453.8725492046503,1386.2370858089103,67.63546339574009,1.2,1.3,1.4,1.0,1.9,0.5,0,1,0.5,0.5,0.0,0.0,0.0,0.0,0,0
2022-2023,2023-02-18,Newcastle,Liverpool,0,2,A,0,2,A,14,13,4,7,3,8,6,7,1,1,1,0,1566.3658381360888,1590.939610467832,-24.573772331743157,1.5,0.3,2.0,1.4,1.5,1.6,0,0,0.5,0.5,0.0,0.0,0.0,0.0,0,0
2022-2023,2023-02-18,Everton,Leeds,1,0,H,0,0,D,15,8,6,0,8,6,6,4,2,3,0,0,1408.3860939596796,1419.082504242363,-10.696410282683473,0.5,1.8,0.5,1.3,1.9,0.7,0,0,0.5,0.5,0.0,0.0,0.0,0.0,0,0
2022-2023,2023-02-19,Man United,Leicester,3,0,H,1,0,H,26,19,8,3,9,9,6,6,0,2,0,0,1590.3796851553336,1471.6805923759998,118.6990927793338,2.0,0.9,2.3,1.5,1.4,1.3,0,0,0.5,0.5,0.0,0.0,0.0,0.0,0,0
2022-2023,2023-02-19,Tottenham,West Ham,2,0,H,0,0,D,16,6,6,1,16,10,4,7,2,1,0,0,1562.5696520740835,1446.6196562541877,115.94999581989578,1.6,1.9,1.3,0.8,1.5,0.6,0,0,0.5,0.5,0.0,0.0,0.0,0.0,0,0
2022-2023,2023-02-24,Fulham,Wolves,1,1,D,0,1,A,10,8,5,2,12,17,4,3,2,0,0,0,1474.4087008163197,1439.3901645400817,35.01853627623791,1.2,0.6,1.9,1.1,1.3,1.3,1,0,0.5,0.5,0.0,0.0,0.0,0.0,0,0
2022-2023,2023-02-25,Everton,Aston Villa,0,2,A,0,0,D,15,9,5,5,12,12,5,1,2,1,0,0,1415.8708790753285,1459.9551256280586,-44.084246552730065,0.6,1.8,0.7,1.7,1.8,1.6,0,0,0.5,0.5,0.0,0.0,0.0,0.0,0,0
2022-2023,2023-02-25,Leeds,Southampton,1,0,H,0,0,D,14,8,4,2,15,13,9,2,2,4,0,0,1411.597719126714,1391.3266666681964,20.271052458517715,0.9,1.7,0.4,0.8,2.0,0.6,0,0,0.5,0.5,0.0,0.0,0.0,0.0,0,0
2022-2023,2023-02-25,Leicester,Arsenal,0,1,A,0,0,D,1,10,0,2,14,9,0,8,0,1,0,0,1467.257440486248,1628.2280827755571,-160.97064228930913,1.5,1.6,1.3,2.0,1.2,2.0,0,0,0.5,0.5,0.0,0.0,0.0,0.0,0,0
2022-2023,2023-02-25,West Ham,Nott'm Forest,4,0,H,0,0,D,18,8,5,3,8,5,12,3,0,0,0,0,1442.1417474778393,1390.7930103980857,51.34873707975362,0.8,1.6,0.6,1.0,1.0,1.6,0,1,0.5,0.5,0.0,0.0,0.0,0.0,0,0
2022-2023,2023-02-25,Bournemouth,Man City,1,4,A,0,3,A,13,20,2,5,10,9,4,6,2,2,0,0,1400.7194704734789,1669.011529594229,-268.2920591207501,0.9,1.6,0.8,2.0,1.0,2.0,1,0,0.5,0.5,0.0,0.0,0.0,0.0,0,0
2022-2023,2023-02-25,Crystal Palace,Liverpool,0,0,D,0,0,D,6,12,0,4,11,14,5,3,2,5,0,0,1466.2069243434244,1603.0770773390625,-136.87015299563814,0.6,1.4,0.7,1.5,1.3,1.9,0,0,0.5,0.5,0.0,0.0,0.0,0.0,0,0
2022-2023,2023-02-26,Tottenham,Chelsea,2,0,H,0,0,D,8,10,3,2,10,10,4,4,2,3,0,0,1567.0475608504319,1524.7648273446391,42.28273350579275,1.7,1.7,1.6,0.6,0.7,1.0,0,0,0.5,0.5,0.0,0.0,0.0,0.0,0,0
2022-2023,2023-03-01,Arsenal,Everton,4,0,H,2,0,H,15,8,5,5,5,12,5,1,0,2,0,0,1636.4910017818447,1404.2752468507001,232.2157549311446,1.9,1.2,2.0,0.6,1.8,0.7,0,0,0.5,0.5,0.0,0.0,0.0,0.0,0,0
2022-2023,2023-03-01,Liverpool,Wolves,2,0,H,0,0,D,15,4,6,1,13,14,5,2,2,3,0,0,1602.019834812617,1443.0918171422322,158.92801767038486,1.3,1.2,1.7,1.0,1.1,1.4,0,0,0.5,0.5,0.0,0.0,0.0,0.0,0,0
2022-2023,2023-03-04,Man City,Newcastle,2,0,H,1,0,H,11,5,3,2,8,13,8,4,2,4,0,0,1674.5140563972218,1554.2283712648582,120.2856851323636,2.1,1.0,2.0,1.1,0.5,1.7,0,0,0.5,0.5,0.0,0.0,0.0,0.0,0,0
2022-2023,2023-03-04,Arsenal,Bournemouth,3,2,H,0,1,A,31,4,9,4,6,8,17,1,0,2,0,0,1639.0652588590629,1395.216943670486,243.84831518857686,2.0,1.1,2.0,0.7,1.6,0.8,0,1,0.5,0.5,0.0,0.0,0.0,0.0,0,0
2022-2023,2023-03-04,Aston Villa,Crystal Palace,1,0,H,1,0,H,8,3,1,0,14,17,2,4,2,3,0,1,1471.550757852687,1467.2641668698698,4.286590982817188,1.6,1.7,1.6,0.6,1.3,0.8,0,0,0.5,0.5,0.0,0.0,0.0,0.0,0,0
2022-2023,2023-03-04,Brighton,West Ham,4,0,H,1,0,H,20,3,9,2,6,8,7,3,0,3,0,0,1513.763567373429,1448.041702063955,65.72186530947397,2.0,1.4,1.7,1.1,1.4,0.9,0,0,0.5,0.5,0.0,0.0,0.0,0.0,0,0
2022-2023,2023-03-04,Chelsea,Leeds,1,0,H,0,0,D,13,11,3,2,10,7,5,7,2,0,0,0,1518.6455000691114,1418.2679922776947,100.37750779141675,0.6,0.8,1.0,0.7,1.3,0.7,0,0,0.5,0.5,0.0,0.0,0.0,0.0,0,0
2022-2023,2023-03-04,Wolves,Tottenham,1,0,H,0,0,D,8,21,5,6,11,18,4,8,1,1,0,0,1439.4149117630898,1573.1668881259595,-133.75197636286975,1.0,1.1,1.4,1.5,1.4,1.6,0,0,0.5,0.5,0.0,0.0,0.0,0.0,0,0
2022-2023,2023-03-04,Southampton,Leicester,1,0,H,1,0,H,11,11,5,0,12,11,3,4,4,2,0,0,1384.6563935172157,1458.9945214799604,-74.3381279627447,0.7,1.7,0.6,1.3,1.7,1.0,0,0,0.5,0.5,0.0,0.0,0.0,0.0,0,0
2022-2023,2023-03-05,Nott'm Forest,Everton,2,2,D,1,2,A,10,10,4,3,11,17,3,3,3,5,0,0,1384.89305581197,1401.700989773482,-16.807933961511935,0.8,1.2,1.5,0.6,1.9,0.7,1,0,0.5,0.5,0.0,0.0,0.0,0.0,0,0
2022-2023,2023-03-05,Liverpool,Man United,7,0,H,1,0,H,18,8,8,4,13,14,4,3,2,3,0,0,1605.6967401917595,1594.8028370450854,10.89390314667412,1.2,1.1,1.7,2.1,0.8,2.3,0,0,0.5,0.5,0.0,0.0,0.0,0.0,0,0
2022-2023,2023-03-06,Brentford,Fulham,3,2,H,1,1,D,14,9,6,5,12,17,2,3,0,3,0,0,1497.0732164011677,1470.707048214169,26.36616818699872,1.8,0.8,2.0,1.2,0.5,2.0,0,1,0.5,0.5,0.0,0.0,0.0,0.0,0,0
2022-2023,2023-03-11,Bournemouth,Liverpool,1,0,H,1,0,H,5,15,2,6,7,9,3,8,2,1,0,0,1392.7891807896224,1612.6091026305876,-219.8199218409652,0.6,1.9,0.5,1.6,1.0,1.7,1,0,0.5,0.5,0.0,0.0,0.0,0.0,0,0
2022-2023,2023-03-11,Everton,Brentford,1,0,H,1,0,H,13,12,6,4,11,12,5,8,2,1,0,0,1404.0507139565907,1503.5884299260977,-99.53771596950696,0.7,1.9,0.8,1.9,0.8,2.2,0,0,0.5,0.5,0.0,0.0,0.0,0.0,0,0
2022-2023,2023-03-11,Leeds,Brighton,2,2,D,1,1,D,12,14,4,2,12,9,4,7,1,1,0,0,1413.4708595524223,1519.3253028646138,-105.8544433121915,0.6,1.1,0.7,2.1,1.2,1.7,0,0,0.5,0.5,0.0,0.0,0.0,0.0,0,0
2022-2023,2023-03-11,Leicester,Chelsea,1,3,A,1,2,A,17,12,7,6,10,11,2,5,1,2,1,0,1449.7317893159195,1523.4426327943838,-73.71084347846431,1.1,1.8,0.7,0.5,0.8,1.0,0,0,0.5,0.5,0.0,0.0,0.0,0.0,0,0
2022-2023,2023-03-11,Tottenham,Nott'm Forest,3,1,H,2,0,H,15,9,7,5,13,13,2,10,3,1,0,0,1562.198472664123,1382.5433316288613,179.65514103526175,1.3,1.3,1.5,0.9,1.4,1.3,0,1,0.5,0.5,0.0,0.0,0.0,0.0,0,0
2022-2023,2023-03-11,Crystal Palace,Man City,0,1,A,0,0,D,4,14,0,4,11,17,2,6,2,2,0,0,1460.1787657215436,1678.905825257226,-218.72705953568243,0.6,1.1,0.8,2.2,0.9,2.2,0,0,0.5,0.5,0.0,0.0,0.0,0.0,0,0
2022-2023,2023-03-12,Fulham,Arsenal,0,3,A,0,3,A,12,15,2,7,10,9,4,8,0,1,0,0,1464.191834689239,1641.4930217399265,-177.30118705068753,1.1,0.8,1.7,1.9,1.1,2.0,1,0,0.5,0.5,0.0,0.0,0.0,0.0,0,0
2022-2023,2023-03-12,Man United,Southampton,0,0,D,0,0,D,10,17,4,4,12,9,7,8,2,0,0,0,1587.8904746062574,1393.9191256812567,193.9713489250007,1.8,1.5,2.0,0.7,1.4,0.9,0,0,0.5,0.5,0.0,0.0,0.0,0.0,0,0
2022-2023,2023-03-12,West Ham,Aston Villa,1,1,D,1,1,D,17,12,6,4,8,6,13,2,1,0,0,0,1442.47996657277,1478.636159001013,-36.156192428243,1.1,1.6,0.9,1.5,1.6,1.6,0,0,0.5,0.5,0.0,0.0,0.0,0.0,0,0
2022-2023,2023-03-12,Newcastle,Wolves,2,1,H,1,0,H,19,7,8,4,11,10,10,3,1,2,0,0,1549.836602404854,1450.3833272249262,99.45327517992769,0.7,0.6,1.4,0.9,1.0,1.4,0,0,0.5,0.5,0.0,0.0,0.0,0.0,0,0
2022-2023,2023-03-15,Brighton,Crystal Palace,1,0,H,1,0,H,11,11,5,3,13,20,1,4,1,2,0,0,1519.1568143873087,1453.468921652792,65.68789273451671,2.2,1.2,1.8,0.4,1.2,0.5,0,0,0.5,0.5,0.0,0.0,0.0,0.0,0,0
2022-2023,2023-03-15,Southampton,Brentford,0,2,A,0,1,A,7,11,1,5,14,10,3,3,1,2,0,0,1400.809483142794,1493.6017355222125,-92.79225237941841,0.6,1.1,1.0,1.7,0.8,1.9,0,0,0.5,0.5,0.0,0.0,0.0,0.0,0,0
2022-2023,2023-03-17,Nott'm Forest,Newcastle,1,2,A,1,1,D,5,15,3,4,17,9,3,7,5,1,0,0,1379.2110717263465,1554.6531625310008,-175.4420908046543,1.0,1.4,1.3,0.8,0.7,1.4,1,0,0.5,0.5,0.0,0.0,0.0,0.0,0,0
2022-2023,2023-03-18,Aston Villa,Bournemouth,3,0,H,1,0,H,20,10,9,3,8,13,9,6,1,4,0,0,1480.4533241512838,1406.107357679771,74.34596647151284,1.5,1.4,1.7,0.7,1.7,0.8,0,1,0.5,0.5,0.0,0.0,0.0,0.0,0,0
2022-2023,2023-03-18,Brentford,Leicester,1,1,D,1,0,H,11,14,2,1,10,11,8,4,1,2,1,0,1503.8091614186676,1438.9765673294085,64.83259408925915,1.7,0.6,2.1,1.2,1.8,0.7,0,0,0.5,0.5,0.0,0.0,0.0,0.0,0,0
2022-2023,2023-03-18,Southampton,Tottenham,3,3,D,0,1,A,19,17,7,3,13,8,10,3,1,1,0,0,1390.602057246339,1565.5307325666379,-174.9286753202989,0.5,1.1,1.0,1.6,1.2,1.8,0,0,0.5,0.5,0.0,0.0,0.0,0.0,0,0
2022-2023,2023-03-18,Wolves,Leeds,2,4,A,0,1,A,23,11,8,4,15,9,5,4,3,5,1,0,1445.5667670987793,1413.6393480297274,31.927419069051894,1.0,1.1,1.4,0.8,1.3,0.7,0,0,0.5,0.5,0.0,0.0,0.0,0.0,0,0
2022-2023,2023-03-18,Chelsea,Everton,2,2,D,0,0,D,20,12,7,3,8,12,8,2,2,2,0,0,1534.1978547808949,1414.0374083604759,120.16044642041902,0.7,0.8,1.2,0.7,1.8,1.0,0,0,0.5,0.5,0.0,0.0,0.0,0.0,0,0
2022-2023,2023-03-19,Arsenal,Crystal Palace,4,1,H,2,0,H,15,8,5,4,8,10,5,4,0,1,0,0,1649.3041145996697,1447.9064009289773,201.39771367069238,2.2,1.1,2.2,0.4,0.9,0.5,0,0,0.5,0.5,0.0,0.0,0.0,0.0,0,0
2022-2023,2023-04-01,Bournemouth,Fulham,2,1,H,0,1,A,12,10,7,2,15,13,4,3,1,4,0,0,1400.7427365716253,1456.3807418294957,-55.63800525787042,0.7,1.8,0.8,0.9,1.0,1.4,1,1,0.5,0.5,0.0,0.0,0.0,0.0,0,0
2022-2023,2023-04-01,Man City,Liverpool,4,1,H,1,1,D,17,4,8,1,9,12,7,1,1,1,0,0,1685.6156693259777,1599.290925740439,86.32474358553873,2.2,0.9,2.2,1.4,1.0,1.4,0,0,0.5,0.5,0.0,0.0,0.0,0.0,0,0
2022-2023,2023-04-01,Crystal Palace,Leicester,2,1,H,0,0,D,31,3,9,2,12,16,10,1,3,4,0,0,1444.907379107702,1443.394255032984,1.5131240747180073,0.5,1.2,0.5,1.2,1.7,0.8,0,0,0.5,0.5,0.0,0.0,0.0,0.0,0,0
2022-2023,2023-04-01,Arsenal,Leeds,4,1,H,1,0,H,13,7,6,5,11,13,4,3,0,2,0,0,1652.303136420945,1427.2639702799904,225.03916614095465,2.4,1.2,2.2,1.0,1.3,0.9,0,0,0.5,0.5,0.0,0.0,0.0,0.0,0,0
2022-2023,2023-04-01,Nott'm Forest,Wolves,1,1,D,1,0,H,17,8,7,1,14,13,4,3,3,5,0,0,1371.3489743111284,1431.9421448485164,-60.593170537388005,1.0,1.5,1.2,1.1,1.4,1.3,1,0,0.5,0.5,0.0,0.0,0.0,0.0,0,0
2022-2023,2023-04-01,Chelsea,Aston Villa,0,2,A,0,1,A,27,5,8,2,14,16,13,2,3,3,0,0,1528.5920950534216,1485.8179452594295,42.77414979399214,0.9,0.9,1.3,1.6,1.4,1.7,0,0,0.5,0.5,0.0,0.0,0.0,0.0,0,0
2022-2023,2023-04-01,Brighton,Brentford,3,3,D,2,2,D,33,7,15,5,16,10,14,0,2,1,0,0,1524.7193351111234,1499.3914737150922,25.327861396031267,2.0,1.1,1.8,1.6,0.7,1.9,0,0,0.5,0.5,0.0,0.0,0.0,0.0,0,0
2022-2023,2023-04-02,West Ham,Southampton,1,0,H,1,0,H,12,9,2,3,10,11,5,3,0,2,0,0,1440.6628014224993,1392.725853514025,47.936947908474394,1.1,1.4,1.0,0.8,1.3,1.1,0,0,0.5,0.5,0.0,0.0,0.0,0.0,0,0
2022-2023,2023-04-02,Newcastle,Man United,2,0,H,0,0,D,22,6,6,1,8,12,7,4,0,0,0,0,1562.515259946219,1581.00011714472,-18.484857198501004,0.7,0.8,1.4,1.7,1.5,1.8,0,0,0.5,0.5,0.0,0.0,0.0,0.0,0,0
2022-2023,2023-04-03,Everton,Tottenham,1,1,D,0,0,D,15,8,6,2,10,14,3,3,0,3,1,1,1419.643168087949,1563.406936298952,-143.7637682110028,0.8,1.6,1.1,1.5,1.5,1.6,0,0,0.5,0.5,0.0,0.0,0.0,0.0,0,0
2022-2023,2023-04-04,Bournemouth,Brighton,0,2,A,0,1,A,14,16,3,6,11,5,5,5,1,1,0,0,1409.4727896452466,1521.2608316611565,-111.78804201590992,0.9,1.6,1.1,2.1,1.0,1.9,1,0,0.5,0.5,0.0,0.0,0.0,0.0,0,0
2022-2023,2023-04-04,Leeds,Nott'm Forest,2,1,H,2,1,H,21,13,6,1,11,13,11,4,1,4,0,0,1424.5956245359355,1370.2195934266301,54.37603110930536,1.0,1.5,0.9,1.0,1.6,1.0,0,1,0.5,0.5,0.0,0.0,0.0,0.0,0,0
2022-2023,2023-04-04,Leicester,Aston Villa,1,2,A,1,1,D,9,15,4,5,10,14,4,8,2,0,1,0,1436.2356394980322,1499.7106254354312,-63.47498593739897,1.3,1.8,0.8,1.7,1.3,1.9,0,0,0.5,0.5,0.0,0.0,0.0,0.0,0,0
2022-2023,2023-04-04,Chelsea,Liverpool,0,0,D,0,0,D,12,7,3,4,6,17,3,5,1,4,0,0,1514.69941487742,1594.1926382495,-79.49322337208014,0.8,0.9,1.3,1.4,1.1,1.4,0,0,0.5,0.5,0.0,0.0,0.0,0.0,0,0
2022-2023,2023-04-05,Man United,Brentford,1,0,H,1,0,H,18,6,3,1,8,13,12,3,3,2,0,0,1573.3041890262548,1502.849977165059,70.45421186119574,1.4,1.7,1.5,1.6,0.9,1.7,0,0,0.5,0.5,0.0,0.0,0.0,0.0,0,0
2022-2023,2023-04-05,West Ham,Newcastle,1,5,A,1,2,A,7,15,2,8,11,12,7,6,2,1,0,0,1446.6447751357807,1570.2111880646842,-123.56641292890345,1.2,1.2,1.3,0.9,0.8,1.6,0,0,0.5,0.5,0.0,0.0,0.0,0.0,0,0
2022-2023,2023-04-08,Aston Villa,Nott'm Forest,2,0,H,0,0,D,8,6,3,2,7,17,1,8,3,4,0,0,1510.758044073625,1364.3918642136723,146.36617985995258,1.7,1.3,1.9,0.9,1.8,0.7,0,1,0.5,0.5,0.0,0.0,0.0,0.0,0,0
2022-2023,2023-04-08,Fulham,West Ham,0,1,A,0,1,A,16,9,3,5,10,12,11,4,1,1,0,0,1447.6506887558744,1437.3220326888616,10.328656067012844,0.9,1.2,1.1,1.1,1.5,1.2,1,0,0.5,0.5,0.0,0.0,0.0,0.0,0,0
2022-2023,2023-04-08,Man United,Everton,2,0,H,1,0,H,29,15,11,1,10,9,10,4,0,0,0,0,1578.757211049515,1420.8961706737523,157.86104037576274,1.3,1.6,1.5,0.8,1.5,1.2,0,0,0.5,0.5,0.0,0.0,0.0,0.0,0,0
2022-2023,2023-04-08,Brentford,Newcastle,1,2,A,1,0,H,12,10,6,4,10,15,6,5,0,0,0,0,1497.3969551417988,1579.5339305116033,-82.13697536980453,1.4,1.0,1.4,1.4,0.9,1.8,0,0,0.5,0.5,0.0,0.0,0.0,0.0,0,0
2022-2023,2023-04-08,Wolves,Chelsea,1,0,H,1,0,H,9,13,4,1,14,10,8,8,2,5,0,0,1433.0715257330146,1514.1098668527814,-81.03834111976676,1.1,1.5,1.1,0.7,0.9,1.1,0,0,0.5,0.5,0.0,0.0,0.0,0.0,0,0
2022-2023,2023-04-08,Southampton,Man City,1,4,A,0,1,A,4,13,1,8,6,10,0,10,0,2,0,0,1386.7438798007436,1690.7139568169166,-303.97007701617304,0.6,1.3,0.8,2.5,0.8,2.5,0,0,0.5,0.5,0.0,0.0,0.0,0.0,0,0
2022-2023,2023-04-08,Tottenham,Brighton,2,1,H,1,1,D,9,17,3,4,15,15,3,7,3,1,0,0,1562.1539337131487,1530.9216746694424,31.232259043706335,1.6,1.4,1.7,1.9,0.9,1.9,0,0,0.5,0.5,0.0,0.0,0.0,0.0,0,0
2022-2023,2023-04-08,Leicester,Bournemouth,0,1,A,0,1,A,14,19,4,7,10,13,6,6,0,3,0,0,1425.1882208598386,1399.8119466369608,25.376274222877782,1.4,1.8,0.8,0.9,1.6,1.1,0,1,0.5,0.5,0.0,0.0,0.0,0.0,0,0
2022-2023,2023-04-09,Leeds,Crystal Palace,1,5,A,1,1,D,11,16,7,8,11,8,2,4,3,1,0,0,1430.4233537488933,1452.0659946426535,-21.642640893760245,1.2,1.6,1.1,0.6,1.2,0.7,0,0,0.5,0.5,0.0,0.0,0.0,0.0,0,0
2022-2023,2023-04-09,Liverpool,Arsenal,2,2,D,1,2,A,21,9,6,5,11,11,5,4,4,4,0,0,1594.7821862741387,1654.971482165,-60.18929589086133,1.4,0.8,1.5,2.5,1.1,2.2,0,0,0.5,0.5,0.0,0.0,0.0,0.0,0,0
2022-2023,2023-04-15,Chelsea,Brighton,1,2,A,1,1,D,8,26,2,10,11,11,2,8,2,2,0,0,1504.6550860538455,1524.5289046852838,-19.873818631438326,0.7,1.0,1.0,1.7,1.1,1.6,0,0,0.5,0.5,0.0,0.0,0.0,0.0,0,0
2022-2023,2023-04-15,Everton,Fulham,1,3,A,1,1,D,15,21,7,7,10,6,4,8,3,2,0,0,1417.200797773327,1434.5777766801639,-17.37697890683694,0.8,1.5,1.2,0.7,1.2,0.8,0,1,0.5,0.5,0.0,0.0,0.0,0.0,0,0
2022-2023,2023-04-15,Aston Villa,Newcastle,3,0,H,1,0,H,16,8,6,2,13,15,7,2,1,1,0,0,1514.6569296276864,1590.0476171443495,-75.39068751666309,1.8,1.3,1.9,1.5,1.0,1.8,0,0,0.5,0.5,0.0,0.0,0.0,0.0,0,0
2022-2023,2023-04-15,Southampton,Crystal Palace,0,2,A,0,0,D,11,9,4,2,6,13,6,2,3,1,0,0,1382.0217524692143,1464.283825008172,-82.26207253895768,0.7,1.6,0.8,1.1,1.3,0.9,0,0,0.5,0.5,0.0,0.0,0.0,0.0,0,0
2022-2023,2023-04-15,Tottenham,Bournemouth,2,3,A,1,1,D,24,6,8,6,8,9,8,1,1,2,0,0,1568.5467036973073,1413.2716767889997,155.2750269083076,1.6,1.1,2.0,0.9,1.5,1.3,0,1,0.5,0.5,0.0,0.0,0.0,0.0,0,0
2022-2023,2023-04-15,Wolves,Brentford,2,0,H,1,0,H,11,10,9,3,12,8,5,2,1,1,0,0,1442.5263065319505,1486.8832685090526,-44.35696197710217,1.2,1.2,1.4,1.5,1.2,1.3,0,0,0.5,0.5,0.0,0.0,0.0,0.0,0,0
2022-2023,2023-04-15,Man City,Leicester,3,1,H,3,0,H,12,10,4,4,8,8,6,2,1,1,0,0,1695.4360841484458,1411.7284907077997,283.7075934406462,2.5,0.7,2.5,1.2,1.7,0.7,0,0,0.5,0.5,0.0,0.0,0.0,0.0,0,0
2022-2023,2023-04-16,West Ham,Arsenal,2,2,D,1,2,A,16,11,3,5,11,8,7,2,1,2,0,0,1450.394944764572,1656.1123377146873,-205.71739295011525,1.2,1.4,1.5,2.7,1.2,2.3,0,0,0.5,0.5,0.0,0.0,0.0,0.0,0,0
2022-2023,2023-04-16,Nott'm Forest,Man United,0,2,A,0,1,A,6,22,0,8,9,9,4,9,2,2,0,0,1360.4929786596108,1582.4525839499404,-221.9596052903296,0.8,1.9,0.6,1.4,1.5,1.7,1,0,0.5,0.5,0.0,0.0,0.0,0.0,0,0
2022-2023,2023-04-17,Leeds,Liverpool,1,6,A,0,2,A,13,13,3,7,6,12,4,2,0,1,0,0,1418.2055233833748,1593.6413307244513,-175.4358073410765,1.3,2.0,1.1,1.6,1.0,1.5,0,0,0.5,0.5,0.0,0.0,0.0,0.0,0,0
2022-2023,2023-04-21,Arsenal,Southampton,3,3,D,1,2,A,25,8,6,6,10,14,7,2,1,5,0,0,1653.1601008075218,1371.5116569876861,281.6484438198356,2.8,1.3,2.3,0.7,1.5,0.8,0,0,0.5,0.5,0.0,0.0,0.0,0.0,0,0
2022-2023,2023-04-22,Crystal Palace,Everton,0,0,D,0,0,D,12,10,2,5,12,14,8,1,1,1,0,1,1474.7939204897002,1404.8665536774652,69.92736681223505,1.2,1.1,1.2,0.8,1.8,0.9,0,0,0.5,0.5,0.0,0.0,0.0,0.0,0,0
2022-2023,2023-04-22,Brentford,Aston Villa,1,1,D,0,0,D,6,14,5,2,12,8,8,4,3,2,0,0,1478.4712502447142,1523.9497988568417,-45.4785486121275,1.2,1.4,1.0,1.9,0.9,2.2,0,0,0.5,0.5,0.0,0.0,0.0,0.0,0,0
2022-2023,2023-04-22,Liverpool,Nott'm Forest,3,2,H,0,0,D,18,11,6,5,9,12,9,3,0,1,0,0,1601.5036007268568,1353.865847439226,247.63775328763086,2.2,0.8,1.8,0.7,2.1,0.3,0,1,0.5,0.5,0.0,0.0,0.0,0.0,0,0
2022-2023,2023-04-22,Leicester,Wolves,2,1,H,1,1,D,15,16,8,3,17,16,1,7,1,3,0,0,1409.7492274664357,1450.938324796289,-41.18909732985321,0.9,1.8,0.4,1.1,1.2,1.4,0,0,0.5,0.5,0.0,0.0,0.0,0.0,0,0
2022-2023,2023-04-22,Fulham,Leeds,2,1,H,0,0,D,12,10,5,2,10,15,8,6,1,4,0,0,1446.9120207760257,1410.3432533809694,36.568767395056284,1.0,1.2,1.1,1.2,2.4,1.0,1,0,0.5,0.5,0.0,0.0,0.0,0.0,0,0
2022-2023,2023-04-23,Bournemouth,West Ham,0,4,A,0,3,A,17,18,5,10,7,8,8,5,1,2,0,0,1429.531247088545,1453.3471816717376,-23.815934583192757,1.2,1.6,1.6,1.2,1.6,1.3,1,0,0.5,0.5,0.0,0.0,0.0,0.0,0,0
2022-2023,2023-04-23,Newcastle,Tottenham,6,1,H,5,0,H,25,11,8,3,7,13,9,3,0,3,0,0,1580.7547479151942,1552.287133397762,28.46761451743214,1.5,1.3,1.7,1.7,1.4,1.7,0,0,0.5,0.5,0.0,0.0,0.0,0.0,0,0
2022-2023,2023-04-25,Wolves,Crystal Palace,2,0,H,1,0,H,9,14,3,4,13,14,6,11,5,4,0,0,1442.6150548132932,1470.2589795016413,-27.64392468834808,1.0,1.3,1.1,1.1,1.0,1.2,0,0,0.5,0.5,0.0,0.0,0.0,0.0,0,0
2022-2023,2023-04-25,Aston Villa,Fulham,1,0,H,1,0,H,14,1,3,0,6,18,8,2,3,2,0,0,1525.506296751078,1453.1719265143524,72.33437023672559,1.9,0.7,2.3,1.2,1.2,1.4,0,1,0.5,0.5,0.0,0.0,0.0,0.0,0,0
2022-2023,2023-04-25,Leeds,Leicester,1,1,D,1,0,H,13,15,3,3,14,15,3,6,4,2,0,0,1404.0833476426426,1418.0724974494315,-13.989149806788873,1.3,2.4,1.0,0.7,1.8,0.4,0,0,0.5,0.5,0.0,0.0,0.0,0.0,0,0
2022-2023,2023-04-26,Nott'm Forest,Brighton,3,1,H,1,1,D,12,17,5,7,7,8,2,7,2,0,0,0,1351.4842316862332,1536.7950866499086,-185.3108549636754,0.9,2.2,0.3,1.7,1.0,1.8,1,0,0.5,0.5,0.0,0.0,0.0,0.0,0,0
2022-2023,2023-04-26,Chelsea,Brentford,0,2,A,0,1,A,15,7,4,1,5,13,5,2,1,2,0,0,1492.3889040892207,1476.9147523504778,15.474151738742876,0.8,1.2,0.9,1.2,1.4,1.0,0,0,0.5,0.5,0.0,0.0,0.0,0.0,0,0
2022-2023,2023-04-26,West Ham,Liverpool,1,2,A,1,1,D,7,20,2,4,6,8,3,6,0,0,0,0,1465.505454579599,1603.8852164798495,-138.37976190025051,1.5,1.5,1.5,2.3,1.0,1.8,0,0,0.5,0.5,0.0,0.0,0.0,0.0,0,0
2022-2023,2023-04-26,Man City,Arsenal,4,1,H,2,0,H,14,8,9,2,13,13,1,3,3,1,0,0,1697.4153473898098,1645.1606040242223,52.2547433655875,2.5,0.8,2.5,3.0,1.3,2.4,0,0,0.5,0.5,0.0,0.0,0.0,0.0,0,0
2022-2023,2023-04-27,Everton,Newcastle,1,4,A,0,1,A,13,15,5,8,8,6,3,14,2,1,0,0,1409.401494665524,1587.2169344442095,-177.81543977868546,0.8,1.6,1.0,2.0,1.3,1.9,0,0,0.5,0.5,0.0,0.0,0.0,0.0,0,0
2022-2023,2023-04-27,Southampton,Bournemouth,0,1,A,0,0,D,11,16,2,2,9,11,6,4,0,3,0,0,1379.5111537709854,1417.3729741806835,-37.86182040969811,0.9,1.6,0.9,1.1,1.9,1.5,0,1,0.5,0.5,0.0,0.0,0.0,0.0,0,0
2022-2023,2023-04-27,Tottenham,Man United,2,2,D,0,2,A,18,17,7,8,8,7,6,8,1,2,0,0,1545.8249468687468,1589.0797151703252,-43.25476830157845,1.7,2.0,1.4,1.4,1.2,2.0,0,0,0.5,0.5,0.0,0.0,0.0,0.0,0,0
2022-2023,2023-04-29,Brighton,Wolves,6,0,H,4,0,H,22,10,8,2,14,11,2,5,1,1,0,0,1524.3878290064424,1450.5620741698015,73.82575483664095,1.7,1.3,1.5,1.2,1.2,1.4,0,0,0.5,0.5,0.0,0.0,0.0,0.0,0,0
2022-2023,2023-04-29,Crystal Palace,West Ham,4,3,H,3,2,H,16,8,6,4,9,17,8,5,1,2,0,0,1462.311960145133,1456.6056414774437,5.706318667689402,1.0,1.1,1.1,1.5,1.6,1.4,0,0,0.5,0.5,0.0,0.0,0.0,0.0,0,0
2022-2023,2023-04-29,Brentford,Nott'm Forest,2,1,H,0,1,A,14,5,8,3,6,13,6,0,1,2,0,0,1490.1211616947087,1363.8914893296994,126.22967236500926,1.3,1.3,1.2,1.1,2.2,0.5,0,1,0.5,0.5,0.0,0.0,0.0,0.0,0,0
2022-2023,2023-04-30,Bournemouth,Leeds,4,1,H,2,1,H,12,15,7,6,12,14,2,6,1,0,0,0,1429.1426264667193,1401.6571192677316,27.48550719898776,1.1,1.9,1.5,1.4,2.4,1.1,1,0,0.5,0.5,0.0,0.0,0.0,0.0,0,0
2022-2023,2023-04-30,Fulham,Man City,1,2,A,1,2,A,4,12,1,9,9,10,2,5,1,3,0,0,1447.7617256702517,1703.2936318705072,-255.53190620025543,1.2,1.3,1.3,2.9,0.8,2.8,1,0,0.5,0.5,0.0,0.0,0.0,0.0,0,0
2022-2023,2023-04-30,Man United,Aston Villa,1,0,H,1,0,H,14,7,6,1,16,7,1,4,2,0,0,0,1590.6986049442608,1530.9164975951787,59.782107349082025,1.4,1.3,1.8,1.8,0.3,2.6,0,0,0.5,0.5,0.0,0.0,0.0,0.0,0,0
2022-2023,2023-04-30,Newcastle,Southampton,3,1,H,0,1,A,22,4,5,3,7,10,11,2,1,4,0,0,1595.013939675972,1367.7415014849496,227.2724381910225,2.3,1.3,2.1,0.8,1.7,0.6,0,0,0.5,0.5,0.0,0.0,0.0,0.0,0,0
2022-2023,2023-04-30,Liverpool,Tottenham,4,3,H,3,1,H,12,10,4,7,12,6,5,2,3,2,0,0,1612.7850295820049,1544.2060570948113,68.5789724871936,2.3,1.1,1.8,1.8,1.8,1.5,0,0,0.5,0.5,0.0,0.0,0.0,0.0,0,0
2022-2023,2023-05-01,Leicester,Everton,2,2,D,2,1,H,15,23,6,8,10,12,2,9,4,1,0,0,1420.4987258243425,1401.6044894337615,18.894236390581,0.8,1.6,0.5,0.8,2.0,0.7,0,0,0.5,0.5,0.0,0.0,0.0,0.0,0,0
2022-2023,2023-05-02,Arsenal,Chelsea,3,1,H,3,0,H,16,7,10,4,10,10,7,2,0,2,0,0,1639.2823195435249,1479.1824947449898,160.0998247985351,2.7,1.5,2.1,0.7,1.3,0.8,0,0,0.5,0.5,0.0,0.0,0.0,0.0,0,0
2022-2023,2023-05-03,Liverpool,Fulham,1,0,H,1,0,H,15,9,3,3,10,8,7,5,0,0,0,0,1618.2809711754799,1441.9614356545744,176.31953552090545,2.7,1.4,2.0,1.1,1.5,1.0,0,1,0.5,0.5,0.0,0.0,0.0,0.0,0,0
2022-2023,2023-05-03,Man City,West Ham,3,0,H,0,0,D,16,6,7,2,8,8,6,3,0,1,0,0,1709.0939218861845,1449.5575874191343,259.5363344670502,2.8,0.8,2.8,1.8,1.8,1.4,0,0,0.5,0.5,0.0,0.0,0.0,0.0,0,0
2022-2023,2023-05-04,Brighton,Man United,1,0,H,0,0,D,22,16,6,5,10,14,8,6,4,4,0,0,1529.7642139784357,1596.3986604370525,-66.63444645861682,2.2,1.2,1.7,1.3,1.1,2.0,0,0,0.5,0.5,0.0,0.0,0.0,0.0,0,0
2022-2023,2023-05-06,Bournemouth,Chelsea,1,3,A,1,1,D,10,11,4,5,9,11,7,7,1,3,0,0,1435.6295670328677,1475.5257888347724,-39.89622180190463,1.4,1.6,1.8,0.8,1.5,0.8,1,0,0.5,0.5,0.0,0.0,0.0,0.0,0,0
2022-2023,2023-05-06,Man City,Leeds,2,1,H,2,0,H,18,4,6,2,3,16,10,1,0,3,0,0,1711.335544250941,1395.1701787015832,316.16536554935783,2.8,0.7,2.8,1.4,2.8,0.8,0,0,0.5,0.5,0.0,0.0,0.0,0.0,0,0
2022-2023,2023-05-06,Tottenham,Crystal Palace,1,0,H,1,0,H,8,7,3,2,15,14,8,4,3,5,0,0,1538.7101155013363,1469.3600142034425,69.35010129789384,1.9,2.2,1.2,1.4,1.4,1.3,0,0,0.5,0.5,0.0,0.0,0.0,0.0,0,0
2022-2023,2023-05-06,Wolves,Aston Villa,1,0,H,1,0,H,6,16,2,3,20,9,5,6,3,3,0,0,1445.1856891978082,1525.216442102387,-80.03075290457878,1.1,1.7,1.3,1.6,0.4,2.3,0,0,0.5,0.5,0.0,0.0,0.0,0.0,0,0
2022-2023,2023-05-06,Liverpool,Brentford,1,0,H,1,0,H,15,5,5,1,19,10,7,3,4,2,0,0,1621.6668961354044,1494.3967836278896,127.2701125075148,2.6,1.4,2.0,1.2,1.2,1.2,0,0,0.5,0.5,0.0,0.0,0.0,0.0,0,0
2022-2023,2023-05-07,Newcastle,Arsenal,0,2,A,0,1,A,12,10,5,6,16,12,9,4,2,1,0,0,1597.6526983739689,1642.9390254537423,-45.2863270797734,2.6,1.2,2.4,2.9,1.6,2.1,0,0,0.5,0.5,0.0,0.0,0.0,0.0,0,0
2022-2023,2023-05-07,West Ham,Man United,1,0,H,1,0,H,15,19,4,4,4,9,5,6,0,2,0,0,1447.3159650543778,1587.3560568803618,-140.04009182598406,1.4,2.1,1.1,1.1,1.2,1.7,0,0,0.5,0.5,0.0,0.0,0.0,0.0,0,0
2022-2023,2023-05-08,Fulham,Leicester,5,3,H,3,0,H,17,18,7,9,13,15,2,7,0,3,0,0,1438.57551069465,1417.2042797125048,21.371230982145107,1.0,1.6,0.7,1.0,1.7,0.6,1,0,0.5,0.5,0.0,0.0,0.0,0.0,0,0
2022-2023,2023-05-08,Brighton,Everton,1,5,A,0,3,A,23,10,5,5,11,13,15,1,1,5,0,0,1538.8068175351264,1404.8989355455992,133.90788198952714,2.3,1.1,2.0,1.0,2.0,0.8,0,0,0.5,0.5,0.0,0.0,0.0,0.0,0,0
2022-2023,2023-05-08,Nott'm Forest,Southampton,4,3,H,3,1,H,9,19,4,5,16,10,2,11,1,0,0,0,1359.6158673965185,1365.1027427869528,-5.486875390434307,1.2,2.0,0.5,0.9,1.9,0.6,1,0,0.5,0.5,0.0,0.0,0.0,0.0,0,0
2022-2023,2023-05-13,Leeds,Newcastle,2,2,D,1,1,D,9,18,4,5,16,14,2,6,3,2,1,0,1393.5000638786873,1586.090802401734,-192.59073852304664,1.5,2.9,0.8,2.6,1.2,2.4,0,0,0.5,0.5,0.0,0.0,0.0,0.0,0,0
2022-2023,2023-05-13,Aston Villa,Tottenham,2,1,H,1,0,H,8,5,4,2,9,14,8,3,3,3,0,0,1515.790571162607,1544.188382493216,-28.397811330609102,1.5,0.5,2.0,1.8,2.2,1.2,0,0,0.5,0.5,0.0,0.0,0.0,0.0,0,0
2022-2023,2023-05-13,Chelsea,Nott'm Forest,2,2,D,0,1,A,14,11,6,2,13,15,2,5,3,1,0,0,1487.238661897191,1366.9607340348045,120.27792786238638,1.1,1.4,1.1,1.4,2.1,0.7,0,1,0.5,0.5,0.0,0.0,0.0,0.0,0,0
2022-2023,2023-05-13,Crystal Palace,Bournemouth,2,0,H,1,0,H,17,5,5,0,5,12,11,2,0,2,0,0,1463.8817472115627,1423.9166939704492,39.96505324111354,1.4,1.4,1.3,1.3,1.6,1.8,0,1,0.5,0.5,0.0,0.0,0.0,0.0,0,0
2022-2023,2023-05-13,Man United,Wolves,2,0,H,1,0,H,27,5,9,0,9,9,11,7,3,2,0,0,1576.2086854456466,1454.6115601375882,121.59712530805837,0.8,1.3,1.4,1.2,1.5,1.6,0,0,0.5,0.5,0.0,0.0,0.0,0.0,0,0
2022-2023,2023-05-13,Southampton,Fulham,0,2,A,0,0,D,5,9,1,4,17,12,1,8,2,0,0,0,1357.7578761486668,1445.2176587108122,-87.45978256214539,1.1,2.3,0.3,1.4,1.8,0.9,0,1,0.5,0.5,0.0,0.0,0.0,0.0,0,0
2022-2023,2023-05-14,Brentford,West Ham,2,0,H,2,0,H,24,4,10,4,5,5,7,5,1,0,0,0,1490.1412605087644,1458.463336489093,31.67792401967131,1.2,1.2,1.2,1.5,1.7,1.4,0,0,0.5,0.5,0.0,0.0,0.0,0.0,0,0
2022-2023,2023-05-14,Everton,Man City,0,3,A,0,2,A,7,9,3,4,12,4,8,6,1,0,0,0,1420.7700132255572,1713.0056590738368,-292.23564584827955,1.5,1.7,1.1,2.9,0.7,3.0,0,0,0.5,0.5,0.0,0.0,0.0,0.0,0,0
2022-2023,2023-05-14,Arsenal,Brighton,0,3,A,0,0,D,14,12,2,6,13,17,5,2,1,2,0,0,1654.5009214259771,1522.9357398551683,131.56518157080882,2.7,1.6,2.1,2.0,1.6,1.7,0,0,0.5,0.5,0.0,0.0,0.0,0.0,0,0
2022-2023,2023-05-15,Leicester,Liverpool,0,3,A,0,2,A,4,16,4,5,11,17,4,4,2,1,0,0,1410.5621316963425,1625.9224192545296,-215.3602875581871,1.3,2.1,0.6,2.0,1.4,2.0,0,0,0.5,0.5,0.0,0.0,0.0,0.0,0,0
2022-2023,2023-05-18,Newcastle,Brighton,4,1,H,2,0,H,22,8,9,2,17,16,6,1,2,4,0,0,1583.4871742321664,1538.7624565009025,44.72471773126381,2.6,1.3,2.2,2.1,1.4,1.9,0,0,0.5,0.5,0.0,0.0,0.0,0.0,0,0
2022-2023,2023-05-20,Tottenham,Brentford,1,3,A,1,0,H,22,11,8,4,11,9,8,2,1,1,0,0,1536.2205698421649,1496.5228774886718,39.69769235349304,1.9,2.3,1.2,1.2,1.2,1.2,0,0,0.5,0.5,0.0,0.0,0.0,0.0,0,0
2022-2023,2023-05-20,Fulham,Crystal Palace,2,2,D,1,1,D,11,11,4,5,13,12,7,4,3,0,0,0,1455.578438527309,1470.0578829042536,-14.479444376944684,1.4,1.5,1.2,1.6,1.3,1.6,1,0,0.5,0.5,0.0,0.0,0.0,0.0,0,0
2022-2023,2023-05-20,Bournemouth,Man United,0,1,A,0,1,A,10,20,4,5,6,7,3,6,1,0,0,0,1417.7405582777583,1580.5746348605337,-162.83407658277542,1.2,1.8,1.5,1.0,0.6,1.7,1,0,0.5,0.5,0.0,0.0,0.0,0.0,0,0
2022-2023,2023-05-20,Nott'm Forest,Arsenal,1,0,H,1,0,H,6,11,2,3,11,12,3,6,3,2,0,0,1372.5688121248443,1638.674204780243,-266.10539265539865,1.5,2.0,0.8,2.4,1.7,1.8,1,0,0.5,0.5,0.0,0.0,0.0,0.0,0,0
2022-2023,2023-05-20,Wolves,Everton,1,1,D,1,0,H,13,19,5,4,18,10,1,7,5,1,0,0,1450.245610722701,1415.799897319753,34.44571340294806,1.1,1.7,1.3,1.3,1.8,1.0,0,0,0.5,0.5,0.0,0.0,0.0,0.0,0,0
2022-2023,2023-05-20,Liverpool,Aston Villa,1,1,D,0,1,A,10,6,5,3,16,13,9,4,3,5,0,0,1632.7189505551714,1523.7583838136582,108.96056674151328,2.3,1.3,2.3,1.6,0.5,2.2,0,0,0.5,0.5,0.0,0.0,0.0,0.0,0,0
2022-2023,2023-05-21,West Ham,Leeds,3,1,H,1,1,D,19,12,9,3,6,11,9,5,1,3,0,0,1452.0817195091856,1396.103692048255,55.97802746093066,1.4,1.8,1.3,1.5,2.9,0.8,0,0,0.5,0.5,0.0,0.0,0.0,0.0,0,0
2022-2023,2023-05-21,Brighton,Southampton,3,1,H,2,0,H,26,5,8,1,8,9,4,3,2,5,0,0,1532.7026670091177,1347.3970963321701,185.30557067694758,2.1,1.8,1.6,1.1,2.5,0.2,0,0,0.5,0.5,0.0,0.0,0.0,0.0,0,0
2022-2023,2023-05-21,Man City,Chelsea,1,0,H,1,0,H,15,13,2,6,12,9,5,2,0,2,0,0,1717.975774979641,1481.6305838071512,236.34519117248988,2.8,0.6,3.0,1.2,1.6,0.9,0,0,0.5,0.5,0.0,0.0,0.0,0.0,0,0
2022-2023,2023-05-22,Newcastle,Leicester,0,0,D,0,0,D,23,1,4,1,9,5,12,1,2,0,0,0,1589.5469637239512,1403.7656003957006,185.78136332825056,2.8,1.3,2.2,1.2,2.1,0.6,0,0,0.5,0.5,0.0,0.0,0.0,0.0,0,0
2022-2023,2023-05-24,Brighton,Man City,1,1,D,1,1,D,20,13,7,4,16,11,5,1,2,1,0,0,1535.9455756300958,1720.497184706988,-184.5516090768922,2.1,1.6,1.8,2.7,0.6,3.0,0,0,0.5,0.5,0.0,0.0,0.0,0.0,0,0
2022-2023,2023-05-25,Man United,Chelsea,4,1,H,2,0,H,18,14,9,5,12,6,3,4,1,1,0,0,1588.7855872081498,1479.1091740798042,109.67641312834553,1.1,0.6,1.9,0.9,1.6,0.6,0,0,0.5,0.5,0.0,0.0,0.0,0.0,0,0
2022-2023,2023-05-28,Chelsea,Newcastle,1,1,D,1,1,D,22,13,5,4,9,11,10,3,0,0,0,0,1474.5045085008069,1582.7824374502009,-108.27792894939398,0.8,1.8,0.5,2.6,1.3,2.0,0,0,0.5,0.5,0.0,0.0,0.0,0.0,0,0
2022-2023,2023-05-28,Crystal Palace,Nott'm Forest,1,1,D,0,1,A,16,7,4,4,9,13,5,4,0,2,0,0,1472.470825630766,1387.0159366487676,85.45488898199847,1.8,1.4,1.7,1.5,1.8,1.1,0,1,0.5,0.5,0.0,0.0,0.0,0.0,0,0
2022-2023,2023-05-28,Aston Villa,Brighton,2,1,H,2,1,H,12,8,5,4,15,16,4,3,4,4,0,0,1529.1390959514035,1538.3322359664521,-9.193140015048584,1.4,0.6,2.0,2.0,1.7,1.6,0,0,0.5,0.5,0.0,0.0,0.0,0.0,0,0
2022-2023,2023-05-28,Brentford,Man City,1,0,H,0,0,D,11,17,4,3,12,8,3,4,4,0,0,0,1510.3401697953811,1718.1105243706318,-207.77035457525062,1.4,1.2,1.4,2.7,0.7,2.8,0,0,0.5,0.5,0.0,0.0,0.0,0.0,0,0
2022-2023,2023-05-28,Arsenal,Wolves,5,0,H,3,0,H,14,6,8,0,8,11,8,4,0,0,0,0,1624.2270802563196,1446.5581948539536,177.66888540236596,2.1,1.8,1.5,1.1,1.6,1.4,0,0,0.5,0.5,0.0,0.0,0.0,0.0,0,0
2022-2023,2023-05-28,Leeds,Tottenham,1,4,A,0,1,A,19,11,2,7,7,5,12,3,3,0,0,0,1390.3139719947462,1522.4032775354556,-132.08930554070935,1.2,3.0,0.5,1.7,2.5,0.9,0,0,0.5,0.5,0.0,0.0,0.0,0.0,0,0
2022-2023,2023-05-28,Leicester,West Ham,2,1,H,1,0,H,13,16,4,3,8,10,3,5,1,1,0,0,1410.530126669451,1457.8714395626944,-47.34131289324341,1.1,2.0,0.6,1.6,1.9,1.3,0,0,0.5,0.5,0.0,0.0,0.0,0.0,0,0
2022-2023,2023-05-28,Man United,Fulham,2,1,H,1,1,D,21,10,8,3,14,10,5,4,1,2,0,0,1593.3902527871471,1453.1654958007964,140.2247569863507,1.5,0.5,2.2,1.6,1.4,1.3,0,1,0.5,0.5,0.0,0.0,0.0,0.0,0,0
2022-2023,2023-05-28,Southampton,Liverpool,4,4,D,2,2,D,15,30,10,8,4,10,2,9,0,2,0,0,1344.154187711192,1627.338238417426,-283.1840507062341,1.2,2.6,0.2,2.3,1.0,2.4,0,0,0.5,0.5,0.0,0.0,0.0,0.0,0,0
2022-2023,2023-05-28,Everton,Bournemouth,1,0,H,0,0,D,13,7,6,2,11,12,9,3,1,3,0,0,1419.4873131885004,1409.5296059301422,9.957707258358141,1.3,1.9,0.8,1.2,1.6,1.5,0,1,0.5,0.5,0.0,0.0,0.0,0.0,0,0
2023-2024,2023-08-11,Burnley,Man City,0,3,A,0,2,A,6,17,1,8,11,8,6,5,0,0,1,0,1442.732800456959,1643.573110137615,-200.840309680656,1.2,1.3,1.4,2.3,0.7,2.5,1,0,0.5,0.5,0.0,0.0,0.0,0.0,0,0
2023-2024,2023-08-12,Arsenal,Nott'm Forest,2,1,H,2,0,H,15,6,7,2,12,12,8,3,2,2,0,0,1589.3138495903877,1424.3290233929056,164.9848261974821,2.2,1.7,1.5,1.5,1.8,1.1,0,0,0.5,0.5,0.0,0.0,0.0,0.0,0,0
2023-2024,2023-08-12,Bournemouth,West Ham,1,1,D,0,0,D,14,16,5,3,9,14,10,4,1,4,0,0,1431.8149923790113,1464.562904959464,-32.74791258045275,1.0,1.6,1.2,1.6,1.6,1.3,0,0,0.5,0.5,0.0,0.0,0.0,0.0,0,0
2023-2024,2023-08-12,Brighton,Luton,4,1,H,1,0,H,27,9,12,3,11,12,6,7,2,2,0,0,1521.6215558259014,1383.0826220790113,138.53893374689005,2.0,1.7,1.6,1.3,1.3,1.1,0,1,0.5,0.5,0.0,0.0,0.0,0.0,0,0
2023-2024,2023-08-12,Everton,Fulham,0,1,A,0,0,D,19,9,9,2,12,6,10,4,0,2,0,0,1448.4968510040385,1464.4081121835484,-15.911261179509893,1.2,1.7,1.0,1.6,1.4,1.3,0,0,0.5,0.5,0.0,0.0,0.0,0.0,0,0
2023-2024,2023-08-12,Sheffield United,Crystal Palace,0,1,A,0,0,D,8,24,1,8,18,11,5,5,3,0,0,0,1398.0356859294104,1477.311710202768,-79.2760242733575,0.4,1.8,0.9,1.8,1.1,1.8,1,0,0.5,0.5,0.0,0.0,0.0,0.0,0,0
2023-2024,2023-08-12,Newcastle,Aston Villa,5,1,H,2,1,H,17,16,13,6,12,17,6,5,4,4,0,0,1557.780957203419,1525.6083765165974,32.17258068682145,2.2,1.3,1.8,1.4,0.7,2.0,0,0,0.5,0.5,0.0,0.0,0.0,0.0,0,0
2023-2024,2023-08-13,Brentford,Tottenham,2,2,D,2,2,D,11,18,6,6,12,13,3,6,1,4,0,0,1516.3423757785938,1522.037603281561,-5.6952275029671,1.2,0.9,1.6,1.8,2.3,1.1,0,0,0.5,0.5,0.0,0.0,0.0,0.0,0,0
2023-2024,2023-08-13,Chelsea,Liverpool,1,1,D,1,1,D,10,13,4,1,5,12,4,4,3,3,0,0,1482.3199049622863,1585.753854716726,-103.43394975443971,0.9,1.7,0.6,2.7,1.4,2.4,0,0,0.5,0.5,0.0,0.0,0.0,0.0,0,0
2023-2024,2023-08-14,Man United,Wolves,1,0,H,0,0,D,15,23,3,6,14,10,8,7,2,3,0,0,1568.1809118280119,1460.2358429868036,107.94506884120824,1.6,0.6,2.2,0.9,1.7,1.4,0,0,0.5,0.5,0.0,0.0,0.0,0.0,0,0
2023-2024,2023-08-18,Nott'm Forest,Sheffield United,2,1,H,1,0,H,16,7,4,3,5,9,6,7,2,3,0,0,1420.7555964738133,1387.439908370707,33.31568810310637,1.5,1.8,1.1,0.4,1.4,0.9,0,1,0.5,0.5,0.0,0.0,0.0,0.0,0,0
2023-2024,2023-08-19,Fulham,Brentford,0,3,A,0,1,A,10,17,2,8,13,12,5,5,2,2,1,0,1476.7822049223566,1513.6928173974038,-36.910612475047174,1.7,1.3,1.6,1.4,1.0,1.7,0,0,0.5,0.5,0.0,0.0,0.0,0.0,0,0
2023-2024,2023-08-19,Liverpool,Bournemouth,3,1,H,2,1,H,26,13,10,5,11,13,10,2,1,3,1,0,1585.6550209160494,1429.9031401655172,155.7518807505321,2.6,1.3,2.4,1.1,1.5,1.3,0,0,0.5,0.5,0.0,0.0,0.0,0.0,0,0
2023-2024,2023-08-19,Wolves,Brighton,1,4,A,0,1,A,16,16,5,8,14,11,5,3,3,6,1,0,1455.5957563132615,1525.6638143878185,-70.06805807455703,0.8,1.7,1.3,2.2,1.7,1.6,0,0,0.5,0.5,0.0,0.0,0.0,0.0,0,0
2023-2024,2023-08-19,Tottenham,Man United,2,0,H,0,0,D,17,22,6,6,9,8,5,6,1,3,0,0,1524.687161662751,1572.820998501554,-48.13383683880306,1.9,2.4,1.1,1.5,0.6,2.2,0,0,0.5,0.5,0.0,0.0,0.0,0.0,0,0
2023-2024,2023-08-19,Man City,Newcastle,1,0,H,1,0,H,14,7,4,1,12,11,3,0,1,5,0,0,1650.7495371666616,1564.1502072539658,86.5993299126958,2.2,0.6,2.5,2.5,1.3,1.8,0,0,0.5,0.5,0.0,0.0,0.0,0.0,0,0
2023-2024,2023-08-20,Aston Villa,Everton,4,0,H,2,0,H,13,9,7,2,8,12,7,6,3,4,0,0,1519.2391264660505,1436.1227582652302,83.11636820082026,1.3,1.1,1.7,1.1,1.7,0.9,0,0,0.5,0.5,0.0,0.0,0.0,0.0,0,0
2023-2024,2023-08-20,West Ham,Chelsea,3,1,H,1,1,D,12,17,6,4,12,9,3,9,2,3,1,0,1466.474757172958,1482.418738762963,-15.943981590004796,1.6,1.7,1.1,1.0,1.8,0.6,0,0,0.5,0.5,0.0,0.0,0.0,0.0,0,0
2023-2024,2023-08-21,Crystal Palace,Arsenal,0,1,A,0,0,D,14,14,2,3,14,10,1,8,2,1,0,1,1487.9074877614714,1592.88727650948,-104.97978874800856,1.7,1.0,1.8,2.0,1.7,1.5,0,0,0.5,0.5,0.0,0.0,0.0,0.0,0,0
2023-2024,2023-08-25,Chelsea,Luton,3,0,H,1,0,H,19,11,8,1,15,12,6,4,2,3,0,0,1474.7919427938723,1379.0403635170942,95.7515792767781,1.1,2.0,0.6,1.0,4.0,0.0,0,1,0.5,0.5,0.0,0.0,0.0,0.0,0,0
2023-2024,2023-08-26,Bournemouth,Tottenham,0,2,A,0,1,A,11,17,3,6,18,11,6,2,1,3,0,0,1426.1710505087208,1533.2053249215985,-107.03427441287772,1.1,1.8,1.0,1.9,2.3,1.1,0,0,0.5,0.5,0.0,0.0,0.0,0.0,0,0
2023-2024,2023-08-26,Arsenal,Fulham,2,2,D,0,1,A,19,8,11,3,6,5,8,3,0,3,0,1,1602.7439564819174,1464.9860449675498,137.7579115143676,1.9,1.5,1.7,1.4,1.5,1.3,0,0,0.5,0.5,0.0,0.0,0.0,0.0,0,0
2023-2024,2023-08-26,Brentford,Crystal Palace,1,1,D,1,0,H,12,15,1,5,9,15,8,6,0,0,0,0,1525.4889773522107,1478.050807789034,47.43816956317664,1.6,0.8,2.0,1.2,1.0,1.5,0,0,0.5,0.5,0.0,0.0,0.0,0.0,0,0
2023-2024,2023-08-26,Everton,Wolves,0,1,A,0,0,D,15,11,7,2,10,14,7,0,3,4,0,0,1430.9539967197748,1444.7363708418131,-13.78237412203839,1.1,1.9,0.9,0.8,2.1,1.0,0,0,0.5,0.5,0.0,0.0,0.0,0.0,0,0
2023-2024,2023-08-26,Man United,Nott'm Forest,3,2,H,1,2,A,18,9,9,4,13,11,11,3,4,4,0,1,1564.3028352427064,1427.0963165917067,137.20651865099967,1.3,0.8,1.9,1.7,1.7,1.4,0,0,0.5,0.5,0.0,0.0,0.0,0.0,0,0
2023-2024,2023-08-26,Brighton,West Ham,1,3,A,0,1,A,25,12,10,3,10,9,17,4,1,3,0,0,1536.523199859267,1474.1015531420487,62.42164671721821,2.5,1.5,1.9,1.7,1.6,1.3,0,0,0.5,0.5,0.0,0.0,0.0,0.0,0,0
2023-2024,2023-08-27,Burnley,Aston Villa,1,3,A,0,2,A,9,16,2,6,12,11,4,6,2,0,0,0,1435.5563734279124,1524.407888011506,-88.8515145835936,0.9,1.4,1.1,1.5,1.1,1.7,1,0,0.5,0.5,0.0,0.0,0.0,0.0,0,0
2023-2024,2023-08-27,Sheffield United,Man City,1,2,A,0,0,D,6,30,2,9,11,2,1,12,3,0,0,0,1381.0991882528135,1655.8418226462677,-274.7426343934542,0.4,1.4,0.9,2.0,0.5,2.5,1,0,0.5,0.5,0.0,0.0,0.0,0.0,0,0
2023-2024,2023-08-27,Newcastle,Liverpool,1,2,A,1,0,H,23,9,8,4,16,10,5,9,1,2,0,1,1559.0579217743598,1589.3871105728458,-30.32918879848603,2.5,1.1,1.8,2.3,1.3,2.4,0,0,0.5,0.5,0.0,0.0,0.0,0.0,0,0
2023-2024,2023-09-01,Luton,West Ham,1,2,A,0,1,A,16,9,1,3,8,13,9,6,1,1,0,0,1374.145456428494,1488.463220010416,-114.31776358192201,0.5,3.5,0.0,1.6,1.7,1.3,1,0,0.5,0.5,0.0,0.0,0.0,0.0,0,0
2023-2024,2023-09-02,Sheffield United,Everton,2,2,D,2,1,H,13,16,8,6,11,13,4,6,1,2,0,0,1375.7435262747217,1418.5221680106088,-42.77864173588705,0.5,1.3,0.9,1.0,1.7,0.9,1,0,0.5,0.5,0.0,0.0,0.0,0.0,0,0
2023-2024,2023-09-02,Brentford,Bournemouth,2,2,D,1,1,D,21,12,7,5,6,13,5,2,1,2,0,0,1521.482996291382,1416.3734855418718,105.10951074951026,1.7,0.7,2.1,0.8,1.8,0.7,0,0,0.5,0.5,0.0,0.0,0.0,0.0,0,0
2023-2024,2023-09-02,Burnley,Tottenham,2,5,A,1,2,A,16,20,4,10,15,9,7,4,4,3,0,0,1425.2356043079055,1543.0028898884475,-117.76728558054197,1.0,1.5,1.1,1.9,2.0,1.4,1,0,0.5,0.5,0.0,0.0,0.0,0.0,0,0
2023-2024,2023-09-02,Chelsea,Nott'm Forest,0,1,A,0,0,D,21,7,2,3,10,9,8,0,3,4,0,0,1479.6868498824724,1423.029263719371,56.657586163101314,1.3,1.8,0.9,1.9,1.8,1.4,0,0,0.5,0.5,0.0,0.0,0.0,0.0,0,0
2023-2024,2023-09-02,Man City,Fulham,5,1,H,2,1,H,7,6,5,4,12,12,4,5,2,4,0,0,1661.1974846243595,1470.9292664292395,190.26821819511997,1.8,0.5,2.5,1.4,1.6,1.1,0,0,0.5,0.5,0.0,0.0,0.0,0.0,0,0
2023-2024,2023-09-02,Brighton,Newcastle,3,1,H,1,0,H,15,9,6,2,14,17,5,3,4,4,0,0,1522.1615329908996,1547.0790879329038,-24.917554942004244,2.0,1.8,1.6,2.0,1.2,1.5,0,0,0.5,0.5,0.0,0.0,0.0,0.0,0,0
2023-2024,2023-09-03,Crystal Palace,Wolves,3,2,H,0,0,D,16,12,11,4,12,12,4,2,1,3,0,0,1482.0567888498626,1457.1681995509791,24.888589298883517,1.1,1.1,1.3,0.7,2.1,1.0,0,0,0.5,0.5,0.0,0.0,0.0,0.0,0,0
2023-2024,2023-09-03,Liverpool,Aston Villa,3,0,H,2,0,H,17,9,4,3,12,7,7,3,0,1,0,0,1601.3659444143018,1534.7286571315128,66.63728728278898,2.2,1.2,2.4,1.5,1.2,1.7,0,0,0.5,0.5,0.0,0.0,0.0,0.0,0,0
2023-2024,2023-09-03,Arsenal,Man United,3,1,H,1,1,D,17,10,5,2,8,7,12,3,2,3,0,0,1596.8007350202276,1568.369888115042,28.430846905185717,1.9,1.5,1.7,1.4,0.8,2.1,0,0,0.5,0.5,0.0,0.0,0.0,0.0,0,0
2023-2024,2023-09-16,Man United,Brighton,1,3,A,0,1,A,14,10,4,8,8,9,8,1,2,2,0,0,1561.9067757471728,1530.0335109002576,31.873264846915163,1.4,1.1,1.8,2.2,1.9,1.6,0,0,0.5,0.5,0.0,0.0,0.0,0.0,0,0
2023-2024,2023-09-16,Aston Villa,Crystal Palace,3,1,H,0,0,D,16,6,5,3,13,9,4,2,5,3,0,0,1529.1880547687012,1488.6094212382727,40.57863353042853,1.4,1.4,1.6,1.4,1.3,1.5,0,0,0.5,0.5,0.0,0.0,0.0,0.0,0,0
2023-2024,2023-09-16,Fulham,Luton,1,0,H,0,0,D,13,7,2,2,6,14,6,2,2,2,0,0,1467.7632304303486,1364.5573216671157,103.20590876323286,1.5,2.0,1.1,0.6666666666666666,3.0,0.0,0,1,0.5,0.5,0.0,0.0,0.0,0.0,0,0
2023-2024,2023-09-16,Newcastle,Brentford,1,0,H,0,0,D,9,11,2,2,8,12,8,3,3,5,0,0,1539.2071100235457,1516.1815045565475,23.025605466998286,1.7,1.4,1.2,1.8,0.8,2.1,0,0,0.5,0.5,0.0,0.0,0.0,0.0,0,0
2023-2024,2023-09-16,Tottenham,Sheffield United,2,1,H,0,0,D,28,7,10,5,13,14,15,2,6,5,0,1,1552.491951614604,1374.1112946005496,178.38065701405435,2.3,1.6,1.7,0.7,1.4,1.0,0,1,0.5,0.5,0.0,0.0,0.0,0.0,0,0
2023-2024,2023-09-16,West Ham,Man City,1,3,A,1,0,H,6,29,3,15,7,11,4,11,3,2,0,0,1498.0513547717944,1664.3635206232505,-166.31216585145603,1.7,1.6,1.6,2.1,0.5,2.5,0,0,0.5,0.5,0.0,0.0,0.0,0.0,0,0
2023-2024,2023-09-16,Wolves,Liverpool,1,3,A,1,0,H,11,16,2,6,10,4,4,4,1,3,0,0,1450.615567162569,1606.9065467771134,-156.2909796145443,0.8,2.2,1.0,2.3,1.1,2.4,0,0,0.5,0.5,0.0,0.0,0.0,0.0,0,0
2023-2024,2023-09-17,Bournemouth,Chelsea,0,0,D,0,0,D,13,14,4,6,15,20,1,7,1,5,0,0,1421.6749772767064,1465.460491091632,-43.78551381492571,1.0,1.6,0.8,1.3,1.7,0.9,0,0,0.5,0.5,0.0,0.0,0.0,0.0,0,0
2023-2024,2023-09-17,Everton,Arsenal,0,1,A,0,0,D,8,13,1,4,12,10,1,11,1,1,0,0,1420.1543996847809,1603.2638473880968,-183.10944770331594,1.2,1.9,0.9,1.9,1.3,1.9,0,0,0.5,0.5,0.0,0.0,0.0,0.0,0,0
2023-2024,2023-09-18,Nott'm Forest,Burnley,1,1,D,0,1,A,14,10,4,3,16,10,5,4,2,3,0,1,1437.2556225102114,1415.746542581749,21.50907992846237,1.8,1.5,1.7,1.1,1.9,1.0,0,1,0.5,0.5,0.0,0.0,0.0,0.0,0,0
2023-2024,2023-09-23,Crystal Palace,Fulham,0,0,D,0,0,D,7,10,3,5,10,15,3,2,3,2,0,0,1482.4483533425512,1472.501243924798,9.947109417753154,1.5,1.4,1.5,1.5,1.8,1.4,0,0,0.5,0.5,0.0,0.0,0.0,0.0,0,0
2023-2024,2023-09-23,Luton,Wolves,1,1,D,0,0,D,20,3,4,3,12,17,10,1,0,2,0,1,1359.8193081726663,1442.2217224775097,-82.40241430484343,0.5,2.5,0.0,0.7,2.5,0.7,1,0,0.5,0.5,0.0,0.0,0.0,0.0,0,0
2023-2024,2023-09-23,Man City,Nott'm Forest,2,0,H,2,0,H,7,10,4,3,5,17,6,6,3,7,1,0,1672.4777461114886,1433.8942507388283,238.5834953726603,2.1,0.6,2.5,1.6,1.5,1.5,0,0,0.5,0.5,0.0,0.0,0.0,0.0,0,0
2023-2024,2023-09-23,Brentford,Everton,1,3,A,1,1,D,12,18,2,6,9,12,1,4,2,2,0,0,1509.5815366385057,1412.501877086845,97.0796595516606,1.6,0.9,1.8,1.1,1.6,0.9,0,0,0.5,0.5,0.0,0.0,0.0,0.0,0,0
2023-2024,2023-09-23,Burnley,Man United,0,1,A,0,1,A,12,11,4,4,6,12,9,5,1,2,0,0,1419.1079143531322,1548.2835074790928,-129.17559312596063,1.0,2.0,0.8,1.5,1.3,1.8,1,0,0.5,0.5,0.0,0.0,0.0,0.0,0,0
2023-2024,2023-09-24,Brighton,Bournemouth,3,1,H,1,1,D,13,12,4,4,12,17,4,4,3,3,0,0,1543.6567791683376,1420.070966898524,123.58581226981369,2.4,1.5,1.9,0.9,1.6,0.6,0,0,0.5,0.5,0.0,0.0,0.0,0.0,0,0
2023-2024,2023-09-24,Liverpool,West Ham,3,1,H,1,1,D,22,11,7,4,12,13,7,4,0,2,0,0,1615.3003914621727,1489.9371292835563,125.36326217861642,2.2,0.9,2.4,1.5,1.5,1.6,0,0,0.5,0.5,0.0,0.0,0.0,0.0,0,0
2023-2024,2023-09-24,Arsenal,Tottenham,2,2,D,1,1,D,13,13,6,5,12,19,11,4,3,4,0,0,1610.9163699860326,1555.8446353511729,55.071734634859695,1.9,0.9,2.2,2.3,1.5,1.9,0,0,0.5,0.5,0.0,0.0,0.0,0.0,0,0
2023-2024,2023-09-24,Sheffield United,Newcastle,0,8,A,0,3,A,9,22,1,15,12,8,2,6,3,0,0,0,1370.7586108639807,1545.8070779415875,-175.0484670776068,0.7,1.6,0.7,1.5,1.3,1.2,1,0,0.5,0.5,0.0,0.0,0.0,0.0,0,0
2023-2024,2023-09-24,Chelsea,Aston Villa,0,1,A,0,0,D,10,15,4,7,9,11,5,11,2,3,0,0,1467.0645014698146,1535.3491226644228,-68.28462119460823,1.2,1.4,1.0,1.6,1.5,1.6,0,0,0.5,0.5,0.0,0.0,0.0,0.0,0,0
2023-2024,2023-09-30,Aston Villa,Brighton,6,1,H,3,0,H,19,11,9,3,19,21,1,3,4,4,0,0,1546.259437556531,1547.9837846940263,-1.724347137495215,1.7,1.4,1.9,2.4,1.6,1.9,0,0,0.5,0.5,0.0,0.0,0.0,0.0,0,0
2023-2024,2023-09-30,Bournemouth,Arsenal,0,4,A,0,2,A,8,15,1,8,11,10,6,6,0,1,0,0,1415.7439613728352,1606.7275748084671,-190.98361343563192,0.6,1.8,0.3,1.8,1.0,2.0,0,0,0.5,0.5,0.0,0.0,0.0,0.0,0,0
2023-2024,2023-09-30,Everton,Luton,1,2,A,1,2,A,23,9,5,2,8,10,3,6,0,1,0,0,1427.6351777907262,1359.3132416243477,68.32193616637846,1.2,1.5,1.1,0.6,2.2,0.2,0,1,0.5,0.5,0.0,0.0,0.0,0.0,0,0
2023-2024,2023-09-30,Man United,Crystal Palace,0,1,A,0,1,A,19,8,4,2,10,8,10,4,3,2,0,0,1557.4457347083012,1479.385389427572,78.06034528072928,1.6,1.2,2.1,1.1,1.1,1.3,0,0,0.5,0.5,0.0,0.0,0.0,0.0,0,0
2023-2024,2023-09-30,Newcastle,Burnley,2,0,H,1,0,H,20,8,8,2,7,15,5,3,1,3,0,0,1553.6799895483382,1409.9456871239238,143.7343024244144,2.3,1.1,1.5,0.9,2.1,0.5,0,1,0.5,0.5,0.0,0.0,0.0,0.0,0,0
2023-2024,2023-09-30,West Ham,Sheffield United,2,0,H,2,0,H,20,16,9,2,6,9,7,4,1,1,0,0,1485.6447177049854,1362.88569925723,122.75901844775535,1.6,1.5,1.6,0.7,2.0,0.7,0,1,0.5,0.5,0.0,0.0,0.0,0.0,0,0
2023-2024,2023-09-30,Wolves,Man City,2,1,H,1,0,H,3,23,1,8,18,12,0,6,5,4,0,0,1442.7277890258283,1674.9709004516876,-232.2431114258593,0.8,2.0,0.8,2.1,0.5,2.5,0,0,0.5,0.5,0.0,0.0,0.0,0.0,0,0
2023-2024,2023-09-30,Tottenham,Liverpool,2,1,H,1,1,D,24,12,8,4,11,17,12,5,5,4,0,2,1560.0334305287383,1619.5928030407435,-59.55937251200521,2.2,1.3,2.0,2.4,1.0,2.4,0,0,0.5,0.5,0.0,0.0,0.0,0.0,0,0
2023-2024,2023-10-01,Nott'm Forest,Brentford,1,1,D,0,0,D,6,18,1,5,6,10,1,11,1,2,1,0,1431.4010963986293,1494.4482359346246,-63.04713953599526,1.5,1.5,1.5,1.5,1.1,1.5,0,0,0.5,0.5,0.0,0.0,0.0,0.0,0,0
2023-2024,2023-10-02,Fulham,Chelsea,0,2,A,0,2,A,10,11,3,4,15,12,8,1,1,4,0,0,1475.5642078397773,1456.1541865777062,19.41002126207104,1.5,1.7,1.5,0.9,1.4,0.7,0,0,0.5,0.5,0.0,0.0,0.0,0.0,0,0
2023-2024,2023-10-03,Luton,Burnley,1,2,A,0,1,A,18,14,3,4,14,6,7,6,4,2,0,0,1373.8114007849,1405.9990276070746,-32.18762682217471,0.8333333333333334,2.0,0.6666666666666666,0.7,2.2,0.2,1,1,0.5,0.5,0.0,0.0,0.0,0.0,0,0
2023-2024,2023-10-07,Luton,Tottenham,0,1,A,0,0,D,12,15,2,4,16,7,5,6,2,1,0,1,1361.8840164990095,1568.8746840267831,-206.99066752777367,0.8571428571428571,2.0,0.5714285714285714,2.3,1.4,2.0,1,0,0.5,0.5,0.0,0.0,0.0,0.0,0,0
2023-2024,2023-10-07,Burnley,Chelsea,1,4,A,1,1,D,10,9,3,5,11,8,7,3,2,4,0,0,1417.926411892965,1469.4618604565371,-51.53544856357212,0.8,2.0,0.5,0.9,1.2,0.9,1,0,0.5,0.5,0.0,0.0,0.0,0.0,0,0
2023-2024,2023-10-07,Everton,Bournemouth,3,0,H,2,0,H,25,11,8,4,14,15,8,7,1,2,0,0,1413.137018630174,1408.30441676797,4.832601862204001,0.8,1.6,0.8,0.5,1.9,0.3,0,0,0.5,0.5,0.0,0.0,0.0,0.0,0,0
2023-2024,2023-10-07,Fulham,Sheffield United,3,1,H,0,0,D,20,5,6,2,8,10,9,4,1,2,0,0,1462.2565339609464,1358.5425334757892,103.71400048515716,1.0,1.6,1.2,0.7,2.0,0.7,0,1,0.5,0.5,0.0,0.0,0.0,0.0,0,0
2023-2024,2023-10-07,Man United,Brentford,2,1,H,0,1,A,21,11,8,3,10,17,7,5,0,5,0,0,1542.7268356066984,1495.5078323056252,47.219003301073144,1.4,1.3,1.8,1.6,1.1,1.6,0,0,0.5,0.5,0.0,0.0,0.0,0.0,0,0
2023-2024,2023-10-07,Crystal Palace,Nott'm Forest,0,0,D,0,0,D,8,16,2,5,7,12,3,7,0,1,0,0,1494.1042885291747,1430.3415000276286,63.76278850154608,1.2,1.0,1.6,1.2,1.3,1.3,0,0,0.5,0.5,0.0,0.0,0.0,0.0,0,0
2023-2024,2023-10-08,Brighton,Liverpool,2,2,D,1,2,A,14,14,3,4,12,20,8,1,1,2,0,0,1540.7392853517497,1610.7515495426987,-70.01226419094905,2.4,1.8,1.9,2.4,1.2,2.1,0,0,0.5,0.5,0.0,0.0,0.0,0.0,0,0
2023-2024,2023-10-08,West Ham,Newcastle,2,2,D,1,0,H,5,10,3,3,11,18,4,2,3,3,0,0,1489.9878834864262,1557.6266490651874,-67.6387655787612,1.7,1.5,1.6,2.3,0.9,1.7,0,0,0.5,0.5,0.0,0.0,0.0,0.0,0,0
2023-2024,2023-10-08,Wolves,Aston Villa,1,1,D,0,0,D,8,18,3,4,19,9,2,10,2,2,1,0,1456.360301276622,1553.5039368988078,-97.14363562218568,0.9,2.1,0.8,2.3,1.4,2.2,0,0,0.5,0.5,0.0,0.0,0.0,0.0,0,0
2023-2024,2023-10-08,Arsenal,Man City,1,0,H,0,0,D,12,4,2,1,8,7,5,4,2,3,0,0,1614.1671194133323,1661.3383882008939,-47.17126878756153,2.0,1.0,2.0,1.9,0.7,2.2,0,0,0.5,0.5,0.0,0.0,0.0,0.0,0,0
2023-2024,2023-10-21,Liverpool,Everton,2,0,H,0,0,D,26,6,6,1,9,9,12,4,1,1,0,1,1611.6125290090947,1420.2080459279528,191.40448308114196,2.3,1.4,1.9,1.1,1.3,1.1,0,0,0.5,0.5,0.0,0.0,0.0,0.0,0,0
2023-2024,2023-10-21,Bournemouth,Wolves,1,2,A,1,0,H,7,20,4,7,15,10,3,12,2,6,1,0,1401.2333894701912,1456.278090353353,-55.044700883161795,0.5,2.0,0.3,1.0,2.0,0.9,0,0,0.5,0.5,0.0,0.0,0.0,0.0,0,0
2023-2024,2023-10-21,Brentford,Burnley,3,0,H,1,0,H,23,6,10,1,14,12,5,5,5,2,0,1,1489.5085162349906,1406.5404676004441,82.96804863454645,1.5,1.3,1.3,0.9,2.3,0.5,0,1,0.5,0.5,0.0,0.0,0.0,0.0,0,0
2023-2024,2023-10-21,Man City,Brighton,2,1,H,2,0,H,10,5,6,3,9,11,2,2,2,2,1,0,1652.8473103325387,1539.8783058853537,112.96900444718494,1.8,0.8,1.9,2.3,1.9,1.7,0,0,0.5,0.5,0.0,0.0,0.0,0.0,0,0
2023-2024,2023-10-21,Newcastle,Crystal Palace,4,0,H,3,0,H,10,17,7,3,7,12,6,8,2,3,0,0,1558.5553959920278,1489.7114167291718,68.84397926285601,2.1,1.0,1.5,1.0,1.0,1.4,0,0,0.5,0.5,0.0,0.0,0.0,0.0,0,0
2023-2024,2023-10-21,Nott'm Forest,Luton,2,2,D,0,0,D,19,13,8,4,12,11,4,2,3,0,0,0,1434.7343718276315,1354.8696707773095,79.86470105032208,1.0,1.1,1.3,0.75,1.875,0.5,0,1,0.5,0.5,0.0,0.0,0.0,0.0,0,0
2023-2024,2023-10-21,Chelsea,Arsenal,2,2,D,1,0,H,11,13,5,3,7,14,2,7,3,3,0,0,1480.847804749058,1622.6581972816875,-141.81039253262952,1.3,1.2,1.2,2.1,0.7,2.3,0,0,0.5,0.5,0.0,0.0,0.0,0.0,0,0
2023-2024,2023-10-21,Sheffield United,Man United,1,2,A,1,1,D,12,14,6,5,12,10,5,4,3,1,0,0,1353.8150867160025,1548.726151677333,-194.91106496133057,0.7,2.3,0.4,1.5,1.4,1.8,1,0,0.5,0.5,0.0,0.0,0.0,0.0,0,0
2023-2024,2023-10-22,Aston Villa,West Ham,4,1,H,1,0,H,15,14,7,4,9,15,8,7,0,1,0,0,1553.5861478220768,1489.0591365595858,64.52701126249099,2.2,1.4,2.0,1.9,1.5,1.7,0,0,0.5,0.5,0.0,0.0,0.0,0.0,0,0
2023-2024,2023-10-23,Tottenham,Fulham,2,0,H,1,0,H,15,10,5,3,10,14,3,5,2,0,0,0,1575.8890297484832,1466.9839807207331,108.90504902775001,2.3,1.2,2.3,1.1,1.7,1.2,0,0,0.5,0.5,0.0,0.0,0.0,0.0,0,0
2023-2024,2023-10-27,Crystal Palace,Tottenham,1,2,A,0,0,D,13,10,3,1,19,11,11,2,2,1,0,0,1484.2215531969034,1580.5094530034046,-96.28789980650117,0.8,1.2,1.3,2.4,0.9,2.6,0,0,0.5,0.5,0.0,0.0,0.0,0.0,0,0
2023-2024,2023-10-28,Chelsea,Brentford,0,2,A,0,0,D,17,7,2,5,12,7,10,1,1,4,0,0,1482.0454289390284,1494.6805510186896,-12.635122079661187,1.4,1.0,1.3,1.5,1.2,1.3,0,0,0.5,0.5,0.0,0.0,0.0,0.0,0,0
2023-2024,2023-10-28,Arsenal,Sheffield United,5,0,H,1,0,H,13,2,8,0,9,13,6,1,0,3,0,0,1621.4605730917172,1346.4808630291213,274.9797100625958,2.3,0.8,2.4,0.8,2.4,0.4,0,1,0.5,0.5,0.0,0.0,0.0,0.0,0,0
2023-2024,2023-10-28,Bournemouth,Burnley,2,1,H,1,1,D,13,6,6,3,9,12,10,5,2,3,0,0,1389.9466449369706,1401.368432816745,-11.421787879774456,0.6,2.1,0.3,0.8,2.5,0.4,0,1,0.5,0.5,0.0,0.0,0.0,0.0,0,0
2023-2024,2023-10-28,Wolves,Newcastle,2,2,D,1,2,A,11,13,6,5,13,15,8,7,1,4,0,0,1467.5648348865739,1564.0452595242962,-96.48042463772231,1.1,2.0,1.1,2.5,1.0,1.7,0,0,0.5,0.5,0.0,0.0,0.0,0.0,0,0
2023-2024,2023-10-29,West Ham,Everton,0,1,A,0,0,D,12,10,2,4,7,11,4,3,4,1,0,0,1483.4697426360353,1417.059401404164,66.41034123187137,1.7,1.8,1.4,1.0,1.4,1.0,0,0,0.5,0.5,0.0,0.0,0.0,0.0,0,0
2023-2024,2023-10-29,Aston Villa,Luton,3,1,H,1,0,H,17,7,6,1,11,10,6,4,3,2,0,0,1559.1755417456272,1359.6288397976405,199.54670194798678,2.5,1.4,2.2,0.8888888888888888,1.8888888888888888,0.5555555555555556,0,1,0.5,0.5,0.0,0.0,0.0,0.0,0,0
2023-2024,2023-10-29,Brighton,Fulham,1,1,D,1,0,H,18,10,7,5,12,8,7,3,0,3,0,0,1535.340478221695,1462.3635574658117,72.97692075588338,2.3,2.0,1.6,0.9,1.7,1.1,0,0,0.5,0.5,0.0,0.0,0.0,0.0,0,0
2023-2024,2023-10-29,Liverpool,Nott'm Forest,3,0,H,2,0,H,21,9,8,1,9,13,8,3,2,3,0,0,1614.7611735328835,1429.9752028073005,184.78597072558296,2.4,1.3,2.1,1.1,1.3,1.1,0,0,0.5,0.5,0.0,0.0,0.0,0.0,0,0
2023-2024,2023-10-29,Man United,Man City,0,3,A,0,1,A,7,21,3,10,9,4,7,12,4,1,0,0,1556.0603753642142,1657.3851379961973,-101.32476263198305,1.3,1.4,1.8,1.9,0.8,2.1,0,0,0.5,0.5,0.0,0.0,0.0,0.0,0,0
2023-2024,2023-11-04,Burnley,Crystal Palace,0,2,A,0,1,A,17,4,5,3,9,12,12,1,0,5,0,0,1393.864080217605,1474.114714430111,-80.25063421250593,0.8,2.5,0.4,0.8,1.3,1.2,1,0,0.5,0.5,0.0,0.0,0.0,0.0,0,0
2023-2024,2023-11-04,Fulham,Man United,0,1,A,0,0,D,18,12,3,5,9,15,9,4,5,2,0,0,1466.967942302214,1546.0985049130309,-79.13056261081692,0.9,1.6,1.2,1.1,1.6,1.5,0,0,0.5,0.5,0.0,0.0,0.0,0.0,0,0
2023-2024,2023-11-04,Man City,Bournemouth,6,1,H,3,0,H,21,5,8,1,8,9,12,1,0,1,0,0,1667.3470084473806,1397.4509975361107,269.89601091126997,2.2,0.7,2.4,0.8,2.1,0.6,0,0,0.5,0.5,0.0,0.0,0.0,0.0,0,0
2023-2024,2023-11-04,Brentford,West Ham,3,2,H,1,2,A,16,12,4,2,12,14,4,3,1,4,0,0,1507.1434224883697,1469.015579580488,38.127842907881586,1.6,1.2,1.3,1.6,1.7,1.4,0,0,0.5,0.5,0.0,0.0,0.0,0.0,0,0
2023-2024,2023-11-04,Sheffield United,Wolves,2,1,H,0,0,D,11,10,2,3,13,10,4,4,2,3,0,0,1344.410176384559,1467.4635368295828,-123.05336044502383,0.7,2.9,0.1,1.3,1.7,1.2,1,0,0.5,0.5,0.0,0.0,0.0,0.0,0,0
2023-2024,2023-11-04,Newcastle,Arsenal,1,0,H,0,0,D,9,14,2,1,14,9,0,11,5,1,0,0,1564.1465575812872,1623.5312597362795,-59.38470215499228,2.6,1.1,1.7,2.3,0.8,2.4,0,0,0.5,0.5,0.0,0.0,0.0,0.0,0,0
2023-2024,2023-11-04,Everton,Brighton,1,1,D,1,0,H,10,7,4,2,15,5,3,3,4,2,0,0,1431.5135644597112,1530.7360933852929,-99.22252892558163,1.0,1.4,1.0,2.3,1.9,1.7,0,0,0.5,0.5,0.0,0.0,0.0,0.0,0,0
2023-2024,2023-11-05,Nott'm Forest,Aston Villa,2,0,H,1,0,H,5,13,3,3,6,9,0,10,1,1,0,0,1426.724159010877,1562.2018286717646,-135.4776696608876,1.0,1.5,1.0,2.6,1.4,2.2,0,0,0.5,0.5,0.0,0.0,0.0,0.0,0,0
2023-2024,2023-11-05,Luton,Liverpool,1,1,D,0,0,D,8,24,5,6,7,13,4,7,1,1,0,0,1356.6025528715031,1618.012217329307,-261.40966445780396,0.9,2.0,0.5,2.3,0.9,2.3,1,0,0.5,0.5,0.0,0.0,0.0,0.0,0,0
2023-2024,2023-11-06,Tottenham,Chelsea,1,4,A,1,1,D,8,17,5,8,12,21,1,6,1,5,2,0,1590.616291770197,1469.5825574693483,121.03373430084866,2.2,0.9,2.6,1.3,1.1,1.2,0,0,0.5,0.5,0.0,0.0,0.0,0.0,0,0
2023-2024,2023-11-11,Wolves,Tottenham,2,1,H,0,1,A,17,6,4,2,19,15,11,3,4,3,0,0,1456.800979841325,1574.9933197216799,-118.1923398803549,1.4,1.8,1.2,2.1,1.1,2.5,0,0,0.5,0.5,0.0,0.0,0.0,0.0,0,0
2023-2024,2023-11-11,Arsenal,Burnley,3,1,H,1,0,H,16,8,6,5,8,9,3,3,0,1,1,0,1614.6949658630979,1383.2962592176173,231.39870664548062,2.1,0.8,2.1,0.8,2.4,0.4,0,1,0.5,0.5,0.0,0.0,0.0,0.0,0,0
2023-2024,2023-11-11,Crystal Palace,Everton,2,3,A,1,1,D,13,8,4,4,9,18,9,2,1,4,0,0,1484.6825354300988,1431.4911870807352,53.19134834936358,0.9,1.3,1.2,1.1,1.4,1.1,0,0,0.5,0.5,0.0,0.0,0.0,0.0,0,0
2023-2024,2023-11-11,Man United,Luton,1,0,H,0,0,D,15,10,4,4,9,11,11,3,0,2,0,0,1556.6984542298176,1360.9406038103725,195.75785041944505,1.1,1.6,1.5,0.9,1.7,0.6,0,1,0.5,0.5,0.0,0.0,0.0,0.0,0,0
2023-2024,2023-11-11,Bournemouth,Newcastle,2,0,H,0,0,D,19,8,10,5,10,4,6,5,2,1,0,0,1395.3253542143764,1572.9828514544688,-177.65749724009243,0.8,2.6,0.5,2.2,1.0,1.7,0,0,0.5,0.5,0.0,0.0,0.0,0.0,0,0
2023-2024,2023-11-12,Liverpool,Brentford,3,0,H,1,0,H,17,16,10,3,16,12,6,8,1,2,0,0,1613.6741663904377,1513.3647964377697,100.30936995266802,2.3,0.9,2.3,1.7,1.2,1.5,0,0,0.5,0.5,0.0,0.0,0.0,0.0,0,0
2023-2024,2023-11-12,West Ham,Nott'm Forest,3,2,H,1,1,D,16,10,6,5,9,12,9,4,2,2,0,0,1462.794205631088,1437.741754044154,25.052451586934012,1.7,1.9,1.3,1.1,1.3,1.3,0,0,0.5,0.5,0.0,0.0,0.0,0.0,0,0
2023-2024,2023-11-12,Aston Villa,Fulham,3,1,H,2,0,H,12,9,6,5,4,17,2,2,2,5,0,0,1551.1842336384875,1456.3679929854272,94.81624065306028,2.5,1.1,2.2,0.8,1.7,0.9,0,0,0.5,0.5,0.0,0.0,0.0,0.0,0,0
2023-2024,2023-11-12,Brighton,Sheffield United,1,1,D,1,0,H,11,9,6,1,13,16,6,3,3,2,1,0,1530.7584707642688,1355.0727333728169,175.685737391452,2.0,1.9,1.5,0.9,2.9,0.4,0,1,0.5,0.5,0.0,0.0,0.0,0.0,0,0
2023-2024,2023-11-12,Chelsea,Man City,4,4,D,2,2,D,17,15,9,10,12,15,3,3,5,3,0,0,1485.2055295178654,1669.472651769115,-184.26712225124948,1.6,1.1,1.4,2.5,0.8,2.4,0,0,0.5,0.5,0.0,0.0,0.0,0.0,0,0
2023-2024,2023-11-25,Newcastle,Chelsea,4,1,H,1,1,D,14,7,5,4,13,19,4,2,4,4,0,1,1560.7841824473437,1487.5844665689128,73.19971587843088,2.2,1.1,1.7,1.9,1.2,1.5,0,0,0.5,0.5,0.0,0.0,0.0,0.0,0,0
2023-2024,2023-11-25,Man City,Liverpool,1,1,D,1,0,H,16,8,5,3,9,11,9,6,1,3,0,0,1667.0937147180675,1618.4727295424007,48.620985175666874,2.8,1.2,2.2,2.3,0.8,2.3,0,0,0.5,0.5,0.0,0.0,0.0,0.0,0,0
2023-2024,2023-11-25,Luton,Crystal Palace,2,1,H,0,0,D,8,16,3,8,15,12,4,5,6,1,0,0,1357.8578728147259,1470.538466855671,-112.68059404094515,0.9,1.5,0.6,1.1,1.5,1.2,1,0,0.5,0.5,0.0,0.0,0.0,0.0,0,0
2023-2024,2023-11-25,Sheffield United,Bournemouth,1,3,A,0,2,A,10,23,2,11,6,8,4,7,4,1,0,0,1361.6765340716945,1407.5240232215015,-45.84748914980696,0.9,2.8,0.5,0.9,2.3,0.8,1,0,0.5,0.5,0.0,0.0,0.0,0.0,0,0
2023-2024,2023-11-25,Nott'm Forest,Brighton,2,3,A,1,2,A,18,11,5,5,12,7,6,4,2,4,0,1,1431.1932768100824,1524.1546700653912,-92.96139325530885,1.1,1.5,1.0,1.7,1.9,1.3,0,0,0.5,0.5,0.0,0.0,0.0,0.0,0,0
2023-2024,2023-11-25,Brentford,Arsenal,0,1,A,0,0,D,9,15,3,4,9,7,1,8,1,1,0,0,1508.5662332858067,1617.2797905047048,-108.71355721889813,1.4,1.5,1.2,2.3,0.9,2.1,0,0,0.5,0.5,0.0,0.0,0.0,0.0,0,0
2023-2024,2023-11-25,Burnley,West Ham,1,2,A,0,0,D,11,11,5,3,11,7,4,5,1,3,0,0,1380.7114345760103,1469.3426828651598,-88.63124828914943,0.8,2.4,0.4,1.7,2.0,1.3,1,0,0.5,0.5,0.0,0.0,0.0,0.0,0,0
2023-2024,2023-11-26,Tottenham,Aston Villa,1,2,A,1,1,D,18,15,8,5,11,13,9,3,0,4,0,0,1564.4701801083759,1556.0990730841122,8.371107024263665,2.0,1.3,2.2,2.4,1.2,2.2,0,0,0.5,0.5,0.0,0.0,0.0,0.0,0,0
2023-2024,2023-11-26,Everton,Man United,0,3,A,0,1,A,24,9,6,4,10,8,6,5,3,0,0,0,1445.635255655163,1559.7811852254642,-114.14592957030118,1.4,1.2,1.4,1.2,1.4,1.8,0,0,0.5,0.5,0.0,0.0,0.0,0.0,0,0
2023-2024,2023-11-27,Fulham,Wolves,3,2,H,1,1,D,12,10,6,6,13,13,6,2,2,2,0,0,1451.4531535398025,1467.324119454629,-15.870965914826456,0.9,1.7,0.9,1.5,1.5,1.5,0,0,0.5,0.5,0.0,0.0,0.0,0.0,0,0
2023-2024,2023-12-02,Arsenal,Wolves,2,1,H,2,0,H,19,6,6,3,10,10,4,0,1,2,0,0,1627.0290467371199,1459.6993065847596,167.32974015236027,2.2,0.7,2.3,1.6,1.8,1.2,0,0,0.5,0.5,0.0,0.0,0.0,0.0,0,0
2023-2024,2023-12-02,Brentford,Luton,3,1,H,0,0,D,27,7,6,1,10,8,7,5,1,2,0,0,1498.8169770533916,1368.222687676585,130.5942893768065,1.3,1.5,1.1,1.0,1.4,0.9,0,1,0.5,0.5,0.0,0.0,0.0,0.0,0,0
2023-2024,2023-12-02,Burnley,Sheffield United,5,0,H,2,0,H,19,6,7,3,9,12,6,1,2,5,0,1,1370.384332335239,1350.1303995846656,20.253932750573313,0.7,2.1,0.4,0.9,2.9,0.5,1,1,0.5,0.5,0.0,0.0,0.0,0.0,0,0
2023-2024,2023-12-02,Nott'm Forest,Everton,0,1,A,0,0,D,13,12,2,3,15,14,4,3,1,0,0,0,1420.9907171335294,1436.042183402865,-15.051466269335606,1.1,1.5,1.0,1.4,1.4,1.4,0,0,0.5,0.5,0.0,0.0,0.0,0.0,0,0
2023-2024,2023-12-02,Newcastle,Man United,1,0,H,0,0,D,22,8,4,1,6,13,7,3,1,2,0,0,1566.1747460296551,1569.3742574777623,-3.1995114481071596,2.5,1.0,2.0,1.2,1.2,1.8,0,0,0.5,0.5,0.0,0.0,0.0,0.0,0,0
2023-2024,2023-12-03,Bournemouth,Aston Villa,2,2,D,1,1,D,15,11,7,3,16,12,7,7,5,3,0,0,1419.0701577085304,1569.1208747499718,-150.05071704144143,1.2,2.2,1.1,2.3,1.2,2.2,0,0,0.5,0.5,0.0,0.0,0.0,0.0,0,0
2023-2024,2023-12-03,Chelsea,Brighton,3,2,H,2,1,H,8,18,5,9,16,12,5,8,3,5,1,0,1482.1939029866014,1534.3572297419441,-52.16332675534272,1.7,1.6,1.2,1.9,1.8,1.6,0,0,0.5,0.5,0.0,0.0,0.0,0.0,0,0
2023-2024,2023-12-03,Liverpool,Fulham,4,3,H,2,2,D,26,9,12,5,6,7,3,4,0,0,0,0,1622.5072523685878,1459.077966409672,163.4292859589159,2.2,0.8,2.1,1.0,1.7,1.1,0,0,0.5,0.5,0.0,0.0,0.0,0.0,0,0
2023-2024,2023-12-03,West Ham,Crystal Palace,1,1,D,1,0,H,9,9,3,2,17,7,2,3,2,0,0,0,1479.6697851059312,1460.1736519938117,19.496133112119423,1.6,2.0,1.3,1.1,1.6,1.1,0,0,0.5,0.5,0.0,0.0,0.0,0.0,0,0
2023-2024,2023-12-03,Man City,Tottenham,3,3,D,2,1,H,18,8,4,4,14,14,10,8,4,4,0,0,1663.0591918918803,1551.4483784425163,111.61081344936406,2.7,1.2,2.0,1.9,1.5,1.9,0,0,0.5,0.5,0.0,0.0,0.0,0.0,0,0
2023-2024,2023-12-05,Wolves,Burnley,1,0,H,1,0,H,7,12,4,3,11,15,6,8,2,4,0,0,1456.1653252392312,1377.0550436071965,79.11028163203468,1.5,1.7,1.2,1.1,2.0,0.6,0,1,0.5,0.5,0.0,0.0,0.0,0.0,0,0
2023-2024,2023-12-05,Luton,Arsenal,3,4,A,1,2,A,6,23,4,9,14,7,3,8,2,1,0,0,1364.03091708593,1630.5630280826483,-266.5321109967183,1.1,1.6,0.9,2.1,0.7,2.3,1,0,0.5,0.5,0.0,0.0,0.0,0.0,0,0
2023-2024,2023-12-06,Brighton,Brentford,2,1,H,1,1,D,18,8,7,2,10,8,7,3,3,1,0,0,1525.7254449565967,1503.0087476440467,22.716697312549968,1.8,2.0,1.3,1.4,1.4,1.3,0,0,0.5,0.5,0.0,0.0,0.0,0.0,0,0
2023-2024,2023-12-06,Crystal Palace,Bournemouth,0,2,A,0,1,A,16,11,3,4,10,17,3,9,1,3,0,0,1463.48353302471,1420.5008499609323,42.982683063777586,0.9,1.5,0.9,1.2,2.2,1.1,0,0,0.5,0.5,0.0,0.0,0.0,0.0,0,0
2023-2024,2023-12-06,Fulham,Nott'm Forest,5,0,H,2,0,H,14,4,6,1,7,10,6,1,0,1,0,0,1455.4781830161453,1408.5932860799826,46.884896936162704,1.2,1.6,1.1,1.0,1.6,0.7,0,0,0.5,0.5,0.0,0.0,0.0,0.0,0,0
2023-2024,2023-12-06,Sheffield United,Liverpool,0,2,A,0,1,A,6,15,1,8,12,8,2,12,2,3,0,0,1343.459688312708,1626.1070357621145,-282.6473474494064,0.7,3.2,0.4,2.3,1.1,2.1,1,0,0.5,0.5,0.0,0.0,0.0,0.0,0,0
2023-2024,2023-12-06,Aston Villa,Man City,1,0,H,0,0,D,22,2,7,2,13,13,6,0,2,2,0,0,1567.6901824975698,1657.6245067975228,-89.934324299953,2.5,1.1,2.3,2.5,1.4,1.8,0,0,0.5,0.5,0.0,0.0,0.0,0.0,0,0
2023-2024,2023-12-06,Man United,Chelsea,2,1,H,1,1,D,28,13,9,3,12,12,12,4,4,0,0,0,1562.0904775663207,1490.8256877719489,71.26478979437184,1.1,1.0,1.8,2.0,1.7,1.5,0,0,0.5,0.5,0.0,0.0,0.0,0.0,0,0
2023-2024,2023-12-07,Everton,Newcastle,3,0,H,0,0,D,21,13,6,3,18,8,5,2,3,0,0,0,1448.4396144564118,1573.4585259410967,-125.01891148468485,1.3,1.2,1.6,2.5,0.7,2.3,0,0,0.5,0.5,0.0,0.0,0.0,0.0,0,0
2023-2024,2023-12-07,Tottenham,West Ham,1,2,A,1,0,H,23,11,7,5,11,12,8,4,3,3,0,0,1556.8830635368738,1476.359904075033,80.5231594618408,1.7,1.6,1.7,1.5,2.0,1.1,0,0,0.5,0.5,0.0,0.0,0.0,0.0,0,0
2023-2024,2023-12-09,Crystal Palace,Liverpool,1,2,A,0,0,D,8,14,4,2,17,17,6,5,5,2,1,0,1449.585761460099,1631.2861526567215,-181.70039119662238,0.8,1.4,0.9,2.2,1.0,2.1,0,0,0.5,0.5,0.0,0.0,0.0,0.0,0,0
2023-2024,2023-12-09,Brighton,Burnley,1,1,D,0,1,A,29,6,11,3,5,8,9,1,0,4,0,0,1532.33327851218,1371.7973994820823,160.5358790300977,1.7,2.0,1.3,1.1,2.0,0.6,0,1,0.5,0.5,0.0,0.0,0.0,0.0,0,0
2023-2024,2023-12-09,Man United,Bournemouth,0,3,A,0,1,A,20,10,3,4,7,10,10,4,3,1,0,0,1567.5250124696624,1434.3986215255431,133.1263909441193,1.2,0.8,2.1,1.4,2.2,1.3,0,0,0.5,0.5,0.0,0.0,0.0,0.0,0,0
2023-2024,2023-12-09,Sheffield United,Brentford,1,0,H,1,0,H,9,10,4,4,14,13,3,4,5,1,0,0,1338.280571418101,1496.4009140884634,-158.12034267036233,0.6,3.2,0.4,1.5,1.5,1.3,1,0,0.5,0.5,0.0,0.0,0.0,0.0,0,0
2023-2024,2023-12-09,Wolves,Nott'm Forest,1,1,D,1,1,D,10,8,4,2,9,11,4,3,0,1,0,0,1461.4229693643454,1402.5858896918562,58.83707967248915,1.5,1.4,1.5,0.9,2.0,0.6,0,0,0.5,0.5,0.0,0.0,0.0,0.0,0,0
2023-2024,2023-12-09,Aston Villa,Arsenal,1,0,H,1,0,H,10,12,3,5,16,11,3,3,4,2,0,0,1577.4005500910464,1636.106055990455,-58.705505899408536,2.3,1.0,2.3,2.4,1.0,2.3,0,0,0.5,0.5,0.0,0.0,0.0,0.0,0,0
2023-2024,2023-12-10,Everton,Chelsea,2,0,H,0,0,D,9,16,5,4,12,12,4,8,2,2,0,0,1459.1584745009086,1485.3911528686072,-26.232678367698554,1.6,1.1,1.9,2.1,1.9,1.4,0,0,0.5,0.5,0.0,0.0,0.0,0.0,0,0
2023-2024,2023-12-10,Fulham,West Ham,5,0,H,3,0,H,14,9,8,5,5,10,3,6,2,1,0,0,1461.4855794042717,1491.1337192648084,-29.64813986053673,1.6,1.6,1.1,1.6,1.8,1.4,0,0,0.5,0.5,0.0,0.0,0.0,0.0,0,0
2023-2024,2023-12-10,Luton,Man City,1,2,A,1,0,H,4,18,2,6,16,6,6,3,2,1,0,0,1358.4878891781234,1647.9141392040463,-289.42625002592285,1.3,1.9,0.8,2.2,1.4,1.5,1,0,0.5,0.5,0.0,0.0,0.0,0.0,0,0
2023-2024,2023-12-10,Tottenham,Newcastle,4,1,H,2,0,H,23,9,12,3,10,12,3,6,1,3,0,0,1542.1092483470984,1562.7396658966,-20.630417549501544,1.6,1.7,1.4,2.4,1.0,2.0,0,0,0.5,0.5,0.0,0.0,0.0,0.0,0,0
2023-2024,2023-12-15,Nott'm Forest,Tottenham,0,2,A,0,1,A,15,12,1,6,16,11,6,4,2,4,0,1,1406.863637375188,1549.8637348587226,-143.00009748353455,1.0,1.9,0.7,1.8,1.6,1.6,0,0,0.5,0.5,0.0,0.0,0.0,0.0,0,0
2023-2024,2023-12-16,Chelsea,Sheffield United,2,0,H,0,0,D,15,6,6,1,9,14,7,6,1,3,0,0,1477.4830078370906,1349.937977902311,127.54502993477945,2.1,2.0,1.4,0.7,2.4,0.7,0,1,0.5,0.5,0.0,0.0,0.0,0.0,0,0
2023-2024,2023-12-16,Man City,Crystal Palace,2,2,D,1,0,H,19,5,9,2,12,9,6,1,1,1,0,0,1652.944903775062,1441.8948815425017,211.0500222325602,2.2,1.5,1.5,0.9,1.6,0.8,0,0,0.5,0.5,0.0,0.0,0.0,0.0,0,0
2023-2024,2023-12-16,Newcastle,Fulham,3,0,H,0,0,D,27,6,10,4,7,12,5,1,0,2,0,1,1554.9851793849757,1469.4879183040484,85.49726108092727,1.7,1.4,1.7,2.1,1.6,1.3,0,0,0.5,0.5,0.0,0.0,0.0,0.0,0,0
2023-2024,2023-12-16,Burnley,Everton,0,2,A,0,2,A,14,9,2,6,9,8,8,6,0,1,0,0,1378.1481881983523,1467.0666195324252,-88.91843133407292,1.2,1.9,0.7,1.5,1.0,1.9,1,0,0.5,0.5,0.0,0.0,0.0,0.0,0,0
2023-2024,2023-12-17,Arsenal,Brighton,2,0,H,0,0,D,26,6,9,1,11,9,10,1,1,3,0,0,1627.2890418136992,1525.98248979591,101.30655201778927,2.2,0.9,2.2,1.5,2.0,1.1,0,0,0.5,0.5,0.0,0.0,0.0,0.0,0,0
2023-2024,2023-12-17,Brentford,Aston Villa,1,2,A,1,0,H,4,15,3,5,19,6,7,12,6,4,1,1,1484.7435076042534,1586.2175642678021,-101.47405666354871,1.4,1.3,1.3,2.3,1.0,2.3,0,0,0.5,0.5,0.0,0.0,0.0,0.0,0,0
2023-2024,2023-12-17,West Ham,Wolves,3,0,H,2,0,H,13,14,4,3,12,15,6,6,3,1,0,0,1483.1313803650316,1457.1452216810135,25.986158684018164,1.5,2.0,1.4,1.5,1.4,1.5,0,0,0.5,0.5,0.0,0.0,0.0,0.0,0,0
2023-2024,2023-12-17,Liverpool,Man United,0,0,D,0,0,D,34,6,8,1,13,8,12,0,2,4,0,1,1638.9770325743189,1551.6686940980974,87.30833847622148,2.1,1.0,2.1,1.1,1.1,1.8,0,0,0.5,0.5,0.0,0.0,0.0,0.0,0,0
2023-2024,2023-12-21,Crystal Palace,Brighton,1,1,D,1,0,H,11,18,3,6,12,11,3,1,5,2,0,0,1449.0347701971873,1521.2048314893543,-72.17006129216702,1.0,1.8,0.6,1.4,1.6,1.1,0,0,0.5,0.5,0.0,0.0,0.0,0.0,0,0
2023-2024,2023-12-22,Aston Villa,Sheffield United,1,1,D,0,0,D,12,5,4,2,11,16,9,1,3,3,0,0,1596.1751377611185,1345.6877540002554,250.48738376086317,1.9,1.0,2.3,0.7,2.4,0.7,0,1,0.5,0.5,0.0,0.0,0.0,0.0,0,0
2023-2024,2023-12-23,West Ham,Man United,2,0,H,0,0,D,12,11,5,3,13,15,4,4,2,3,0,0,1489.6562068752196,1556.5918848656404,-66.9356779904208,1.6,2.0,1.4,1.1,1.0,1.9,0,0,0.5,0.5,0.0,0.0,0.0,0.0,0,0
2023-2024,2023-12-23,Fulham,Burnley,0,2,A,0,0,D,19,7,5,2,5,17,8,6,2,1,0,0,1464.3715152637653,1367.8293431273748,96.54217213639049,2.1,1.7,1.3,1.0,2.0,0.4,0,1,0.5,0.5,0.0,0.0,0.0,0.0,0,0
2023-2024,2023-12-23,Luton,Newcastle,1,0,H,1,0,H,16,15,5,2,11,5,6,7,2,1,0,0,1353.4571246071077,1560.1015824252588,-206.64445781815107,1.2,2.0,0.5,1.8,1.4,1.7,1,0,0.5,0.5,0.0,0.0,0.0,0.0,0,0
2023-2024,2023-12-23,Nott'm Forest,Bournemouth,2,3,A,0,0,D,11,18,5,7,10,10,6,6,0,3,1,0,1398.0949989179198,1450.2549398971082,-52.15994097918838,0.9,2.0,0.6,1.6,1.9,1.6,0,0,0.5,0.5,0.0,0.0,0.0,0.0,0,0
2023-2024,2023-12-23,Tottenham,Everton,2,1,H,2,0,H,13,18,6,8,6,18,3,8,1,4,0,0,1558.632373315991,1477.3854646034026,81.24690871258827,1.8,1.5,1.6,1.6,0.8,2.2,0,0,0.5,0.5,0.0,0.0,0.0,0.0,0,0
2023-2024,2023-12-23,Liverpool,Arsenal,1,1,D,1,1,D,13,13,3,2,13,14,4,5,2,5,0,0,1634.0538418067758,1632.0667001202548,1.9871416865209994,2.0,0.8,2.2,2.0,0.9,2.2,0,0,0.5,0.5,0.0,0.0,0.0,0.0,0,0
2023-2024,2023-12-24,Wolves,Chelsea,2,1,H,0,0,D,14,16,6,5,11,9,10,6,3,5,0,0,1450.6203951708255,1481.7332317391463,-31.112836568320745,1.3,1.6,1.2,2.1,2.0,1.4,0,0,0.5,0.5,0.0,0.0,0.0,0.0,0,0
2023-2024,2023-12-26,Newcastle,Nott'm Forest,1,3,A,1,1,D,19,15,7,6,10,11,10,2,3,3,0,0,1547.1250072936386,1386.7266880772088,160.39831921642985,1.6,1.3,1.6,1.1,2.3,0.5,0,0,0.5,0.5,0.0,0.0,0.0,0.0,0,0
2023-2024,2023-12-26,Bournemouth,Fulham,3,0,H,1,0,H,16,8,4,3,10,10,6,5,0,2,0,0,1461.6232507378193,1449.2496172376698,12.37363350014948,1.9,1.7,1.9,1.8,1.8,1.0,0,0,0.5,0.5,0.0,0.0,0.0,0.0,0,0
2023-2024,2023-12-26,Sheffield United,Luton,2,3,A,0,1,A,21,12,6,4,13,13,9,4,5,0,0,0,1353.3403391120526,1366.433699738728,-13.093360626675349,0.7,2.2,0.8,1.2,1.8,0.8,1,1,0.5,0.5,0.0,0.0,0.0,0.0,0,0
2023-2024,2023-12-26,Burnley,Liverpool,0,2,A,0,1,A,9,19,0,10,7,10,4,4,2,1,0,0,1382.9512411534704,1631.1999203750404,-248.24867922157,1.1,1.6,0.7,1.9,0.7,2.2,1,0,0.5,0.5,0.0,0.0,0.0,0.0,0,0
2023-2024,2023-12-26,Man United,Aston Villa,3,2,H,0,2,A,13,10,7,4,10,10,3,6,1,3,0,0,1547.5406899287157,1588.5225526493214,-40.981862720605704,0.9,1.1,1.6,1.9,1.0,2.3,0,0,0.5,0.5,0.0,0.0,0.0,0.0,0,0
2023-2024,2023-12-27,Brentford,Wolves,1,4,A,1,3,A,14,11,4,5,5,14,8,2,1,1,0,0,1474.785934110937,1458.6632429530591,16.122691157877853,1.4,1.4,1.2,1.4,1.6,1.4,0,0,0.5,0.5,0.0,0.0,0.0,0.0,0,0
2023-2024,2023-12-27,Chelsea,Crystal Palace,2,1,H,1,1,D,9,13,4,5,13,16,4,3,3,2,0,0,1473.6903839569127,1448.2354689257563,25.45491503115636,1.8,2.1,1.1,1.1,1.9,0.6,0,0,0.5,0.5,0.0,0.0,0.0,0.0,0,0
2023-2024,2023-12-27,Everton,Man City,1,3,A,1,0,H,7,23,2,9,13,5,8,4,4,2,0,0,1472.1753476872723,1645.8050151203763,-173.62966743310403,1.4,1.0,1.9,2.3,1.5,1.6,0,0,0.5,0.5,0.0,0.0,0.0,0.0,0,0
2023-2024,2023-12-28,Brighton,Tottenham,4,2,H,2,0,H,15,19,9,3,18,6,7,6,3,2,0,0,1522.0041327607853,1563.8424902321212,-41.83835747133594,1.3,1.5,1.1,1.9,1.6,1.6,0,0,0.5,0.5,0.0,0.0,0.0,0.0,0,0
2023-2024,2023-12-28,Arsenal,West Ham,0,2,A,0,1,A,30,6,8,3,8,8,10,3,2,0,0,0,1634.9206215519903,1498.7074018121443,136.21321973984595,2.0,1.0,2.0,1.6,1.8,1.6,0,0,0.5,0.5,0.0,0.0,0.0,0.0,0,0
2023-2024,2023-12-30,Luton,Chelsea,2,3,A,0,2,A,15,12,6,8,14,21,7,2,2,2,0,0,1378.884178044252,1480.2286614271602,-101.34448338290827,1.5,1.9,1.1,1.8,2.0,1.3,1,0,0.5,0.5,0.0,0.0,0.0,0.0,0,0
2023-2024,2023-12-30,Aston Villa,Burnley,3,2,H,2,1,H,19,9,7,5,9,14,6,2,4,1,0,1,1580.205079084711,1376.9767885312096,203.22829055350144,1.7,1.2,2.0,1.1,1.5,0.7,0,1,0.5,0.5,0.0,0.0,0.0,0.0,0,0
2023-2024,2023-12-30,Crystal Palace,Brentford,3,1,H,2,1,H,13,9,6,4,14,10,7,4,0,1,0,0,1441.6971914555088,1461.5627874494653,-19.865595993956504,1.2,1.7,0.6,1.4,1.6,1.2,0,0,0.5,0.5,0.0,0.0,0.0,0.0,0,0
2023-2024,2023-12-30,Man City,Sheffield United,2,0,H,1,0,H,18,4,4,2,5,6,12,2,1,1,0,0,1653.7169491003187,1340.8898608065285,312.8270882937902,2.6,1.5,1.9,0.8,2.3,0.8,0,1,0.5,0.5,0.0,0.0,0.0,0.0,0,0
2023-2024,2023-12-30,Wolves,Everton,3,0,H,1,0,H,12,10,6,0,9,14,5,2,2,3,0,0,1471.8863896145308,1464.2634137073298,7.622975907200953,1.6,1.6,1.4,1.5,1.1,1.9,0,0,0.5,0.5,0.0,0.0,0.0,0.0,0,0
2023-2024,2023-12-30,Nott'm Forest,Man United,2,1,H,0,0,D,8,10,2,5,9,11,4,5,2,4,0,0,1403.0751137909358,1555.858163493326,-152.78304970239014,1.2,2.2,0.7,1.0,1.2,1.6,0,0,0.5,0.5,0.0,0.0,0.0,0.0,0,0
2023-2024,2023-12-31,Fulham,Arsenal,2,1,H,1,1,D,15,13,4,3,11,10,5,4,4,1,0,0,1442.3757337024608,1619.0062318480157,-176.63049814555484,1.8,1.9,1.0,1.8,1.0,1.9,0,0,0.5,0.5,0.0,0.0,0.0,0.0,0,0
2023-2024,2023-12-31,Tottenham,Bournemouth,3,1,H,1,0,H,12,24,6,4,9,18,4,13,3,3,0,0,1555.501052745331,1468.4971342730282,87.00391847230276,1.9,2.0,1.3,2.2,1.4,2.2,0,0,0.5,0.5,0.0,0.0,0.0,0.0,0,0
2023-2024,2024-01-01,Liverpool,Newcastle,4,2,H,0,0,D,34,5,15,3,16,15,7,3,3,5,0,0,1637.1743729973011,1530.7765815799116,106.3977914173895,1.9,0.7,2.2,1.3,1.6,1.3,0,0,0.5,0.5,0.0,0.0,0.0,0.0,0,0
2023-2024,2024-01-02,West Ham,Brighton,0,0,D,0,0,D,6,22,2,8,4,6,2,0,1,0,0,0,1514.621791516119,1530.3455702475756,-15.723778731456605,1.7,1.4,1.9,1.6,1.5,1.4,0,0,0.5,0.5,0.0,0.0,0.0,0.0,0,0
2023-2024,2024-01-12,Burnley,Luton,1,1,D,1,0,H,13,14,7,5,7,12,2,8,1,0,0,0,1374.0045315206185,1368.9228751935316,5.0816563270868755,1.2,1.6,0.7,1.5,2.0,1.0,1,1,0.5,0.5,0.0,0.0,0.0,0.0,0,0
2023-2024,2024-01-13,Chelsea,Fulham,1,0,H,1,0,H,17,14,3,4,13,9,6,4,5,1,0,0,1490.1899642778806,1454.5462540321548,35.64371024572574,2.1,2.0,1.6,1.9,1.9,1.2,0,0,0.5,0.5,0.0,0.0,0.0,0.0,0,0
2023-2024,2024-01-13,Newcastle,Man City,2,3,A,2,1,H,12,27,5,11,7,7,3,13,1,2,0,0,1526.104679038901,1655.4167143279512,-129.3120352890503,1.3,1.8,1.2,2.6,1.4,1.9,0,0,0.5,0.5,0.0,0.0,0.0,0.0,0,0
2023-2024,2024-01-14,Everton,Aston Villa,0,0,D,0,0,D,10,16,2,5,13,14,4,5,1,4,0,0,1457.2656359535804,1583.1773360953023,-125.9117001417219,1.4,1.4,1.6,1.7,1.3,2.0,0,0,0.5,0.5,0.0,0.0,0.0,0.0,0,0
2023-2024,2024-01-14,Man United,Tottenham,2,2,D,2,1,H,9,16,2,6,8,5,8,13,2,1,0,0,1544.3505262703004,1560.5845030575017,-16.2339767872013,1.1,1.1,1.6,2.0,2.0,1.3,0,0,0.5,0.5,0.0,0.0,0.0,0.0,0,0
2023-2024,2024-01-20,Arsenal,Crystal Palace,5,0,H,2,0,H,21,12,6,5,8,12,6,7,0,0,0,0,1606.8357115183217,1449.4307849797576,157.40492653856404,1.4,1.2,1.6,1.4,1.6,0.9,0,0,0.5,0.5,0.0,0.0,0.0,0.0,0,0
2023-2024,2024-01-20,Brentford,Nott'm Forest,3,2,H,1,1,D,11,12,5,3,10,14,6,4,1,3,0,0,1453.8291939252165,1414.5827510139613,39.246442911255144,1.2,1.9,0.9,1.4,2.0,1.0,0,0,0.5,0.5,0.0,0.0,0.0,0.0,0,0
2023-2024,2024-01-21,Sheffield United,West Ham,2,2,D,1,1,D,21,16,6,5,11,10,4,1,3,1,1,1,1339.190095578896,1512.2426073971342,-173.05251181823814,0.8,2.0,0.8,1.7,1.3,2.0,1,0,0.5,0.5,0.0,0.0,0.0,0.0,0,0
2023-2024,2024-01-21,Bournemouth,Liverpool,0,4,A,0,0,D,11,14,1,7,9,12,8,5,1,2,0,0,1463.4136839608575,1641.8462755383118,-178.43259157745433,2.2,1.5,2.2,2.0,0.9,2.2,0,0,0.5,0.5,0.0,0.0,0.0,0.0,0,0
2023-2024,2024-01-22,Brighton,Wolves,0,0,D,0,0,D,11,8,4,3,10,13,8,2,1,4,0,0,1532.7247543665603,1478.8841673682803,53.84058699828006,1.5,1.4,1.4,1.7,1.4,1.6,0,0,0.5,0.5,0.0,0.0,0.0,0.0,0,0
2023-2024,2024-01-30,Nott'm Forest,Arsenal,1,2,A,0,0,D,9,19,3,3,6,7,2,11,0,1,0,0,1408.388942395699,1610.539000813499,-202.15005841779998,1.4,2.3,0.7,1.9,1.1,1.9,0,0,0.5,0.5,0.0,0.0,0.0,0.0,0,0
2023-2024,2024-01-30,Fulham,Everton,0,0,D,0,0,D,25,21,6,4,6,13,15,6,1,2,0,0,1448.2634246614693,1458.0100549543872,-9.746630292917871,1.9,1.9,1.2,1.3,1.3,1.6,0,0,0.5,0.5,0.0,0.0,0.0,0.0,0,0
2023-2024,2024-01-30,Luton,Brighton,4,0,H,3,0,H,18,9,8,2,13,14,7,4,2,2,0,0,1371.858399917299,1528.5652203009931,-156.7068203836941,1.5,1.8,1.1,1.4,1.3,1.4,1,0,0.5,0.5,0.0,0.0,0.0,0.0,0,0
2023-2024,2024-01-30,Crystal Palace,Sheffield United,3,2,H,2,2,D,12,9,4,5,8,18,11,1,1,4,0,0,1445.7274956845804,1341.2622685078234,104.46522717675703,1.2,2.1,0.6,0.8,2.1,0.6,0,1,0.5,0.5,0.0,0.0,0.0,0.0,0,0
2023-2024,2024-01-30,Aston Villa,Newcastle,1,3,A,0,2,A,12,14,6,5,14,12,8,7,4,1,0,0,1582.4329170944955,1516.9463512393156,65.48656585517983,1.7,1.1,2.1,1.4,2.1,0.9,0,0,0.5,0.5,0.0,0.0,0.0,0.0,0,0
2023-2024,2024-01-31,Man City,Burnley,3,1,H,2,0,H,14,8,4,3,3,13,7,3,2,2,0,0,1664.5750421275366,1371.069006796851,293.50603533068556,2.6,1.6,1.9,1.3,1.5,0.8,0,1,0.5,0.5,0.0,0.0,0.0,0.0,0,0
2023-2024,2024-01-31,Tottenham,Brentford,3,2,H,0,1,A,19,9,5,5,13,15,5,3,2,3,0,0,1562.9498288930765,1460.023002543479,102.9268263495976,2.1,1.8,1.4,1.3,2.1,0.9,0,0,0.5,0.5,0.0,0.0,0.0,0.0,0,0
2023-2024,2024-01-31,Liverpool,Chelsea,4,1,H,2,0,H,28,4,13,3,15,16,8,1,2,4,0,0,1649.626386416448,1496.472793648566,153.15359276788195,2.3,0.8,2.4,1.8,1.9,1.6,0,0,0.5,0.5,0.0,0.0,0.0,0.0,0,0
2023-2024,2024-02-01,West Ham,Bournemouth,1,1,D,0,1,A,9,9,3,4,13,11,1,5,1,3,0,0,1510.1704344682068,1455.6335730827213,54.53686138548551,1.7,1.2,2.1,2.0,1.8,1.9,0,0,0.5,0.5,0.0,0.0,0.0,0.0,0,0
2023-2024,2024-02-01,Wolves,Man United,3,4,A,0,2,A,16,21,7,8,10,10,4,5,2,5,0,0,1483.0437014338474,1541.9852004347256,-58.94149900087814,1.6,1.2,1.7,1.2,1.3,1.4,0,0,0.5,0.5,0.0,0.0,0.0,0.0,0,0
2023-2024,2024-02-03,Sheffield United,Aston Villa,0,5,A,0,4,A,10,14,5,10,10,7,3,4,1,0,0,0,1336.5504151007306,1568.000092630019,-231.44967752928846,0.9,2.3,0.5,1.5,1.3,1.8,1,0,0.5,0.5,0.0,0.0,0.0,0.0,0,0
2023-2024,2024-02-03,Burnley,Fulham,2,2,D,0,2,A,12,15,4,7,11,7,2,13,2,2,0,0,1369.1880839332925,1445.722619984084,-76.53453605079153,1.3,1.5,0.8,1.8,1.6,1.3,1,0,0.5,0.5,0.0,0.0,0.0,0.0,0,0
2023-2024,2024-02-03,Everton,Tottenham,2,2,D,1,2,A,14,9,5,6,8,14,9,5,3,0,0,0,1460.5508596317725,1567.6936533629926,-107.14279373122008,1.0,1.1,1.4,2.3,1.8,1.7,0,0,0.5,0.5,0.0,0.0,0.0,0.0,0,0
2023-2024,2024-02-03,Brighton,Crystal Palace,4,1,H,3,0,H,13,7,6,5,8,14,3,2,1,3,0,0,1516.9474071380987,1450.4393490916732,66.5080580464255,1.3,1.6,1.3,1.3,2.0,0.9,0,0,0.5,0.5,0.0,0.0,0.0,0.0,0,0
2023-2024,2024-02-03,Newcastle,Luton,4,4,D,2,2,D,19,11,6,8,13,16,8,2,2,2,0,0,1531.379175703792,1383.4762130801935,147.90296262359857,1.7,2.0,1.2,1.8,1.7,1.3,0,1,0.5,0.5,0.0,0.0,0.0,0.0,0,0
2023-2024,2024-02-04,Bournemouth,Nott'm Forest,1,1,D,1,1,D,9,8,2,6,19,12,11,6,3,2,1,0,1459.809666377858,1401.2471704486006,58.562495929257466,2.0,1.3,2.0,1.3,2.2,0.7,0,0,0.5,0.5,0.0,0.0,0.0,0.0,0,0
2023-2024,2024-02-04,Chelsea,Wolves,2,4,A,1,2,A,15,14,6,7,15,11,10,1,3,2,0,0,1492.6950867306764,1471.8674135182448,20.82767321243159,1.5,1.9,1.5,1.7,1.5,1.4,0,0,0.5,0.5,0.0,0.0,0.0,0.0,0,0
2023-2024,2024-02-04,Man United,West Ham,3,0,H,1,0,H,12,22,5,3,10,5,5,8,0,1,0,0,1553.1614883503282,1505.99434117307,47.16714717725813,1.5,1.6,1.4,1.5,1.1,1.9,0,0,0.5,0.5,0.0,0.0,0.0,0.0,0,0
2023-2024,2024-02-04,Arsenal,Liverpool,3,1,H,1,1,D,15,10,7,1,11,11,2,4,6,2,0,1,1617.6807727605972,1653.4040933343376,-35.723320573740466,1.8,1.1,1.9,2.4,0.9,2.4,0,0,0.5,0.5,0.0,0.0,0.0,0.0,0,0
2023-2024,2024-02-05,Brentford,Man City,1,3,A,1,1,D,9,25,3,15,2,4,8,13,1,0,0,0,1455.279178073563,1666.455964991095,-211.17678691753213,1.2,2.2,0.6,2.3,1.6,1.9,0,0,0.5,0.5,0.0,0.0,0.0,0.0,0,0
2023-2024,2024-02-10,Wolves,Brentford,0,2,A,0,1,A,17,9,5,6,11,9,7,4,2,3,0,0,1485.211377350767,1448.374179608503,36.837197742263925,1.9,1.4,1.7,1.3,2.2,0.6,0,0,0.5,0.5,0.0,0.0,0.0,0.0,0,0
2023-2024,2024-02-10,Nott'm Forest,Newcastle,2,3,A,2,2,D,13,7,3,5,9,6,4,4,1,2,0,0,1405.5184590024787,1525.2503688097913,-119.7319098073126,1.2,2.0,0.8,1.7,2.3,1.0,0,0,0.5,0.5,0.0,0.0,0.0,0.0,0,0
2023-2024,2024-02-10,Man City,Everton,2,0,H,0,0,D,19,5,3,1,6,11,9,0,0,2,0,0,1673.3609634561549,1460.7564168021572,212.60454665399766,2.2,1.3,2.1,1.2,1.0,1.5,0,0,0.5,0.5,0.0,0.0,0.0,0.0,0,0
2023-2024,2024-02-10,Fulham,Bournemouth,3,1,H,2,0,H,7,25,6,4,11,11,1,14,1,2,0,0,1446.3969852622254,1455.5383778239798,-9.141392561754401,1.7,1.6,1.1,1.9,1.4,1.8,0,0,0.5,0.5,0.0,0.0,0.0,0.0,0,0
2023-2024,2024-02-10,Liverpool,Burnley,3,1,H,1,1,D,25,9,10,4,11,13,9,3,3,2,0,0,1645.2333033958232,1368.5137186551513,276.71958474067196,2.4,1.1,2.3,1.4,1.5,0.9,0,1,0.5,0.5,0.0,0.0,0.0,0.0,0,0
2023-2024,2024-02-10,Luton,Sheffield United,1,3,A,0,2,A,20,7,5,3,7,12,13,1,1,2,0,0,1389.6050199741942,1330.1630874217633,59.4419325524309,2.2,2.0,1.4,0.8,2.5,0.5,1,1,0.5,0.5,0.0,0.0,0.0,0.0,0,0
2023-2024,2024-02-10,Tottenham,Brighton,2,1,H,0,1,A,16,6,6,3,14,13,9,6,2,3,0,0,1567.4880961926078,1522.4909898400429,44.99710635256497,2.4,1.8,1.8,1.4,1.5,1.3,0,0,0.5,0.5,0.0,0.0,0.0,0.0,0,0
2023-2024,2024-02-11,West Ham,Arsenal,0,6,A,0,4,A,5,25,1,12,17,11,2,6,4,0,0,0,1499.9937713763072,1625.8515626991116,-125.85779132280436,1.3,1.3,1.6,2.0,1.2,1.9,0,0,0.5,0.5,0.0,0.0,0.0,0.0,0,0
2023-2024,2024-02-11,Aston Villa,Man United,1,2,A,0,1,A,23,17,10,5,9,7,10,8,3,2,0,0,1574.3874203089863,1559.162058147091,15.225362161895191,1.8,1.2,1.8,1.5,1.6,1.4,0,0,0.5,0.5,0.0,0.0,0.0,0.0,0,0
2023-2024,2024-02-12,Crystal Palace,Chelsea,1,3,A,1,0,H,13,14,4,5,14,7,1,7,2,2,0,0,1444.895766389729,1479.3511228981542,-34.45535650842521,1.3,2.2,0.9,1.6,1.9,1.5,0,0,0.5,0.5,0.0,0.0,0.0,0.0,0,0
2023-2024,2024-02-17,Brentford,Liverpool,1,4,A,0,1,A,15,15,6,8,4,18,1,6,2,1,0,0,1462.1209172526744,1647.2854719155891,-185.16455466291472,1.5,2.1,0.9,2.3,0.9,2.3,0,0,0.5,0.5,0.0,0.0,0.0,0.0,0,0
2023-2024,2024-02-17,Burnley,Arsenal,0,5,A,0,2,A,8,16,0,7,11,8,4,6,2,1,0,0,1366.4615501353853,1635.1086867381957,-268.6471366028104,1.0,1.8,0.6,2.4,1.1,1.9,1,0,0.5,0.5,0.0,0.0,0.0,0.0,0,0
2023-2024,2024-02-17,Fulham,Aston Villa,1,2,A,0,1,A,15,12,4,3,11,6,4,4,5,2,0,0,1453.839892258605,1561.1874369787217,-107.34754472011673,1.7,1.3,1.4,1.7,1.2,1.7,0,0,0.5,0.5,0.0,0.0,0.0,0.0,0,0
2023-2024,2024-02-17,Newcastle,Bournemouth,2,2,D,0,0,D,17,12,5,7,9,22,4,2,1,3,0,0,1534.6830486148112,1448.0954708276001,86.5875777872111,1.9,2.5,1.0,1.7,1.6,1.5,0,0,0.5,0.5,0.0,0.0,0.0,0.0,0,0
2023-2024,2024-02-17,Nott'm Forest,West Ham,2,0,H,1,0,H,19,10,8,3,13,15,5,3,4,4,0,1,1396.0857791974588,1490.736647337223,-94.65086813976427,1.4,2.2,0.8,1.2,1.8,1.5,0,0,0.5,0.5,0.0,0.0,0.0,0.0,0,0
2023-2024,2024-02-17,Tottenham,Wolves,1,2,A,0,1,A,15,12,4,7,8,13,10,4,0,1,0,0,1573.5412649326108,1471.4646397065956,102.07662522601527,2.3,1.6,2.0,1.8,1.4,1.7,0,0,0.5,0.5,0.0,0.0,0.0,0.0,0,0
2023-2024,2024-02-17,Man City,Chelsea,1,1,D,0,1,A,31,9,5,6,7,12,12,1,1,3,0,0,1676.1992109776552,1491.2155830865663,184.98362789108887,2.3,1.2,2.3,1.6,1.8,1.5,0,0,0.5,0.5,0.0,0.0,0.0,0.0,0,0
2023-2024,2024-02-18,Sheffield United,Brighton,0,5,A,0,2,A,6,24,1,10,3,5,5,10,1,4,1,0,1344.4550478649141,1516.4378211000399,-171.9827732351257,1.1,2.1,0.8,1.3,1.4,1.3,1,0,0.5,0.5,0.0,0.0,0.0,0.0,0,0
2023-2024,2024-02-18,Luton,Man United,1,2,A,1,2,A,22,21,4,9,7,21,8,6,3,5,0,0,1375.3130595310433,1572.3620414773557,-197.04898194631232,2.1,2.2,1.1,1.7,1.6,1.7,1,0,0.5,0.5,0.0,0.0,0.0,0.0,0,0
2023-2024,2024-02-19,Everton,Crystal Palace,1,1,D,0,0,D,19,10,4,4,8,12,3,6,0,2,0,0,1457.918169280657,1433.031306201317,24.886863079339946,1.1,1.2,1.2,1.3,2.4,0.8,0,0,0.5,0.5,0.0,0.0,0.0,0.0,0,0
2023-2024,2024-02-20,Man City,Brentford,1,0,H,0,0,D,25,6,11,2,12,6,10,1,2,4,0,0,1669.4471581957534,1454.5242076478291,214.9229505479243,2.1,1.0,2.3,1.3,2.4,0.6,0,0,0.5,0.5,0.0,0.0,0.0,0.0,0,0
2023-2024,2024-02-21,Liverpool,Luton,4,1,H,0,1,A,29,12,13,3,15,14,13,4,1,4,0,0,1654.8821815204344,1368.0359028668026,286.84627865363177,2.5,1.0,2.3,2.1,2.1,1.1,0,1,0.5,0.5,0.0,0.0,0.0,0.0,0,0
2023-2024,2024-02-24,Aston Villa,Nott'm Forest,4,2,H,3,1,H,16,10,6,3,7,16,7,2,1,2,0,0,1570.9759891632937,1405.9318309701046,165.0441581931891,1.8,1.3,1.7,1.6,1.7,1.1,0,0,0.5,0.5,0.0,0.0,0.0,0.0,0,0
2023-2024,2024-02-24,Brighton,Everton,1,1,D,0,0,D,23,6,7,3,9,14,11,3,2,3,1,0,1524.3951343691942,1454.4708454490467,69.92428892014755,1.6,1.3,1.3,0.9,1.3,1.0,0,0,0.5,0.5,0.0,0.0,0.0,0.0,0,0
2023-2024,2024-02-24,Crystal Palace,Burnley,3,0,H,0,0,D,15,2,6,0,8,13,12,3,3,1,0,1,1436.4786300329272,1360.9671723187403,75.51145771418692,1.4,2.3,0.9,1.0,2.2,0.6,0,1,0.5,0.5,0.0,0.0,0.0,0.0,0,0
2023-2024,2024-02-24,Man United,Fulham,1,2,A,0,0,D,21,17,9,5,6,11,10,9,2,5,0,0,1579.6391981415964,1444.051340074033,135.58785806756327,1.7,1.6,1.7,1.3,1.5,1.1,0,0,0.5,0.5,0.0,0.0,0.0,0.0,0,0
2023-2024,2024-02-24,Bournemouth,Man City,0,1,A,0,1,A,13,15,4,6,14,6,3,8,2,2,0,0,1453.0029285609303,1672.2530575448277,-219.2501289838974,1.7,1.6,1.5,2.2,0.9,2.6,0,0,0.5,0.5,0.0,0.0,0.0,0.0,0,0
2023-2024,2024-02-24,Arsenal,Newcastle,4,1,H,2,0,H,18,3,8,2,15,6,9,0,1,0,0,0,1640.6030645548408,1529.775590881481,110.82747367335969,2.5,0.8,1.9,2.1,2.4,1.1,0,0,0.5,0.5,0.0,0.0,0.0,0.0,0,0
2023-2024,2024-02-25,Wolves,Sheffield United,1,0,H,1,0,H,13,12,2,4,8,4,5,6,2,1,0,0,1486.703082337028,1336.4977345957598,150.20534774126827,1.9,1.5,1.7,1.1,2.4,0.8,0,1,0.5,0.5,0.0,0.0,0.0,0.0,0,0
2023-2024,2024-02-26,West Ham,Brentford,4,2,H,2,1,H,17,14,6,8,5,9,1,7,1,2,0,0,1480.8905955645773,1451.718308298755,29.172287265822433,1.0,1.9,1.2,1.2,2.3,0.6,0,0,0.5,0.5,0.0,0.0,0.0,0.0,0,0
2023-2024,2024-03-02,Brentford,Chelsea,2,2,D,0,1,A,14,17,5,6,10,9,0,6,3,1,0,0,1445.2738526005332,1497.967635868468,-52.693783267934805,1.4,2.6,0.6,1.6,1.7,1.6,0,0,0.5,0.5,0.0,0.0,0.0,0.0,0,0
2023-2024,2024-03-02,Everton,West Ham,1,3,A,0,0,D,22,12,11,5,9,6,4,5,1,2,0,0,1459.0057160668766,1487.335051262799,-28.32933519592234,0.8,1.4,0.8,1.4,1.6,1.5,0,0,0.5,0.5,0.0,0.0,0.0,0.0,0,0
2023-2024,2024-03-02,Fulham,Brighton,3,0,H,2,0,H,12,15,5,5,16,10,2,6,1,2,0,0,1459.9540141386105,1519.8602637513643,-59.906249612753754,1.0,1.6,1.1,1.6,1.3,1.3,0,0,0.5,0.5,0.0,0.0,0.0,0.0,0,0
2023-2024,2024-03-02,Newcastle,Wolves,3,0,H,2,0,H,14,12,7,3,8,11,3,5,0,1,0,0,1525.1943694207407,1490.5330671969264,34.661302223814346,2.1,2.4,1.1,1.9,1.4,1.9,0,0,0.5,0.5,0.0,0.0,0.0,0.0,0,0
2023-2024,2024-03-02,Nott'm Forest,Liverpool,0,1,A,0,0,D,8,22,2,2,11,12,3,12,2,2,0,0,1402.35940635364,1656.829455636829,-254.47004928318893,1.7,2.0,1.0,2.7,1.0,2.3,0,0,0.5,0.5,0.0,0.0,0.0,0.0,0,0
2023-2024,2024-03-02,Tottenham,Crystal Palace,3,1,H,0,0,D,14,4,6,1,7,16,11,1,1,2,0,0,1558.3028223021784,1441.8169544365223,116.48586786565602,2.3,1.6,2.0,1.6,2.1,1.2,0,0,0.5,0.5,0.0,0.0,0.0,0.0,0,0
2023-2024,2024-03-02,Luton,Aston Villa,2,3,A,0,2,A,13,12,5,8,8,19,8,6,1,4,0,0,1366.0886287504081,1574.5484137797582,-208.4597850293501,1.9,2.1,1.1,2.1,1.5,1.7,1,0,0.5,0.5,0.0,0.0,0.0,0.0,0,0
2023-2024,2024-03-03,Burnley,Bournemouth,0,2,A,0,1,A,20,10,6,3,8,13,7,2,2,4,0,0,1355.6288479151451,1446.3065032453012,-90.67765533015609,0.9,2.4,0.5,1.5,1.7,1.2,1,0,0.5,0.5,0.0,0.0,0.0,0.0,0,0
2023-2024,2024-03-03,Man City,Man United,3,1,H,0,1,A,27,3,8,1,5,10,15,2,0,1,0,0,1678.9494828604568,1563.7365240770189,115.2129587834379,2.1,0.8,2.6,1.8,1.5,1.7,0,0,0.5,0.5,0.0,0.0,0.0,0.0,0,0
2023-2024,2024-03-04,Sheffield United,Arsenal,0,6,A,0,5,A,4,22,0,10,11,4,0,7,1,0,0,0,1332.6677497358614,1645.1842860155812,-312.51653627971973,1.0,2.5,0.5,2.9,0.8,2.2,1,0,0.5,0.5,0.0,0.0,0.0,0.0,0,0
2023-2024,2024-03-09,Crystal Palace,Luton,1,1,D,1,0,H,21,8,4,2,20,11,8,6,2,3,0,0,1437.3497569605638,1359.1127495324022,78.23700742816163,1.5,2.2,1.1,2.0,2.2,1.1,0,1,0.5,0.5,0.0,0.0,0.0,0.0,0,0
2023-2024,2024-03-09,Man United,Everton,2,0,H,2,0,H,15,23,8,6,13,11,5,8,1,2,0,0,1559.243853175577,1446.971639286048,112.27221388952898,1.9,1.8,1.6,0.7,1.7,0.5,0,0,0.5,0.5,0.0,0.0,0.0,0.0,0,0
2023-2024,2024-03-09,Wolves,Fulham,2,1,H,0,0,D,8,23,3,6,7,11,3,4,2,2,0,0,1484.2258432677897,1468.805118645031,15.420724622758826,1.9,1.4,1.9,1.3,1.3,1.4,0,0,0.5,0.5,0.0,0.0,0.0,0.0,0,0
2023-2024,2024-03-09,Arsenal,Brentford,2,1,H,1,1,D,17,9,6,4,9,10,10,4,2,4,0,0,1649.7312577807122,1443.9206224557463,205.81063532496592,3.3,0.8,2.2,1.5,2.6,0.7,0,0,0.5,0.5,0.0,0.0,0.0,0.0,0,0
2023-2024,2024-03-09,Bournemouth,Sheffield United,2,2,D,0,1,A,32,13,12,9,12,11,10,3,3,5,0,0,1456.5747575202845,1328.1207779707304,128.4539795495541,1.4,1.7,1.2,1.0,2.9,0.5,0,1,0.5,0.5,0.0,0.0,0.0,0.0,0,0
2023-2024,2024-03-10,Aston Villa,Tottenham,0,4,A,0,0,D,10,9,1,5,11,15,6,4,0,2,1,0,1581.5242929977642,1562.7700197781369,18.754273219627294,2.2,1.6,1.7,2.2,1.6,2.0,0,0,0.5,0.5,0.0,0.0,0.0,0.0,0,0
2023-2024,2024-03-10,Brighton,Nott'm Forest,1,0,H,1,0,H,10,9,3,4,14,14,6,3,4,4,0,0,1511.009159244944,1396.5339118820968,114.47524736284709,1.6,1.4,1.3,1.7,1.9,1.0,0,0,0.5,0.5,0.0,0.0,0.0,0.0,0,0
2023-2024,2024-03-10,West Ham,Burnley,2,2,D,0,2,A,22,11,4,4,11,18,4,4,2,4,0,0,1499.3691280436276,1345.3605936401618,154.00853440346577,1.4,1.7,1.5,0.9,2.4,0.5,0,1,0.5,0.5,0.0,0.0,0.0,0.0,0,0
2023-2024,2024-03-10,Liverpool,Man City,1,1,D,0,1,A,19,10,6,6,6,10,7,4,0,3,0,0,1662.654950108372,1683.4421537618987,-20.787203653526603,2.8,1.0,2.5,2.2,0.7,2.8,0,0,0.5,0.5,0.0,0.0,0.0,0.0,0,0
2023-2024,2024-03-11,Chelsea,Newcastle,3,2,H,1,1,D,12,11,8,3,12,7,0,4,3,1,0,0,1499.320866013255,1531.5015933498773,-32.18072733662234,1.8,1.7,1.7,2.1,2.4,1.1,0,0,0.5,0.5,0.0,0.0,0.0,0.0,0,0
2023-2024,2024-03-13,Bournemouth,Luton,4,3,H,0,3,A,24,8,10,4,16,11,11,3,1,2,0,0,1450.8074951223596,1363.8356001593231,86.97189496303645,1.3,1.7,1.0,2.0,2.3,0.9,0,1,0.5,0.5,0.0,0.0,0.0,0.0,0,0
2023-2024,2024-03-16,Burnley,Brentford,2,1,H,1,0,H,17,9,6,5,14,17,5,4,2,4,0,1,1351.597943683961,1440.9857862233496,-89.38784253938866,0.9,2.6,0.3,1.5,2.4,0.7,1,0,0.5,0.5,0.0,0.0,0.0,0.0,0,0
2023-2024,2024-03-16,Luton,Nott'm Forest,1,1,D,0,1,A,10,16,4,6,10,17,6,7,1,2,0,0,1358.751450904948,1392.0264307672965,-33.27497986234857,2.0,2.5,0.6,1.5,1.7,1.0,1,0,0.5,0.5,0.0,0.0,0.0,0.0,0,0
2023-2024,2024-03-16,Fulham,Tottenham,3,0,H,1,0,H,16,14,7,5,9,10,4,5,2,3,0,0,1462.0101482628643,1576.0608741739045,-114.05072591104022,1.4,1.3,1.4,2.4,1.6,2.0,0,0,0.5,0.5,0.0,0.0,0.0,0.0,0,0
2023-2024,2024-03-17,West Ham,Aston Villa,1,1,D,1,0,H,13,13,5,5,13,12,7,11,3,3,0,0,1493.1317779998285,1568.2334386019966,-75.10166060216807,1.4,1.9,1.3,2.1,1.9,1.6,0,0,0.5,0.5,0.0,0.0,0.0,0.0,0,0
2023-2024,2024-03-30,Chelsea,Burnley,2,2,D,1,0,H,33,18,13,7,12,7,12,4,2,2,0,1,1507.3932905219265,1361.2925961914586,146.10069433046783,1.9,1.9,1.7,1.1,2.5,0.6,0,1,0.5,0.5,0.0,0.0,0.0,0.0,0,0
2023-2024,2024-03-30,Nott'm Forest,Crystal Palace,1,1,D,0,1,A,12,10,5,3,14,12,4,6,1,1,0,0,1393.9236630344492,1432.6269063336429,-38.70324329919367,1.3,1.7,0.8,1.5,2.2,1.1,0,0,0.5,0.5,0.0,0.0,0.0,0.0,0,0
2023-2024,2024-03-30,Bournemouth,Everton,2,1,H,0,0,D,11,7,4,3,14,11,9,8,1,2,0,0,1455.8916443767348,1442.419724512806,13.47191986392886,1.4,2.0,1.0,0.6,1.7,0.5,0,0,0.5,0.5,0.0,0.0,0.0,0.0,0,0
2023-2024,2024-03-30,Newcastle,West Ham,4,3,H,1,2,A,24,10,9,4,9,8,3,4,1,1,1,0,1523.4291688412059,1492.4163704516054,31.012798389600448,2.3,2.6,1.1,1.3,2.0,1.1,0,0,0.5,0.5,0.0,0.0,0.0,0.0,0,0
2023-2024,2024-03-30,Tottenham,Luton,2,1,H,0,1,A,17,7,4,3,16,14,3,6,2,4,0,0,1565.656682100749,1356.8542186377952,208.80246346295394,2.2,1.8,1.7,1.9,2.3,0.7,0,1,0.5,0.5,0.0,0.0,0.0,0.0,0,0
2023-2024,2024-03-30,Aston Villa,Wolves,2,0,H,1,0,H,11,13,5,3,11,19,5,4,3,4,0,0,1568.9488461502197,1491.0208136499564,77.92803250026327,2.0,1.7,1.7,1.9,1.4,1.9,0,0,0.5,0.5,0.0,0.0,0.0,0.0,0,0
2023-2024,2024-03-30,Brentford,Man United,1,1,D,0,0,D,31,11,5,5,7,14,14,4,2,2,0,0,1431.2911337158519,1563.795767948819,-132.5046342329672,1.5,2.3,0.7,2.1,1.6,1.9,0,0,0.5,0.5,0.0,0.0,0.0,0.0,0,0
2023-2024,2024-03-30,Sheffield United,Fulham,3,3,D,0,0,D,8,24,4,9,10,13,2,15,4,1,0,0,1333.8880403686553,1472.4143403360197,-138.52629996736437,1.1,3.0,0.5,1.7,1.0,1.7,1,0,0.5,0.5,0.0,0.0,0.0,0.0,0,0
2023-2024,2024-03-31,Liverpool,Brighton,2,1,H,1,1,D,30,9,8,3,20,6,8,4,5,3,0,0,1660.4137221772055,1515.5166403597443,144.89708181746118,2.8,1.0,2.5,1.6,1.3,1.5,0,0,0.5,0.5,0.0,0.0,0.0,0.0,0,0
2023-2024,2024-03-31,Man City,Arsenal,0,0,D,0,0,D,12,6,1,2,9,20,7,4,0,2,0,0,1685.6833816930653,1652.666094013109,33.017287679956326,2.0,0.7,2.6,3.4,0.8,2.4,0,0,0.5,0.5,0.0,0.0,0.0,0.0,0,0
2023-2024,2024-04-02,Newcastle,Everton,1,1,D,1,0,H,18,10,6,3,9,14,7,3,0,3,0,0,1529.8274347413453,1435.5743347080393,94.25310003330605,2.6,2.6,1.4,0.6,1.6,0.5,0,0,0.5,0.5,0.0,0.0,0.0,0.0,0,0
2023-2024,2024-04-02,Nott'm Forest,Fulham,3,1,H,3,0,H,16,18,4,3,7,8,3,8,0,0,0,0,1392.1774804278969,1471.309986978715,-79.1325065508181,1.2,1.7,0.6,1.8,1.2,1.5,0,0,0.5,0.5,0.0,0.0,0.0,0.0,0,0
2023-2024,2024-04-02,Bournemouth,Crystal Palace,1,0,H,0,0,D,11,3,6,2,13,14,9,2,3,2,0,0,1462.7370341815015,1434.3730889401952,28.363945241306283,1.5,1.8,1.3,1.5,2.1,1.2,0,0,0.5,0.5,0.0,0.0,0.0,0.0,0,0
2023-2024,2024-04-02,Burnley,Wolves,1,1,D,1,1,D,13,8,6,2,10,12,7,4,0,2,0,0,1367.3889114753683,1485.7367519771171,-118.3478405017488,1.1,2.4,0.7,1.5,1.5,1.6,1,0,0.5,0.5,0.0,0.0,0.0,0.0,0,0
2023-2024,2024-04-02,West Ham,Tottenham,1,1,D,1,1,D,11,13,4,4,13,9,9,5,1,4,0,0,1486.018104551466,1568.548652448332,-82.53054789686598,1.6,2.4,1.0,2.2,1.5,2.0,0,0,0.5,0.5,0.0,0.0,0.0,0.0,0,0
2023-2024,2024-04-03,Arsenal,Luton,2,0,H,2,0,H,13,5,4,1,12,8,3,1,1,1,0,0,1656.3179329530344,1353.9622482902123,302.3556846628221,3.4,0.6,2.5,1.9,2.4,0.6,0,1,0.5,0.5,0.0,0.0,0.0,0.0,0,0
2023-2024,2024-04-03,Brentford,Brighton,0,0,D,0,0,D,5,24,2,6,9,12,1,5,1,1,0,0,1432.223972262414,1511.5911419088345,-79.3671696464205,1.3,2.2,0.5,1.3,1.3,1.2,0,0,0.5,0.5,0.0,0.0,0.0,0.0,0,0
2023-2024,2024-04-03,Man City,Aston Villa,4,1,H,2,1,H,25,8,11,3,6,13,2,3,1,2,0,0,1682.0315427531398,1574.232907823059,107.79863493008088,1.8,0.7,2.4,1.9,1.5,1.7,0,0,0.5,0.5,0.0,0.0,0.0,0.0,0,0
2023-2024,2024-04-04,Liverpool,Sheffield United,3,1,H,1,0,H,29,8,9,3,6,9,13,1,0,1,0,0,1664.3392206281153,1334.99239372596,329.34682690215527,2.8,1.1,2.5,1.2,3.0,0.6,0,1,0.5,0.5,0.0,0.0,0.0,0.0,0,0
2023-2024,2024-04-04,Chelsea,Man United,4,3,H,2,2,D,28,19,10,5,7,15,12,3,3,0,0,0,1501.2969752380168,1562.862929402257,-61.56595416424011,2.0,1.9,1.8,1.9,1.5,1.7,0,0,0.5,0.5,0.0,0.0,0.0,0.0,0,0
2023-2024,2024-04-06,Crystal Palace,Man City,2,4,A,1,1,D,7,18,4,8,13,3,2,9,1,1,0,0,1427.908291755369,1686.6746339827746,-258.76634222740563,1.2,2.1,0.9,1.9,0.6,2.4,0,0,0.5,0.5,0.0,0.0,0.0,0.0,0,0
2023-2024,2024-04-06,Aston Villa,Brentford,3,3,D,1,0,H,11,8,3,3,15,11,11,3,2,2,0,0,1569.589816593424,1431.6308088075318,137.95900778589225,2.0,1.9,1.6,1.1,1.9,0.6,0,0,0.5,0.5,0.0,0.0,0.0,0.0,0,0
2023-2024,2024-04-06,Everton,Burnley,1,0,H,1,0,H,12,6,3,1,11,13,3,5,2,1,0,1,1440.6474682003338,1367.916514402744,72.73095379758979,0.7,1.4,0.6,1.1,2.4,0.7,0,1,0.5,0.5,0.0,0.0,0.0,0.0,0,0
2023-2024,2024-04-06,Fulham,Newcastle,0,1,A,0,0,D,14,12,4,5,10,13,14,3,1,2,0,0,1461.909880545782,1524.7543012490507,-62.844420703268725,1.9,1.4,1.5,2.5,2.3,1.5,0,0,0.5,0.5,0.0,0.0,0.0,0.0,0,0
2023-2024,2024-04-06,Luton,Bournemouth,2,1,H,0,0,D,19,8,9,1,7,14,7,2,0,0,0,0,1352.166356380947,1469.2018313663277,-117.03547498538069,1.5,2.6,0.3,1.6,1.4,1.6,1,0,0.5,0.5,0.0,0.0,0.0,0.0,0,0
2023-2024,2024-04-06,Wolves,West Ham,1,2,A,1,0,H,14,11,7,4,15,7,4,4,5,2,0,0,1485.2091490497414,1485.5157166078295,-0.30656755808809066,1.3,1.6,1.4,1.5,2.3,1.0,0,0,0.5,0.5,0.0,0.0,0.0,0.0,0,0
2023-2024,2024-04-06,Brighton,Arsenal,0,3,A,0,1,A,10,20,2,7,14,13,8,7,1,2,0,0,1512.1843053637167,1658.1138248622997,-145.92951949858298,1.3,1.3,1.2,3.5,0.4,2.8,0,0,0.5,0.5,0.0,0.0,0.0,0.0,0,0
2023-2024,2024-04-07,Man United,Liverpool,2,2,D,0,1,A,9,28,5,7,9,10,6,11,5,2,0,0,1553.9646597791425,1665.89680221213,-111.93214243298758,2.1,1.7,1.7,2.7,1.0,2.5,0,0,0.5,0.5,0.0,0.0,0.0,0.0,0,0
2023-2024,2024-04-07,Sheffield United,Chelsea,2,2,D,1,1,D,11,6,6,3,12,10,7,6,4,2,0,0,1333.4348121419453,1510.1952448611312,-176.76043271918593,1.3,3.1,0.6,2.2,2.1,1.8,1,0,0.5,0.5,0.0,0.0,0.0,0.0,0,0
2023-2024,2024-04-07,Tottenham,Nott'm Forest,3,1,H,1,1,D,17,13,7,6,11,12,12,2,2,3,0,0,1569.0510403919684,1401.5775868608298,167.4734535311386,2.0,1.5,1.8,1.3,1.5,0.9,0,0,0.5,0.5,0.0,0.0,0.0,0.0,0,0
2023-2024,2024-04-13,Newcastle,Tottenham,4,0,H,2,0,H,18,11,5,2,14,12,16,3,0,4,0,0,1535.8196664708066,1572.5826153830835,-36.7629489122769,2.4,2.0,1.8,2.1,1.4,2.0,0,0,0.5,0.5,0.0,0.0,0.0,0.0,0,0
2023-2024,2024-04-13,Brentford,Sheffield United,2,0,H,0,0,D,9,8,5,2,8,11,3,6,3,1,0,0,1437.577772561308,1335.6088958111409,101.96887675016706,1.3,1.9,0.7,1.3,3.1,0.6,0,1,0.5,0.5,0.0,0.0,0.0,0.0,0,0
2023-2024,2024-04-13,Burnley,Brighton,1,1,D,0,0,D,11,20,3,8,18,8,4,5,1,2,0,0,1362.5153188019672,1503.4986159285256,-140.98329712655845,1.0,2.2,0.7,1.3,1.6,1.1,1,0,0.5,0.5,0.0,0.0,0.0,0.0,0,0
2023-2024,2024-04-13,Man City,Luton,5,1,H,1,0,H,33,4,13,2,7,6,12,1,1,0,0,0,1692.3985498637671,1362.6562842097844,329.7422656539827,2.0,0.7,2.4,1.3,2.3,0.5,0,1,0.5,0.5,0.0,0.0,0.0,0.0,0,0
2023-2024,2024-04-13,Nott'm Forest,Wolves,2,2,D,1,1,D,18,11,9,4,15,10,10,1,2,3,0,0,1398.0460118697147,1472.4159823631257,-74.36997049341107,1.3,1.6,0.9,1.4,1.8,1.3,0,0,0.5,0.5,0.0,0.0,0.0,0.0,0,0
2023-2024,2024-04-13,Bournemouth,Man United,2,2,D,2,1,H,20,8,5,2,13,14,7,2,4,0,0,0,1458.7119035374903,1554.307959484934,-95.59605594744357,1.6,1.5,1.5,2.1,1.7,1.7,0,0,0.5,0.5,0.0,0.0,0.0,0.0,0,0
2023-2024,2024-04-14,Liverpool,Crystal Palace,0,1,A,0,1,A,21,8,6,5,10,10,11,1,1,1,0,0,1665.5535025063386,1422.1843758743764,243.36912663196222,2.5,1.2,2.3,1.4,2.0,0.9,0,0,0.5,0.5,0.0,0.0,0.0,0.0,0,0
2023-2024,2024-04-14,West Ham,Fulham,0,2,A,0,1,A,15,18,4,10,6,13,8,3,1,2,0,0,1498.3088832944452,1450.8445153240261,47.46436797041906,1.6,2.3,1.2,1.9,1.5,1.4,0,0,0.5,0.5,0.0,0.0,0.0,0.0,0,0
2023-2024,2024-04-14,Arsenal,Aston Villa,0,2,A,0,0,D,18,11,4,2,12,7,4,6,3,1,0,0,1666.7995142974908,1563.642852839648,103.1566614578428,3.3,0.4,2.8,2.2,1.9,1.7,0,0,0.5,0.5,0.0,0.0,0.0,0.0,0,0
2023-2024,2024-04-15,Chelsea,Everton,6,0,H,4,0,H,14,10,10,2,5,21,4,8,1,4,0,0,1508.0211611919356,1446.0486638011107,61.972497390824856,2.1,2.1,1.6,0.8,1.4,0.8,0,0,0.5,0.5,0.0,0.0,0.0,0.0,0,0
2023-2024,2024-04-20,Luton,Brentford,1,5,A,0,2,A,6,21,3,9,13,9,4,9,1,2,0,0,1361.1019689275572,1442.3415805240063,-81.2396115964491,1.3,2.5,0.5,1.3,1.9,0.7,1,0,0.5,0.5,0.0,0.0,0.0,0.0,0,0
2023-2024,2024-04-20,Sheffield United,Burnley,1,4,A,0,2,A,18,16,11,9,10,9,11,2,1,0,0,0,1330.8450878484425,1363.689472071552,-32.8443842231095,1.1,3.0,0.6,0.9,2.1,0.7,1,1,0.5,0.5,0.0,0.0,0.0,0.0,0,0
2023-2024,2024-04-20,Wolves,Arsenal,0,2,A,0,1,A,5,24,3,9,14,9,1,2,3,2,0,0,1473.1523386729948,1651.5385528487227,-178.3862141757279,1.3,1.6,1.4,3.1,0.5,2.5,0,0,0.5,0.5,0.0,0.0,0.0,0.0,0,0
2023-2024,2024-04-21,Everton,Nott'm Forest,2,0,H,1,0,H,7,8,4,3,15,9,6,4,3,2,0,0,1440.3998565688526,1397.3096555598456,43.09020100900693,0.8,2.0,0.7,1.4,1.7,0.9,0,0,0.5,0.5,0.0,0.0,0.0,0.0,0,0
2023-2024,2024-04-21,Aston Villa,Bournemouth,3,1,H,1,1,D,14,14,4,6,8,14,8,4,1,3,0,0,1578.903814288416,1458.5851546265974,120.31865966181863,1.9,1.9,1.7,1.7,1.6,1.5,0,0,0.5,0.5,0.0,0.0,0.0,0.0,0,0
2023-2024,2024-04-21,Crystal Palace,West Ham,5,2,H,4,1,H,18,4,7,1,9,9,4,0,3,2,0,0,1439.7507229434048,1484.3022692111604,-44.55154626775561,1.2,1.8,0.9,1.6,2.2,1.2,0,0,0.5,0.5,0.0,0.0,0.0,0.0,0,0
2023-2024,2024-04-21,Fulham,Liverpool,1,3,A,1,1,D,12,14,5,7,5,11,1,4,3,0,0,0,1464.851129407311,1647.9871554373103,-183.13602602999936,1.9,1.3,1.6,2.1,1.2,2.0,0,0,0.5,0.5,0.0,0.0,0.0,0.0,0,0
2023-2024,2024-04-23,Arsenal,Chelsea,5,0,H,1,0,H,27,7,10,1,12,11,4,2,2,2,0,0,1659.319932833258,1513.6699684241937,145.6499644090643,3.0,0.4,2.5,2.6,2.1,1.6,0,0,0.5,0.5,0.0,0.0,0.0,0.0,0,0
2023-2024,2024-04-24,Wolves,Bournemouth,0,1,A,0,1,A,15,21,4,6,10,17,8,12,4,1,0,1,1465.3709586884595,1454.1940363071164,11.176922381343047,0.9,1.6,1.1,1.7,1.6,1.5,0,0,0.5,0.5,0.0,0.0,0.0,0.0,0,0
2023-2024,2024-04-24,Crystal Palace,Newcastle,2,0,H,0,0,D,20,7,7,2,10,15,7,2,3,3,0,0,1448.168201049643,1544.0193938475156,-95.85119279787273,1.6,1.6,1.2,2.5,1.9,1.8,0,0,0.5,0.5,0.0,0.0,0.0,0.0,0,0
2023-2024,2024-04-24,Everton,Liverpool,2,0,H,1,0,H,16,23,6,7,6,13,4,13,0,3,0,0,1446.4994608588581,1655.6389552181802,-209.13949435932204,0.8,1.8,0.9,2.3,1.0,2.3,0,0,0.5,0.5,0.0,0.0,0.0,0.0,0,0
2023-2024,2024-04-24,Man United,Sheffield United,4,2,H,1,1,D,25,10,13,4,7,9,9,4,0,1,0,0,1554.4347083958269,1318.935910961466,235.49879743436077,1.9,1.6,1.5,1.2,2.9,0.6,0,1,0.5,0.5,0.0,0.0,0.0,0.0,0,0
2023-2024,2024-04-25,Brighton,Man City,0,4,A,0,3,A,7,14,3,6,10,3,4,4,2,0,0,0,1502.3244626589408,1693.9528651459943,-191.62840248705356,1.4,1.3,1.2,2.2,0.7,2.4,0,0,0.5,0.5,0.0,0.0,0.0,0.0,0,0
2023-2024,2024-04-27,Everton,Brentford,1,0,H,0,0,D,18,10,1,4,10,12,6,6,1,2,0,0,1459.5413455638698,1452.8810237338841,6.660321829985605,1.0,1.6,1.2,1.7,1.6,1.0,0,0,0.5,0.5,0.0,0.0,0.0,0.0,0,0
2023-2024,2024-04-27,Aston Villa,Chelsea,2,2,D,2,0,H,9,21,4,5,13,14,2,4,3,5,0,0,1583.294932607897,1509.7581256524904,73.53680695540652,2.1,1.8,2.0,2.5,2.2,1.6,0,0,0.5,0.5,0.0,0.0,0.0,0.0,0,0
2023-2024,2024-04-27,West Ham,Liverpool,2,2,D,1,0,H,11,28,8,8,8,10,5,8,0,2,0,0,1475.8847911049222,1642.5970705131685,-166.71227940824633,1.8,2.1,1.2,2.0,1.1,2.0,0,0,0.5,0.5,0.0,0.0,0.0,0.0,0,0
2023-2024,2024-04-27,Fulham,Crystal Palace,1,1,D,0,0,D,9,14,2,4,11,15,5,9,0,2,0,0,1457.199329626441,1458.0487944548834,-0.849464828442251,1.7,1.5,1.3,1.7,1.3,1.5,0,0,0.5,0.5,0.0,0.0,0.0,0.0,0,0
2023-2024,2024-04-27,Man United,Burnley,1,1,D,0,0,D,27,16,10,7,7,11,6,5,1,3,0,0,1556.9668738325568,1375.5986489585284,181.36822487402833,2.0,1.8,1.5,1.2,1.9,1.0,0,1,0.5,0.5,0.0,0.0,0.0,0.0,0,0
2023-2024,2024-04-27,Newcastle,Sheffield United,5,1,H,1,1,D,20,15,7,5,9,10,4,5,0,0,0,0,1534.1388004422752,1316.4037455247362,217.73505491753895,2.1,1.7,1.7,1.1,3.2,0.3,0,1,0.5,0.5,0.0,0.0,0.0,0.0,0,0
2023-2024,2024-04-27,Wolves,Luton,2,1,H,1,0,H,13,9,5,6,14,14,4,4,3,1,0,0,1452.2759536280407,1350.5625257176794,101.71342791036136,0.9,1.5,1.1,1.3,2.8,0.5,0,1,0.5,0.5,0.0,0.0,0.0,0.0,0,0
2023-2024,2024-04-28,Bournemouth,Brighton,3,0,H,1,0,H,15,13,6,1,14,10,8,2,2,2,0,0,1467.2890413675352,1494.902251634316,-27.613210266780698,1.6,1.4,1.7,1.0,1.6,0.9,0,0,0.5,0.5,0.0,0.0,0.0,0.0,0,0
2023-2024,2024-04-28,Tottenham,Arsenal,2,3,A,0,3,A,14,9,2,3,12,16,8,6,2,1,0,0,1564.3828880063745,1663.2317756049613,-98.84888759858677,1.8,1.6,1.7,2.9,0.4,2.5,0,0,0.5,0.5,0.0,0.0,0.0,0.0,0,0
2023-2024,2024-04-28,Nott'm Forest,Man City,0,2,A,0,1,A,14,11,2,5,8,6,4,5,0,0,0,0,1391.21005126984,1701.3750761706192,-310.16502490077914,1.2,1.6,0.9,2.4,0.7,2.4,0,0,0.5,0.5,0.0,0.0,0.0,0.0,0,0
2023-2024,2024-05-02,Chelsea,Tottenham,2,0,H,1,0,H,16,19,5,3,12,16,4,9,0,1,0,0,1514.3751994831798,1554.3497564494055,-39.97455696622569,2.5,2.0,1.7,1.8,1.7,1.6,0,0,0.5,0.5,0.0,0.0,0.0,0.0,0,0
2023-2024,2024-05-03,Luton,Everton,1,1,D,1,1,D,18,10,5,3,14,12,8,7,1,3,0,0,1345.7933791538828,1466.5643542899618,-120.77097513607896,1.3,2.6,0.5,1.0,1.5,1.4,1,0,0.5,0.5,0.0,0.0,0.0,0.0,0,0
2023-2024,2024-05-04,Burnley,Newcastle,1,4,A,0,3,A,17,23,5,11,8,8,4,11,2,2,0,0,1382.2936845489055,1536.9058778029892,-154.61219325408365,1.3,1.5,1.1,2.3,1.6,1.7,1,0,0.5,0.5,0.0,0.0,0.0,0.0,0,0
2023-2024,2024-05-04,Brentford,Fulham,0,0,D,0,0,D,7,15,3,3,3,6,7,6,1,1,0,0,1445.8580150077921,1454.4205759646197,-8.56256095682761,1.7,1.6,1.0,1.7,1.4,1.4,0,0,0.5,0.5,0.0,0.0,0.0,0.0,0,0
2023-2024,2024-05-04,Man City,Wolves,5,1,H,3,0,H,20,2,12,1,4,17,6,0,0,4,0,0,1705.9697797353206,1457.0451001918373,248.9246795434833,2.5,0.6,2.6,0.9,1.5,1.1,0,0,0.5,0.5,0.0,0.0,0.0,0.0,0,0
2023-2024,2024-05-04,Sheffield United,Nott'm Forest,1,3,A,1,1,D,17,15,5,4,9,7,5,3,0,1,1,0,1313.6366681640222,1386.6153477051387,-72.97867954111643,1.2,3.2,0.3,1.0,1.8,0.6,1,0,0.5,0.5,0.0,0.0,0.0,0.0,0,0
2023-2024,2024-05-04,Arsenal,Bournemouth,3,0,H,1,0,H,25,7,9,2,16,12,6,1,2,3,0,0,1673.2649071619303,1475.2352139668603,198.02969319506997,2.7,0.6,2.5,1.9,1.3,2.0,0,0,0.5,0.5,0.0,0.0,0.0,0.0,0,0
2023-2024,2024-05-05,Brighton,Aston Villa,1,0,H,0,0,D,15,2,8,1,13,10,7,3,2,1,0,0,1486.9560790349908,1578.6778587772076,-91.72177974221677,0.9,1.7,0.9,2.1,1.9,1.8,0,0,0.5,0.5,0.0,0.0,0.0,0.0,0,0
2023-2024,2024-05-05,Chelsea,West Ham,5,0,H,3,0,H,25,13,14,2,12,10,8,6,1,3,0,0,1522.664515022065,1477.7816698615525,44.88284516051249,2.4,1.9,1.7,2.0,2.1,1.3,0,0,0.5,0.5,0.0,0.0,0.0,0.0,0,0
2023-2024,2024-05-05,Liverpool,Tottenham,4,2,H,2,0,H,25,11,13,6,14,12,8,3,1,4,0,0,1640.7001917565383,1546.0604409105204,94.63975084601793,1.8,1.2,1.8,1.6,1.8,1.3,0,0,0.5,0.5,0.0,0.0,0.0,0.0,0,0
2023-2024,2024-05-06,Crystal Palace,Man United,4,0,H,2,0,H,18,7,10,2,12,8,6,3,1,1,0,0,1460.8275481167047,1550.2718382421797,-89.44429012547494,1.7,1.3,1.5,1.9,1.8,1.3,0,0,0.5,0.5,0.0,0.0,0.0,0.0,0,0
2023-2024,2024-05-11,Newcastle,Brighton,1,1,D,1,1,D,18,15,7,4,9,16,8,4,3,4,0,0,1545.3468315263085,1496.7178577813315,48.628973744976975,2.5,1.5,1.9,0.5,1.7,0.9,0,0,0.5,0.5,0.0,0.0,0.0,0.0,0,0
2023-2024,2024-05-11,Fulham,Man City,0,4,A,0,1,A,1,16,1,9,9,6,1,7,1,0,1,0,1456.9932330772142,1708.3358969285302,-251.34266385131605,1.5,1.3,1.2,2.9,0.7,2.6,0,0,0.5,0.5,0.0,0.0,0.0,0.0,0,0
2023-2024,2024-05-11,Everton,Sheffield United,1,0,H,1,0,H,15,13,6,1,6,11,3,6,1,2,0,0,1465.9672287919902,1302.8604963647415,163.10673242724874,1.0,1.5,1.4,1.3,3.4,0.3,0,1,0.5,0.5,0.0,0.0,0.0,0.0,0,0
2023-2024,2024-05-11,Bournemouth,Brentford,1,2,A,0,0,D,13,11,4,5,16,12,3,8,2,2,0,0,1472.1864301554492,1443.2853578951976,28.901072260251567,1.7,1.6,1.7,1.5,1.2,1.1,0,0,0.5,0.5,0.0,0.0,0.0,0.0,0,0
2023-2024,2024-05-11,Tottenham,Burnley,2,1,H,1,1,D,21,7,9,3,10,14,9,3,3,5,0,0,1541.1418342814934,1373.8527308255861,167.28910345590725,1.7,2.0,1.3,1.4,1.6,1.1,0,1,0.5,0.5,0.0,0.0,0.0,0.0,0,0
2023-2024,2024-05-11,Wolves,Crystal Palace,1,3,A,0,2,A,13,13,7,3,13,12,8,3,3,2,0,1,1454.6789829986276,1470.5238238095533,-15.844840810925689,0.9,2.0,0.8,1.8,1.3,1.5,0,0,0.5,0.5,0.0,0.0,0.0,0.0,0,0
2023-2024,2024-05-11,Nott'm Forest,Chelsea,2,3,A,1,1,D,20,12,4,5,14,8,5,6,2,3,0,0,1397.3915195044194,1528.720460527145,-131.32894102272553,1.1,1.5,0.9,2.8,1.8,1.9,0,0,0.5,0.5,0.0,0.0,0.0,0.0,0,0
2023-2024,2024-05-11,West Ham,Luton,3,1,H,0,1,A,24,4,8,1,9,15,7,6,1,3,0,0,1471.7257243564725,1346.3905046518544,125.33521970461811,1.6,2.4,1.0,1.2,2.4,0.6,0,1,0.5,0.5,0.0,0.0,0.0,0.0,0,0
2023-2024,2024-05-12,Man United,Arsenal,0,1,A,0,1,A,14,11,2,5,5,6,4,7,0,2,0,0,1540.5755625493312,1676.3136909733414,-135.73812842401026,1.7,2.1,1.0,2.6,0.5,2.5,0,0,0.5,0.5,0.0,0.0,0.0,0.0,0,0
2023-2024,2024-05-13,Aston Villa,Liverpool,3,3,D,1,2,A,19,14,5,7,11,15,5,4,1,1,0,0,1568.9160800308669,1645.6187983855652,-76.70271835469839,1.7,1.8,1.5,1.8,1.3,1.8,0,0,0.5,0.5,0.0,0.0,0.0,0.0,0,0
2023-2024,2024-05-14,Tottenham,Man City,0,2,A,0,0,D,10,8,5,5,14,11,7,4,3,3,0,0,1544.676496286343,1714.2359969324598,-169.5595006461167,1.6,2.0,1.3,3.2,0.7,2.6,0,0,0.5,0.5,0.0,0.0,0.0,0.0,0,0
2023-2024,2024-05-15,Brighton,Chelsea,1,2,A,0,1,A,12,13,2,6,13,14,4,6,2,2,0,1,1500.7525731087537,1537.8211771511194,-37.06860404236568,0.5,1.7,0.9,2.9,1.8,2.1,0,0,0.5,0.5,0.0,0.0,0.0,0.0,0,0
2023-2024,2024-05-15,Man United,Newcastle,3,2,H,1,0,H,17,21,8,8,16,7,9,9,3,3,0,0,1531.6005759937937,1541.3121161988863,-9.71154020509266,1.6,2.0,1.0,2.5,1.2,2.0,0,0,0.5,0.5,0.0,0.0,0.0,0.0,0,0
2023-2024,2024-05-19,Brighton,Man United,0,2,A,0,0,D,17,11,3,4,10,9,7,5,1,3,0,0,1488.960814169364,1539.0588265675099,-50.098012398145784,0.6,1.6,0.9,1.8,1.9,1.3,0,0,0.5,0.5,0.0,0.0,0.0,0.0,0,0
2023-2024,2024-05-19,Arsenal,Everton,2,1,H,1,1,D,26,5,5,2,8,11,8,1,4,3,0,0,1685.288677528879,1469.5724963624746,215.71618116640434,2.1,0.5,2.5,1.0,1.2,1.7,0,0,0.5,0.5,0.0,0.0,0.0,0.0,0,0
2023-2024,2024-05-19,Brentford,Newcastle,2,4,A,0,3,A,10,12,5,7,15,11,3,0,4,4,0,0,1456.8340809607914,1533.85386562517,-77.01978466437868,1.5,1.1,1.3,2.4,1.5,1.7,0,0,0.5,0.5,0.0,0.0,0.0,0.0,0,0
2023-2024,2024-05-19,Burnley,Nott'm Forest,1,2,A,0,2,A,20,12,3,6,11,5,4,3,1,0,0,0,1370.3180688207365,1388.290802880445,-17.9727340597085,1.5,1.6,1.1,1.3,1.7,0.9,1,0,0.5,0.5,0.0,0.0,0.0,0.0,0,0
2023-2024,2024-05-19,Chelsea,Bournemouth,2,1,H,1,0,H,16,22,6,5,5,9,6,5,2,3,0,0,1549.612936090509,1458.6377070898554,90.9752290006536,2.8,1.7,2.1,1.6,1.6,1.6,0,0,0.5,0.5,0.0,0.0,0.0,0.0,0,0
2023-2024,2024-05-19,Crystal Palace,Aston Villa,5,0,H,2,0,H,15,8,9,2,10,8,2,4,1,4,0,0,1482.8997204470932,1568.2465335716074,-85.34681312451426,2.0,1.1,1.8,1.7,1.9,1.3,0,0,0.5,0.5,0.0,0.0,0.0,0.0,0,0
2023-2024,2024-05-19,Luton,Fulham,2,4,A,1,2,A,15,15,6,7,15,20,4,4,5,4,0,0,1342.0975488552801,1451.0931330732847,-108.99558421800452,1.2,2.6,0.5,1.2,1.7,0.9,1,0,0.5,0.5,0.0,0.0,0.0,0.0,0,0
2023-2024,2024-05-19,Man City,West Ham,3,1,H,2,1,H,28,3,12,2,3,12,11,2,0,1,0,0,1722.2602416084867,1476.0186801530467,246.24156145543998,3.1,0.6,2.6,1.6,2.4,1.0,0,0,0.5,0.5,0.0,0.0,0.0,0.0,0,0
2023-2024,2024-05-19,Liverpool,Wolves,2,0,H,2,0,H,36,4,14,3,14,11,10,2,1,1,0,1,1646.2883448448247,1442.3030863610877,203.98525848373697,2.0,1.6,1.6,1.0,2.0,0.8,0,0,0.5,0.5,0.0,0.0,0.0,0.0,0,0
2023-2024,2024-05-19,Sheffield United,Tottenham,0,3,A,0,1,A,6,18,1,9,11,9,2,6,2,0,0,0,1299.2552287942572,1536.6522516103162,-237.397022816059,1.3,2.9,0.3,1.2,2.2,1.0,1,0,0.5,0.5,0.0,0.0,0.0,0.0,0,0
2024-2025,2024-08-16,Man United,Fulham,1,0,H,0,0,D,14,10,5,2,12,10,7,8,2,3,0,0,1535.3397277858464,1472.5839940306516,62.7557337551948,1.8,1.9,1.3,1.5,1.7,1.2,0,0,0.5,0.5,0.0,0.0,0.0,0.0,0,0
2024-2025,2024-08-17,Everton,Brighton,0,3,A,0,1,A,9,10,1,5,8,8,1,5,1,1,1,0,1476.744315614555,1484.274020729965,-7.5297051154100245,1.1,1.2,1.7,0.5,1.8,0.6,0,0,0.5,0.5,0.0,0.0,0.0,0.0,0,0
2024-2025,2024-08-17,Arsenal,Wolves,2,0,H,1,0,H,18,9,6,3,17,14,8,2,2,2,0,0,1631.6585061093922,1457.5392874417162,174.11921866767602,2.1,0.5,2.5,0.8,2.1,0.5,0,0,0.5,0.5,0.0,0.0,0.0,0.0,0,0
2024-2025,2024-08-17,Ipswich,Liverpool,0,2,A,0,0,D,7,18,2,5,9,18,2,10,3,1,0,0,1327.7907526756717,1604.4747144024225,-276.6839617267508,1.3,1.3,1.1,2.1,1.5,1.8,1,0,0.5,0.5,0.0,0.0,0.0,0.0,0,0
2024-2025,2024-08-17,Newcastle,Southampton,1,0,H,1,0,H,3,19,1,4,15,16,3,12,2,4,1,0,1531.1600285783913,1394.2908435733066,136.86918500508477,2.6,1.4,2.0,1.3,2.7,0.2,0,1,0.5,0.5,0.0,0.0,0.0,0.0,0,0
2024-2025,2024-08-17,West Ham,Aston Villa,1,2,A,1,1,D,14,15,3,3,18,11,5,3,1,2,0,0,1481.534105511071,1541.067625413964,-59.53351990289298,1.5,2.5,0.9,1.7,2.0,1.3,0,0,0.5,0.5,0.0,0.0,0.0,0.0,0,0
2024-2025,2024-08-17,Nott'm Forest,Bournemouth,1,1,D,1,0,H,14,13,8,4,17,8,2,6,1,3,0,0,1430.4261793115593,1467.5483095508835,-37.12213023932418,1.5,1.7,1.2,1.3,1.5,1.3,0,0,0.5,0.5,0.0,0.0,0.0,0.0,0,0
2024-2025,2024-08-18,Brentford,Crystal Palace,2,1,H,1,0,H,9,14,5,6,6,15,4,7,1,5,0,0,1462.3215340317815,1494.7347523991264,-32.413218367344825,1.6,1.3,1.3,2.4,1.0,2.0,0,0,0.5,0.5,0.0,0.0,0.0,0.0,0,0
2024-2025,2024-08-18,Chelsea,Man City,0,2,A,0,1,A,10,11,3,5,12,9,4,3,1,1,0,0,1538.2271406753714,1657.2611397220023,-119.03399904663092,2.8,1.6,2.3,3.3,0.6,2.8,0,0,0.5,0.5,0.0,0.0,0.0,0.0,0,0
2024-2025,2024-08-19,Leicester,Tottenham,1,1,D,0,1,A,7,15,3,7,11,12,2,13,1,1,0,0,1443.3181914030374,1530.0241698629022,-86.70597845986481,1.2,1.9,0.9,1.5,1.9,1.3,1,0,0.5,0.5,0.0,0.0,0.0,0.0,0,0
2024-2025,2024-08-24,Brighton,Man United,2,1,H,1,0,H,14,11,5,4,9,13,4,4,1,2,0,0,1496.8744169611707,1540.970277708962,-44.09586074779122,0.7,1.6,0.9,1.8,1.8,1.5,0,0,0.5,0.5,0.0,0.0,0.0,0.0,0,0
2024-2025,2024-08-24,Crystal Palace,West Ham,0,2,A,0,0,D,14,18,2,3,9,17,3,3,1,1,0,0,1486.6558840611492,1470.374624908496,16.28125915265332,2.4,1.1,1.9,1.5,2.6,0.8,0,0,0.5,0.5,0.0,0.0,0.0,0.0,0,0
2024-2025,2024-08-24,Fulham,Leicester,2,1,H,1,1,D,18,10,6,4,14,13,7,5,2,2,0,0,1466.9534441075361,1442.9357453306227,24.01769877691345,1.2,1.8,0.9,1.2,1.8,1.0,0,1,0.5,0.5,0.0,0.0,0.0,0.0,0,0
2024-2025,2024-08-24,Man City,Ipswich,4,1,H,3,1,H,14,1,5,1,4,15,10,1,2,3,0,0,1666.7138446165593,1322.4788003450524,344.2350442715069,3.5,0.6,3.0,0.0,2.0,0.0,0,1,0.5,0.5,0.0,0.0,0.0,0.0,0,0
2024-2025,2024-08-24,Southampton,Nott'm Forest,0,1,A,0,0,D,5,23,1,8,14,14,4,10,3,3,0,0,1390.217495473846,1428.6359115614366,-38.418416087590685,1.3,2.7,0.2,1.5,1.7,1.2,1,0,0.5,0.5,0.0,0.0,0.0,0.0,0,0
2024-2025,2024-08-24,Tottenham,Everton,4,0,H,2,0,H,13,10,7,1,11,15,12,5,0,0,0,0,1530.406615935317,1464.1439193833494,66.26269655196757,1.4,1.9,1.1,1.0,1.3,1.7,0,0,0.5,0.5,0.0,0.0,0.0,0.0,0,0
2024-2025,2024-08-24,Aston Villa,Arsenal,0,2,A,0,0,D,11,9,3,4,8,15,4,1,1,3,0,0,1552.227106016539,1635.0802062261423,-82.85310020960333,1.8,2.0,1.5,2.3,0.5,2.7,0,0,0.5,0.5,0.0,0.0,0.0,0.0,0,0
2024-2025,2024-08-25,Wolves,Chelsea,2,6,A,2,2,D,12,14,4,8,13,13,5,5,2,3,0,0,1454.117587324966,1528.7744357808144,-74.65684845584838,0.8,2.1,0.5,2.4,1.5,2.0,0,0,0.5,0.5,0.0,0.0,0.0,0.0,0,0
2024-2025,2024-08-25,Liverpool,Brentford,2,0,H,1,0,H,19,8,8,2,10,7,9,4,2,3,0,0,1609.7866667330418,1470.4004023697587,139.3862643632831,2.1,1.4,1.8,1.7,1.2,1.6,0,0,0.5,0.5,0.0,0.0,0.0,0.0,0,0
2024-2025,2024-08-25,Bournemouth,Newcastle,1,1,D,1,0,H,16,14,4,5,19,8,8,9,2,2,0,0,1469.3385773010061,1535.233376677852,-65.89479937684587,1.2,1.5,1.1,2.3,1.1,2.0,0,0,0.5,0.5,0.0,0.0,0.0,0.0,0,0
2024-2025,2024-08-31,Arsenal,Brighton,1,1,D,1,0,H,11,22,7,4,12,7,3,7,3,2,1,0,1645.5733333703974,1505.2791105106885,140.29422285970895,2.3,0.5,2.7,0.9,1.7,1.1,0,0,0.5,0.5,0.0,0.0,0.0,0.0,0,0
2024-2025,2024-08-31,Brentford,Southampton,3,1,H,1,0,H,20,18,7,6,10,7,2,8,2,1,0,0,1466.3738525962633,1378.4633659897372,87.91048660652609,1.6,1.3,1.5,1.2,2.4,0.2,0,1,0.5,0.5,0.0,0.0,0.0,0.0,0,0
2024-2025,2024-08-31,Everton,Bournemouth,2,3,A,0,0,D,18,17,8,7,6,1,8,4,2,1,0,0,1458.5946753321828,1468.3600915680358,-9.765416235853081,0.9,1.6,1.6,1.2,1.6,0.9,0,0,0.5,0.5,0.0,0.0,0.0,0.0,0,0
2024-2025,2024-08-31,Ipswich,Fulham,1,1,D,1,1,D,11,9,4,4,15,15,8,6,2,3,0,0,1321.0399449684273,1473.5281828379248,-152.48823786949742,0.5,3.0,0.0,1.1,1.6,1.1,1,0,0.5,0.5,0.0,0.0,0.0,0.0,0,0
2024-2025,2024-08-31,Leicester,Aston Villa,1,2,A,0,1,A,9,10,3,5,13,21,1,4,4,5,0,0,1436.361006600234,1541.7339788722838,-105.37297227204976,1.3,1.9,1.0,1.6,2.2,1.2,1,0,0.5,0.5,0.0,0.0,0.0,0.0,0,0
2024-2025,2024-08-31,Nott'm Forest,Wolves,1,1,D,1,1,D,16,11,5,3,15,18,7,3,3,4,0,0,1440.3900410455453,1443.3894437528527,-2.999402707307354,1.5,1.6,1.4,0.9,2.6,0.4,0,0,0.5,0.5,0.0,0.0,0.0,0.0,0,0
2024-2025,2024-08-31,West Ham,Man City,1,3,A,1,2,A,10,23,2,8,10,3,3,11,3,2,0,0,1483.601860787614,1668.1526999931843,-184.55083920557036,1.4,2.2,1.1,3.5,0.6,3.0,0,0,0.5,0.5,0.0,0.0,0.0,0.0,0,0
2024-2025,2024-09-01,Chelsea,Crystal Palace,1,1,D,1,0,H,13,9,7,3,9,13,4,5,4,2,0,0,1539.5025793529278,1473.428648182031,66.07393117089669,2.8,1.5,2.2,2.4,1.2,1.9,0,0,0.5,0.5,0.0,0.0,0.0,0.0,0,0
2024-2025,2024-09-01,Newcastle,Tottenham,2,1,H,1,0,H,9,20,3,6,16,13,7,12,4,4,0,0,1536.2118624108223,1535.9558599864836,0.25600242433870335,2.3,1.1,2.0,1.7,1.8,1.3,0,0,0.5,0.5,0.0,0.0,0.0,0.0,0,0
2024-2025,2024-09-01,Man United,Liverpool,0,3,A,0,2,A,8,11,3,3,7,7,5,2,4,1,0,0,1532.5655841594441,1613.8132165065372,-81.24763234709303,1.6,1.6,1.5,2.0,1.3,1.8,0,0,0.5,0.5,0.0,0.0,0.0,0.0,0,0
2024-2025,2024-09-14,Brighton,Ipswich,0,0,D,0,0,D,21,6,6,1,14,16,9,2,4,3,0,0,1511.269342790232,1322.539288635653,188.73005415457897,1.0,1.5,1.2,0.6666666666666666,2.3333333333333335,0.3333333333333333,0,1,0.5,0.5,0.0,0.0,0.0,0.0,0,0
2024-2025,2024-09-14,Southampton,Man United,0,3,A,0,2,A,6,20,4,10,11,14,0,7,1,4,1,0,1373.3996760596433,1522.026371133826,-148.62669507418263,1.3,2.5,0.2,1.4,1.7,1.4,1,0,0.5,0.5,0.0,0.0,0.0,0.0,0,0
2024-2025,2024-09-14,Crystal Palace,Leicester,2,2,D,0,1,A,20,9,4,4,11,15,5,2,0,3,0,0,1477.8750462291514,1426.5156408464477,51.3594053827037,2.3,0.9,2.0,1.3,1.8,1.0,0,1,0.5,0.5,0.0,0.0,0.0,0.0,0,0
2024-2025,2024-09-14,Fulham,West Ham,1,1,D,1,0,H,21,11,5,3,15,18,3,2,2,3,0,0,1472.028839170699,1475.9885002274723,-3.959661056773257,1.1,1.4,1.2,1.4,2.4,1.0,0,0,0.5,0.5,0.0,0.0,0.0,0.0,0,0
2024-2025,2024-09-14,Liverpool,Nott'm Forest,0,1,A,0,0,D,14,5,5,3,15,6,7,2,4,4,0,0,1624.3524295321554,1437.6684871336618,186.68394239849363,2.1,1.1,2.0,1.3,1.6,1.2,0,0,0.5,0.5,0.0,0.0,0.0,0.0,0,0
2024-2025,2024-09-14,Man City,Brentford,2,1,H,2,1,H,18,8,7,5,9,3,12,3,3,1,0,0,1675.766060553326,1471.4375425263572,204.32851802696882,3.4,0.5,3.0,1.9,1.4,1.7,0,0,0.5,0.5,0.0,0.0,0.0,0.0,0,0
2024-2025,2024-09-14,Bournemouth,Chelsea,0,1,A,0,0,D,19,10,7,3,16,9,6,3,6,8,0,0,1480.9003904416652,1535.0561813058075,-54.15579086414232,1.4,1.6,1.2,2.3,1.6,2.0,0,0,0.5,0.5,0.0,0.0,0.0,0.0,0,0
2024-2025,2024-09-14,Aston Villa,Everton,3,2,H,1,2,A,17,6,8,2,10,12,6,2,1,4,0,0,1551.5793446260702,1446.0543764585534,105.52496816751682,1.7,1.9,1.5,1.0,1.9,1.3,0,0,0.5,0.5,0.0,0.0,0.0,0.0,0,0
2024-2025,2024-09-15,Tottenham,Arsenal,0,1,A,0,0,D,15,7,5,4,13,10,7,6,5,3,0,0,1528.763948707575,1639.583101090854,-110.81915238327883,1.5,1.9,1.0,2.1,0.6,2.5,0,0,0.5,0.5,0.0,0.0,0.0,0.0,0,0
2024-2025,2024-09-15,Wolves,Newcastle,1,2,A,1,0,H,12,14,5,6,17,6,4,7,3,3,0,0,1446.1109976647363,1543.4037736897308,-97.29277602499451,0.9,2.5,0.5,2.4,1.2,2.0,0,0,0.5,0.5,0.0,0.0,0.0,0.0,0,0
2024-2025,2024-09-21,West Ham,Chelsea,0,3,A,0,2,A,15,12,7,5,17,9,6,5,5,2,0,0,1478.6844436240688,1546.3680787785634,-67.6836351544946,1.3,2.4,0.8,2.4,1.1,2.3,0,0,0.5,0.5,0.0,0.0,0.0,0.0,0,0
2024-2025,2024-09-21,Aston Villa,Wolves,3,1,H,0,1,A,9,10,4,4,11,16,6,5,3,6,0,0,1556.2692613604825,1436.033079072083,120.2361822883995,1.7,1.8,1.7,0.8,2.5,0.4,0,0,0.5,0.5,0.0,0.0,0.0,0.0,0,0
2024-2025,2024-09-21,Fulham,Newcastle,3,1,H,2,0,H,22,15,11,4,16,8,6,0,6,0,0,0,1469.3328957741026,1553.481692282384,-84.14879650828152,1.2,1.4,1.3,2.2,1.3,2.0,0,0,0.5,0.5,0.0,0.0,0.0,0.0,0,0
2024-2025,2024-09-21,Leicester,Everton,1,1,D,0,1,A,12,16,2,5,11,12,6,1,1,2,0,0,1430.6159416978903,1441.3644597241412,-10.74851802625085,1.3,1.9,0.8,1.2,1.6,1.3,1,0,0.5,0.5,0.0,0.0,0.0,0.0,0,0
2024-2025,2024-09-21,Liverpool,Bournemouth,3,0,H,3,0,H,19,19,13,6,10,12,3,9,1,4,0,0,1607.57383706359,1469.5884929689093,137.9853440946806,2.1,1.1,2.0,1.2,1.5,1.1,0,0,0.5,0.5,0.0,0.0,0.0,0.0,0,0
2024-2025,2024-09-21,Southampton,Ipswich,1,1,D,1,0,H,11,13,3,6,16,16,2,10,4,4,0,0,1364.7901972816742,1329.3495856093368,35.440611672337354,1.0,2.5,0.1,0.5,1.75,0.5,1,1,0.5,0.5,0.0,0.0,0.0,0.0,0,0
2024-2025,2024-09-21,Tottenham,Brentford,3,1,H,2,1,H,23,6,10,6,11,9,9,4,3,1,0,0,1519.0752483290103,1468.4812768516215,50.59397147738878,1.5,1.6,1.0,1.7,1.3,1.6,0,0,0.5,0.5,0.0,0.0,0.0,0.0,0,0
2024-2025,2024-09-21,Crystal Palace,Man United,0,0,D,0,0,D,9,15,4,6,7,12,4,11,3,1,0,0,1473.7747453777088,1530.635849911795,-56.86110453408628,2.4,1.1,1.8,1.5,1.5,1.6,0,0,0.5,0.5,0.0,0.0,0.0,0.0,0,0
2024-2025,2024-09-22,Brighton,Nott'm Forest,2,2,D,2,1,H,14,4,3,3,12,11,9,1,3,4,0,1,1504.4590458165483,1454.4470796022272,50.01196621432109,0.9,1.4,1.2,1.3,1.3,1.5,0,0,0.5,0.5,0.0,0.0,0.0,0.0,0,0
2024-2025,2024-09-22,Man City,Arsenal,2,2,D,1,2,A,33,5,11,3,7,10,8,2,3,4,0,1,1678.7223262280618,1649.2718014694187,29.45052475864304,3.1,0.5,3.0,2.2,0.4,2.8,0,0,0.5,0.5,0.0,0.0,0.0,0.0,0,0
2024-2025,2024-09-28,Chelsea,Brighton,4,2,H,4,2,H,15,15,7,5,11,8,8,2,3,2,0,0,1557.2955453795248,1500.391058323399,56.904487056125845,2.5,0.9,2.5,1.1,1.2,1.3,0,0,0.5,0.5,0.0,0.0,0.0,0.0,0,0
2024-2025,2024-09-28,Arsenal,Leicester,4,2,H,2,0,H,36,5,16,3,11,6,17,0,2,4,0,0,1652.8343396937728,1428.1021317671864,224.7322079265864,2.2,0.6,2.6,1.3,1.9,0.8,0,1,0.5,0.5,0.0,0.0,0.0,0.0,0,0
2024-2025,2024-09-28,Brentford,West Ham,1,1,D,1,0,H,8,19,3,3,2,11,7,7,2,3,0,0,1462.5632341512937,1467.7569770231073,-5.193742871813583,1.6,1.6,1.3,1.3,2.5,0.8,0,0,0.5,0.5,0.0,0.0,0.0,0.0,0,0
2024-2025,2024-09-28,Wolves,Liverpool,1,2,A,0,1,A,8,10,3,6,16,8,2,10,2,3,0,0,1431.6403334614129,1611.6263833961818,-179.98604993476897,0.9,2.6,0.4,2.1,1.0,2.0,0,0,0.5,0.5,0.0,0.0,0.0,0.0,0,0
2024-2025,2024-09-28,Everton,Crystal Palace,2,1,H,0,1,A,8,17,2,5,13,11,5,8,2,1,0,0,1443.878269654845,1472.5394496747824,-28.66118001993732,1.1,1.7,1.1,1.9,0.9,1.6,0,0,0.5,0.5,0.0,0.0,0.0,0.0,0,0
2024-2025,2024-09-28,Nott'm Forest,Fulham,0,1,A,0,0,D,11,14,1,2,11,15,6,5,2,4,0,0,1458.5150670953765,1478.8769777501263,-20.361910654749863,1.3,1.3,1.5,1.3,1.5,1.3,0,0,0.5,0.5,0.0,0.0,0.0,0.0,0,0
2024-2025,2024-09-28,Newcastle,Man City,1,1,D,0,1,A,11,16,4,6,14,10,5,6,4,4,0,0,1543.9376103063603,1675.1597880037077,-131.22217769734743,2.3,1.4,2.0,2.9,0.7,2.8,0,0,0.5,0.5,0.0,0.0,0.0,0.0,0,0
2024-2025,2024-09-29,Ipswich,Aston Villa,2,2,D,1,2,A,15,7,5,3,10,14,10,0,4,1,0,0,1333.0617172113598,1560.6620069711526,-227.60028975979276,0.6,1.6,0.6,1.8,1.9,1.7,1,0,0.5,0.5,0.0,0.0,0.0,0.0,0,0
2024-2025,2024-09-29,Man United,Tottenham,0,3,A,0,1,A,11,24,2,10,16,14,5,3,5,3,1,0,1531.8711456147214,1524.993291029338,6.877854585383375,1.1,1.3,1.4,1.6,1.4,1.3,0,0,0.5,0.5,0.0,0.0,0.0,0.0,0,0
2024-2025,2024-09-30,Bournemouth,Southampton,3,1,H,3,0,H,14,9,6,3,19,12,7,4,2,5,0,0,1465.5359466363175,1361.0780656796512,104.45788095666626,1.1,1.5,1.1,1.1,2.5,0.2,0,1,0.5,0.5,0.0,0.0,0.0,0.0,0,0
2024-2025,2024-10-05,West Ham,Ipswich,4,1,H,2,1,H,23,9,13,2,12,6,5,5,0,1,0,0,1470.4199508704244,1336.57767228676,133.84227858366444,1.2,2.1,0.9,0.8333333333333334,1.6666666666666667,0.6666666666666666,0,1,0.5,0.5,0.0,0.0,0.0,0.0,0,0
2024-2025,2024-10-05,Everton,Newcastle,0,0,D,0,0,D,8,14,2,3,12,8,0,10,1,2,0,0,1451.8533507317977,1544.8338455535625,-92.98049482176475,1.1,1.8,1.1,1.9,1.4,1.8,0,0,0.5,0.5,0.0,0.0,0.0,0.0,0,0
2024-2025,2024-10-05,Crystal Palace,Liverpool,0,1,A,0,1,A,9,16,5,4,7,15,3,8,4,2,0,0,1464.5643685978298,1619.3640279542533,-154.7996593564235,1.8,1.1,1.3,2.3,0.9,2.3,0,0,0.5,0.5,0.0,0.0,0.0,0.0,0,0
2024-2025,2024-10-05,Arsenal,Southampton,3,1,H,0,0,D,29,8,6,2,10,9,13,1,0,3,0,0,1655.5067739789654,1356.36605995811,299.1407140208553,2.1,0.8,2.6,1.1,2.5,0.2,0,1,0.5,0.5,0.0,0.0,0.0,0.0,0,0
2024-2025,2024-10-05,Brentford,Wolves,5,3,H,4,2,H,19,17,12,6,9,10,10,3,2,3,0,0,1459.9002603039767,1423.9026889033414,35.99757140063525,1.2,1.6,1.1,1.0,2.7,0.4,0,0,0.5,0.5,0.0,0.0,0.0,0.0,0,0
2024-2025,2024-10-05,Leicester,Bournemouth,1,0,H,1,0,H,6,17,2,2,12,14,0,9,4,1,0,0,1425.4296974819938,1470.2479523578586,-44.818254875864795,1.3,2.1,0.7,1.3,1.6,1.1,1,0,0.5,0.5,0.0,0.0,0.0,0.0,0,0
2024-2025,2024-10-05,Man City,Fulham,3,2,H,1,1,D,20,11,7,4,4,10,8,3,2,1,0,0,1674.2635527565055,1491.129828529486,183.13372422701946,2.8,0.8,2.6,1.3,1.2,1.6,0,0,0.5,0.5,0.0,0.0,0.0,0.0,0,0
2024-2025,2024-10-06,Aston Villa,Man United,0,0,D,0,0,D,11,10,1,4,12,11,6,3,1,5,0,0,1557.1460518957524,1518.8884491971514,38.25760269860098,1.7,2.0,1.5,1.0,1.5,1.3,0,0,0.5,0.5,0.0,0.0,0.0,0.0,0,0
2024-2025,2024-10-06,Chelsea,Nott'm Forest,1,1,D,0,0,D,22,16,8,9,12,11,11,3,6,2,0,1,1563.0633513124205,1446.2622163160167,116.80113499640379,2.7,1.1,2.5,1.3,1.2,1.5,0,0,0.5,0.5,0.0,0.0,0.0,0.0,0,0
2024-2025,2024-10-06,Brighton,Tottenham,3,2,H,0,2,A,11,13,4,3,14,10,4,7,2,2,0,0,1494.6232523905032,1537.975987446908,-43.352735056404754,1.3,1.3,1.3,1.9,1.2,1.6,0,0,0.5,0.5,0.0,0.0,0.0,0.0,0,0
2024-2025,2024-10-19,Tottenham,West Ham,4,1,H,1,1,D,22,11,7,4,10,15,13,5,1,3,0,1,1529.5921312847756,1474.5501106852041,55.042020599571515,1.9,1.1,1.6,1.4,2.0,1.1,0,0,0.5,0.5,0.0,0.0,0.0,0.0,0,0
2024-2025,2024-10-19,Fulham,Aston Villa,1,3,A,1,1,D,10,14,4,5,8,11,6,11,3,3,1,1,1487.8528068394696,1553.3642247634937,-65.51141792402404,1.4,1.4,1.5,1.5,1.8,1.5,0,0,0.5,0.5,0.0,0.0,0.0,0.0,0,0
2024-2025,2024-10-19,Ipswich,Everton,0,2,A,0,2,A,13,11,2,8,12,10,5,8,1,1,0,0,1332.4475124719802,1451.6513406175534,-119.2038281455732,0.8571428571428571,2.0,0.5714285714285714,1.0,1.8,0.9,1,0,0.5,0.5,0.0,0.0,0.0,0.0,0,0
2024-2025,2024-10-19,Man United,Brentford,2,1,H,0,1,A,23,8,11,2,14,5,9,2,2,2,0,0,1522.6702763294102,1466.1743153467805,56.49596098262964,1.0,1.1,1.4,1.7,1.8,1.4,0,0,0.5,0.5,0.0,0.0,0.0,0.0,0,0
2024-2025,2024-10-19,Newcastle,Brighton,0,1,A,0,1,A,21,10,6,5,11,9,9,4,2,2,0,0,1545.0358556678068,1503.0071085526356,42.0287471151712,1.5,1.3,1.6,1.5,1.5,1.3,0,0,0.5,0.5,0.0,0.0,0.0,0.0,0,0
2024-2025,2024-10-19,Southampton,Leicester,2,3,A,2,0,H,14,18,7,4,10,10,10,6,5,3,1,0,1354.5396856320722,1433.8546607387302,-79.31497510665804,0.9,2.4,0.2,1.1,1.6,1.0,1,1,0.5,0.5,0.0,0.0,0.0,0.0,0,0
2024-2025,2024-10-19,Bournemouth,Arsenal,2,0,H,0,0,D,13,6,4,1,12,11,7,4,1,1,0,1,1461.8229891011222,1657.3331483050033,-195.51015920388113,1.0,1.7,0.8,2.1,0.7,2.6,0,0,0.5,0.5,0.0,0.0,0.0,0.0,0,0
2024-2025,2024-10-20,Wolves,Man City,1,2,A,1,1,D,3,22,2,7,8,5,1,18,4,1,0,0,1417.6286338605375,1677.540574446522,-259.91194058598444,1.1,3.1,0.1,2.6,0.9,2.6,0,0,0.5,0.5,0.0,0.0,0.0,0.0,0,0
2024-2025,2024-10-20,Liverpool,Chelsea,2,1,H,1,0,H,9,12,5,2,12,13,1,6,4,3,0,0,1627.7997175621979,1557.5242555922798,70.27546196991807,2.2,0.7,2.5,2.3,1.2,2.3,0,0,0.5,0.5,0.0,0.0,0.0,0.0,0,0
2024-2025,2024-10-21,Nott'm Forest,Crystal Palace,1,0,H,0,0,D,20,20,6,7,9,12,6,6,2,3,0,0,1451.8013120361575,1456.1286789898852,-4.327366953727733,1.4,1.1,1.6,1.7,1.1,1.2,0,0,0.5,0.5,0.0,0.0,0.0,0.0,0,0
2024-2025,2024-10-25,Leicester,Nott'm Forest,1,3,A,1,1,D,11,20,1,5,16,9,6,7,5,2,0,0,1444.4493211742126,1459.115185648216,-14.665864474003456,1.4,1.5,1.3,1.2,1.0,1.6,1,0,0.5,0.5,0.0,0.0,0.0,0.0,0,0
2024-2025,2024-10-26,Brentford,Ipswich,4,3,H,2,2,D,20,11,9,5,7,10,5,5,0,1,0,1,1460.3968523756298,1322.9996808797146,137.39717149591525,1.8,2.0,1.3,0.75,2.0,0.5,0,1,0.5,0.5,0.0,0.0,0.0,0.0,0,0
2024-2025,2024-10-26,Man City,Southampton,1,0,H,1,0,H,22,5,8,2,9,9,12,1,1,3,0,0,1683.23758446302,1343.9450251965898,339.2925592664303,2.4,1.0,2.6,1.1,2.5,0.2,0,1,0.5,0.5,0.0,0.0,0.0,0.0,0,0
2024-2025,2024-10-26,Aston Villa,Bournemouth,1,1,D,0,0,D,18,11,8,3,12,14,9,7,7,6,0,0,1564.3536382682637,1474.5047759843642,89.8488622838995,1.8,1.8,1.8,1.2,1.4,1.1,0,0,0.5,0.5,0.0,0.0,0.0,0.0,0,0
2024-2025,2024-10-26,Everton,Fulham,1,1,D,0,0,D,10,14,5,3,8,8,4,2,1,0,0,0,1461.099172209819,1476.8633933346996,-15.764221124880578,1.1,1.7,1.1,1.5,1.7,1.4,0,0,0.5,0.5,0.0,0.0,0.0,0.0,0,0
2024-2025,2024-10-26,Brighton,Wolves,2,2,D,1,0,H,19,14,6,7,12,10,9,6,3,3,0,0,1516.8815701060723,1411.9316238440394,104.94994626203288,1.5,1.4,1.5,1.1,2.8,0.1,0,0,0.5,0.5,0.0,0.0,0.0,0.0,0,0
2024-2025,2024-10-27,Chelsea,Newcastle,2,1,H,1,1,D,17,11,7,3,13,16,7,4,6,3,0,0,1552.0671514741744,1531.16139411437,20.905757359804284,2.1,1.2,2.0,1.4,1.3,1.5,0,0,0.5,0.5,0.0,0.0,0.0,0.0,0,0
2024-2025,2024-10-27,Crystal Palace,Tottenham,1,0,H,1,0,H,14,11,6,3,16,12,8,8,4,4,0,0,1448.8148053778266,1535.404041310933,-86.58923593310647,1.3,1.2,0.9,2.1,1.1,1.6,0,0,0.5,0.5,0.0,0.0,0.0,0.0,0,0
2024-2025,2024-10-27,West Ham,Man United,2,1,H,0,0,D,12,18,3,5,6,7,6,5,5,1,0,0,1468.7382006590467,1528.447739300561,-59.7095386415142,1.5,1.9,1.1,1.2,1.1,1.7,0,0,0.5,0.5,0.0,0.0,0.0,0.0,0,0
2024-2025,2024-10-27,Arsenal,Liverpool,2,2,D,2,1,H,9,9,3,4,14,14,1,3,2,2,0,0,1644.6513614217613,1633.2568216803033,11.394539741457947,1.8,0.9,2.3,2.0,0.6,2.5,0,0,0.5,0.5,0.0,0.0,0.0,0.0,0,0
2024-2025,2024-11-02,Newcastle,Arsenal,1,0,H,1,0,H,9,10,4,1,16,18,4,6,4,4,0,0,1524.5073539281482,1641.5506939158417,-117.04333998769357,1.3,1.2,1.5,1.9,1.1,2.1,0,0,0.5,0.5,0.0,0.0,0.0,0.0,0,0
2024-2025,2024-11-02,Bournemouth,Man City,2,1,H,1,0,H,12,18,6,4,11,6,3,10,2,1,0,0,1479.4831660004634,1684.7148976844858,-205.2317316840224,1.2,1.3,1.2,2.3,1.0,2.6,0,0,0.5,0.5,0.0,0.0,0.0,0.0,0,0
2024-2025,2024-11-02,Ipswich,Leicester,1,1,D,0,0,D,14,20,2,6,11,10,4,6,4,2,1,0,1318.9361827119526,1432.0414323022076,-113.10524959025497,1.0,2.2222222222222223,0.4444444444444444,1.5,1.8,1.2,1,1,0.5,0.5,0.0,0.0,0.0,0.0,0,0
2024-2025,2024-11-02,Liverpool,Brighton,2,1,H,0,1,A,16,13,8,5,10,18,10,7,1,1,0,0,1636.357489186223,1511.5833810127394,124.77410817348346,1.9,0.5,2.5,1.6,1.4,1.6,0,0,0.5,0.5,0.0,0.0,0.0,0.0,0,0
2024-2025,2024-11-02,Nott'm Forest,West Ham,3,0,H,1,0,H,19,4,6,2,7,9,11,6,1,2,0,1,1471.5230745202211,1477.5837184660957,-6.060643945874517,1.3,0.8,1.9,1.4,1.9,1.1,0,0,0.5,0.5,0.0,0.0,0.0,0.0,0,0
2024-2025,2024-11-02,Southampton,Everton,1,0,H,0,0,D,9,16,2,5,14,18,3,6,4,2,0,0,1342.467711975124,1458.7210862570241,-116.25337428190005,1.0,2.3,0.2,1.1,1.8,0.9,1,0,0.5,0.5,0.0,0.0,0.0,0.0,0,0
2024-2025,2024-11-02,Wolves,Crystal Palace,2,2,D,0,0,D,11,19,6,7,7,9,3,6,1,2,0,0,1417.2298129373723,1458.4290041433107,-41.199191205938405,1.2,2.7,0.2,1.1,1.1,0.9,0,0,0.5,0.5,0.0,0.0,0.0,0.0,0,0
2024-2025,2024-11-03,Tottenham,Aston Villa,4,1,H,0,1,A,16,12,6,1,14,14,6,4,2,0,0,0,1525.789842545449,1559.3752482521645,-33.58540570671562,2.1,1.0,1.6,1.6,1.6,1.8,0,0,0.5,0.5,0.0,0.0,0.0,0.0,0,0
2024-2025,2024-11-03,Man United,Chelsea,1,1,D,0,0,D,11,12,4,3,19,14,4,8,6,2,0,0,1519.602221493512,1558.7211916603962,-39.11897016688431,1.0,1.1,1.4,2.1,1.2,2.0,0,0,0.5,0.5,0.0,0.0,0.0,0.0,0,0
2024-2025,2024-11-04,Fulham,Brentford,2,1,H,0,1,A,26,5,12,2,3,10,11,3,2,1,0,0,1479.2414792874945,1464.4603505433918,14.781128744102716,1.6,1.4,1.5,2.0,2.2,1.3,0,0,0.5,0.5,0.0,0.0,0.0,0.0,0,0
2024-2025,2024-11-09,Liverpool,Aston Villa,2,0,H,1,0,H,14,12,5,2,11,15,2,9,0,3,0,0,1640.6613449670574,1551.2638658936155,89.3974790734419,1.9,0.6,2.5,1.7,1.5,1.8,0,0,0.5,0.5,0.0,0.0,0.0,0.0,0,0
2024-2025,2024-11-09,Wolves,Southampton,2,0,H,1,0,H,8,9,4,0,14,12,1,9,1,4,0,0,1415.5533652789597,1352.9351807294051,62.6181845495546,1.4,2.7,0.3,0.7,1.9,0.4,0,1,0.5,0.5,0.0,0.0,0.0,0.0,0,0
2024-2025,2024-11-09,West Ham,Everton,0,0,D,0,0,D,11,18,6,4,10,9,7,6,1,2,0,0,1470.2234949417511,1448.253617502743,21.969877439008087,1.3,1.9,1.1,1.0,1.7,0.9,0,0,0.5,0.5,0.0,0.0,0.0,0.0,0,0
2024-2025,2024-11-09,Crystal Palace,Fulham,0,2,A,0,1,A,13,17,5,7,10,11,1,8,1,1,1,0,1460.1054518017233,1486.052977434739,-25.94752563301563,0.8,1.3,0.7,1.4,1.3,1.5,0,0,0.5,0.5,0.0,0.0,0.0,0.0,0,0
2024-2025,2024-11-09,Brighton,Man City,2,1,H,0,1,A,10,15,4,6,12,10,0,4,3,3,0,0,1507.279525231905,1671.7754261713076,-164.49590093940265,1.7,1.4,1.6,2.1,1.1,2.3,0,0,0.5,0.5,0.0,0.0,0.0,0.0,0,0
2024-2025,2024-11-09,Brentford,Bournemouth,3,2,H,1,1,D,12,15,6,3,8,16,6,4,2,4,0,0,1457.6488523961473,1492.4226375136416,-34.7737851174943,1.9,2.0,1.3,1.3,1.2,1.5,0,0,0.5,0.5,0.0,0.0,0.0,0.0,0,0
2024-2025,2024-11-10,Man United,Leicester,3,0,H,2,0,H,13,6,3,5,9,5,1,5,0,1,0,0,1517.8676420379402,1431.6644116884622,86.20323034947796,0.9,1.2,1.2,1.4,1.8,1.0,0,1,0.5,0.5,0.0,0.0,0.0,0.0,0,0
2024-2025,2024-11-10,Nott'm Forest,Newcastle,1,3,A,1,0,H,9,17,3,6,13,6,4,5,1,1,0,0,1478.8832980445657,1534.9975075863372,-56.114209541771515,1.4,0.7,1.9,1.0,1.0,1.5,0,0,0.5,0.5,0.0,0.0,0.0,0.0,0,0
2024-2025,2024-11-10,Tottenham,Ipswich,1,2,A,0,2,A,17,8,5,3,10,19,12,2,1,5,0,0,1533.901224903998,1319.313203325698,214.58802157829996,2.2,1.1,1.6,1.0,2.1,0.5,0,1,0.5,0.5,0.0,0.0,0.0,0.0,0,0
2024-2025,2024-11-10,Chelsea,Arsenal,1,1,D,0,0,D,17,13,3,3,12,12,4,3,4,2,0,0,1560.455771115968,1631.0605402576527,-70.60476914168476,2.0,1.2,1.8,1.7,1.1,1.8,0,0,0.5,0.5,0.0,0.0,0.0,0.0,0,0
2024-2025,2024-11-23,Leicester,Chelsea,1,2,A,0,1,A,4,16,1,7,15,12,2,9,4,3,0,0,1426.563466630463,1559.6117213659063,-133.04825473544338,1.3,2.0,0.9,2.1,1.1,1.9,1,0,0.5,0.5,0.0,0.0,0.0,0.0,0,0
2024-2025,2024-11-23,Arsenal,Nott'm Forest,3,0,H,1,0,H,19,7,7,0,10,1,8,1,3,2,0,0,1631.9045900077144,1467.626838668673,164.27775133904152,1.6,1.2,1.6,1.4,0.9,1.8,0,0,0.5,0.5,0.0,0.0,0.0,0.0,0,0
2024-2025,2024-11-23,Aston Villa,Crystal Palace,2,2,D,1,2,A,17,13,5,6,10,11,10,1,3,2,0,0,1546.232477686245,1448.0057499689021,98.22672771734278,1.5,1.6,1.5,0.7,1.3,0.7,0,0,0.5,0.5,0.0,0.0,0.0,0.0,0,0
2024-2025,2024-11-23,Bournemouth,Brighton,1,2,A,0,1,A,19,6,5,4,13,10,7,0,2,2,0,1,1484.2782496791847,1519.1148331678946,-34.83658348870995,1.4,1.4,1.4,1.6,1.5,1.6,0,0,0.5,0.5,0.0,0.0,0.0,0.0,0,0
2024-2025,2024-11-23,Everton,Brentford,0,0,D,0,0,D,27,9,5,2,8,10,10,4,0,0,0,1,1451.6267483013798,1465.7932402306042,-14.166491929224321,1.0,1.4,1.0,2.0,2.1,1.3,0,0,0.5,0.5,0.0,0.0,0.0,0.0,0,0
2024-2025,2024-11-23,Fulham,Wolves,1,4,A,1,1,D,10,10,3,5,14,14,7,2,3,0,0,0,1498.1526792675602,1421.1871188874625,76.96556038009771,1.6,1.2,1.8,1.6,2.5,0.6,0,0,0.5,0.5,0.0,0.0,0.0,0.0,0,0
2024-2025,2024-11-23,Man City,Tottenham,0,4,A,0,2,A,23,9,5,7,19,9,9,3,4,2,0,0,1659.9401182353179,1516.7117783039541,143.22833993136373,2.0,1.3,2.0,2.2,1.2,1.5,0,0,0.5,0.5,0.0,0.0,0.0,0.0,0,0
2024-2025,2024-11-24,Southampton,Liverpool,2,3,A,1,1,D,7,27,5,11,11,9,3,10,3,4,0,0,1347.3014271209024,1645.692733174428,-298.39130605352557,0.7,2.0,0.4,1.9,0.6,2.5,1,0,0.5,0.5,0.0,0.0,0.0,0.0,0,0
2024-2025,2024-11-24,Ipswich,Man United,1,1,D,1,1,D,11,11,6,4,11,10,4,3,0,0,0,0,1336.5026499257417,1522.9685870959395,-186.46593717019778,1.2,2.0,0.8,1.1,1.2,1.2,1,0,0.5,0.5,0.0,0.0,0.0,0.0,0,0
2024-2025,2024-11-25,Newcastle,West Ham,0,2,A,0,1,A,18,15,2,6,11,8,8,3,1,0,0,0,1546.25396696223,1466.8503641431143,79.40360281911558,1.2,1.1,1.5,1.2,1.7,1.2,0,0,0.5,0.5,0.0,0.0,0.0,0.0,0,0
2024-2025,2024-11-29,Brighton,Southampton,1,1,D,1,0,H,22,10,5,2,20,16,7,6,2,4,0,0,1530.9687000294807,1342.4624781324433,188.50622189703745,1.6,1.5,1.6,0.9,2.2,0.4,0,1,0.5,0.5,0.0,0.0,0.0,0.0,0,0
2024-2025,2024-11-30,Brentford,Leicester,4,1,H,3,1,H,13,7,6,3,9,10,5,4,1,1,0,0,1468.214664164236,1417.5118134013521,50.70285076288383,2.0,1.9,1.4,1.3,2.0,0.9,0,1,0.5,0.5,0.0,0.0,0.0,0.0,0,0
2024-2025,2024-11-30,Crystal Palace,Newcastle,1,1,D,0,0,D,16,1,4,0,12,11,8,9,3,3,0,0,1453.1633249395481,1531.5050699500403,-78.3417450104921,0.9,1.3,0.8,1.1,1.2,1.4,0,0,0.5,0.5,0.0,0.0,0.0,0.0,0,0
2024-2025,2024-11-30,Nott'm Forest,Ipswich,1,0,H,0,0,D,12,7,5,3,5,16,8,7,1,3,0,0,1464.041450108917,1338.9412017816983,125.10024832721865,1.3,1.2,1.5,1.2,1.7,0.9,0,1,0.5,0.5,0.0,0.0,0.0,0.0,0,0
2024-2025,2024-11-30,Wolves,Bournemouth,2,4,A,1,3,A,10,12,3,8,13,11,3,4,4,1,0,0,1435.881487900999,1472.4243828175986,-36.54289491659961,1.8,2.0,0.9,1.4,1.5,1.3,0,0,0.5,0.5,0.0,0.0,0.0,0.0,0,0
2024-2025,2024-11-30,West Ham,Arsenal,2,5,A,2,5,A,12,16,5,7,10,13,2,10,4,1,0,0,1481.599261155304,1635.4899785674704,-153.8907174121664,1.2,1.7,1.2,1.7,1.2,1.6,0,0,0.5,0.5,0.0,0.0,0.0,0.0,0,0
2024-2025,2024-12-01,Chelsea,Aston Villa,3,0,H,2,0,H,17,10,8,4,21,6,3,4,2,2,0,0,1568.663374595017,1541.074902715599,27.588471879418194,1.7,1.0,1.9,1.7,1.6,1.6,0,0,0.5,0.5,0.0,0.0,0.0,0.0,0,0
2024-2025,2024-12-01,Man United,Everton,4,0,H,2,0,H,11,8,5,2,12,12,2,2,2,3,0,0,1520.530035239983,1449.205324367748,71.32471087223485,1.1,1.1,1.3,1.0,1.0,1.1,0,0,0.5,0.5,0.0,0.0,0.0,0.0,0,0
2024-2025,2024-12-01,Tottenham,Fulham,1,1,D,0,0,D,8,14,3,6,4,14,7,11,0,1,0,1,1532.7558841079665,1483.4583102540237,49.29757385394282,2.2,1.2,1.5,1.5,1.5,1.5,0,0,0.5,0.5,0.0,0.0,0.0,0.0,0,0
2024-2025,2024-12-01,Liverpool,Man City,2,0,H,1,0,H,18,8,7,2,9,8,7,4,1,3,0,0,1650.5316821628871,1643.8960124313055,6.635669731581629,2.0,0.8,2.5,1.6,1.6,1.7,0,0,0.5,0.5,0.0,0.0,0.0,0.0,0,0
2024-2025,2024-12-03,Ipswich,Crystal Palace,0,1,A,0,0,D,9,13,2,3,14,13,4,7,2,4,0,0,1334.6436839446162,1452.5407564676186,-117.89707252300241,1.1,1.7,0.8,0.9,1.3,0.8,1,0,0.5,0.5,0.0,0.0,0.0,0.0,0,0
2024-2025,2024-12-03,Leicester,West Ham,3,1,H,1,0,H,8,31,6,10,9,7,3,9,2,2,0,0,1411.5963819995025,1473.1380398929941,-61.541657893491674,1.3,2.2,0.9,1.3,1.9,1.2,1,0,0.5,0.5,0.0,0.0,0.0,0.0,0,0
2024-2025,2024-12-04,Newcastle,Liverpool,3,3,D,1,0,H,17,16,6,5,9,17,5,6,2,5,0,0,1532.1276384219698,1657.5553375638544,-125.42769914188466,1.0,1.2,1.2,1.9,0.8,2.5,0,0,0.5,0.5,0.0,0.0,0.0,0.0,0,0
2024-2025,2024-12-04,Man City,Nott'm Forest,3,0,H,2,0,H,17,12,7,3,7,15,8,2,2,4,0,0,1636.8723570303382,1468.338967945999,168.5333890843392,1.3,1.7,1.4,1.3,1.1,1.7,0,0,0.5,0.5,0.0,0.0,0.0,0.0,0,0
2024-2025,2024-12-04,Everton,Wolves,4,0,H,2,0,H,13,6,4,2,10,8,3,4,2,0,0,0,1443.7721545436364,1424.0750875869514,19.69706695668492,0.8,1.1,1.1,1.9,2.3,0.8,0,0,0.5,0.5,0.0,0.0,0.0,0.0,0,0
2024-2025,2024-12-04,Southampton,Chelsea,1,5,A,1,3,A,6,26,4,13,7,14,5,7,1,0,1,0,1349.2693191792869,1575.1477176204844,-225.87839844119753,0.9,2.0,0.5,1.9,0.9,2.1,1,0,0.5,0.5,0.0,0.0,0.0,0.0,0,0
2024-2025,2024-12-04,Aston Villa,Brentford,3,1,H,3,0,H,20,9,10,1,11,15,10,5,2,2,0,0,1534.5905596901316,1474.1300955660856,60.460464124045984,1.5,1.8,1.3,2.1,1.9,1.4,0,0,0.5,0.5,0.0,0.0,0.0,0.0,0,0
2024-2025,2024-12-04,Arsenal,Man United,2,0,H,0,0,D,14,5,6,2,12,8,13,0,1,3,0,0,1643.9511998297803,1525.9632050640946,117.9879947656857,2.1,1.3,1.8,1.5,0.8,1.6,0,0,0.5,0.5,0.0,0.0,0.0,0.0,0,0
2024-2025,2024-12-05,Fulham,Brighton,3,1,H,1,0,H,6,13,2,3,7,8,5,6,2,2,0,0,1487.5091242263218,1524.161858982637,-36.65273475631534,1.5,1.5,1.5,1.6,1.5,1.6,0,0,0.5,0.5,0.0,0.0,0.0,0.0,0,0
2024-2025,2024-12-05,Bournemouth,Tottenham,1,0,H,1,0,H,21,12,8,4,15,8,5,9,2,2,0,0,1484.2307831316461,1528.7050701356684,-44.474287004022244,1.5,1.5,1.3,2.2,1.1,1.6,0,0,0.5,0.5,0.0,0.0,0.0,0.0,0,0
2024-2025,2024-12-07,Aston Villa,Southampton,1,0,H,1,0,H,18,4,5,0,18,15,14,1,1,3,0,0,1540.2747138952739,1342.7417653597809,197.532948535493,1.5,1.7,1.3,1.0,2.2,0.5,0,1,0.5,0.5,0.0,0.0,0.0,0.0,0,0
2024-2025,2024-12-07,Brentford,Newcastle,4,2,H,2,2,D,11,16,8,3,10,7,3,4,3,0,0,0,1468.4459413609434,1532.8582025245048,-64.41226116356142,2.1,2.0,1.4,1.1,1.4,1.0,0,0,0.5,0.5,0.0,0.0,0.0,0.0,0,0
2024-2025,2024-12-07,Crystal Palace,Man City,2,2,D,1,1,D,12,12,3,4,4,10,6,8,1,0,0,1,1462.02609244857,1640.3862240771882,-178.36013162861832,0.8,1.1,1.0,1.4,1.6,1.4,0,0,0.5,0.5,0.0,0.0,0.0,0.0,0,0
2024-2025,2024-12-07,Man United,Nott'm Forest,2,3,A,1,1,D,17,11,7,3,10,13,5,3,0,2,0,0,1521.52593553795,1464.825100899149,56.7008346388011,1.2,1.0,1.3,1.2,1.4,1.4,0,0,0.5,0.5,0.0,0.0,0.0,0.0,0,0
2024-2025,2024-12-08,Fulham,Arsenal,1,1,D,1,0,H,2,12,2,4,10,9,0,6,4,2,0,0,1495.7057823710186,1648.3884693559248,-152.68268698490624,1.7,1.5,1.7,2.2,1.3,1.8,0,0,0.5,0.5,0.0,0.0,0.0,0.0,0,0
2024-2025,2024-12-08,Ipswich,Bournemouth,1,2,A,1,0,H,18,22,5,6,9,13,6,13,2,1,0,0,1325.158347963665,1492.646093303657,-167.487745339992,1.1,1.8,0.7,1.6,1.4,1.6,1,0,0.5,0.5,0.0,0.0,0.0,0.0,0,0
2024-2025,2024-12-08,Leicester,Brighton,2,2,D,0,1,A,10,16,3,7,9,10,5,5,1,2,0,0,1420.493960813262,1515.9652008379403,-95.47124002467831,1.4,2.1,1.1,1.7,1.8,1.5,1,0,0.5,0.5,0.0,0.0,0.0,0.0,0,0
2024-2025,2024-12-08,Tottenham,Chelsea,3,4,A,2,1,H,13,17,5,8,17,11,5,10,2,2,0,0,1520.2897599636576,1581.6752714399904,-61.385511476332795,2.2,1.1,1.6,2.3,1.0,2.1,0,0,0.5,0.5,0.0,0.0,0.0,0.0,0,0
2024-2025,2024-12-09,West Ham,Wolves,2,1,H,0,0,D,19,19,4,5,12,17,11,0,5,4,0,0,1464.2404610792346,1417.3901173895592,46.850343689675356,1.3,2.1,1.1,1.8,2.5,0.8,0,0,0.5,0.5,0.0,0.0,0.0,0.0,0,0
2024-2025,2024-12-14,Newcastle,Leicester,4,0,H,1,0,H,27,4,11,1,7,16,5,2,3,3,0,0,1523.8789326970416,1420.3636200049839,103.5153126920577,1.2,1.5,1.0,1.5,2.2,1.1,0,1,0.5,0.5,0.0,0.0,0.0,0.0,0,0
2024-2025,2024-12-14,Arsenal,Everton,0,0,D,0,0,D,13,2,5,0,6,9,8,2,0,3,0,0,1646.8836552683547,1450.4571247410286,196.42653052732612,2.1,1.2,1.8,1.0,0.8,1.4,0,0,0.5,0.5,0.0,0.0,0.0,0.0,0,0
2024-2025,2024-12-14,Wolves,Ipswich,1,2,A,0,1,A,16,10,6,5,13,9,7,3,0,2,1,0,1411.381884981516,1317.0767341862822,94.30515079523366,1.8,2.4,0.8,1.1,1.9,0.6,0,1,0.5,0.5,0.0,0.0,0.0,0.0,0,0
2024-2025,2024-12-14,Nott'm Forest,Aston Villa,2,1,H,0,0,D,17,8,6,2,12,6,4,3,0,1,0,0,1479.0524820814346,1543.330894064991,-64.27841198355645,1.3,1.4,1.6,1.3,1.6,1.3,0,0,0.5,0.5,0.0,0.0,0.0,0.0,0,0
2024-2025,2024-12-14,Liverpool,Fulham,2,2,D,0,1,A,16,12,4,3,10,7,5,4,3,4,1,0,1656.8247734613194,1497.2105964585887,159.61417700273068,2.2,1.0,2.6,1.5,1.5,1.5,0,0,0.5,0.5,0.0,0.0,0.0,0.0,0,0
2024-2025,2024-12-15,Brighton,Crystal Palace,1,3,A,0,2,A,17,13,5,5,11,15,8,5,1,4,0,0,1516.0955416462184,1464.2439986884024,51.85154295781604,1.7,1.8,1.5,1.0,1.3,1.0,0,0,0.5,0.5,0.0,0.0,0.0,0.0,0,0
2024-2025,2024-12-15,Man City,Man United,1,2,A,1,0,H,10,10,3,3,5,14,8,2,1,1,0,0,1638.1683178373557,1507.2985543556645,130.86976348169128,1.4,1.6,1.4,1.4,1.3,1.2,0,0,0.5,0.5,0.0,0.0,0.0,0.0,0,0
2024-2025,2024-12-15,Chelsea,Brentford,2,1,H,1,0,H,26,9,8,4,11,7,8,5,0,2,1,0,1592.782132040992,1477.4252111884066,115.35692085258552,2.4,1.3,2.1,2.4,1.9,1.7,0,0,0.5,0.5,0.0,0.0,0.0,0.0,0,0
2024-2025,2024-12-15,Southampton,Tottenham,0,5,A,0,5,A,9,18,3,9,8,15,2,5,1,3,0,0,1339.6855851900636,1509.182899362656,-169.49731417259227,0.9,2.2,0.4,2.2,1.4,1.3,1,0,0.5,0.5,0.0,0.0,0.0,0.0,0,0
2024-2025,2024-12-16,Bournemouth,West Ham,1,1,D,0,0,D,29,16,9,3,6,11,12,6,0,2,0,0,1500.7277070810396,1470.248693487278,30.479013593761692,1.8,1.2,1.9,1.5,1.9,1.4,0,0,0.5,0.5,0.0,0.0,0.0,0.0,0,0
2024-2025,2024-12-21,Aston Villa,Man City,2,1,H,1,0,H,11,12,6,6,14,7,5,4,3,3,0,0,1534.3554364378108,1622.3548368820423,-87.99940044423147,1.2,1.6,1.2,1.4,1.7,1.3,0,0,0.5,0.5,0.0,0.0,0.0,0.0,0,0
2024-2025,2024-12-21,Brentford,Nott'm Forest,0,2,A,0,1,A,7,10,3,6,9,14,9,5,3,4,0,0,1472.935426419514,1488.027939708615,-15.092513289100907,2.4,2.0,1.6,1.5,1.4,1.9,0,0,0.5,0.5,0.0,0.0,0.0,0.0,0,0
2024-2025,2024-12-21,Ipswich,Newcastle,0,4,A,0,3,A,10,15,2,7,9,7,2,1,2,0,0,0,1332.1509801634747,1528.6105096094773,-196.45952944600253,1.1,1.8,0.8,1.5,1.4,1.2,1,0,0.5,0.5,0.0,0.0,0.0,0.0,0,0
2024-2025,2024-12-21,West Ham,Brighton,1,1,D,0,0,D,11,12,4,6,14,20,8,4,2,2,0,0,1473.837049669752,1501.9834642465362,-28.146414576784082,1.5,1.9,1.4,1.6,1.7,1.5,0,0,0.5,0.5,0.0,0.0,0.0,0.0,0,0
2024-2025,2024-12-21,Crystal Palace,Arsenal,1,5,A,1,3,A,15,14,6,6,9,8,3,3,2,2,0,0,1478.3560760880846,1639.9563624809425,-161.60028639285792,1.2,1.2,1.3,1.7,1.0,1.6,0,0,0.5,0.5,0.0,0.0,0.0,0.0,0,0
2024-2025,2024-12-22,Fulham,Southampton,0,0,D,0,0,D,16,5,5,1,8,15,6,5,1,3,0,0,1503.5455294811204,1331.6596204521925,171.88590902892793,1.6,1.7,1.3,0.8,2.4,0.4,0,1,0.5,0.5,0.0,0.0,0.0,0.0,0,0
2024-2025,2024-12-22,Man United,Bournemouth,0,3,A,0,1,A,23,10,7,5,11,11,13,1,1,3,0,0,1523.112035310978,1497.1393508985655,25.97268441241249,1.6,1.1,1.5,1.6,1.2,1.7,0,0,0.5,0.5,0.0,0.0,0.0,0.0,0,0
2024-2025,2024-12-22,Everton,Chelsea,0,0,D,0,0,D,5,12,4,5,20,12,2,5,4,1,0,0,1457.3844175284407,1597.2719168098847,-139.88749928144398,0.9,0.7,1.4,2.2,1.2,2.1,0,0,0.5,0.5,0.0,0.0,0.0,0.0,0,0
2024-2025,2024-12-22,Tottenham,Liverpool,3,6,A,1,3,A,9,24,5,12,7,9,7,5,1,2,0,0,1517.208864100527,1650.4898404387877,-133.28097633826064,2.4,1.4,1.3,2.1,1.2,2.4,0,0,0.5,0.5,0.0,0.0,0.0,0.0,0,0
2024-2025,2024-12-22,Leicester,Wolves,0,3,A,0,3,A,9,8,5,4,15,16,6,1,2,0,0,0,1415.6320430925482,1396.3076390043234,19.32440408822481,1.3,2.2,1.1,1.8,2.4,0.8,1,0,0.5,0.5,0.0,0.0,0.0,0.0,0,0
2024-2025,2024-12-26,Man City,Everton,1,1,D,1,1,D,24,8,5,3,5,10,8,5,1,4,0,0,1612.7001046067214,1458.5274545970722,154.17265000964926,1.2,1.7,1.0,0.7,0.6,1.2,0,0,0.5,0.5,0.0,0.0,0.0,0.0,0,0
2024-2025,2024-12-26,Bournemouth,Crystal Palace,0,0,D,0,0,D,18,10,4,4,13,12,5,2,2,2,0,0,1510.6141833995214,1470.1107273045736,40.50345609494775,1.9,1.1,2.0,1.3,1.6,1.3,0,0,0.5,0.5,0.0,0.0,0.0,0.0,0,0
2024-2025,2024-12-26,Chelsea,Fulham,1,2,A,1,0,H,12,14,8,7,13,13,3,1,1,3,0,0,1596.1288797412533,1497.0038472831125,99.12503245814082,2.1,1.1,2.1,1.4,1.4,1.4,0,0,0.5,0.5,0.0,0.0,0.0,0.0,0,0
2024-2025,2024-12-26,Newcastle,Aston Villa,3,0,H,1,0,H,22,4,8,1,15,10,9,6,2,1,0,1,1535.9033815012324,1544.0101687131316,-8.106787211899245,1.9,1.4,1.4,1.4,1.7,1.4,0,0,0.5,0.5,0.0,0.0,0.0,0.0,0,0
2024-2025,2024-12-26,Nott'm Forest,Tottenham,1,0,H,1,0,H,10,13,3,4,12,13,2,7,3,2,0,1,1500.4242572070898,1508.1638484733194,-7.739591266229581,1.6,1.3,2.1,2.5,1.7,1.3,0,0,0.5,0.5,0.0,0.0,0.0,0.0,0,0
2024-2025,2024-12-26,Southampton,West Ham,0,1,A,0,0,D,18,16,5,2,15,8,2,2,1,2,0,0,1338.2013026502004,1471.7979263838802,-133.59662373367973,0.7,2.1,0.5,1.2,1.9,1.2,1,0,0.5,0.5,0.0,0.0,0.0,0.0,0,0
2024-2025,2024-12-26,Wolves,Man United,2,0,H,0,0,D,7,11,4,4,12,12,4,4,2,2,0,1,1409.6131180514383,1509.637202810022,-100.02408475858374,1.8,1.9,1.1,1.6,1.4,1.4,0,0,0.5,0.5,0.0,0.0,0.0,0.0,0,0
2024-2025,2024-12-26,Liverpool,Leicester,3,1,H,1,1,D,19,4,7,1,17,5,14,1,3,2,0,0,1659.5348560659954,1402.3265640454333,257.2082920205621,2.5,1.4,2.4,1.2,2.5,0.8,0,1,0.5,0.5,0.0,0.0,0.0,0.0,0,0
2024-2025,2024-12-27,Brighton,Brentford,0,0,D,0,0,D,24,8,7,3,6,12,5,3,0,2,0,0,1504.0225875324081,1460.539108921039,43.48347861136904,1.4,1.6,1.3,1.9,1.9,1.3,0,0,0.5,0.5,0.0,0.0,0.0,0.0,0,0
2024-2025,2024-12-27,Arsenal,Ipswich,1,0,H,1,0,H,13,3,5,0,7,12,5,1,1,1,0,0,1648.2017112644535,1324.8581082717196,323.34360299273385,1.9,1.0,1.6,1.0,1.8,0.8,0,1,0.5,0.5,0.0,0.0,0.0,0.0,0,0
2024-2025,2024-12-29,Leicester,Man City,0,2,A,0,1,A,11,14,4,5,11,6,4,4,2,1,0,0,1400.0581290504713,1606.4598694913986,-206.40174044092737,1.0,2.6,0.5,1.1,1.7,0.8,1,0,0.5,0.5,0.0,0.0,0.0,0.0,0,0
2024-2025,2024-12-29,Everton,Nott'm Forest,0,2,A,0,1,A,13,11,2,7,13,10,5,4,4,1,0,0,1464.767689712395,1507.8294943724875,-43.06180466009255,0.8,0.7,1.2,1.6,1.3,2.1,0,0,0.5,0.5,0.0,0.0,0.0,0.0,0,0
2024-2025,2024-12-29,Crystal Palace,Southampton,2,1,H,1,1,D,19,7,10,3,18,19,8,7,2,3,0,0,1473.9478143600766,1329.1652884465577,144.78252591351884,1.3,1.5,1.4,0.5,1.9,0.5,0,1,0.5,0.5,0.0,0.0,0.0,0.0,0,0
2024-2025,2024-12-29,West Ham,Liverpool,0,5,A,0,3,A,7,22,0,13,7,10,3,6,0,0,0,0,1480.8339405875229,1661.8032910609575,-180.9693504734346,1.2,1.5,1.5,2.7,1.5,2.4,0,0,0.5,0.5,0.0,0.0,0.0,0.0,0,0
2024-2025,2024-12-29,Tottenham,Wolves,2,2,D,2,1,H,13,11,3,3,9,10,5,5,1,2,0,0,1500.7586113079217,1419.6138112665133,81.14480004140842,2.1,1.7,1.0,1.9,1.7,1.4,0,0,0.5,0.5,0.0,0.0,0.0,0.0,0,0
2024-2025,2024-12-29,Fulham,Bournemouth,2,2,D,1,0,H,11,16,6,9,7,16,1,7,1,3,0,0,1512.1803745706382,1506.7770963440184,5.403278226619705,1.5,1.2,1.7,1.7,1.1,1.8,0,0,0.5,0.5,0.0,0.0,0.0,0.0,0,0
2024-2025,2024-12-30,Aston Villa,Brighton,2,2,D,1,1,D,20,13,4,4,9,14,12,3,2,3,0,0,1536.5950716707164,1500.1125986587283,36.48247301198808,1.1,1.9,1.1,1.3,1.6,1.1,0,0,0.5,0.5,0.0,0.0,0.0,0.0,0,0
2024-2025,2024-12-30,Ipswich,Chelsea,2,0,H,1,0,H,9,20,6,5,9,5,4,7,4,4,0,0,1323.2501630676163,1580.9523524537276,-257.7021893861113,1.0,1.7,0.8,2.1,1.1,2.1,1,0,0.5,0.5,0.0,0.0,0.0,0.0,0,0
2024-2025,2024-12-30,Man United,Newcastle,0,2,A,0,2,A,10,12,0,4,13,8,2,3,1,1,0,0,1499.636509594947,1543.3184785436476,-43.681968948700614,1.4,1.5,1.1,2.2,1.3,1.7,0,0,0.5,0.5,0.0,0.0,0.0,0.0,0,0
2024-2025,2025-01-01,Brentford,Arsenal,1,3,A,1,1,D,5,14,2,5,6,8,4,3,1,2,0,0,1464.449097794719,1649.8096564685568,-185.3605586738379,1.8,1.7,1.4,2.0,0.8,1.9,0,0,0.5,0.5,0.0,0.0,0.0,0.0,0,0
2024-2025,2025-01-04,Tottenham,Newcastle,1,2,A,1,2,A,13,14,4,4,11,15,9,10,1,4,0,0,1495.9709931899313,1554.9253923661472,-58.95439917621593,2.3,1.8,1.1,2.3,1.1,2.0,0,0,0.5,0.5,0.0,0.0,0.0,0.0,0,0
2024-2025,2025-01-04,Aston Villa,Leicester,2,1,H,0,0,D,13,4,5,2,10,11,7,2,0,1,0,0,1532.8571139246635,1393.0283358478996,139.8287780767639,1.2,2.0,1.1,0.9,2.5,0.5,0,1,0.5,0.5,0.0,0.0,0.0,0.0,0,0
2024-2025,2025-01-04,Bournemouth,Everton,1,0,H,0,0,D,19,9,8,0,15,14,9,3,2,2,0,0,1509.7210780837445,1453.143392043085,56.5776860406595,1.8,1.2,1.8,0.6,0.9,0.9,0,0,0.5,0.5,0.0,0.0,0.0,0.0,0,0
2024-2025,2025-01-04,Crystal Palace,Chelsea,1,1,D,0,1,A,13,15,6,1,9,12,6,6,0,2,0,0,1477.8753937649867,1566.7013294194885,-88.82593565450179,1.4,1.6,1.4,1.9,1.2,1.8,0,0,0.5,0.5,0.0,0.0,0.0,0.0,0,0
2024-2025,2025-01-04,Man City,West Ham,4,1,H,2,0,H,10,17,7,4,8,13,7,1,2,1,0,0,1613.4896626939703,1473.1231318891992,140.36653080477117,1.2,1.7,0.8,1.0,1.9,1.2,0,0,0.5,0.5,0.0,0.0,0.0,0.0,0,0
2024-2025,2025-01-04,Southampton,Brentford,0,5,A,0,1,A,8,20,1,11,10,4,2,2,2,0,0,0,1325.2377090416476,1456.8577030785632,-131.6199940369156,0.6,2.0,0.5,1.5,1.7,1.1,1,0,0.5,0.5,0.0,0.0,0.0,0.0,0,0
2024-2025,2025-01-04,Brighton,Arsenal,1,1,D,0,1,A,11,9,4,3,17,14,2,5,2,3,0,0,1503.8505564047812,1657.4010511847125,-153.55049477993134,1.3,1.6,1.1,2.1,0.7,2.1,0,0,0.5,0.5,0.0,0.0,0.0,0.0,0,0
2024-2025,2025-01-05,Fulham,Ipswich,2,2,D,0,1,A,15,7,4,3,10,14,9,2,1,5,0,0,1509.236392830912,1337.5011861018554,171.7352067290567,1.6,1.3,1.7,0.9,1.3,1.1,0,1,0.5,0.5,0.0,0.0,0.0,0.0,0,0
2024-2025,2025-01-05,Liverpool,Man United,2,2,D,0,0,D,19,13,6,4,10,13,6,9,2,4,0,0,1669.5140997592812,1488.0295957724475,181.48450398683372,3.0,1.4,2.4,1.3,1.5,1.1,0,0,0.5,0.5,0.0,0.0,0.0,0.0,0,0
2024-2025,2025-01-06,Wolves,Nott'm Forest,0,3,A,0,2,A,13,11,6,3,10,8,5,3,1,2,0,0,1424.4014293845037,1519.4537920417974,-95.05236265729377,1.9,1.7,1.4,1.5,1.2,2.1,0,0,0.5,0.5,0.0,0.0,0.0,0.0,0,0
2024-2025,2025-01-14,Brentford,Man City,2,2,D,0,0,D,18,21,6,8,4,4,4,5,0,0,0,0,1465.9501108984095,1617.498096181779,-151.54798528336937,1.9,1.5,1.4,1.5,1.6,1.1,0,0,0.5,0.5,0.0,0.0,0.0,0.0,0,0
2024-2025,2025-01-14,Chelsea,Bournemouth,2,2,D,1,0,H,26,7,10,3,15,16,9,3,2,3,0,0,1567.022834000999,1515.4966084101004,51.52622559089855,1.9,1.2,1.8,1.7,1.1,1.8,0,0,0.5,0.5,0.0,0.0,0.0,0.0,0,0
2024-2025,2025-01-14,West Ham,Fulham,3,2,H,2,0,H,4,21,3,5,9,18,0,3,3,3,0,0,1469.1146984013906,1502.6971926991926,-33.582494297801986,1.1,2.0,1.2,1.6,1.4,1.5,0,0,0.5,0.5,0.0,0.0,0.0,0.0,0,0
2024-2025,2025-01-14,Nott'm Forest,Liverpool,1,1,D,1,0,H,6,23,3,7,7,10,0,9,2,1,0,0,1529.5961868663849,1662.8172179455917,-133.2210310792068,1.5,1.2,2.1,3.0,1.4,2.4,0,0,0.5,0.5,0.0,0.0,0.0,0.0,0,0
2024-2025,2025-01-15,Everton,Aston Villa,0,1,A,0,0,D,10,11,3,3,17,10,8,5,2,1,0,0,1447.367861716729,1536.8754780379154,-89.50761632118633,0.5,0.9,0.8,1.3,1.7,1.4,0,0,0.5,0.5,0.0,0.0,0.0,0.0,0,0
2024-2025,2025-01-15,Leicester,Crystal Palace,0,2,A,0,0,D,21,9,4,4,7,6,4,3,0,0,0,0,1389.0099717346477,1477.5538891834763,-88.54391744882855,0.9,2.6,0.4,1.3,1.5,1.4,1,0,0.5,0.5,0.0,0.0,0.0,0.0,0,0
2024-2025,2025-01-15,Newcastle,Wolves,3,0,H,1,0,H,17,13,5,7,10,13,4,2,0,2,0,0,1566.1013141207195,1414.2590345599162,151.84227956080326,2.4,1.2,2.0,1.7,1.8,1.3,0,0,0.5,0.5,0.0,0.0,0.0,0.0,0,0
2024-2025,2025-01-15,Arsenal,Tottenham,2,1,H,2,1,H,14,10,4,2,16,9,10,4,3,1,0,0,1655.8718344110755,1484.795071435359,171.07676297571652,2.2,0.7,2.2,2.0,1.9,0.8,0,0,0.5,0.5,0.0,0.0,0.0,0.0,0,0
2024-2025,2025-01-16,Ipswich,Brighton,0,2,A,0,0,D,5,11,3,5,13,14,1,9,2,2,0,0,1344.040386233575,1505.3797731784182,-161.33938694484323,1.0,1.4,1.1,1.3,1.5,1.2,1,0,0.5,0.5,0.0,0.0,0.0,0.0,0,0
2024-2025,2025-01-16,Man United,Southampton,3,1,H,0,1,A,23,13,9,5,7,10,5,4,1,3,0,0,1494.726477586137,1316.1453012218012,178.58117636433576,1.4,1.6,1.1,0.5,2.5,0.2,0,1,0.5,0.5,0.0,0.0,0.0,0.0,0,0
2024-2025,2025-01-18,Newcastle,Bournemouth,1,4,A,1,2,A,13,19,5,10,7,18,7,6,1,6,0,0,1569.9022052162718,1519.6009027007617,50.30130251551009,2.4,1.1,2.0,1.7,1.0,1.9,0,0,0.5,0.5,0.0,0.0,0.0,0.0,0,0
2024-2025,2025-01-18,Brentford,Liverpool,0,2,A,0,0,D,11,37,6,8,6,14,2,15,2,3,0,0,1467.4229896236818,1661.863943228972,-194.44095360529013,1.8,1.5,1.2,2.9,1.4,2.2,0,0,0.5,0.5,0.0,0.0,0.0,0.0,0,0
2024-2025,2025-01-18,Leicester,Fulham,0,2,A,0,0,D,8,17,4,2,8,8,5,2,3,1,0,0,1378.680358620366,1494.5858911486616,-115.90553252829568,0.9,2.5,0.4,1.6,1.7,1.2,1,0,0.5,0.5,0.0,0.0,0.0,0.0,0,0
2024-2025,2025-01-18,West Ham,Crystal Palace,0,2,A,0,0,D,7,12,0,7,13,10,2,4,1,0,1,0,1477.2259999519215,1487.883502297758,-10.65750234583652,1.4,2.2,1.4,1.5,1.3,1.7,0,0,0.5,0.5,0.0,0.0,0.0,0.0,0,0
2024-2025,2025-01-18,Arsenal,Aston Villa,2,2,D,1,0,H,18,8,6,4,10,18,10,1,2,3,0,0,1659.3434953689602,1547.1773813419672,112.166114026993,2.3,0.7,2.4,1.4,1.5,1.7,0,0,0.5,0.5,0.0,0.0,0.0,0.0,0,0
2024-2025,2025-01-19,Everton,Tottenham,3,2,H,3,0,H,12,11,6,6,14,14,3,8,2,1,0,0,1437.0659584126772,1481.3234104774742,-44.25745206479701,0.5,0.9,0.8,2.0,1.9,0.8,0,0,0.5,0.5,0.0,0.0,0.0,0.0,0,0
2024-2025,2025-01-19,Man United,Brighton,1,3,A,1,1,D,10,6,1,3,13,12,4,2,3,3,0,0,1498.0759413500937,1513.6324010133296,-15.556459663235955,1.4,1.7,1.1,1.3,1.4,1.2,0,0,0.5,0.5,0.0,0.0,0.0,0.0,0,0
2024-2025,2025-01-19,Nott'm Forest,Southampton,3,2,H,3,0,H,14,10,5,4,4,18,2,8,0,4,0,0,1530.5494615830046,1312.7958374578445,217.75362412516006,1.5,1.0,2.2,0.6,2.6,0.2,0,1,0.5,0.5,0.0,0.0,0.0,0.0,0,0
2024-2025,2025-01-19,Ipswich,Man City,0,6,A,0,3,A,8,17,4,9,4,7,4,7,0,1,0,0,1335.7877583986635,1616.0252174565067,-280.2374590578431,0.8,1.5,0.8,1.6,1.6,1.2,1,0,0.5,0.5,0.0,0.0,0.0,0.0,0,0
2024-2025,2025-01-20,Chelsea,Wolves,3,1,H,1,1,D,19,9,7,4,8,14,3,6,4,2,0,0,1562.9185397103377,1410.458143464364,152.4603962459737,2.0,1.3,1.8,1.5,2.1,1.0,0,0,0.5,0.5,0.0,0.0,0.0,0.0,0,0
2024-2025,2025-01-25,Bournemouth,Nott'm Forest,5,0,H,1,0,H,16,18,10,4,9,12,3,9,2,3,0,0,1533.6758374843594,1533.3162840949587,0.35955338940061665,2.0,0.9,2.2,1.8,0.9,2.5,0,0,0.5,0.5,0.0,0.0,0.0,0.0,0,0
2024-2025,2025-01-25,Brighton,Everton,0,1,A,0,1,A,16,3,1,1,8,11,9,1,3,4,0,0,1526.0161278405008,1445.4751849028103,80.54094293769049,1.4,1.4,1.2,0.8,1.1,1.0,0,0,0.5,0.5,0.0,0.0,0.0,0.0,0,0
2024-2025,2025-01-25,Liverpool,Ipswich,4,1,H,3,0,H,16,3,6,3,10,11,3,4,0,2,0,0,1669.2107407817343,1330.5552219699798,338.6555188117545,2.9,1.4,2.2,0.7,2.0,0.7,0,1,0.5,0.5,0.0,0.0,0.0,0.0,0,0
2024-2025,2025-01-25,Southampton,Newcastle,1,3,A,1,2,A,12,17,5,9,10,5,3,8,1,0,0,0,1310.0290149458904,1555.8272704326741,-245.79825548678377,0.6,2.6,0.2,2.5,1.3,2.0,1,0,0.5,0.5,0.0,0.0,0.0,0.0,0,0
2024-2025,2025-01-25,Wolves,Arsenal,0,1,A,0,0,D,9,9,4,3,20,10,1,5,0,1,1,1,1406.6681942893015,1653.8975578814297,-247.22936359212827,1.2,2.3,0.7,2.2,0.9,2.2,0,0,0.5,0.5,0.0,0.0,0.0,0.0,0,0
2024-2025,2025-01-25,Man City,Chelsea,3,1,H,1,1,D,15,10,6,4,6,8,2,4,3,2,0,0,1621.2577538851904,1566.7084888854001,54.54926499979024,2.2,1.2,1.5,2.1,1.3,1.8,0,0,0.5,0.5,0.0,0.0,0.0,0.0,0,0
2024-2025,2025-01-26,Tottenham,Leicester,1,2,A,1,0,H,15,12,6,3,6,16,6,4,1,5,0,0,1472.9141839873412,1369.137837098218,103.77634688912326,1.8,2.2,0.5,0.8,2.5,0.4,0,1,0.5,0.5,0.0,0.0,0.0,0.0,0,0
2024-2025,2025-01-26,Crystal Palace,Brentford,1,2,A,0,0,D,16,13,5,6,8,11,4,7,2,2,0,0,1500.3997661672029,1460.0761920709194,40.32357409628344,1.5,1.1,1.9,1.8,1.7,1.1,0,0,0.5,0.5,0.0,0.0,0.0,0.0,0,0
2024-2025,2025-01-26,Fulham,Man United,0,1,A,0,0,D,9,4,3,1,7,9,3,0,0,1,0,0,1504.1284126708097,1485.6922145229225,18.436198147887126,1.7,1.3,1.5,1.4,1.9,1.0,0,0,0.5,0.5,0.0,0.0,0.0,0.0,0,0
2024-2025,2025-01-26,Aston Villa,West Ham,1,1,D,1,0,H,14,14,4,4,13,16,4,3,2,3,0,0,1552.6233188294977,1464.7097360824766,87.91358274702111,1.4,1.5,1.7,1.2,2.4,1.1,0,0,0.5,0.5,0.0,0.0,0.0,0.0,0,0
2024-2025,2025-02-01,Newcastle,Fulham,1,2,A,1,0,H,11,15,4,4,10,15,4,7,4,4,0,0,1561.8609899809676,1490.8457242152122,71.01526576575543,2.7,1.3,2.2,1.6,1.3,1.4,0,0,0.5,0.5,0.0,0.0,0.0,0.0,0,0
2024-2025,2025-02-01,Wolves,Aston Villa,2,0,H,1,0,H,8,10,5,3,20,13,5,8,2,3,0,0,1400.6691286816053,1547.6869413603708,-147.0178126787655,1.0,2.0,0.7,1.5,1.3,1.8,0,0,0.5,0.5,0.0,0.0,0.0,0.0,0,0
2024-2025,2025-02-01,Nott'm Forest,Brighton,7,0,H,3,0,H,14,10,9,5,8,13,4,6,1,3,0,0,1526.1271180043677,1511.2419174577972,14.885200546570559,1.7,1.4,2.2,1.3,1.4,1.1,0,0,0.5,0.5,0.0,0.0,0.0,0.0,0,0
2024-2025,2025-02-01,Bournemouth,Liverpool,0,2,A,0,1,A,14,19,3,7,15,9,3,3,2,3,0,0,1540.8650035749504,1670.6930791411355,-129.82807556618513,2.1,0.7,2.2,3.0,1.3,2.2,0,0,0.5,0.5,0.0,0.0,0.0,0.0,0,0
2024-2025,2025-02-01,Everton,Leicester,4,0,H,3,0,H,13,9,7,1,7,13,5,6,0,0,0,0,1460.2493952855139,1384.4116858291677,75.83770945634615,0.9,1.1,1.2,0.9,2.2,0.7,0,1,0.5,0.5,0.0,0.0,0.0,0.0,0,0
2024-2025,2025-02-01,Ipswich,Southampton,1,2,A,1,1,D,15,9,6,4,11,14,1,2,0,3,0,0,1329.0728836105786,1303.995295397597,25.07758821298171,0.8,2.3,0.7,0.6,2.8,0.1,1,1,0.5,0.5,0.0,0.0,0.0,0.0,0,0
2024-2025,2025-02-02,Man United,Crystal Palace,0,2,A,0,0,D,17,11,2,3,12,13,11,0,3,1,0,0,1498.97490297852,1486.567095124871,12.407807853649047,1.1,1.9,1.0,1.5,1.2,1.8,0,0,0.5,0.5,0.0,0.0,0.0,0.0,0,0
2024-2025,2025-02-02,Arsenal,Man City,5,1,H,1,0,H,12,7,7,4,6,7,5,2,2,0,0,0,1659.896623489126,1627.0813658504792,32.8152576386467,1.8,0.7,2.2,2.5,1.1,1.8,0,0,0.5,0.5,0.0,0.0,0.0,0.0,0,0
2024-2025,2025-02-02,Brentford,Tottenham,0,2,A,0,1,A,20,13,4,2,4,11,10,3,0,1,0,0,1473.9088631132513,1457.6403352563914,16.26852785685992,1.6,1.7,1.1,1.8,2.3,0.4,0,0,0.5,0.5,0.0,0.0,0.0,0.0,0,0
2024-2025,2025-02-03,Chelsea,West Ham,2,1,H,0,1,A,22,14,3,5,11,10,4,3,3,1,0,0,1560.8848769201113,1469.6461135516035,91.23876336850776,1.9,1.6,1.5,1.1,2.0,1.2,0,0,0.5,0.5,0.0,0.0,0.0,0.0,0,0
2024-2025,2025-02-12,Everton,Liverpool,2,2,D,1,1,D,10,6,3,4,9,20,2,3,2,2,1,1,1465.5803732494958,1679.8366611811107,-214.2562879316149,1.3,0.7,1.5,3.0,1.3,2.2,0,0,0.5,0.5,0.0,0.0,0.0,0.0,0,0
2024-2025,2025-02-14,Brighton,Chelsea,3,0,H,2,0,H,13,8,5,0,12,15,2,9,1,2,0,0,1504.4331099493209,1565.8764571811826,-61.44334723186171,1.2,1.8,1.1,1.6,1.6,1.5,0,0,0.5,0.5,0.0,0.0,0.0,0.0,0,0
2024-2025,2025-02-15,Man City,Newcastle,4,0,H,3,0,H,11,3,7,1,5,13,7,4,0,1,0,0,1620.7281642983958,1547.3012116739328,73.42695262446296,2.3,1.6,1.5,2.5,1.2,2.1,0,0,0.5,0.5,0.0,0.0,0.0,0.0,0,0
2024-2025,2025-02-15,Southampton,Bournemouth,1,3,A,0,2,A,11,14,4,7,13,15,4,6,1,3,0,0,1317.4474554484034,1531.7214215349752,-214.27396608657182,0.7,2.4,0.4,2.0,0.9,1.9,1,0,0.5,0.5,0.0,0.0,0.0,0.0,0,0
2024-2025,2025-02-15,Leicester,Arsenal,0,2,A,0,0,D,6,11,2,5,9,10,3,7,2,1,0,0,1379.0807078651858,1666.2498250412093,-287.1691171760235,0.6,2.5,0.4,2.1,0.8,2.2,1,0,0.5,0.5,0.0,0.0,0.0,0.0,0,0
2024-2025,2025-02-15,Aston Villa,Ipswich,1,1,D,0,0,D,25,4,6,3,7,11,16,1,0,3,0,1,1536.341861055733,1315.6207235597722,220.72113749596087,1.2,1.4,1.5,0.9,2.4,0.7,0,1,0.5,0.5,0.0,0.0,0.0,0.0,0,0
2024-2025,2025-02-15,Fulham,Nott'm Forest,2,1,H,1,1,D,24,8,10,2,13,8,8,4,0,0,0,0,1505.405502522247,1532.935925512844,-27.530422990597117,1.5,1.3,1.4,2.4,1.1,2.5,0,0,0.5,0.5,0.0,0.0,0.0,0.0,0,0
2024-2025,2025-02-15,West Ham,Brentford,0,1,A,0,1,A,13,14,3,5,10,13,9,2,1,1,0,0,1464.6545332905323,1460.6819555096506,3.972577780881693,1.1,1.9,1.2,1.5,1.6,1.1,0,0,0.5,0.5,0.0,0.0,0.0,0.0,0,0
2024-2025,2025-02-15,Crystal Palace,Everton,1,2,A,0,1,A,17,11,6,6,9,12,6,2,0,1,0,0,1499.69409905434,1468.7552982119114,30.93880084242869,1.6,1.2,1.8,1.1,0.9,1.3,0,0,0.5,0.5,0.0,0.0,0.0,0.0,0,0
2024-2025,2025-02-16,Liverpool,Wolves,2,1,H,2,0,H,10,16,3,4,15,13,4,3,2,2,0,0,1676.661736218695,1412.0142089862431,264.6475272324519,2.9,1.2,2.2,1.2,1.6,1.0,0,0,0.5,0.5,0.0,0.0,0.0,0.0,0,0
2024-2025,2025-02-16,Tottenham,Man United,1,0,H,1,0,H,22,16,7,6,13,9,10,5,1,2,0,0,1470.867242859992,1485.847899049051,-14.980656189058891,2.0,2.2,0.7,1.1,1.9,1.0,0,0,0.5,0.5,0.0,0.0,0.0,0.0,0,0
2024-2025,2025-02-19,Aston Villa,Liverpool,2,2,D,2,1,H,9,17,4,3,8,6,6,8,1,0,0,0,1529.0682092312863,1678.8454618610099,-149.77725262972353,1.2,1.5,1.3,2.9,1.1,2.4,0,0,0.5,0.5,0.0,0.0,0.0,0.0,0,0
2024-2025,2025-02-21,Leicester,Brentford,0,4,A,0,3,A,8,14,3,6,10,10,5,6,4,0,0,0,1374.0008621586073,1473.5882819280496,-99.58741976944225,0.4,2.5,0.3,1.2,1.4,1.1,1,0,0.5,0.5,0.0,0.0,0.0,0.0,0,0
2024-2025,2025-02-22,Everton,Man United,2,2,D,2,0,H,9,9,8,3,12,9,7,9,4,1,0,0,1482.3551786397256,1478.2472509445472,4.107927695178432,1.3,1.0,1.5,0.9,1.7,1.0,0,0,0.5,0.5,0.0,0.0,0.0,0.0,0,0
2024-2025,2025-02-22,Fulham,Crystal Palace,0,2,A,0,1,A,10,10,0,5,10,7,7,7,1,3,0,0,1513.349392935783,1486.0942186265258,27.2551743092572,1.6,1.3,1.6,1.5,1.2,1.7,0,0,0.5,0.5,0.0,0.0,0.0,0.0,0,0
2024-2025,2025-02-22,Bournemouth,Wolves,0,1,A,0,1,A,8,13,3,5,17,9,6,7,3,3,1,0,1538.5460390513806,1409.8304833439283,128.71555570745227,2.1,0.9,1.9,1.2,1.6,1.0,0,0,0.5,0.5,0.0,0.0,0.0,0.0,0,0
2024-2025,2025-02-22,Aston Villa,Chelsea,2,1,H,0,1,A,12,15,6,7,15,16,2,3,1,3,0,0,1530.4911907872047,1556.9816734993074,-26.490482712102676,1.3,1.5,1.4,1.2,1.6,1.2,0,0,0.5,0.5,0.0,0.0,0.0,0.0,0,0
2024-2025,2025-02-22,Ipswich,Tottenham,1,4,A,1,2,A,17,10,5,6,15,14,4,4,2,1,0,0,1322.8943753842188,1478.4678909644958,-155.573515580277,0.9,2.3,0.8,1.8,1.8,1.0,1,0,0.5,0.5,0.0,0.0,0.0,0.0,0,0
2024-2025,2025-02-22,Southampton,Brighton,0,4,A,0,1,A,6,18,1,12,11,12,5,6,2,0,0,0,1310.622837931998,1513.327893631196,-202.70505569919806,0.8,2.6,0.4,1.3,1.6,1.3,1,0,0.5,0.5,0.0,0.0,0.0,0.0,0,0
2024-2025,2025-02-22,Arsenal,West Ham,0,1,A,0,1,A,20,5,2,2,16,15,2,0,1,3,1,0,1671.3296707477878,1451.7482068721333,219.58146387565444,2.2,0.7,2.4,0.9,1.9,0.9,0,0,0.5,0.5,0.0,0.0,0.0,0.0,0,0
2024-2025,2025-02-23,Newcastle,Nott'm Forest,4,3,H,4,1,H,13,17,5,5,11,13,7,6,1,4,0,0,1541.9157973054587,1524.992035099308,16.92376220615074,2.3,1.2,2.1,2.2,1.1,2.2,0,0,0.5,0.5,0.0,0.0,0.0,0.0,0,0
2024-2025,2025-02-23,Man City,Liverpool,0,2,A,0,2,A,16,8,5,4,3,10,7,5,0,0,0,0,1626.11357866687,1677.4224803050915,-51.30890163822164,2.5,1.4,1.7,2.5,1.0,2.2,0,0,0.5,0.5,0.0,0.0,0.0,0.0,0,0
2024-2025,2025-02-25,Wolves,Fulham,1,2,A,1,1,D,18,11,5,5,8,15,7,5,1,3,0,0,1425.6027681602168,1499.8421461811784,-74.23937802096157,1.2,1.4,1.3,1.4,1.3,1.5,0,0,0.5,0.5,0.0,0.0,0.0,0.0,0,0
2024-2025,2025-02-25,Chelsea,Southampton,4,0,H,3,0,H,19,7,10,2,6,9,4,2,1,2,0,0,1549.0664318596514,1303.495728384357,245.5707034752943,1.1,1.7,0.9,0.8,2.5,0.4,0,1,0.5,0.5,0.0,0.0,0.0,0.0,0,0
2024-2025,2025-02-25,Brighton,Bournemouth,2,1,H,1,0,H,11,19,4,5,12,14,1,9,2,1,0,0,1520.455003178837,1522.7737542350922,-2.3187510562552234,1.6,1.3,1.6,2.0,0.9,1.8,0,0,0.5,0.5,0.0,0.0,0.0,0.0,0,0
2024-2025,2025-02-25,Crystal Palace,Aston Villa,4,1,H,1,0,H,19,6,6,2,19,10,3,8,3,1,0,0,1499.6014653811305,1538.4064324268606,-38.80496704573011,1.4,1.1,1.7,1.3,1.5,1.4,0,0,0.5,0.5,0.0,0.0,0.0,0.0,0,0
2024-2025,2025-02-26,Brentford,Everton,1,1,D,1,0,H,12,14,3,4,3,6,2,5,2,1,0,0,1483.6001569360744,1479.445285999601,4.154870936473344,1.5,1.2,1.4,1.5,1.2,1.5,0,0,0.5,0.5,0.0,0.0,0.0,0.0,0,0
2024-2025,2025-02-26,Man United,Ipswich,3,2,H,2,2,D,10,12,6,3,9,16,5,6,4,4,1,0,1481.1571435846718,1314.4804065005328,166.67673708413895,0.9,1.8,0.8,0.8,2.6,0.5,0,1,0.5,0.5,0.0,0.0,0.0,0.0,0,0
2024-2025,2025-02-26,Nott'm Forest,Arsenal,0,0,D,0,0,D,6,13,2,1,10,17,3,11,1,1,0,0,1518.2358277760502,1654.071503792934,-135.83567601688378,2.3,1.4,1.9,2.2,0.8,2.3,0,0,0.5,0.5,0.0,0.0,0.0,0.0,0,0
2024-2025,2025-02-26,Tottenham,Man City,0,1,A,0,1,A,11,12,6,5,12,15,8,3,3,0,0,0,1486.8818598481819,1614.7212396578216,-127.8393798096397,1.7,1.9,1.0,2.4,1.4,1.7,0,0,0.5,0.5,0.0,0.0,0.0,0.0,0,0
2024-2025,2025-02-26,Liverpool,Newcastle,2,0,H,1,0,H,12,3,3,0,12,11,4,2,0,1,0,0,1688.8148193141399,1548.6720046287164,140.14281468542345,2.4,0.9,2.2,2.3,1.5,2.1,0,0,0.5,0.5,0.0,0.0,0.0,0.0,0,0
2024-2025,2025-02-27,West Ham,Leicester,2,0,H,2,0,H,8,10,2,2,12,6,3,3,0,0,0,0,1469.006373826987,1363.9889871505825,105.01738667640461,0.9,1.8,1.1,0.4,2.5,0.3,0,1,0.5,0.5,0.0,0.0,0.0,0.0,0,0
2024-2025,2025-03-08,Nott'm Forest,Man City,1,0,H,0,0,D,9,14,4,3,9,7,3,2,3,2,0,0,1519.2636192873072,1623.9216683863021,-104.65804909899498,2.1,1.4,1.7,2.4,1.2,2.0,0,0,0.5,0.5,0.0,0.0,0.0,0.0,0,0
2024-2025,2025-03-08,Brighton,Fulham,2,1,H,1,1,D,9,6,4,1,6,12,3,7,0,2,0,0,1527.715319284286,1510.5822407601718,17.133078524114126,1.7,1.3,1.8,1.6,1.4,1.7,0,0,0.5,0.5,0.0,0.0,0.0,0.0,0,0
2024-2025,2025-03-08,Crystal Palace,Ipswich,1,0,H,0,0,D,19,15,4,8,8,7,5,4,4,3,0,0,1507.8581214899204,1310.9354749719437,196.92264651797677,1.7,0.7,2.0,1.0,2.5,0.5,0,1,0.5,0.5,0.0,0.0,0.0,0.0,0,0
2024-2025,2025-03-08,Liverpool,Southampton,3,1,H,0,1,A,28,6,7,4,10,9,6,4,2,1,0,0,1692.8273819094793,1301.089035249652,391.73834665982736,2.1,0.9,2.2,0.8,2.9,0.3,0,1,0.5,0.5,0.0,0.0,0.0,0.0,0,0
2024-2025,2025-03-08,Brentford,Aston Villa,0,1,A,0,0,D,13,12,3,4,10,5,6,5,2,2,0,0,1480.689027616513,1530.1497763180707,-49.460748701557804,1.6,1.1,1.5,1.4,1.6,1.4,0,0,0.5,0.5,0.0,0.0,0.0,0.0,0,0
2024-2025,2025-03-08,Wolves,Everton,1,1,D,1,1,D,11,12,3,4,11,16,5,5,2,2,0,0,1414.8626735812234,1482.3564153191626,-67.49374173793922,1.0,1.6,1.0,1.5,1.2,1.5,0,0,0.5,0.5,0.0,0.0,0.0,0.0,0,0
2024-2025,2025-03-09,Chelsea,Leicester,1,0,H,0,0,D,20,3,7,3,12,13,12,2,1,0,0,0,1551.4731249943566,1359.2885723115162,192.18455268284038,1.5,1.7,1.1,0.4,2.4,0.3,0,1,0.5,0.5,0.0,0.0,0.0,0.0,0,0
2024-2025,2025-03-09,Tottenham,Bournemouth,2,2,D,0,1,A,12,17,4,8,15,16,3,6,3,3,0,0,1477.6814311197013,1515.5134381296432,-37.83200700994189,1.4,1.4,1.0,1.8,1.1,1.5,0,0,0.5,0.5,0.0,0.0,0.0,0.0,0,0
2024-2025,2025-03-09,Man United,Arsenal,1,1,D,1,0,H,10,17,6,6,8,11,2,9,0,1,0,0,1484.702075113261,1653.043712281677,-168.34163716841613,1.2,1.7,1.1,1.7,0.7,2.1,0,0,0.5,0.5,0.0,0.0,0.0,0.0,0,0
2024-2025,2025-03-10,West Ham,Newcastle,0,1,A,0,0,D,9,9,2,3,7,15,3,4,0,1,0,0,1473.7067886660534,1544.659442033377,-70.95265336732359,1.0,1.7,1.3,1.9,1.7,1.8,0,0,0.5,0.5,0.0,0.0,0.0,0.0,0,0
2024-2025,2025-03-15,Everton,West Ham,1,1,D,0,0,D,13,10,5,5,12,8,6,5,1,2,0,0,1483.2893002022645,1462.8726813318506,20.416618870413913,1.6,1.1,1.6,0.9,1.8,1.0,0,0,0.5,0.5,0.0,0.0,0.0,0.0,0,0
2024-2025,2025-03-15,Bournemouth,Brentford,1,2,A,1,1,D,17,10,5,4,13,7,4,3,3,0,0,0,1517.2839216288673,1469.2445648120472,48.039356816820145,2.0,1.3,1.5,1.6,1.2,1.4,0,0,0.5,0.5,0.0,0.0,0.0,0.0,0,0
2024-2025,2025-03-15,Ipswich,Nott'm Forest,2,4,A,0,3,A,11,11,4,6,4,13,6,3,1,1,0,0,1307.8701874865546,1529.397680685287,-221.52749319873237,1.0,2.5,0.5,2.1,1.4,1.7,1,0,0.5,0.5,0.0,0.0,0.0,0.0,0,0
2024-2025,2025-03-15,Southampton,Wolves,1,2,A,0,1,A,10,5,3,3,12,13,5,1,0,0,0,0,1299.9752558244722,1413.9297886981215,-113.95453287364921,0.9,3.1,0.3,0.9,1.7,0.8,1,0,0.5,0.5,0.0,0.0,0.0,0.0,0,0
2024-2025,2025-03-15,Man City,Brighton,2,2,D,2,1,H,11,15,3,3,10,10,4,5,2,5,0,0,1613.7876069883223,1534.4661369742987,79.32147001402359,2.3,1.2,1.9,1.9,1.4,2.0,0,0,0.5,0.5,0.0,0.0,0.0,0.0,0,0
2024-2025,2025-03-16,Arsenal,Chelsea,1,0,H,1,0,H,12,8,4,2,10,13,5,4,3,3,0,0,1651.1016647636307,1554.609874934455,96.49178982917556,1.7,0.8,1.9,1.5,1.5,1.4,0,0,0.5,0.5,0.0,0.0,0.0,0.0,0,0
2024-2025,2025-03-16,Fulham,Tottenham,2,0,H,0,0,D,13,12,4,4,13,10,6,5,0,0,0,0,1503.831423070159,1475.9109476204771,27.920475449681817,1.5,1.5,1.4,1.6,1.5,1.1,0,0,0.5,0.5,0.0,0.0,0.0,0.0,0,0
2024-2025,2025-03-16,Leicester,Man United,0,3,A,0,1,A,11,18,3,5,6,6,6,4,2,0,0,0,1356.1518223714177,1486.6441226313073,-130.4923002598896,0.3,2.2,0.3,1.3,1.6,1.2,1,0,0.5,0.5,0.0,0.0,0.0,0.0,0,0
2024-2025,2025-04-01,Arsenal,Fulham,2,1,H,1,0,H,17,9,4,3,2,10,5,4,1,2,0,0,1655.9808365143667,1510.307394165618,145.67344234874872,1.5,0.7,1.9,1.5,1.3,1.6,0,0,0.5,0.5,0.0,0.0,0.0,0.0,0,0
2024-2025,2025-04-01,Wolves,West Ham,1,0,H,1,0,H,9,10,2,1,16,12,1,2,4,2,0,0,1423.5283607908118,1466.2061328795019,-42.67777208869006,0.9,1.6,1.0,1.0,1.4,1.1,0,0,0.5,0.5,0.0,0.0,0.0,0.0,0,0
2024-2025,2025-04-01,Nott'm Forest,Man United,1,0,H,1,0,H,8,23,2,6,5,12,3,10,1,3,0,0,1536.0358388268523,1495.768730098356,40.267108728496396,2.3,1.6,1.7,1.6,1.4,1.5,0,0,0.5,0.5,0.0,0.0,0.0,0.0,0,0
2024-2025,2025-04-02,Man City,Leicester,2,0,H,2,0,H,18,2,5,0,11,8,5,0,1,4,0,0,1609.0405410302747,1347.027214904369,262.0133261259057,2.3,1.4,1.7,0.3,2.3,0.3,0,1,0.5,0.5,0.0,0.0,0.0,0.0,0,0
2024-2025,2025-04-02,Brighton,Aston Villa,0,3,A,0,0,D,11,8,4,5,16,11,4,0,1,3,0,0,1539.2132029323463,1541.5942391225365,-2.381036190190116,1.9,1.4,2.0,1.3,1.4,1.6,0,0,0.5,0.5,0.0,0.0,0.0,0.0,0,0
2024-2025,2025-04-02,Bournemouth,Ipswich,1,2,A,0,1,A,24,10,7,2,14,15,8,3,1,2,0,0,1503.2634239403185,1301.2320293449893,202.03139459532917,1.9,1.3,1.4,1.0,2.9,0.2,0,1,0.5,0.5,0.0,0.0,0.0,0.0,0,0
2024-2025,2025-04-02,Liverpool,Everton,1,0,H,0,0,D,17,5,3,0,7,11,11,5,2,2,0,0,1693.941161334659,1479.9558486546132,213.9853126800458,2.2,0.8,2.4,1.7,1.1,1.7,0,0,0.5,0.5,0.0,0.0,0.0,0.0,0,0
2024-2025,2025-04-02,Southampton,Crystal Palace,1,1,D,1,0,H,8,9,2,3,14,9,2,2,2,1,0,0,1290.376683731782,1510.9234089753095,-220.5467252435276,0.9,3.1,0.3,1.8,0.7,2.2,1,0,0.5,0.5,0.0,0.0,0.0,0.0,0,0
2024-2025,2025-04-02,Newcastle,Brentford,2,1,H,1,0,H,21,12,4,3,12,12,4,5,1,1,0,0,1555.4935493675798,1483.265062500596,72.22848686698376,1.7,1.7,1.8,1.7,1.0,1.7,0,0,0.5,0.5,0.0,0.0,0.0,0.0,0,0
2024-2025,2025-04-03,Chelsea,Tottenham,1,0,H,0,0,D,11,8,5,2,7,16,4,6,5,5,0,0,1549.730703183719,1469.434976525018,80.29572665870091,1.5,1.4,1.4,1.4,1.5,1.0,0,0,0.5,0.5,0.0,0.0,0.0,0.0,0,0
2024-2025,2025-04-05,Crystal Palace,Brighton,2,1,H,1,1,D,8,11,3,5,12,13,2,4,0,1,2,1,1507.5866291950645,1526.4751772710192,-18.88854807595476,1.7,0.7,2.0,1.8,1.6,1.9,0,0,0.5,0.5,0.0,0.0,0.0,0.0,0,0
2024-2025,2025-04-05,West Ham,Bournemouth,2,2,D,0,1,A,9,11,3,4,13,13,4,7,2,2,0,0,1457.8411903333833,1486.253158339241,-28.411968005857716,0.9,1.1,1.1,1.9,1.5,1.1,0,0,0.5,0.5,0.0,0.0,0.0,0.0,0,0
2024-2025,2025-04-05,Everton,Arsenal,1,1,D,0,1,A,5,14,2,5,17,13,3,8,3,1,0,0,1477.1369039674432,1659.8922540251153,-182.7553500576721,1.7,1.1,1.7,1.6,0.7,2.1,0,0,0.5,0.5,0.0,0.0,0.0,0.0,0,0
2024-2025,2025-04-05,Aston Villa,Nott'm Forest,2,1,H,2,0,H,17,19,8,3,7,15,4,4,2,2,0,0,1554.3322647838636,1542.2045543426273,12.127710441236331,1.4,1.3,1.6,2.1,1.6,1.7,0,0,0.5,0.5,0.0,0.0,0.0,0.0,0,0
2024-2025,2025-04-05,Ipswich,Wolves,1,2,A,1,0,H,6,22,2,7,12,16,4,8,2,2,0,0,1318.2422949460667,1431.8933033369303,-113.65100839086358,1.0,2.8,0.4,1.0,1.3,1.3,1,0,0.5,0.5,0.0,0.0,0.0,0.0,0,0
2024-2025,2025-04-06,Brentford,Chelsea,0,0,D,0,0,D,9,21,2,5,12,12,3,6,1,3,0,0,1477.8524557602414,1554.9619438174595,-77.10948805721819,1.3,1.2,1.4,1.5,1.3,1.6,0,0,0.5,0.5,0.0,0.0,0.0,0.0,0,0
2024-2025,2025-04-06,Fulham,Liverpool,3,2,H,3,1,H,12,14,6,6,10,9,4,4,3,0,0,0,1506.3959766548694,1696.760106021829,-190.36412936695956,1.4,1.3,1.5,2.2,0.7,2.6,0,0,0.5,0.5,0.0,0.0,0.0,0.0,0,0
2024-2025,2025-04-06,Tottenham,Southampton,3,1,H,2,0,H,13,12,8,4,16,20,4,1,1,1,0,0,1464.2037358912776,1293.713463512027,170.49027237925065,1.3,1.4,1.0,1.0,2.7,0.4,0,1,0.5,0.5,0.0,0.0,0.0,0.0,0,0
2024-2025,2025-04-06,Man United,Man City,0,0,D,0,0,D,13,9,2,5,13,9,5,3,3,2,0,0,1489.600014582581,1611.2539397497064,-121.65392516712541,1.4,1.3,1.4,2.1,1.3,1.7,0,0,0.5,0.5,0.0,0.0,0.0,0.0,0,0
2024-2025,2025-04-07,Leicester,Newcastle,0,3,A,0,3,A,7,16,2,5,8,9,12,2,2,0,0,0,1344.8138161849372,1560.9061561079345,-216.09233992299733,0.2,2.3,0.3,1.7,1.8,1.8,1,0,0.5,0.5,0.0,0.0,0.0,0.0,0,0
2024-2025,2025-04-12,Man City,Crystal Palace,5,2,H,2,2,D,21,8,9,3,10,16,1,4,2,3,0,0,1610.6314954171537,1515.2935625805956,95.33793283655814,1.9,1.1,1.7,1.8,0.7,2.2,0,0,0.5,0.5,0.0,0.0,0.0,0.0,0,0
2024-2025,2025-04-12,Brighton,Leicester,2,2,D,1,1,D,21,15,7,6,9,11,3,6,2,5,0,0,1518.7682438854881,1338.0361799988593,180.7320638866288,1.7,1.8,1.6,0.2,2.4,0.3,0,1,0.5,0.5,0.0,0.0,0.0,0.0,0,0
2024-2025,2025-04-12,Nott'm Forest,Everton,0,1,A,0,0,D,10,13,5,5,9,13,1,7,0,3,0,0,1535.3242828882371,1479.4747489504514,55.849533937785736,2.1,1.7,1.6,1.5,1.0,1.5,0,0,0.5,0.5,0.0,0.0,0.0,0.0,0,0
2024-2025,2025-04-12,Southampton,Aston Villa,0,3,A,0,0,D,7,25,2,10,11,4,2,14,3,1,0,0,1290.2321056807486,1561.2125362382537,-270.9804305575051,1.0,2.7,0.4,1.5,1.4,1.6,1,0,0.5,0.5,0.0,0.0,0.0,0.0,0,0
2024-2025,2025-04-12,Arsenal,Brentford,1,1,D,0,0,D,14,3,3,2,7,9,13,5,1,3,0,0,1657.5544090421072,1477.1945654974752,180.35984354463199,1.5,0.7,1.9,1.1,1.0,1.4,0,0,0.5,0.5,0.0,0.0,0.0,0.0,0,0
2024-2025,2025-04-13,Liverpool,West Ham,2,1,H,1,0,H,15,11,6,4,15,8,10,3,0,2,0,0,1684.2163194689363,1455.8093936222356,228.4069258467007,2.2,1.0,2.3,0.8,1.1,0.9,0,0,0.5,0.5,0.0,0.0,0.0,0.0,0,0
2024-2025,2025-04-13,Chelsea,Ipswich,2,2,D,0,2,A,34,13,9,4,11,7,15,4,2,2,0,0,1555.6198340802257,1308.6350004906328,246.98483358959288,1.3,1.1,1.6,1.1,2.8,0.4,0,1,0.5,0.5,0.0,0.0,0.0,0.0,0,0
2024-2025,2025-04-13,Newcastle,Man United,4,1,H,1,1,D,13,9,6,5,7,9,7,2,0,2,0,0,1567.6837922940124,1490.2224589151338,77.46133337887863,1.8,1.7,1.8,1.1,1.2,1.2,0,0,0.5,0.5,0.0,0.0,0.0,0.0,0,0
2024-2025,2025-04-13,Wolves,Tottenham,4,2,H,2,0,H,13,11,5,4,12,15,1,4,1,2,0,0,1441.5005977923643,1467.6850937225558,-26.184495930191588,1.2,1.1,1.6,1.5,1.3,1.3,0,0,0.5,0.5,0.0,0.0,0.0,0.0,0,0
2024-2025,2025-04-14,Bournemouth,Fulham,1,0,H,1,0,H,12,12,3,7,11,10,6,9,3,2,0,0,1488.2849550503888,1518.939763207762,-30.65480815737328,1.9,1.5,1.1,1.5,1.2,1.8,0,0,0.5,0.5,0.0,0.0,0.0,0.0,0,0
2024-2025,2025-04-16,Newcastle,Crystal Palace,5,0,H,4,0,H,14,11,7,4,9,15,5,4,2,3,0,0,1572.9783058239495,1510.3898473017855,62.588458522164046,1.9,1.8,1.8,1.8,1.2,1.9,0,0,0.5,0.5,0.0,0.0,0.0,0.0,0,0
2024-2025,2025-04-19,Brentford,Brighton,4,2,H,1,1,D,16,12,8,3,7,11,4,8,3,3,0,1,1483.8735557773186,1512.0833236028789,-28.20976782556022,1.2,0.9,1.5,1.6,1.9,1.4,0,0,0.5,0.5,0.0,0.0,0.0,0.0,0,0
2024-2025,2025-04-19,Crystal Palace,Bournemouth,0,0,D,0,0,D,5,15,0,4,13,10,5,4,3,4,1,0,1504.755401192995,1496.3151279648991,8.440273228095748,1.6,1.7,1.6,1.6,1.4,1.1,0,0,0.5,0.5,0.0,0.0,0.0,0.0,0,0
2024-2025,2025-04-19,Everton,Man City,0,2,A,0,0,D,8,12,3,7,7,6,2,5,4,0,0,0,1493.6819856671473,1615.5352106959638,-121.8532250288165,1.5,1.0,1.5,1.8,1.3,1.7,0,0,0.5,0.5,0.0,0.0,0.0,0.0,0,0
2024-2025,2025-04-19,West Ham,Southampton,1,1,D,0,0,D,12,15,4,4,14,13,2,5,2,1,0,0,1453.1855581165519,1284.791089777827,168.3944683387249,0.9,1.1,0.9,0.8,2.7,0.4,0,1,0.5,0.5,0.0,0.0,0.0,0.0,0,0
2024-2025,2025-04-19,Aston Villa,Newcastle,4,1,H,1,1,D,23,10,9,3,9,12,7,7,1,3,0,0,1566.6535521411754,1578.6127519327401,-11.959199791564743,1.6,1.2,1.8,2.3,1.4,2.1,0,0,0.5,0.5,0.0,0.0,0.0,0.0,0,0
2024-2025,2025-04-20,Fulham,Chelsea,1,2,A,1,0,H,6,13,1,8,13,9,6,4,1,3,0,0,1510.9095902932518,1548.0093465207265,-37.0997562274747,1.3,1.3,1.5,1.2,1.2,1.4,0,0,0.5,0.5,0.0,0.0,0.0,0.0,0,0
2024-2025,2025-04-20,Ipswich,Arsenal,0,4,A,0,2,A,4,24,0,7,10,7,0,12,0,0,1,0,1316.245488050132,1650.8754187622637,-334.6299307121317,1.3,2.4,0.5,1.4,0.6,1.9,1,0,0.5,0.5,0.0,0.0,0.0,0.0,0,0
2024-2025,2025-04-20,Man United,Wolves,0,1,A,0,0,D,12,4,2,2,11,18,9,2,2,3,0,0,1484.9279453851966,1449.407416744806,35.520528640390694,1.1,1.3,1.2,1.5,1.0,1.9,0,0,0.5,0.5,0.0,0.0,0.0,0.0,0,0
2024-2025,2025-04-20,Leicester,Liverpool,0,1,A,0,0,D,5,28,0,10,11,7,1,13,1,2,0,0,1344.7211002814686,1686.84015497462,-342.1190546931514,0.4,2.4,0.4,2.0,1.0,2.3,1,0,0.5,0.5,0.0,0.0,0.0,0.0,0,0
2024-2025,2025-04-21,Tottenham,Nott'm Forest,1,2,A,0,2,A,22,4,6,3,11,12,7,1,1,4,0,0,1459.7782747701142,1521.1170461715412,-61.33877140142704,1.5,1.4,1.3,1.8,1.6,1.3,0,0,0.5,0.5,0.0,0.0,0.0,0.0,0,0
2024-2025,2025-04-22,Man City,Aston Villa,2,1,H,1,1,D,14,7,6,3,9,10,10,2,3,3,0,0,1624.9070524815104,1574.172414904223,50.73463757728746,1.7,1.2,1.7,1.9,1.2,2.0,0,0,0.5,0.5,0.0,0.0,0.0,0.0,0,0
2024-2025,2025-04-23,Arsenal,Crystal Palace,2,2,D,2,1,H,12,15,6,4,4,6,3,6,1,1,0,0,1654.9907390083033,1501.7317906548853,153.25894835341796,1.7,0.6,1.9,1.5,1.5,1.7,0,0,0.5,0.5,0.0,0.0,0.0,0.0,0,0
2024-2025,2025-04-26,Chelsea,Everton,1,0,H,1,0,H,10,6,7,3,11,11,10,2,0,0,0,0,1559.8002375996862,1484.3101438816007,75.49009371808552,1.3,1.0,1.7,1.1,1.2,1.2,0,0,0.5,0.5,0.0,0.0,0.0,0.0,0,0
2024-2025,2025-04-26,Wolves,Leicester,3,0,H,1,0,H,20,8,6,2,7,17,4,2,1,4,0,0,1463.1215314076212,1340.7449027901944,122.37662861742683,1.6,0.9,2.2,0.2,2.4,0.1,0,1,0.5,0.5,0.0,0.0,0.0,0.0,0,0
2024-2025,2025-04-26,Brighton,West Ham,3,2,H,1,0,H,16,12,9,4,7,9,8,1,1,1,0,0,1504.1206991903211,1446.7017420754833,57.418957114837895,1.8,2.2,1.4,0.9,1.1,0.9,0,0,0.5,0.5,0.0,0.0,0.0,0.0,0,0
2024-2025,2025-04-26,Southampton,Fulham,1,2,A,1,0,H,7,26,3,5,10,12,0,13,1,1,0,0,1291.2749058188956,1499.118699214292,-207.84379339539646,0.8,2.5,0.5,1.4,1.4,1.5,1,0,0.5,0.5,0.0,0.0,0.0,0.0,0,0
2024-2025,2025-04-26,Newcastle,Ipswich,3,0,H,1,0,H,25,4,5,0,9,9,11,2,1,2,0,1,1571.0938891696926,1312.1301678040925,258.9637213656001,2.1,1.7,1.8,1.2,2.4,0.5,0,1,0.5,0.5,0.0,0.0,0.0,0.0,0,0
2024-2025,2025-04-27,Bournemouth,Man United,1,1,D,1,0,H,8,25,1,6,11,12,5,10,4,2,1,0,1499.3387385030087,1471.2138307223813,28.12490778062738,1.1,1.4,0.9,1.0,1.4,0.9,0,0,0.5,0.5,0.0,0.0,0.0,0.0,0,0
2024-2025,2025-04-27,Liverpool,Tottenham,5,1,H,3,1,H,25,8,8,3,16,9,8,2,2,1,0,0,1690.8163524658942,1448.6700853830707,242.14626708282344,1.9,1.0,2.3,1.5,1.4,1.3,0,0,0.5,0.5,0.0,0.0,0.0,0.0,0,0
2024-2025,2025-05-01,Nott'm Forest,Brentford,0,2,A,0,1,A,14,11,5,3,10,12,4,5,3,5,0,0,1532.2252355585847,1491.8361801898764,40.38905536870834,2.0,1.2,1.6,1.4,1.0,1.5,0,0,0.5,0.5,0.0,0.0,0.0,0.0,0,0
2024-2025,2025-05-02,Man City,Wolves,1,0,H,1,0,H,9,6,2,1,7,11,4,5,0,0,0,0,1630.8217216526377,1467.472185997019,163.34953565561864,1.8,0.8,2.0,1.7,0.9,2.2,0,0,0.5,0.5,0.0,0.0,0.0,0.0,0,0
2024-2025,2025-05-03,Aston Villa,Fulham,1,0,H,1,0,H,10,11,3,3,6,17,5,3,0,5,0,0,1568.2577457330956,1506.110695288997,62.14705044409857,2.0,1.2,2.0,1.4,1.4,1.5,0,0,0.5,0.5,0.0,0.0,0.0,0.0,0,0
2024-2025,2025-05-03,Everton,Ipswich,2,2,D,2,1,H,8,12,3,5,12,15,3,3,4,4,0,0,1478.971338185379,1309.8819763071576,169.08936187822133,0.9,1.1,1.1,1.1,2.5,0.5,0,1,0.5,0.5,0.0,0.0,0.0,0.0,0,0
2024-2025,2025-05-03,Leicester,Southampton,2,0,H,2,0,H,14,8,4,2,12,13,7,7,1,3,0,0,1336.3942482007965,1284.2829097441906,52.111338456605836,0.2,2.3,0.1,0.7,2.6,0.2,1,1,0.5,0.5,0.0,0.0,0.0,0.0,0,0
2024-2025,2025-05-03,Arsenal,Bournemouth,1,2,A,1,0,H,13,9,4,2,7,16,2,3,0,2,0,0,1648.7665879428255,1495.8095573573378,152.9570305854877,1.4,0.7,1.7,1.2,1.3,1.0,0,0,0.5,0.5,0.0,0.0,0.0,0.0,0,0
2024-2025,2025-05-04,Brentford,Man United,4,3,H,2,1,H,12,14,6,5,8,10,7,4,0,2,0,0,1505.670458967701,1474.7430118680522,30.927447099648816,1.6,0.8,1.8,1.1,1.3,1.0,0,0,0.5,0.5,0.0,0.0,0.0,0.0,0,0
2024-2025,2025-05-04,Brighton,Newcastle,1,1,D,1,0,H,5,13,2,5,15,10,1,4,2,1,0,0,1509.876357371591,1573.3420806666275,-63.46572329503647,2.1,1.7,1.7,2.3,1.5,2.1,0,0,0.5,0.5,0.0,0.0,0.0,0.0,0,0
2024-2025,2025-05-04,West Ham,Tottenham,1,1,D,1,1,D,11,7,2,2,18,15,1,3,2,2,0,0,1440.9460838942134,1446.2213455976766,-5.275261703463229,1.0,1.2,0.9,1.4,1.9,1.0,0,0,0.5,0.5,0.0,0.0,0.0,0.0,0,0
2024-2025,2025-05-04,Chelsea,Liverpool,3,1,H,1,0,H,17,11,7,2,10,11,3,6,2,2,0,0,1565.1390432959079,1693.2650922512883,-128.12604895538038,1.2,0.9,1.7,2.2,0.9,2.5,0,0,0.5,0.5,0.0,0.0,0.0,0.0,0,0
2024-2025,2025-05-05,Crystal Palace,Nott'm Forest,1,1,D,0,0,D,20,12,3,4,9,15,7,4,3,8,0,0,1507.9559417203632,1518.39095678076,-10.435015060396836,1.5,1.7,1.5,1.3,1.4,1.3,0,0,0.5,0.5,0.0,0.0,0.0,0.0,0,0
2024-2025,2025-05-10,Ipswich,Brentford,0,1,A,0,1,A,11,15,4,5,6,12,5,6,2,4,0,0,1316.3773697182635,1512.0708629814387,-195.69349326317524,1.2,2.6,0.5,1.9,1.1,1.8,1,0,0.5,0.5,0.0,0.0,0.0,0.0,0,0
2024-2025,2025-05-10,Fulham,Everton,1,3,A,1,1,D,18,11,6,7,15,9,5,5,1,0,0,0,1500.4659600114464,1472.475944774273,27.99001523717334,1.2,1.4,1.2,0.9,1.2,0.9,0,0,0.5,0.5,0.0,0.0,0.0,0.0,0,0
2024-2025,2025-05-10,Southampton,Man City,0,0,D,0,0,D,2,26,0,5,9,8,1,15,2,0,0,0,1278.4011983618147,1634.422860384735,-356.0216620229203,0.6,2.5,0.2,1.5,0.8,2.0,1,0,0.5,0.5,0.0,0.0,0.0,0.0,0,0
2024-2025,2025-05-10,Bournemouth,Aston Villa,0,1,A,0,1,A,10,6,4,3,19,12,10,0,4,3,0,1,1512.028382120441,1573.9024810106462,-61.87409889020523,1.1,1.3,1.0,2.0,1.1,2.2,0,0,0.5,0.5,0.0,0.0,0.0,0.0,0,0
2024-2025,2025-05-10,Wolves,Brighton,0,2,A,0,1,A,10,7,3,2,8,12,7,4,1,1,0,0,1463.8710472649218,1508.8286750586894,-44.95762779376764,1.6,0.8,2.2,1.9,1.8,1.5,0,0,0.5,0.5,0.0,0.0,0.0,0.0,0,0
2024-2025,2025-05-11,Newcastle,Chelsea,2,0,H,1,0,H,15,10,6,3,9,13,2,8,4,2,0,1,1574.389762979529,1575.9468122761884,-1.557049296659443,2.4,1.2,2.2,1.5,0.7,2.0,0,0,0.5,0.5,0.0,0.0,0.0,0.0,0,0
2024-2025,2025-05-11,Man United,West Ham,0,2,A,0,1,A,20,9,5,4,3,13,8,5,0,1,0,0,1468.3426078543146,1438.2852900973942,30.057317756920384,1.4,1.6,1.0,1.1,1.2,1.0,0,0,0.5,0.5,0.0,0.0,0.0,0.0,0,0
2024-2025,2025-05-11,Nott'm Forest,Leicester,2,2,D,1,1,D,15,10,4,6,11,11,4,4,3,3,0,0,1520.9132179262938,1342.2759595831724,178.6372583431214,1.3,1.3,1.4,0.4,2.1,0.4,0,1,0.5,0.5,0.0,0.0,0.0,0.0,0,0
2024-2025,2025-05-11,Tottenham,Crystal Palace,0,2,A,0,1,A,8,23,1,10,12,10,4,8,1,1,0,0,1448.8821393944959,1505.4336805748294,-56.551541180333516,1.4,2.0,0.8,1.5,1.6,1.6,0,0,0.5,0.5,0.0,0.0,0.0,0.0,0,0
2024-2025,2025-05-11,Liverpool,Arsenal,2,2,D,2,0,H,14,15,5,7,13,10,3,1,1,1,0,1,1682.4573232710077,1632.5477631797223,49.90956009128536,2.1,1.1,2.2,1.3,0.9,1.4,0,0,0.5,0.5,0.0,0.0,0.0,0.0,0,0
2024-2025,2025-05-16,Aston Villa,Tottenham,2,0,H,0,0,D,18,3,7,1,5,12,9,1,1,2,0,0,1584.9954490697014,1437.6380706718035,147.35737839789795,1.9,0.9,2.4,1.0,2.1,0.5,0,0,0.5,0.5,0.0,0.0,0.0,0.0,0,0
2024-2025,2025-05-16,Chelsea,Man United,1,0,H,0,0,D,11,4,3,1,10,14,7,2,1,6,0,0,1568.7067619530205,1454.76483081034,113.94193114268046,1.4,0.7,2.0,1.2,1.6,0.9,0,0,0.5,0.5,0.0,0.0,0.0,0.0,0,0
2024-2025,2025-05-18,Everton,Southampton,2,0,H,2,0,H,13,6,5,2,6,10,4,5,1,1,0,0,1486.0017265072722,1284.6738207554777,201.32790575179456,1.0,1.1,1.1,0.6,2.1,0.3,0,1,0.5,0.5,0.0,0.0,0.0,0.0,0,0
2024-2025,2025-05-18,West Ham,Nott'm Forest,1,2,A,0,1,A,16,10,5,5,14,7,8,7,6,3,0,0,1451.8630671413687,1514.2617815588424,-62.398714417473684,1.2,1.2,1.0,1.2,1.1,1.5,0,0,0.5,0.5,0.0,0.0,0.0,0.0,0,0
2024-2025,2025-05-18,Brentford,Fulham,2,3,A,2,1,H,11,16,6,7,12,8,5,3,4,4,0,0,1519.3841795180701,1486.9401782784473,32.44400123962282,1.6,1.1,1.8,1.3,1.5,1.2,0,0,0.5,0.5,0.0,0.0,0.0,0.0,0,0
2024-2025,2025-05-18,Leicester,Ipswich,2,0,H,1,0,H,9,20,3,2,15,12,2,2,1,0,0,0,1348.9273959506238,1309.064053181632,39.86334276899174,0.6,1.9,0.5,1.1,2.3,0.5,1,1,0.5,0.5,0.0,0.0,0.0,0.0,0,0
2024-2025,2025-05-18,Arsenal,Newcastle,1,0,H,0,0,D,12,14,4,5,9,9,10,7,3,3,0,0,1636.613290658061,1581.629813302697,54.98347735536413,1.5,1.0,1.5,2.2,0.9,2.2,0,0,0.5,0.5,0.0,0.0,0.0,0.0,0,0
2024-2025,2025-05-19,Brighton,Liverpool,3,2,H,1,2,A,25,18,12,5,9,8,3,3,1,0,0,0,1520.3997995942375,1678.391795792669,-157.99199619843148,1.7,1.8,1.5,2.1,1.1,2.2,0,0,0.5,0.5,0.0,0.0,0.0,0.0,0,0
2024-2025,2025-05-20,Crystal Palace,Wolves,4,2,H,2,1,H,14,12,10,3,14,8,0,10,1,2,0,0,1516.6777492975218,1452.2999227293737,64.37782656814807,1.5,1.6,1.6,1.5,1.0,1.9,0,0,0.5,0.5,0.0,0.0,0.0,0.0,0,0
2024-2025,2025-05-20,Man City,Bournemouth,3,1,H,2,0,H,12,8,5,2,7,13,3,1,1,3,1,1,1628.1502379910721,1500.9354140613857,127.21482392968642,1.5,0.6,2.1,1.1,1.3,1.0,0,0,0.5,0.5,0.0,0.0,0.0,0.0,0,0
2024-2025,2025-05-25,Bournemouth,Leicester,2,0,H,0,0,D,20,3,7,0,19,16,6,1,0,2,0,0,1496.6788246358772,1355.1060313339858,141.57279330189135,1.1,1.4,1.0,0.8,1.7,0.8,0,1,0.5,0.5,0.0,0.0,0.0,0.0,0,0
2024-2025,2025-05-25,Man United,Aston Villa,2,0,H,0,0,D,25,6,10,1,10,10,4,3,2,2,0,1,1450.246621358386,1588.8764563191444,-138.62983496075844,0.9,1.5,0.6,1.9,0.8,2.4,0,0,0.5,0.5,0.0,0.0,0.0,0.0,0,0
2024-2025,2025-05-25,Ipswich,West Ham,1,3,A,0,1,A,14,10,4,6,10,9,4,0,1,1,0,0,1302.88541779827,1440.7850208049688,-137.89960300669873,0.9,2.2,0.5,1.1,1.4,0.7,1,0,0.5,0.5,0.0,0.0,0.0,0.0,0,0
2024-2025,2025-05-25,Liverpool,Crystal Palace,1,1,D,0,1,A,14,8,3,5,7,10,11,0,1,0,1,0,1666.7379821596658,1522.2706024489007,144.46737971076504,2.1,1.4,1.9,1.5,1.7,1.6,0,0,0.5,0.5,0.0,0.0,0.0,0.0,0,0
2024-2025,2025-05-25,Tottenham,Brighton,1,4,A,1,0,H,4,23,2,8,13,8,2,11,3,1,0,0,1433.7570634223605,1532.0536132272407,-98.29654980488021,1.0,2.2,0.5,1.8,1.9,1.5,0,0,0.5,0.5,0.0,0.0,0.0,0.0,0,0
2024-2025,2025-05-25,Fulham,Man City,0,2,A,0,1,A,13,20,3,5,11,5,1,6,0,0,0,0,1500.5777085953318,1632.4068274165807,-131.8291188212488,1.4,1.6,1.2,1.7,0.7,2.1,0,0,0.5,0.5,0.0,0.0,0.0,0.0,0,0
2024-2025,2025-05-25,Nott'm Forest,Chelsea,0,1,A,0,0,D,10,6,2,2,10,11,7,4,2,2,0,0,1525.3398278952423,1573.2249714049747,-47.885143509732416,1.4,1.2,1.7,1.1,0.7,2.0,0,0,0.5,0.5,0.0,0.0,0.0,0.0,0,0
2024-2025,2025-05-25,Southampton,Arsenal,1,2,A,0,1,A,7,23,2,8,7,8,5,8,0,0,0,0,1281.6737743562235,1642.4265902398815,-360.75281588365806,0.6,1.9,0.3,1.6,1.0,1.7,1,0,0.5,0.5,0.0,0.0,0.0,0.0,0,0
2024-2025,2025-05-25,Wolves,Brentford,1,1,D,0,1,A,18,13,6,7,7,9,8,3,2,1,0,0,1446.7070695779948,1505.7466492011856,-59.039579623190775,1.6,1.2,1.9,1.7,1.3,1.7,0,0,0.5,0.5,0.0,0.0,0.0,0.0,0,0
2024-2025,2025-05-25,Newcastle,Everton,0,1,A,0,0,D,17,14,6,6,12,9,12,3,1,4,0,0,1575.8165137208764,1489.0017729065264,86.81474081434999,2.2,0.8,2.2,1.1,1.0,1.3,0,0,0.5,0.5,0.0,0.0,0.0,0.0,0,0
2025-2026,2025-08-15,Liverpool,Bournemouth,4,2,H,1,0,H,19,10,10,3,7,10,6,7,1,2,0,0,1612.4699034356504,1500.465534387098,112.00436904855246,2.0,1.5,1.7,1.1,1.2,1.2,0,0,0.5,0.5,0.0,0.0,0.0,0.0,0,0
2025-2026,2025-08-16,Tottenham,Burnley,3,0,H,1,0,H,16,14,6,4,14,8,6,5,0,0,0,0,1446.5956242041786,1400.6000308792677,45.99559332491094,0.9,2.4,0.4,1.4,1.6,1.0,0,1,0.5,0.5,0.0,0.0,0.0,0.0,0,0
2025-2026,2025-08-16,Wolves,Man City,0,4,A,0,2,A,9,15,3,4,13,7,4,6,1,2,0,0,1461.8734959771523,1599.0452862341638,-137.17179025701148,1.6,1.2,1.9,1.9,0.6,2.4,0,0,0.5,0.5,0.0,0.0,0.0,0.0,0,0
2025-2026,2025-08-16,Aston Villa,Newcastle,0,0,D,0,0,D,3,16,3,3,13,11,3,6,1,1,1,0,1554.4384115980797,1542.6328657478587,11.805545850221051,1.8,0.6,2.4,2.1,0.9,1.9,0,0,0.5,0.5,0.0,0.0,0.0,0.0,0,0
2025-2026,2025-08-16,Brighton,Fulham,1,1,D,0,0,D,10,7,4,2,16,15,4,3,3,3,0,0,1529.471849450542,1494.043888974175,35.42796047636716,2.0,1.9,1.5,1.3,1.6,1.2,0,0,0.5,0.5,0.0,0.0,0.0,0.0,0,0
2025-2026,2025-08-16,Sunderland,West Ham,3,0,H,0,0,D,10,12,5,4,8,10,5,7,0,1,0,0,1400.8009609725168,1464.7889421450527,-63.98798117253591,0.5,1.9,0.4,1.4,1.4,1.0,1,0,0.5,0.5,0.0,0.0,0.0,0.0,0,0
2025-2026,2025-08-17,Nott'm Forest,Brentford,3,1,H,3,0,H,11,10,5,3,7,15,5,5,1,2,0,0,1509.6956937741566,1504.8441071682737,4.851586605882858,1.3,1.3,1.4,1.8,1.3,1.8,0,0,0.5,0.5,0.0,0.0,0.0,0.0,0,0
2025-2026,2025-08-17,Man United,Arsenal,0,1,A,0,1,A,22,9,7,3,10,19,3,4,1,4,0,0,1472.9477427761913,1602.2504541774229,-129.3027114012316,1.0,1.4,0.8,1.7,1.0,1.9,0,0,0.5,0.5,0.0,0.0,0.0,0.0,0,0
2025-2026,2025-08-17,Chelsea,Crystal Palace,0,0,D,0,0,D,19,12,3,4,10,12,11,2,2,3,0,0,1559.2996657359952,1519.836105790346,39.463559945649195,1.1,0.7,2.0,1.5,1.8,1.4,0,0,0.5,0.5,0.0,0.0,0.0,0.0,0,0
2025-2026,2025-08-18,Leeds,Everton,1,0,H,0,0,D,21,7,3,1,6,8,7,2,0,2,0,0,1416.8644713895803,1502.7399348913232,-85.87546350174284,1.2,3.0,0.5,1.1,0.9,1.5,1,0,0.5,0.5,0.0,0.0,0.0,0.0,0,0
2025-2026,2025-08-22,West Ham,Chelsea,1,5,A,1,3,A,12,12,4,7,7,10,7,5,0,1,0,0,1455.8217553321142,1555.4881318124612,-99.66637648034703,1.3,1.6,0.9,1.1,0.6,2.1,0,0,0.5,0.5,0.0,0.0,0.0,0.0,0,0
2025-2026,2025-08-23,Man City,Tottenham,0,2,A,0,2,A,10,12,4,5,7,12,7,2,1,4,0,0,1607.9794597215564,1452.624558508623,155.35490121293333,2.1,0.4,2.6,1.2,2.2,0.7,0,0,0.5,0.5,0.0,0.0,0.0,0.0,0,0
2025-2026,2025-08-23,Bournemouth,Wolves,1,0,H,1,0,H,14,6,4,1,13,16,8,3,2,4,0,1,1495.9081963576275,1452.9393224897597,42.96887386786784,1.2,1.4,1.2,1.4,1.5,1.6,0,0,0.5,0.5,0.0,0.0,0.0,0.0,0,0
2025-2026,2025-08-23,Brentford,Aston Villa,1,0,H,1,0,H,9,17,2,2,11,9,2,9,1,2,0,0,1497.773579410209,1551.3270556353782,-53.553476225169106,1.7,1.5,1.5,1.7,0.6,2.2,0,0,0.5,0.5,0.0,0.0,0.0,0.0,0,0
2025-2026,2025-08-23,Burnley,Sunderland,2,0,H,0,0,D,7,9,2,1,9,5,4,3,0,1,0,0,1394.5710965748233,1409.7681477854553,-15.197051210632026,1.2,1.8,0.7,0.8,1.8,0.7,1,1,0.5,0.5,0.0,0.0,0.0,0.0,0,0
2025-2026,2025-08-23,Arsenal,Leeds,5,0,H,2,0,H,18,3,5,1,8,11,2,2,0,2,0,0,1611.4090484395574,1426.4581583659192,184.95089007363822,1.7,1.0,1.9,1.1,2.9,0.5,0,1,0.5,0.5,0.0,0.0,0.0,0.0,0,0
2025-2026,2025-08-24,Crystal Palace,Nott'm Forest,1,1,D,1,0,H,8,9,4,1,11,11,1,3,3,3,0,0,1523.64763971388,1516.7662215322212,6.881418181658773,1.4,1.7,1.4,1.2,1.2,1.4,0,0,0.5,0.5,0.0,0.0,0.0,0.0,0,0
2025-2026,2025-08-24,Everton,Brighton,2,0,H,1,0,H,11,13,3,4,7,15,2,2,4,3,0,0,1493.1462479149843,1525.7600318065317,-32.61378389154743,1.0,0.9,1.4,1.9,1.8,1.5,0,0,0.5,0.5,0.0,0.0,0.0,0.0,0,0
2025-2026,2025-08-24,Fulham,Man United,1,1,D,0,0,D,13,10,4,3,12,10,9,6,1,1,0,0,1497.7557066181853,1463.7891485140567,33.96655810412858,1.2,1.7,1.0,0.7,1.5,0.5,0,0,0.5,0.5,0.0,0.0,0.0,0.0,0,0
2025-2026,2025-08-25,Newcastle,Liverpool,2,3,A,0,1,A,10,5,3,4,17,15,7,1,2,3,1,0,1545.7442217105602,1617.0272414651208,-71.28301975456066,1.9,0.8,1.7,2.1,1.6,1.7,0,0,0.5,0.5,0.0,0.0,0.0,0.0,0,0
2025-2026,2025-08-30,Man United,Burnley,3,2,H,1,0,H,26,6,6,3,9,9,7,1,1,5,0,0,1467.4646423235708,1402.1776153460733,65.28702697749759,0.8,1.5,0.6,1.2,1.6,0.9,0,1,0.5,0.5,0.0,0.0,0.0,0.0,0,0
2025-2026,2025-08-30,Sunderland,Brentford,2,1,H,0,0,D,12,7,3,4,11,12,3,4,3,2,0,0,1402.1616290142053,1506.4446481853636,-104.28301917115823,0.8,1.8,0.7,1.7,1.3,1.8,1,0,0.5,0.5,0.0,0.0,0.0,0.0,0,0
2025-2026,2025-08-30,Chelsea,Fulham,2,0,H,1,0,H,13,11,6,3,11,17,6,4,2,2,0,0,1565.4977342662976,1494.0802128086711,71.41752145762644,1.5,0.7,2.1,1.2,1.6,1.1,0,0,0.5,0.5,0.0,0.0,0.0,0.0,0,0
2025-2026,2025-08-30,Wolves,Everton,2,3,A,1,2,A,12,10,4,4,15,10,2,2,0,1,0,0,1446.836756973233,1501.230676551605,-54.393919578372106,1.3,1.6,1.3,1.2,0.8,1.7,0,0,0.5,0.5,0.0,0.0,0.0,0.0,0,0
2025-2026,2025-08-30,Leeds,Newcastle,0,0,D,0,0,D,10,8,1,2,10,15,5,5,1,1,0,0,1423.2096984280665,1534.9195576760465,-111.70985924797992,1.0,2.9,0.5,1.8,1.1,1.4,1,0,0.5,0.5,0.0,0.0,0.0,0.0,0,0
2025-2026,2025-08-30,Tottenham,Bournemouth,0,1,A,0,1,A,5,20,1,6,17,13,0,8,2,4,0,0,1468.8855267878273,1502.0107618741542,-33.12523508632694,1.4,2.1,1.0,1.2,1.2,1.5,0,0,0.5,0.5,0.0,0.0,0.0,0.0,0,0
2025-2026,2025-08-31,Brighton,Man City,2,1,H,0,1,A,12,12,7,3,16,14,3,2,2,2,0,0,1517.675603169911,1591.7184914423522,-74.04288827244113,1.9,1.7,1.5,1.9,0.6,2.3,0,0,0.5,0.5,0.0,0.0,0.0,0.0,0,0
2025-2026,2025-08-31,Nott'm Forest,West Ham,0,3,A,0,0,D,11,12,3,8,14,6,9,7,0,0,0,0,1519.749011393063,1445.8121528782779,73.93685851478517,1.2,1.3,1.2,1.4,2.0,0.9,0,0,0.5,0.5,0.0,0.0,0.0,0.0,0,0
2025-2026,2025-08-31,Liverpool,Arsenal,1,0,H,0,0,D,9,11,3,1,7,10,3,8,2,2,0,0,1627.8519054996345,1614.65750837741,13.194397122224473,2.3,1.8,1.7,2.0,0.9,1.9,0,0,0.5,0.5,0.0,0.0,0.0,0.0,0,0
2025-2026,2025-08-31,Aston Villa,Crystal Palace,0,3,A,0,1,A,13,6,4,4,7,14,10,1,2,3,0,0,1542.6559868602237,1520.664849853038,21.99113700718567,1.4,0.7,1.9,1.3,1.7,1.2,0,0,0.5,0.5,0.0,0.0,0.0,0.0,0,0
2025-2026,2025-09-13,Arsenal,Nott'm Forest,3,0,H,1,0,H,16,5,5,1,8,11,8,4,1,1,0,0,1607.8049239204822,1505.1228825401786,102.68204138030364,1.9,0.9,1.8,1.1,1.4,1.2,0,0,0.5,0.5,0.0,0.0,0.0,0.0,0,0
2025-2026,2025-09-13,Bournemouth,Brighton,2,1,H,1,0,H,13,6,5,2,16,10,4,4,4,4,0,0,1513.9121486643733,1526.9298843743975,-13.017735710024226,1.1,1.0,1.7,2.0,1.6,1.8,0,0,0.5,0.5,0.0,0.0,0.0,0.0,0,0
2025-2026,2025-09-13,Crystal Palace,Sunderland,0,0,D,0,0,D,14,6,6,0,10,8,5,3,1,1,0,0,1534.0385229180397,1412.284897971173,121.7536249468667,1.4,1.2,1.5,1.0,1.6,1.0,0,1,0.5,0.5,0.0,0.0,0.0,0.0,0,0
2025-2026,2025-09-13,Everton,Aston Villa,0,0,D,0,0,D,20,7,2,1,17,15,10,3,3,3,0,0,1512.5358374850255,1529.282313795222,-16.746476310196613,1.4,0.9,1.9,1.2,0.9,1.6,0,0,0.5,0.5,0.0,0.0,0.0,0.0,0,0
2025-2026,2025-09-13,Fulham,Leeds,1,0,H,0,0,D,5,10,3,3,20,15,3,3,1,2,0,0,1488.6491569046311,1423.5466077101557,65.10254919447539,0.9,1.6,0.8,0.9,2.3,0.6,0,1,0.5,0.5,0.0,0.0,0.0,0.0,0,0
2025-2026,2025-09-13,Newcastle,Wolves,1,0,H,1,0,H,16,8,4,3,10,17,10,4,1,4,0,0,1534.5826483939572,1435.5315960398125,99.05105235414476,1.4,1.0,1.2,1.3,1.8,1.0,0,0,0.5,0.5,0.0,0.0,0.0,0.0,0,0
2025-2026,2025-09-13,West Ham,Tottenham,0,3,A,0,0,D,7,14,4,5,8,7,2,13,0,1,1,0,1460.4382817311623,1456.9841399976083,3.4541417335540245,1.5,1.8,1.1,1.1,2.1,0.7,0,0,0.5,0.5,0.0,0.0,0.0,0.0,0,0
2025-2026,2025-09-13,Brentford,Chelsea,2,2,D,1,0,H,7,16,4,6,13,9,5,6,3,2,0,0,1496.321379228396,1570.9287901703378,-74.60741094194191,1.8,1.5,1.7,1.7,0.7,2.3,0,0,0.5,0.5,0.0,0.0,0.0,0.0,0,0
2025-2026,2025-09-14,Burnley,Liverpool,0,1,A,0,0,D,3,27,0,4,9,9,1,13,0,2,0,0,1396.6058239784506,1634.7044899565624,-238.09866597811174,1.3,1.8,0.8,2.2,1.5,2.0,1,0,0.5,0.5,0.0,0.0,0.0,0.0,0,0
2025-2026,2025-09-14,Man City,Man United,3,0,H,1,0,H,13,12,6,2,8,8,2,4,0,0,0,0,1582.4642102378657,1473.0364336911935,109.42777654667225,2.0,0.8,2.2,1.1,1.7,0.8,0,0,0.5,0.5,0.0,0.0,0.0,0.0,0,0
2025-2026,2025-09-20,Liverpool,Everton,2,1,H,2,0,H,11,9,3,2,11,10,5,4,2,3,0,0,1640.9265838045012,1510.1844421422056,130.74214166229558,2.1,1.4,2.0,1.3,0.9,1.7,0,0,0.5,0.5,0.0,0.0,0.0,0.0,0,0
2025-2026,2025-09-20,Brighton,Tottenham,2,2,D,2,1,H,12,11,4,3,10,13,2,10,1,2,0,0,1519.3824085257984,1469.8767991137504,49.50560941204799,1.9,1.6,1.7,1.2,1.7,1.0,0,0,0.5,0.5,0.0,0.0,0.0,0.0,0,0
2025-2026,2025-09-20,Burnley,Nott'm Forest,1,1,D,1,1,D,12,17,5,8,12,11,4,5,1,1,0,0,1390.3837301305118,1500.373957185367,-109.99022705485527,1.3,1.8,0.8,1.1,1.6,1.2,1,0,0.5,0.5,0.0,0.0,0.0,0.0,0,0
2025-2026,2025-09-20,West Ham,Crystal Palace,1,2,A,0,1,A,8,18,3,3,15,5,8,8,3,3,0,0,1447.5456226150202,1528.4013985087486,-80.85577589372838,1.4,1.9,1.1,1.4,0.7,1.6,0,0,0.5,0.5,0.0,0.0,0.0,0.0,0,0
2025-2026,2025-09-20,Wolves,Leeds,1,3,A,1,3,A,16,6,6,4,11,9,4,0,1,1,0,0,1430.7065644184315,1417.9705468218995,12.736017596532065,0.9,1.7,0.7,0.8,2.2,0.6,0,1,0.5,0.5,0.0,0.0,0.0,0.0,0,0
2025-2026,2025-09-20,Man United,Chelsea,2,1,H,2,0,H,11,5,4,1,13,14,5,5,0,5,1,1,1468.4266930006447,1571.6583491095541,-103.23165610890942,1.0,1.6,0.8,1.7,0.7,2.3,0,0,0.5,0.5,0.0,0.0,0.0,0.0,0,0
2025-2026,2025-09-20,Fulham,Brentford,3,1,H,2,1,H,14,8,3,3,11,13,2,10,4,1,0,0,1494.2252177928874,1495.5918202891796,-1.3666024962922165,1.0,1.5,1.1,1.9,1.6,1.7,0,0,0.5,0.5,0.0,0.0,0.0,0.0,0,0
2025-2026,2025-09-21,Bournemouth,Newcastle,0,0,D,0,0,D,11,4,2,1,7,10,5,2,2,1,0,0,1521.4596245129724,1539.4076800153382,-17.948055502365833,1.2,1.1,1.7,1.0,1.0,1.2,0,0,0.5,0.5,0.0,0.0,0.0,0.0,0,0
2025-2026,2025-09-21,Sunderland,Aston Villa,1,1,D,0,0,D,14,12,4,2,14,8,6,5,2,1,1,0,1417.922022380464,1531.633709138042,-113.71168675757781,0.8,1.4,1.0,0.9,0.9,1.4,1,0,0.5,0.5,0.0,0.0,0.0,0.0,0,0
2025-2026,2025-09-21,Arsenal,Man City,1,1,D,0,1,A,12,5,3,3,11,10,11,2,1,2,0,0,1612.5538492752937,1587.0739509284144,25.47989834687928,2.1,0.8,2.0,1.8,0.6,2.2,0,0,0.5,0.5,0.0,0.0,0.0,0.0,0,0
2025-2026,2025-09-27,Crystal Palace,Liverpool,2,1,H,1,0,H,16,20,7,4,10,8,2,6,1,3,0,0,1538.9518565886592,1645.115535187137,-106.16367859847787,1.6,0.8,1.8,2.2,1.5,2.0,0,0,0.5,0.5,0.0,0.0,0.0,0.0,0,0
2025-2026,2025-09-27,Chelsea,Brighton,1,3,A,1,0,H,13,12,3,3,9,16,5,7,3,5,1,0,1561.5653372521333,1515.3265905577875,46.238746694345764,1.6,0.8,2.0,1.9,1.4,1.8,0,0,0.5,0.5,0.0,0.0,0.0,0.0,0,0
2025-2026,2025-09-27,Brentford,Man United,3,1,H,2,1,H,10,14,8,6,14,10,4,2,2,2,0,0,1488.3568331555732,1478.5197048580656,9.837128297507661,1.6,1.7,1.4,1.2,1.6,1.1,0,0,0.5,0.5,0.0,0.0,0.0,0.0,0,0
2025-2026,2025-09-27,Leeds,Bournemouth,2,2,D,1,1,D,19,12,8,5,12,13,7,4,2,2,0,0,1431.1060711611472,1519.1409276769998,-88.03485651585265,1.0,2.2,0.8,1.2,1.1,1.7,1,0,0.5,0.5,0.0,0.0,0.0,0.0,0,0
2025-2026,2025-09-27,Tottenham,Wolves,1,1,D,0,0,D,10,9,3,3,9,11,10,9,3,2,0,0,1473.9326170817612,1417.5710400791838,56.361577002577405,1.3,1.7,1.1,0.9,2.0,0.4,0,0,0.5,0.5,0.0,0.0,0.0,0.0,0,0
2025-2026,2025-09-27,Nott'm Forest,Sunderland,0,1,A,0,1,A,22,11,6,3,11,6,7,4,4,2,0,0,1500.0864945573508,1418.316471683481,81.77002287386972,1.0,1.6,1.0,0.9,1.4,1.1,0,1,0.5,0.5,0.0,0.0,0.0,0.0,0,0
2025-2026,2025-09-27,Man City,Burnley,5,1,H,1,1,D,21,9,8,2,5,7,10,2,1,3,0,0,1590.5363063492089,1390.6711927585282,199.86511359068072,1.7,0.7,2.0,1.3,1.8,0.8,0,1,0.5,0.5,0.0,0.0,0.0,0.0,0,0
2025-2026,2025-09-28,Aston Villa,Fulham,3,1,H,1,1,D,9,11,4,4,10,13,2,8,1,4,0,0,1531.239259835025,1501.4602049264938,29.77905490853118,0.6,0.9,1.2,1.2,1.4,1.4,0,0,0.5,0.5,0.0,0.0,0.0,0.0,0,0
2025-2026,2025-09-28,Newcastle,Arsenal,1,2,A,1,0,H,8,20,3,7,8,9,7,12,2,1,0,0,1541.7263768513108,1609.0914938544993,-67.36511700318852,0.9,0.6,1.3,1.8,0.9,1.8,0,0,0.5,0.5,0.0,0.0,0.0,0.0,0,0
2025-2026,2025-09-29,Everton,West Ham,1,1,D,1,0,H,12,14,6,3,7,16,3,5,3,4,0,0,1505.9954907595697,1436.9951645351096,69.0003262244602,1.4,0.9,1.7,1.4,2.0,1.0,0,0,0.5,0.5,0.0,0.0,0.0,0.0,0,0
2025-2026,2025-10-03,Bournemouth,Fulham,3,1,H,0,0,D,11,12,6,4,8,10,4,3,0,1,0,0,1519.4851761068617,1495.0309961189607,24.454179987900943,1.3,1.2,1.7,1.1,1.6,1.1,0,0,0.5,0.5,0.0,0.0,0.0,0.0,0,0
2025-2026,2025-10-04,Man United,Sunderland,2,0,H,2,0,H,15,8,6,3,10,12,2,3,1,4,0,0,1471.5797999641582,1433.1179484382076,38.46185152595058,1.2,1.8,1.0,1.0,1.3,1.4,0,1,0.5,0.5,0.0,0.0,0.0,0.0,0,0
2025-2026,2025-10-04,Chelsea,Liverpool,2,1,H,1,0,H,12,12,6,2,9,8,7,2,0,2,0,0,1547.5883783002832,1634.9381488653198,-87.34977056503658,1.6,1.1,1.7,1.8,1.6,1.7,0,0,0.5,0.5,0.0,0.0,0.0,0.0,0,0
2025-2026,2025-10-04,Leeds,Tottenham,1,2,A,1,1,D,16,9,4,3,10,12,4,1,2,3,0,0,1430.7618227312853,1469.713258817449,-38.95143608616377,1.1,2.0,0.9,1.3,1.3,1.2,1,0,0.5,0.5,0.0,0.0,0.0,0.0,0,0
2025-2026,2025-10-04,Arsenal,West Ham,2,0,H,1,0,H,21,4,5,0,14,14,8,3,0,2,0,0,1620.0280485095795,1441.5088849370584,178.51916357252117,1.8,0.8,2.0,1.3,1.8,1.1,0,0,0.5,0.5,0.0,0.0,0.0,0.0,0,0
2025-2026,2025-10-05,Aston Villa,Burnley,2,1,H,1,0,H,15,5,7,2,9,15,6,4,3,1,0,0,1537.668468642558,1387.6496104464534,150.0188581961047,0.8,0.8,1.5,1.0,2.2,0.5,0,1,0.5,0.5,0.0,0.0,0.0,0.0,0,0
2025-2026,2025-10-05,Brentford,Man City,0,1,A,0,1,A,6,10,1,4,10,6,3,2,3,2,0,0,1495.2967380494806,1593.5578886612836,-98.26115061180303,1.7,1.8,1.4,2.0,0.7,2.0,0,0,0.5,0.5,0.0,0.0,0.0,0.0,0,0
2025-2026,2025-10-05,Everton,Crystal Palace,2,1,H,0,1,A,14,15,7,8,13,16,2,4,2,3,0,0,1501.481770357621,1549.1292429104765,-47.64747255285556,1.5,0.9,1.8,1.6,0.7,2.0,0,0,0.5,0.5,0.0,0.0,0.0,0.0,0,0
2025-2026,2025-10-05,Wolves,Brighton,1,1,D,1,0,H,6,17,3,6,13,9,2,8,2,4,0,0,1421.790398343496,1529.3035495096376,-107.5131511661416,0.7,2.1,0.2,1.9,1.3,1.8,0,0,0.5,0.5,0.0,0.0,0.0,0.0,0,0
2025-2026,2025-10-05,Newcastle,Nott'm Forest,2,0,H,0,0,D,18,5,9,4,16,15,8,1,0,4,0,0,1530.7898221962305,1485.2850178026242,45.504804393606264,0.7,0.8,1.0,1.0,1.5,1.0,0,0,0.5,0.5,0.0,0.0,0.0,0.0,0,0
2025-2026,2025-10-18,Nott'm Forest,Chelsea,0,3,A,0,0,D,12,17,2,6,13,16,5,2,2,2,0,1,1479.2441783735467,1557.2244362416611,-77.98025786811445,0.9,1.6,0.9,1.5,1.1,1.7,0,0,0.5,0.5,0.0,0.0,0.0,0.0,0,0
2025-2026,2025-10-18,Crystal Palace,Bournemouth,3,3,D,0,2,A,20,8,7,5,8,16,6,5,1,4,0,0,1540.6247681037785,1526.0488306097761,14.575937494002346,1.6,0.8,1.9,1.4,1.2,1.7,0,0,0.5,0.5,0.0,0.0,0.0,0.0,0,0
2025-2026,2025-10-18,Burnley,Leeds,2,0,H,1,0,H,4,19,3,4,10,7,1,5,2,1,0,0,1383.8163002815372,1419.0225667320162,-35.206266450479006,1.0,2.3,0.4,1.1,2.0,0.9,1,1,0.5,0.5,0.0,0.0,0.0,0.0,0,0
2025-2026,2025-10-18,Fulham,Arsenal,0,1,A,0,0,D,9,16,0,5,11,4,6,10,0,0,0,0,1488.4673416160463,1623.3785078211704,-134.91116620512412,1.2,1.8,1.1,1.9,0.6,2.3,0,0,0.5,0.5,0.0,0.0,0.0,0.0,0,0
2025-2026,2025-10-18,Man City,Everton,2,0,H,0,0,D,19,5,7,1,8,14,11,3,0,2,0,0,1603.60793635192,1509.986245164319,93.62169118760107,2.0,0.7,2.0,1.5,0.8,2.0,0,0,0.5,0.5,0.0,0.0,0.0,0.0,0,0
2025-2026,2025-10-18,Sunderland,Wolves,2,0,H,1,0,H,8,16,2,3,5,12,3,2,0,0,0,0,1426.9048124117924,1422.0066105160915,4.898201895700822,0.8,1.5,1.1,0.8,2.1,0.3,1,0,0.5,0.5,0.0,0.0,0.0,0.0,0,0
2025-2026,2025-10-18,Brighton,Newcastle,2,1,H,1,0,H,13,16,5,3,9,9,8,4,0,1,0,0,1529.087337337042,1536.830661625308,-7.743324288265967,1.9,1.3,1.8,0.8,0.7,1.2,0,0,0.5,0.5,0.0,0.0,0.0,0.0,0,0
2025-2026,2025-10-19,Tottenham,Aston Villa,1,2,A,1,1,D,9,8,3,2,11,7,6,6,2,0,0,0,1481.4525148167181,1541.5017788074742,-60.04926399075612,1.4,1.3,1.4,0.9,0.9,1.5,0,0,0.5,0.5,0.0,0.0,0.0,0.0,0,0
2025-2026,2025-10-19,Liverpool,Man United,1,2,A,0,1,A,19,12,6,4,8,14,9,4,0,2,0,0,1625.302090923942,1477.7929359905734,147.50915493336856,1.8,1.5,1.7,1.1,1.4,1.3,0,0,0.5,0.5,0.0,0.0,0.0,0.0,0,0
2025-2026,2025-10-20,West Ham,Brentford,0,2,A,0,1,A,7,22,1,7,10,10,6,10,1,1,0,0,1438.1584256254675,1485.2466903588443,-47.08826473337672,1.2,1.9,1.0,1.3,1.6,1.1,0,0,0.5,0.5,0.0,0.0,0.0,0.0,0,0
2025-2026,2025-10-24,Leeds,West Ham,2,1,H,2,0,H,13,9,5,3,12,11,3,4,3,3,0,0,1410.866156928641,1426.6471689242633,-15.781011995622293,0.9,2.0,0.8,1.0,2.1,0.7,1,0,0.5,0.5,0.0,0.0,0.0,0.0,0,0
2025-2026,2025-10-25,Chelsea,Sunderland,1,2,A,1,1,D,16,10,7,4,15,13,9,1,1,1,0,0,1567.8573681481682,1433.974113663939,133.88325448422916,1.8,0.9,2.0,1.0,1.3,1.4,0,1,0.5,0.5,0.0,0.0,0.0,0.0,0,0
2025-2026,2025-10-25,Newcastle,Fulham,2,1,H,1,0,H,18,12,7,5,11,18,4,3,0,2,0,0,1529.4253242486711,1479.468797546763,49.95652670190816,0.7,0.9,0.9,1.1,1.6,1.1,0,0,0.5,0.5,0.0,0.0,0.0,0.0,0,0
2025-2026,2025-10-25,Man United,Brighton,4,2,H,2,0,H,13,17,9,5,4,13,1,6,2,2,0,0,1493.9146608411145,1536.492674713679,-42.5780138725645,1.3,1.3,1.6,1.9,1.4,1.8,0,0,0.5,0.5,0.0,0.0,0.0,0.0,0,0
2025-2026,2025-10-25,Brentford,Liverpool,3,2,H,2,1,H,17,18,8,5,7,10,5,4,3,2,0,0,1496.7579470600485,1609.1803660734008,-112.42241901335228,1.4,1.6,1.1,1.7,1.5,1.6,0,0,0.5,0.5,0.0,0.0,0.0,0.0,0,0
2025-2026,2025-10-26,Arsenal,Crystal Palace,1,0,H,1,0,H,10,7,3,1,6,11,4,3,0,0,0,0,1632.3770518904537,1537.4415727047976,94.93547918565605,1.8,0.4,2.5,1.7,1.1,1.7,0,0,0.5,0.5,0.0,0.0,0.0,0.0,0,0
2025-2026,2025-10-26,Aston Villa,Man City,1,0,H,1,0,H,9,18,3,4,8,16,5,6,1,4,0,0,1552.6466121578378,1608.5483114742758,-55.901699316438,1.0,1.0,1.5,2.2,0.7,2.2,0,0,0.5,0.5,0.0,0.0,0.0,0.0,0,0
2025-2026,2025-10-26,Bournemouth,Nott'm Forest,2,0,H,2,0,H,13,8,5,4,17,7,6,4,3,1,0,0,1529.232026008757,1468.6112464670396,60.62077954171741,1.7,1.4,1.8,0.7,1.7,0.8,0,0,0.5,0.5,0.0,0.0,0.0,0.0,0,0
2025-2026,2025-10-26,Wolves,Burnley,2,3,A,2,2,D,15,11,7,7,12,7,5,3,1,0,0,0,1414.9373092639448,1391.9727100849125,22.964599179032348,0.8,2.1,0.3,1.1,1.9,0.7,0,1,0.5,0.5,0.0,0.0,0.0,0.0,0,0
2025-2026,2025-10-26,Everton,Tottenham,0,3,A,0,2,A,12,7,2,4,9,8,9,8,2,0,0,0,1505.045870041963,1470.3076814663546,34.73818857560855,1.2,0.9,1.7,1.5,1.3,1.4,0,0,0.5,0.5,0.0,0.0,0.0,0.0,0,0
2025-2026,2025-11-01,Brighton,Leeds,3,0,H,1,0,H,14,5,7,2,10,7,4,7,0,1,0,0,1528.1305265476005,1418.4885269302893,109.64199961731128,1.8,1.6,1.5,1.0,1.8,1.1,0,1,0.5,0.5,0.0,0.0,0.0,0.0,0,0
2025-2026,2025-11-01,Burnley,Arsenal,0,2,A,0,2,A,3,12,0,8,10,13,1,6,2,1,0,0,1405.3711891581697,1637.289347285199,-231.9181581270293,1.3,1.9,1.0,1.8,0.4,2.5,1,0,0.5,0.5,0.0,0.0,0.0,0.0,0,0
2025-2026,2025-11-01,Crystal Palace,Brentford,2,0,H,1,0,H,9,6,2,2,7,11,6,5,0,3,0,0,1532.5292773100523,1507.1153407372117,25.413936572840612,1.3,1.0,1.4,1.5,1.5,1.4,0,0,0.5,0.5,0.0,0.0,0.0,0.0,0,0
2025-2026,2025-11-01,Fulham,Wolves,3,0,H,1,0,H,19,5,6,2,13,14,10,1,1,3,0,1,1473.5354533370798,1401.5388301906876,71.99662314639227,0.9,1.6,0.8,0.8,2.0,0.3,0,0,0.5,0.5,0.0,0.0,0.0,0.0,0,0
2025-2026,2025-11-01,Nott'm Forest,Man United,2,2,D,0,1,A,17,18,3,7,10,7,8,5,1,1,0,0,1462.9308462885035,1502.276809007193,-39.34596271868941,0.5,1.8,0.5,1.7,1.4,1.9,0,0,0.5,0.5,0.0,0.0,0.0,0.0,0,0
2025-2026,2025-11-01,Tottenham,Chelsea,0,1,A,0,1,A,3,15,1,9,14,12,6,5,4,2,0,0,1484.002368574748,1551.986754991321,-67.98438641657299,1.8,1.1,1.7,1.8,1.1,1.7,0,0,0.5,0.5,0.0,0.0,0.0,0.0,0,0
2025-2026,2025-11-01,Liverpool,Aston Villa,2,0,H,1,0,H,16,10,4,3,13,11,1,4,2,3,0,0,1598.8229723962377,1561.3841332704953,37.438839125742334,1.7,1.5,1.6,0.9,1.0,1.5,0,0,0.5,0.5,0.0,0.0,0.0,0.0,0,0
2025-2026,2025-11-02,West Ham,Newcastle,3,1,H,2,1,H,15,12,9,4,5,10,7,6,1,2,0,0,1419.024798922615,1535.3586684583543,-116.33386953573927,1.0,2.1,0.7,0.9,0.9,1.2,0,0,0.5,0.5,0.0,0.0,0.0,0.0,0,0
2025-2026,2025-11-02,Man City,Bournemouth,3,1,H,2,1,H,15,8,8,5,8,11,10,4,2,2,0,0,1599.8107903616183,1534.912426187293,64.89836417432525,1.9,0.7,1.9,1.8,1.1,2.1,0,0,0.5,0.5,0.0,0.0,0.0,0.0,0,0
2025-2026,2025-11-03,Sunderland,Everton,1,1,D,0,1,A,17,8,3,2,10,12,4,1,3,2,0,0,1449.8447268207863,1491.3511829335696,-41.506456112783326,1.2,1.2,1.7,1.0,1.2,1.4,1,0,0.5,0.5,0.0,0.0,0.0,0.0,0,0
2025-2026,2025-11-08,Everton,Fulham,2,0,H,1,0,H,14,8,5,4,11,14,7,5,2,2,0,0,1493.0190340775646,1478.953330865811,14.065703211753544,1.0,1.3,1.2,1.2,1.4,1.1,0,0,0.5,0.5,0.0,0.0,0.0,0.0,0,0
2025-2026,2025-11-08,Sunderland,Arsenal,2,2,D,1,0,H,6,17,2,7,13,13,2,2,2,1,0,0,1448.1768756767913,1643.664956569299,-195.4880808925077,1.2,0.8,1.8,1.8,0.3,2.5,1,0,0.5,0.5,0.0,0.0,0.0,0.0,0,0
2025-2026,2025-11-08,Tottenham,Man United,2,2,D,0,1,A,10,5,4,2,10,8,5,3,5,1,0,0,1473.0834845167008,1504.0050509484656,-30.92156643176486,1.7,0.8,1.7,1.7,1.6,1.7,0,0,0.5,0.5,0.0,0.0,0.0,0.0,0,0
2025-2026,2025-11-08,Chelsea,Wolves,3,0,H,0,0,D,20,3,8,0,12,14,10,1,1,2,0,0,1562.9056390493683,1396.1209526619564,166.78468638741197,1.8,1.1,1.7,0.7,2.2,0.2,0,0,0.5,0.5,0.0,0.0,0.0,0.0,0,0
2025-2026,2025-11-08,West Ham,Burnley,3,2,H,1,1,D,15,16,6,7,15,13,7,4,2,2,0,0,1429.4945794285406,1398.9955798740698,30.498999554470856,1.0,2.1,0.7,1.2,1.9,1.0,0,1,0.5,0.5,0.0,0.0,0.0,0.0,0,0
2025-2026,2025-11-09,Aston Villa,Bournemouth,4,0,H,2,0,H,16,13,8,4,8,20,6,9,2,2,0,0,1555.1457469629956,1529.3316373384853,25.814109624510365,0.9,1.0,1.5,1.7,1.4,1.8,0,0,0.5,0.5,0.0,0.0,0.0,0.0,0,0
2025-2026,2025-11-09,Brentford,Newcastle,3,1,H,0,1,A,15,5,7,1,10,13,6,2,2,1,0,0,1500.5760251099816,1524.8888879524286,-24.312862842446975,1.4,1.6,1.3,1.0,1.1,1.2,0,0,0.5,0.5,0.0,0.0,0.0,0.0,0,0
2025-2026,2025-11-09,Crystal Palace,Brighton,0,0,D,0,0,D,10,7,2,3,10,12,4,8,1,4,0,0,1539.0685929372823,1532.7358943335344,6.3326986037479855,1.4,0.9,1.6,1.7,1.5,1.5,0,0,0.5,0.5,0.0,0.0,0.0,0.0,0,0
2025-2026,2025-11-09,Nott'm Forest,Leeds,3,1,H,1,1,D,14,10,6,3,10,11,6,4,2,1,0,0,1461.2026043472308,1413.8831591443554,47.319445202875386,0.7,1.9,0.6,0.9,1.7,1.1,0,1,0.5,0.5,0.0,0.0,0.0,0.0,0,0
2025-2026,2025-11-09,Man City,Liverpool,3,0,H,2,0,H,14,7,6,1,14,15,7,7,2,4,0,0,1605.391579210426,1605.0613587037374,0.3302205066886472,2.0,0.8,1.9,1.8,1.4,1.8,0,0,0.5,0.5,0.0,0.0,0.0,0.0,0,0
2025-2026,2025-11-22,Burnley,Chelsea,0,2,A,0,1,A,8,15,2,5,13,8,1,9,2,3,0,0,1392.584437218478,1566.4487585454588,-173.86432132698087,1.4,1.9,1.0,2.1,1.1,1.9,1,0,0.5,0.5,0.0,0.0,0.0,0.0,0,0
2025-2026,2025-11-22,Bournemouth,West Ham,2,2,D,0,2,A,28,5,10,2,9,10,9,2,3,2,0,0,1522.8024561502996,1435.9057220841325,86.89673406616703,1.5,1.4,1.8,1.3,2.0,1.0,0,0,0.5,0.5,0.0,0.0,0.0,0.0,0,0
2025-2026,2025-11-22,Brighton,Brentford,2,1,H,0,1,A,14,10,5,4,10,9,7,4,4,2,0,0,1535.7042891521319,1508.431392906459,27.272896245672882,1.6,1.4,1.5,1.6,1.4,1.6,0,0,0.5,0.5,0.0,0.0,0.0,0.0,0,0
2025-2026,2025-11-22,Fulham,Sunderland,1,0,H,0,0,D,24,4,6,2,5,13,7,4,3,3,0,0,1472.1233224437801,1450.8580727876133,21.265249656166816,1.1,1.5,1.0,1.1,1.0,1.6,0,1,0.5,0.5,0.0,0.0,0.0,0.0,0,0
2025-2026,2025-11-22,Liverpool,Nott'm Forest,0,3,A,0,1,A,21,15,4,7,11,8,8,6,2,0,0,0,1597.8714150303015,1467.1994924586645,130.67192257163697,1.4,1.5,1.5,0.7,1.9,0.6,0,0,0.5,0.5,0.0,0.0,0.0,0.0,0,0
2025-2026,2025-11-22,Wolves,Crystal Palace,0,2,A,0,0,D,8,10,1,4,13,9,1,4,2,3,0,0,1392.577833165866,1536.1001981186848,-143.52236495281886,0.7,2.1,0.2,1.4,0.9,1.6,0,0,0.5,0.5,0.0,0.0,0.0,0.0,0,0
2025-2026,2025-11-22,Newcastle,Man City,2,1,H,0,0,D,9,17,5,4,13,8,5,9,1,3,0,0,1517.0335201559512,1612.581522883862,-95.54800272791067,1.1,1.4,1.1,1.9,0.8,1.9,0,0,0.5,0.5,0.0,0.0,0.0,0.0,0,0
2025-2026,2025-11-23,Leeds,Aston Villa,1,2,A,1,0,H,14,14,5,3,18,16,3,3,5,1,0,0,1407.8862710329217,1561.6749281511813,-153.7886571182596,0.9,2.0,0.8,1.3,1.0,1.7,1,0,0.5,0.5,0.0,0.0,0.0,0.0,0,0
2025-2026,2025-11-23,Arsenal,Tottenham,4,1,H,2,0,H,17,3,8,2,11,15,4,1,1,3,0,0,1640.983759458477,1471.1210385463153,169.86272091216165,1.9,0.5,2.3,1.6,1.0,1.5,0,0,0.5,0.5,0.0,0.0,0.0,0.0,0,0
2025-2026,2025-11-24,Man United,Everton,0,1,A,0,1,A,25,3,6,1,12,9,9,1,2,0,0,1,1505.967496918851,1499.8490424995955,6.118454419255613,1.9,1.7,1.8,1.2,1.2,1.5,0,0,0.5,0.5,0.0,0.0,0.0,0.0,0,0
2025-2026,2025-11-29,Brentford,Burnley,3,1,H,0,0,D,14,6,4,2,7,7,5,6,0,2,0,0,1501.939086987781,1384.678961738131,117.26012524964995,1.6,1.6,1.3,1.2,2.1,0.7,0,1,0.5,0.5,0.0,0.0,0.0,0.0,0,0
2025-2026,2025-11-29,Man City,Leeds,3,2,H,2,0,H,18,9,9,4,17,11,8,1,4,1,0,0,1602.7096546529626,1399.4221816657018,203.2874729872608,2.0,0.8,1.9,1.0,1.7,0.8,0,1,0.5,0.5,0.0,0.0,0.0,0.0,0,0
2025-2026,2025-11-29,Sunderland,Bournemouth,3,2,H,1,2,A,12,18,6,6,14,13,6,3,5,5,0,1,1444.2132180429296,1517.8882461083717,-73.67502806544212,1.1,0.9,1.6,1.6,1.6,1.6,1,0,0.5,0.5,0.0,0.0,0.0,0.0,0,0
2025-2026,2025-11-29,Everton,Newcastle,1,4,A,0,3,A,10,13,2,8,4,6,8,7,0,0,0,0,1512.811813194124,1526.9053883868505,-14.093575192726576,1.1,1.2,1.5,1.1,1.2,1.4,0,0,0.5,0.5,0.0,0.0,0.0,0.0,0,0
2025-2026,2025-11-29,Tottenham,Fulham,1,2,A,0,2,A,14,7,2,3,11,7,8,2,3,2,0,0,1467.6292812921895,1478.7681771884638,-11.138895896274335,1.5,1.4,1.2,1.1,1.4,1.2,0,0,0.5,0.5,0.0,0.0,0.0,0.0,0,0
2025-2026,2025-11-30,Crystal Palace,Man United,1,2,A,1,0,H,14,14,3,6,14,14,4,4,3,2,0,0,1544.8540351845993,1493.0047262243227,51.84930896027663,1.5,0.8,1.8,1.8,1.7,1.7,0,0,0.5,0.5,0.0,0.0,0.0,0.0,0,0
2025-2026,2025-11-30,Aston Villa,Wolves,1,0,H,0,0,D,16,9,6,4,13,21,7,3,0,4,0,0,1570.1390175184013,1383.8239960999515,186.31502141844976,1.5,1.0,2.0,0.7,2.2,0.2,0,0,0.5,0.5,0.0,0.0,0.0,0.0,0,0
2025-2026,2025-11-30,Nott'm Forest,Brighton,0,2,A,0,1,A,19,17,3,6,11,10,9,2,0,1,0,0,1483.009202330912,1542.19659507081,-59.18739273989786,0.9,1.8,0.8,1.8,1.3,1.8,0,0,0.5,0.5,0.0,0.0,0.0,0.0,0,0
2025-2026,2025-11-30,West Ham,Liverpool,0,2,A,0,0,D,7,9,0,5,12,14,7,2,1,0,1,0,1440.8199321260604,1582.0617051580539,-141.2417730319935,1.4,1.7,1.1,1.1,1.6,1.2,0,0,0.5,0.5,0.0,0.0,0.0,0.0,0,0
2025-2026,2025-11-30,Chelsea,Arsenal,1,1,D,0,0,D,11,8,4,4,12,13,3,3,1,6,1,0,1574.3542340258057,1644.4755167126027,-70.12128268679703,1.8,1.0,1.9,1.8,0.6,2.3,0,0,0.5,0.5,0.0,0.0,0.0,0.0,0,0
2025-2026,2025-12-02,Bournemouth,Everton,0,1,A,0,0,D,5,13,2,3,14,14,1,6,3,3,0,0,1508.64449305779,1500.3884137022098,8.256079355580141,1.7,1.9,1.3,0.9,1.4,1.2,0,0,0.5,0.5,0.0,0.0,0.0,0.0,0,0
2025-2026,2025-12-02,Fulham,Man City,4,5,A,1,3,A,12,11,6,4,9,7,7,2,0,1,0,0,1491.271458199868,1605.6810496581707,-114.40959145830266,1.3,1.3,1.5,2.2,0.8,2.2,0,0,0.5,0.5,0.0,0.0,0.0,0.0,0,0
2025-2026,2025-12-02,Newcastle,Tottenham,2,2,D,0,0,D,19,8,7,2,5,12,11,8,0,3,0,0,1539.3287878787646,1455.1260002807853,84.2027875979793,1.5,1.3,1.6,1.6,1.5,1.2,0,0,0.5,0.5,0.0,0.0,0.0,0.0,0,0
2025-2026,2025-12-03,Arsenal,Brentford,2,0,H,1,0,H,15,6,7,1,7,9,4,8,0,1,0,0,1645.3333815505086,1506.390840450515,138.9425410999936,1.9,0.6,2.4,1.8,1.5,1.6,0,0,0.5,0.5,0.0,0.0,0.0,0.0,0,0
2025-2026,2025-12-03,Brighton,Aston Villa,3,4,A,2,2,D,16,14,7,10,10,9,5,6,2,2,0,0,1553.3659029423093,1573.3661684991876,-20.000265556878276,1.8,1.2,1.8,1.6,0.7,2.3,0,0,0.5,0.5,0.0,0.0,0.0,0.0,0,0
2025-2026,2025-12-03,Burnley,Crystal Palace,0,1,A,0,1,A,11,3,4,3,9,8,3,4,0,0,0,0,1380.2272082753968,1530.7420112121379,-150.51480293674103,1.1,2.1,0.7,1.3,1.0,1.5,1,0,0.5,0.5,0.0,0.0,0.0,0.0,0,0
2025-2026,2025-12-03,Wolves,Nott'm Forest,0,1,A,0,0,D,5,10,1,3,19,11,3,9,2,2,0,0,1380.5968451191652,1471.8398944594128,-91.24304934024758,0.5,2.0,0.2,0.9,1.7,0.8,0,0,0.5,0.5,0.0,0.0,0.0,0.0,0,0
2025-2026,2025-12-03,Leeds,Chelsea,3,1,H,2,0,H,17,14,5,2,10,13,4,2,1,1,0,0,1396.4507866604938,1573.4963691878997,-177.04558252740594,1.2,2.0,0.7,1.7,1.1,1.7,1,0,0.5,0.5,0.0,0.0,0.0,0.0,0,0
2025-2026,2025-12-03,Liverpool,Sunderland,1,1,D,0,0,D,23,9,4,6,10,5,7,3,1,1,0,0,1590.8802155601722,1453.4569710935114,137.4232444666609,1.2,1.6,1.2,1.2,1.0,1.6,0,1,0.5,0.5,0.0,0.0,0.0,0.0,0,0
2025-2026,2025-12-04,Man United,West Ham,1,1,D,0,0,D,17,11,4,3,13,9,6,6,2,2,0,0,1507.116750196784,1432.001421723942,75.11532847284207,1.7,1.6,1.7,1.1,1.9,0.8,0,0,0.5,0.5,0.0,0.0,0.0,0.0,0,0
2025-2026,2025-12-06,Aston Villa,Arsenal,2,1,H,1,0,H,15,15,6,9,10,8,3,3,0,2,0,0,1585.628897650245,1649.3681518747521,-63.73925422450702,2.0,1.0,2.5,1.8,0.6,2.4,0,0,0.5,0.5,0.0,0.0,0.0,0.0,0,0
2025-2026,2025-12-06,Bournemouth,Chelsea,0,0,D,0,0,D,13,11,5,4,15,13,5,0,0,2,0,0,1495.6257001401054,1561.3144675723656,-65.68876743226019,1.5,1.9,1.0,1.6,1.2,1.6,0,0,0.5,0.5,0.0,0.0,0.0,0.0,0,0
2025-2026,2025-12-06,Everton,Nott'm Forest,3,0,H,2,0,H,11,7,5,3,17,15,6,3,4,3,0,0,1513.4072066198944,1482.091886401454,31.31532021844032,1.0,1.4,1.4,1.0,1.4,1.1,0,0,0.5,0.5,0.0,0.0,0.0,0.0,0,0
2025-2026,2025-12-06,Man City,Sunderland,3,0,H,2,0,H,18,8,6,1,9,10,6,5,1,0,0,1,1615.2665459130228,1459.3939588739026,155.87258703912016,2.4,1.2,2.2,1.3,1.1,1.6,0,1,0.5,0.5,0.0,0.0,0.0,0.0,0,0
2025-2026,2025-12-06,Newcastle,Burnley,2,1,H,2,0,H,17,9,7,3,9,11,9,9,2,2,0,1,1534.4736146070175,1371.6709820745457,162.80263253247176,1.6,1.5,1.4,1.1,2.1,0.7,0,1,0.5,0.5,0.0,0.0,0.0,0.0,0,0
2025-2026,2025-12-06,Tottenham,Brentford,2,0,H,2,0,H,15,4,7,1,8,9,7,6,3,4,0,0,1459.9811735525325,1502.3560701262716,-42.37489657373908,1.5,1.7,1.0,1.6,1.5,1.5,0,0,0.5,0.5,0.0,0.0,0.0,0.0,0,0
2025-2026,2025-12-06,Leeds,Liverpool,3,3,D,0,0,D,12,16,5,7,14,14,5,4,3,3,0,0,1408.632688276028,1584.943227779781,-176.31053950375303,1.5,2.0,1.0,1.2,1.7,1.0,1,0,0.5,0.5,0.0,0.0,0.0,0.0,0,0
2025-2026,2025-12-07,Brighton,West Ham,1,1,D,0,0,D,22,14,4,5,12,8,10,6,2,2,0,0,1541.1031737912517,1436.6541687510603,104.44900504019142,2.0,1.4,1.8,1.2,1.7,0.9,0,0,0.5,0.5,0.0,0.0,0.0,0.0,0,0
2025-2026,2025-12-07,Fulham,Crystal Palace,1,2,A,1,1,D,12,11,4,5,5,8,6,4,0,0,0,0,1481.6859619450158,1539.298237412989,-57.61227546797318,1.6,1.8,1.2,1.4,1.0,1.7,0,0,0.5,0.5,0.0,0.0,0.0,0.0,0,0
2025-2026,2025-12-08,Wolves,Man United,1,4,A,1,1,D,8,27,2,10,17,12,1,9,3,2,0,0,1370.344853177124,1502.4640031696658,-132.1191499925419,0.5,2.0,0.2,1.8,1.4,1.8,0,0,0.5,0.5,0.0,0.0,0.0,0.0,0,0
2025-2026,2025-12-13,Chelsea,Everton,2,0,H,2,0,H,17,11,5,2,13,11,4,7,1,0,0,0,1562.2988262633392,1519.7978971701705,42.50092909316868,1.5,1.0,1.7,1.2,1.2,1.7,0,0,0.5,0.5,0.0,0.0,0.0,0.0,0,0
2025-2026,2025-12-13,Liverpool,Brighton,2,0,H,1,0,H,18,14,4,1,8,15,2,2,1,2,0,0,1582.781484494353,1535.815363548077,46.96612094627608,1.3,1.9,0.8,1.9,1.3,1.8,0,0,0.5,0.5,0.0,0.0,0.0,0.0,0,0
2025-2026,2025-12-13,Burnley,Fulham,2,3,A,1,2,A,16,6,8,4,8,8,10,4,1,2,0,0,1368.0605381158011,1470.4719624157958,-102.41142429999468,1.1,2.2,0.6,1.4,1.9,0.9,1,0,0.5,0.5,0.0,0.0,0.0,0.0,0,0
2025-2026,2025-12-13,Arsenal,Wolves,2,1,H,0,0,D,16,3,2,2,7,15,8,0,0,4,0,0,1640.4080471094007,1361.2666920098613,279.1413550995394,1.8,0.7,2.3,0.5,2.1,0.2,0,0,0.5,0.5,0.0,0.0,0.0,0.0,0,0
2025-2026,2025-12-14,Crystal Palace,Man City,0,3,A,0,1,A,16,7,4,6,9,6,2,2,2,0,0,0,1550.512236942209,1618.9965267238604,-68.48428978165134,1.4,1.0,1.7,2.6,1.1,2.4,0,0,0.5,0.5,0.0,0.0,0.0,0.0,0,0
2025-2026,2025-12-14,Nott'm Forest,Tottenham,3,0,H,1,0,H,15,6,6,1,9,13,3,3,1,3,0,0,1475.701195851178,1468.3376329055302,7.3635629456478,0.9,1.6,1.0,1.5,1.5,1.2,0,0,0.5,0.5,0.0,0.0,0.0,0.0,0,0
2025-2026,2025-12-14,Sunderland,Newcastle,1,0,H,0,0,D,5,6,1,2,10,10,3,6,5,4,0,0,1455.663978063065,1538.084058565762,-82.42008050269692,1.2,1.3,1.5,1.8,1.6,1.6,1,0,0.5,0.5,0.0,0.0,0.0,0.0,0,0
2025-2026,2025-12-14,West Ham,Aston Villa,2,3,A,2,1,H,10,7,3,4,18,13,5,3,1,2,0,0,1441.9419789942351,1594.5890024155965,-152.64702342136138,1.2,1.6,1.0,2.1,1.0,2.7,0,0,0.5,0.5,0.0,0.0,0.0,0.0,0,0
2025-2026,2025-12-14,Brentford,Leeds,1,1,D,0,0,D,7,18,2,4,8,9,0,3,0,0,0,0,1493.9996107732738,1410.794431561456,83.20517921181795,1.5,1.4,1.5,1.5,2.2,0.8,0,1,0.5,0.5,0.0,0.0,0.0,0.0,0,0
2025-2026,2025-12-15,Man United,Bournemouth,4,4,D,2,1,H,25,14,9,9,15,12,5,4,2,3,0,0,1511.5421643369284,1494.641341449132,16.900822887796494,2.0,1.4,1.8,1.5,1.9,1.0,0,0,0.5,0.5,0.0,0.0,0.0,0.0,0,0
2025-2026,2025-12-20,Newcastle,Chelsea,2,2,D,2,0,H,11,13,5,4,13,14,6,4,3,6,0,0,1528.5896179409472,1568.4128204358437,-39.82320249489658,1.7,1.5,1.6,1.6,0.7,2.0,0,0,0.5,0.5,0.0,0.0,0.0,0.0,0,0
2025-2026,2025-12-20,Bournemouth,Burnley,1,1,D,0,0,D,16,4,1,1,11,11,5,3,1,1,0,0,1497.8845433389797,1358.1299433719068,139.75459996707286,1.7,2.1,1.0,1.2,2.0,0.6,0,1,0.5,0.5,0.0,0.0,0.0,0.0,0,0
2025-2026,2025-12-20,Brighton,Sunderland,0,0,D,0,0,D,16,14,4,6,11,15,3,4,2,2,0,0,1529.8099321230839,1465.15841868788,64.65151343520392,1.6,1.4,1.5,1.2,1.3,1.5,0,1,0.5,0.5,0.0,0.0,0.0,0.0,0,0
2025-2026,2025-12-20,Man City,West Ham,3,0,H,2,0,H,17,7,8,3,16,10,6,0,1,1,0,0,1629.9011420177387,1433.4457898307214,196.4553521870173,2.4,1.0,2.4,1.3,1.8,0.9,0,0,0.5,0.5,0.0,0.0,0.0,0.0,0,0
2025-2026,2025-12-20,Wolves,Brentford,0,2,A,0,0,D,9,7,2,6,12,15,3,4,2,4,0,0,1359.2400550490029,1489.1664130103734,-129.9263579613705,0.5,2.2,0.1,1.3,1.4,1.3,0,0,0.5,0.5,0.0,0.0,0.0,0.0,0,0
2025-2026,2025-12-20,Tottenham,Liverpool,1,2,A,0,0,D,15,8,4,4,9,7,2,6,3,3,2,0,1461.3330601060152,1588.786915919346,-127.45385581333085,1.4,1.7,1.1,1.4,1.7,1.1,0,0,0.5,0.5,0.0,0.0,0.0,0.0,0,0
2025-2026,2025-12-20,Everton,Arsenal,0,1,A,0,1,A,5,13,1,2,4,5,2,3,2,2,0,0,1513.6839029976659,1642.4346840702592,-128.75078107259333,1.1,1.3,1.6,1.8,0.7,2.3,0,0,0.5,0.5,0.0,0.0,0.0,0.0,0,0
2025-2026,2025-12-20,Leeds,Crystal Palace,4,1,H,2,0,H,20,9,8,3,5,10,9,5,1,3,0,0,1415.6276293243563,1539.6076216483307,-123.97999232397433,1.4,2.1,0.8,1.2,1.2,1.4,1,0,0.5,0.5,0.0,0.0,0.0,0.0,0,0
2025-2026,2025-12-21,Aston Villa,Man United,2,1,H,1,1,D,12,15,4,6,11,14,5,5,1,2,0,0,1603.0851915791102,1508.2989624470806,94.78622913202958,2.1,1.1,2.7,2.3,1.5,1.9,0,0,0.5,0.5,0.0,0.0,0.0,0.0,0,0
2025-2026,2025-12-22,Fulham,Nott'm Forest,1,0,H,1,0,H,11,12,1,2,5,9,1,5,5,4,0,0,1480.40255715969,1482.705768650693,-2.3032114910029122,1.6,1.8,1.2,1.2,1.5,1.3,0,0,0.5,0.5,0.0,0.0,0.0,0.0,0,0
2025-2026,2025-12-26,Man United,Newcastle,1,0,H,1,0,H,10,16,4,3,9,5,2,11,2,1,0,0,1503.383482541389,1526.874704948851,-23.491222407462146,2.2,1.7,1.6,1.7,1.7,1.4,0,0,0.5,0.5,0.0,0.0,0.0,0.0,0,0
2025-2026,2025-12-27,Burnley,Everton,0,0,D,0,0,D,16,15,0,6,8,8,6,5,0,2,0,0,1364.110207974549,1504.5095332742565,-140.39932529970747,1.2,1.9,0.7,0.9,1.3,1.3,1,0,0.5,0.5,0.0,0.0,0.0,0.0,0,0
2025-2026,2025-12-27,Nott'm Forest,Man City,1,2,A,0,0,D,7,16,2,5,5,13,5,5,1,2,0,0,1475.445866233723,1632.97341778237,-157.5275515486469,1.2,1.4,1.3,2.6,1.0,2.4,0,0,0.5,0.5,0.0,0.0,0.0,0.0,0,0
2025-2026,2025-12-27,Arsenal,Brighton,2,1,H,1,0,H,24,8,6,3,7,13,7,2,2,3,0,0,1651.6090537936686,1525.396440148863,126.21261364480574,1.7,0.7,2.3,1.5,1.3,1.5,0,0,0.5,0.5,0.0,0.0,0.0,0.0,0,0
2025-2026,2025-12-27,Liverpool,Wolves,2,1,H,2,0,H,14,9,4,4,5,13,6,4,0,1,0,0,1597.9983709541216,1350.099280987808,247.89908996631357,1.5,1.6,1.4,0.4,2.3,0.0,0,0,0.5,0.5,0.0,0.0,0.0,0.0,0,0
2025-2026,2025-12-27,West Ham,Fulham,0,1,A,0,0,D,11,15,2,4,8,8,5,4,1,3,0,0,1430.3735140660901,1487.66245957666,-57.288945510569874,1.3,1.9,0.9,1.6,1.5,1.5,0,0,0.5,0.5,0.0,0.0,0.0,0.0,0,0
2025-2026,2025-12-27,Chelsea,Aston Villa,1,2,A,1,0,H,14,11,3,8,16,8,6,7,5,3,0,0,1570.1277334279398,1608.0006714848018,-37.87293805686204,1.6,0.8,1.8,2.1,1.1,2.7,0,0,0.5,0.5,0.0,0.0,0.0,0.0,0,0
2025-2026,2025-12-27,Brentford,Bournemouth,4,1,H,2,0,H,15,20,7,10,9,8,2,15,2,2,0,0,1498.3071870715683,1491.9042787363376,6.402908335230677,1.5,1.3,1.6,1.5,2.1,0.8,0,0,0.5,0.5,0.0,0.0,0.0,0.0,0,0
2025-2026,2025-12-28,Sunderland,Leeds,1,1,D,1,0,H,8,17,3,6,7,9,3,9,1,0,0,0,1469.571910662101,1426.3167350885628,43.255175573538054,1.2,1.1,1.6,1.7,2.0,1.1,1,1,0.5,0.5,0.0,0.0,0.0,0.0,0,0
2025-2026,2025-12-28,Crystal Palace,Tottenham,0,1,A,0,1,A,15,8,2,4,7,5,3,2,3,2,0,0,1528.9185158841242,1452.1216050712396,76.79691081288456,1.2,1.4,1.4,1.3,1.8,0.8,0,0,0.5,0.5,0.0,0.0,0.0,0.0,0,0
2025-2026,2025-12-30,Chelsea,Bournemouth,2,2,D,2,2,D,17,17,3,6,5,12,12,3,1,1,0,0,1558.3583911141884,1484.8745161829036,73.48387493128484,1.4,1.0,1.5,1.3,2.2,0.7,0,0,0.5,0.5,0.0,0.0,0.0,0.0,0,0
2025-2026,2025-12-30,Burnley,Newcastle,1,3,A,1,2,A,15,20,4,9,9,3,3,4,2,1,0,0,1365.2677816493872,1519.041886676358,-153.7741050269708,1.0,1.9,0.5,1.6,1.6,1.4,1,0,0.5,0.5,0.0,0.0,0.0,0.0,0,0
2025-2026,2025-12-30,Nott'm Forest,Everton,0,2,A,0,1,A,21,11,6,3,11,9,9,2,1,0,0,0,1467.086674830157,1503.3519595994183,-36.26528476926114,1.3,1.3,1.3,0.9,1.1,1.4,0,0,0.5,0.5,0.0,0.0,0.0,0.0,0,0
2025-2026,2025-12-30,West Ham,Brighton,2,2,D,2,1,H,10,16,4,6,11,18,5,5,3,5,0,0,1419.1503465451037,1521.1204881068627,-101.97014156175896,1.3,1.8,0.9,1.4,1.4,1.2,0,0,0.5,0.5,0.0,0.0,0.0,0.0,0,0
2025-2026,2025-12-30,Man United,Wolves,1,1,D,1,1,D,15,11,6,4,9,12,8,4,0,2,0,0,1511.216300813882,1347.7208196217105,163.4954811921716,2.1,1.6,1.6,0.5,2.3,0.0,0,0,0.5,0.5,0.0,0.0,0.0,0.0,0,0
2025-2026,2025-12-30,Arsenal,Aston Villa,4,1,H,0,0,D,22,11,7,3,18,9,3,3,2,3,0,0,1655.8850058356688,1619.7700137985532,36.1149920371156,1.8,0.8,2.3,2.1,1.1,2.7,0,0,0.5,0.5,0.0,0.0,0.0,0.0,0,0
2025-2026,2026-01-01,Crystal Palace,Fulham,1,1,D,1,0,H,11,17,2,5,7,10,6,3,0,5,0,0,1514.2279321492415,1498.8856270976464,15.342305051595076,0.9,1.2,1.3,1.7,1.4,1.8,0,0,0.5,0.5,0.0,0.0,0.0,0.0,0,0
2025-2026,2026-01-01,Liverpool,Leeds,0,0,D,0,0,D,19,4,4,2,10,8,8,3,0,2,0,0,1600.3768323202191,1430.2211560318756,170.15567628834356,1.6,1.5,1.7,1.8,1.9,1.2,0,1,0.5,0.5,0.0,0.0,0.0,0.0,0,0
2025-2026,2026-01-01,Brentford,Tottenham,0,0,D,0,0,D,7,9,2,3,8,10,3,1,1,2,0,0,1505.3369496250023,1466.8121888061223,38.52476081887994,1.7,1.4,1.6,1.3,1.6,1.1,0,0,0.5,0.5,0.0,0.0,0.0,0.0,0,0
2025-2026,2026-01-01,Sunderland,Man City,0,0,D,0,0,D,10,14,4,4,9,6,3,5,1,1,0,0,1465.6674897187881,1641.332609185936,-175.66511946714786,1.1,1.2,1.4,2.6,1.1,2.4,1,0,0.5,0.5,0.0,0.0,0.0,0.0,0,0
2025-2026,2026-01-03,Aston Villa,Nott'm Forest,3,1,H,1,0,H,11,10,4,5,10,20,4,4,1,2,0,0,1613.4988688429873,1455.272546099727,158.22632274326043,2.1,1.5,2.4,1.3,1.3,1.3,0,0,0.5,0.5,0.0,0.0,0.0,0.0,0,0
2025-2026,2026-01-03,Brighton,Burnley,2,0,H,1,0,H,15,5,4,3,7,17,4,4,0,4,0,0,1521.0637834822473,1356.8032833172736,164.2605001649738,1.4,1.2,1.3,0.8,2.0,0.2,0,1,0.5,0.5,0.0,0.0,0.0,0.0,0,0
2025-2026,2026-01-03,Wolves,West Ham,3,0,H,3,0,H,11,6,8,0,11,10,6,7,1,0,0,0,1354.1221608989633,1419.207051169719,-65.08489027075575,0.4,2.1,0.1,1.4,1.8,1.0,0,0,0.5,0.5,0.0,0.0,0.0,0.0,0,0
2025-2026,2026-01-03,Bournemouth,Arsenal,2,3,A,1,1,D,15,12,3,5,13,8,7,5,3,1,0,0,1489.490391194603,1662.1561507912347,-172.6657595966317,1.3,2.4,0.5,2.1,0.9,2.3,0,0,0.5,0.5,0.0,0.0,0.0,0.0,0,0
2025-2026,2026-01-04,Newcastle,Crystal Palace,2,0,H,0,0,D,12,11,7,1,5,12,8,6,1,3,0,0,1527.5063850084716,1511.0249279207644,16.481457087707213,1.7,1.6,1.4,1.0,1.2,1.4,0,0,0.5,0.5,0.0,0.0,0.0,0.0,0,0
2025-2026,2026-01-04,Everton,Brentford,2,4,A,0,1,A,14,11,6,7,9,8,4,5,0,2,0,0,1515.1660883298484,1501.5485347397048,13.617553590143643,1.1,0.8,1.7,1.4,1.2,1.4,0,0,0.5,0.5,0.0,0.0,0.0,0.0,0,0
2025-2026,2026-01-04,Leeds,Man United,1,1,D,0,0,D,11,15,3,2,9,9,6,4,0,1,0,0,1436.7342565114022,1504.8149595366292,-68.08070302522697,1.6,1.8,1.0,1.8,1.5,1.4,1,0,0.5,0.5,0.0,0.0,0.0,0.0,0,0
2025-2026,2026-01-04,Tottenham,Sunderland,1,1,D,1,0,H,13,10,5,3,10,6,3,5,2,3,0,0,1470.6006036914198,1467.8115173416438,2.789086349775971,1.0,1.6,0.9,0.9,1.1,1.2,0,1,0.5,0.5,0.0,0.0,0.0,0.0,0,0
2025-2026,2026-01-04,Man City,Chelsea,1,1,D,1,0,H,14,8,3,3,12,14,8,2,3,3,0,0,1639.1885815630803,1553.742516102489,85.4460654605914,2.6,1.0,2.5,1.5,1.0,1.6,0,0,0.5,0.5,0.0,0.0,0.0,0.0,0,0
2025-2026,2026-01-04,Fulham,Liverpool,2,2,D,1,0,H,8,10,2,2,11,4,3,8,1,1,0,0,1502.0886313261235,1593.8637318406925,-91.77510051456898,1.7,1.3,1.9,1.4,1.2,1.8,0,0,0.5,0.5,0.0,0.0,0.0,0.0,0,0
2025-2026,2026-01-06,West Ham,Nott'm Forest,1,2,A,1,0,H,14,13,3,5,15,9,6,5,3,0,0,0,1410.2086194657113,1451.583503664348,-41.374884198636664,1.1,2.0,0.7,1.2,1.4,1.2,0,0,0.5,0.5,0.0,0.0,0.0,0.0,0,0
2025-2026,2026-01-07,Bournemouth,Tottenham,3,2,H,2,1,H,11,16,3,4,19,10,3,7,3,3,0,0,1481.5519080270399,1467.7254944155884,13.826413611451471,1.4,2.4,0.5,1.1,1.6,1.0,0,0,0.5,0.5,0.0,0.0,0.0,0.0,0,0
2025-2026,2026-01-07,Brentford,Sunderland,3,0,H,1,0,H,18,11,6,3,13,13,7,4,2,1,0,0,1514.7069189739188,1470.6866266174752,44.02029235644363,1.8,1.2,1.7,0.9,1.1,1.2,0,1,0.5,0.5,0.0,0.0,0.0,0.0,0,0
2025-2026,2026-01-07,Crystal Palace,Aston Villa,0,0,D,0,0,D,11,15,5,3,8,3,3,5,2,0,0,0,1504.2573248674264,1617.1879112783663,-112.9305864109399,0.8,1.4,1.1,2.4,1.4,2.7,0,0,0.5,0.5,0.0,0.0,0.0,0.0,0,0
2025-2026,2026-01-07,Everton,Wolves,1,1,D,1,0,H,13,13,2,4,13,15,2,7,1,3,2,0,1502.0077040956344,1363.120592602971,138.88711149266328,1.2,1.1,1.6,0.7,1.8,0.4,0,0,0.5,0.5,0.0,0.0,0.0,0.0,0,0
2025-2026,2026-01-07,Fulham,Chelsea,2,1,H,0,0,D,16,14,5,6,11,6,2,11,3,3,0,1,1501.8519439023246,1558.6249908824982,-56.7730469801736,1.6,1.5,1.7,1.5,1.1,1.4,0,0,0.5,0.5,0.0,0.0,0.0,0.0,0,0
2025-2026,2026-01-07,Man City,Brighton,1,1,D,1,0,H,22,6,6,3,6,16,6,2,1,6,0,0,1634.306106783071,1524.6494642721568,109.65664251091425,2.4,1.0,2.3,1.3,1.2,1.3,0,0,0.5,0.5,0.0,0.0,0.0,0.0,0,0
2025-2026,2026-01-07,Burnley,Man United,2,2,D,1,0,H,7,30,1,10,9,8,2,6,2,0,0,0,1353.217602527364,1505.7310947170204,-152.5134921896563,0.8,2.0,0.2,1.7,1.4,1.4,1,0,0.5,0.5,0.0,0.0,0.0,0.0,0,0
2025-2026,2026-01-07,Newcastle,Leeds,4,3,H,1,2,A,18,14,8,6,11,10,8,4,3,2,0,0,1534.2739880618096,1435.818121331011,98.45586673079856,1.8,1.3,1.7,1.7,1.6,1.1,0,1,0.5,0.5,0.0,0.0,0.0,0.0,0,0
2025-2026,2026-01-08,Arsenal,Liverpool,0,0,D,0,0,D,9,8,4,0,10,9,3,0,2,2,0,0,1670.0946339587979,1594.1004192644914,75.99421469430649,2.2,1.1,2.3,1.4,1.4,1.6,0,0,0.5,0.5,0.0,0.0,0.0,0.0,0,0
2025-2026,2026-01-17,Chelsea,Brentford,2,0,H,1,0,H,6,15,2,5,7,10,3,9,3,2,0,0,1549.8627823320262,1520.7838493827935,29.078932949232694,1.3,1.3,1.1,1.8,1.1,1.7,0,0,0.5,0.5,0.0,0.0,0.0,0.0,0,0
2025-2026,2026-01-17,Man United,Man City,2,0,H,0,0,D,11,7,7,1,13,8,1,6,2,3,0,0,1504.2310405202159,1628.91117577191,-124.68013525169408,1.7,1.4,1.4,2.2,1.1,2.1,0,0,0.5,0.5,0.0,0.0,0.0,0.0,0,0
2025-2026,2026-01-17,Nott'm Forest,Arsenal,0,0,D,0,0,D,6,15,0,3,8,14,4,9,1,1,0,0,1463.2550361772885,1665.4220900694406,-202.16705389215213,1.1,1.4,1.2,2.0,0.9,2.3,0,0,0.5,0.5,0.0,0.0,0.0,0.0,0,0
2025-2026,2026-01-17,Leeds,Fulham,1,0,H,0,0,D,14,8,5,1,6,11,7,3,1,5,0,0,1430.9805354574962,1510.6141524527966,-79.63361699530037,1.9,1.7,1.1,1.8,1.4,2.0,1,0,0.5,0.5,0.0,0.0,0.0,0.0,0,0
2025-2026,2026-01-17,Tottenham,West Ham,1,2,A,0,1,A,21,17,6,4,12,17,11,5,5,3,0,0,1460.8892894283765,1398.5370869527708,62.352202475605736,1.1,1.7,0.9,0.9,2.0,0.4,0,0,0.5,0.5,0.0,0.0,0.0,0.0,0,0
2025-2026,2026-01-17,Sunderland,Crystal Palace,2,1,H,1,1,D,13,6,7,2,8,15,3,4,3,3,0,0,1464.6096962086006,1504.6293253219374,-40.019629113336805,0.7,1.2,1.1,0.8,1.4,1.1,1,0,0.5,0.5,0.0,0.0,0.0,0.0,0,0
2025-2026,2026-01-17,Liverpool,Burnley,1,1,D,1,0,H,32,7,11,1,8,10,9,1,1,2,0,0,1598.7729631538487,1354.7176567241686,244.05530642968006,1.4,1.1,1.7,0.8,1.9,0.3,0,1,0.5,0.5,0.0,0.0,0.0,0.0,0,0
2025-2026,2026-01-18,Wolves,Newcastle,0,0,D,0,0,D,6,12,2,2,14,8,4,7,2,2,0,0,1369.0847944924335,1539.1115739353245,-170.02677944289098,0.8,1.6,0.5,2.1,1.3,2.0,0,0,0.5,0.5,0.0,0.0,0.0,0.0,0,0
2025-2026,2026-01-18,Aston Villa,Everton,0,1,A,0,0,D,18,9,5,3,15,13,6,4,1,2,0,0,1616.8159108238553,1496.043502206172,120.77240861768337,2.0,1.4,2.5,1.1,1.2,1.4,0,0,0.5,0.5,0.0,0.0,0.0,0.0,0,0
2025-2026,2026-01-19,Brighton,Bournemouth,1,1,D,0,1,A,17,11,5,2,7,6,11,6,2,3,0,0,1530.044395283318,1488.3881130142518,41.656282269066196,1.4,1.3,1.3,1.7,2.2,0.8,0,0,0.5,0.5,0.0,0.0,0.0,0.0,0,0
2025-2026,2026-01-24,West Ham,Sunderland,3,1,H,3,0,H,13,7,5,2,9,16,3,3,2,4,0,0,1412.8971351620905,1472.9002710919442,-60.00313592985367,0.9,1.9,0.6,0.9,1.2,1.4,0,1,0.5,0.5,0.0,0.0,0.0,0.0,0,0
2025-2026,2026-01-24,Burnley,Tottenham,2,2,D,1,1,D,9,18,4,11,8,9,1,3,1,0,0,0,1362.2924343191019,1446.5292412190568,-84.2368068999549,0.9,1.8,0.4,1.1,1.5,0.9,1,0,0.5,0.5,0.0,0.0,0.0,0.0,0,0
2025-2026,2026-01-24,Fulham,Brighton,2,1,H,0,1,A,12,13,4,5,10,6,6,6,1,1,0,0,1501.1996735730902,1526.1790486246207,-24.979375051530496,1.7,1.5,1.7,1.3,1.3,1.1,0,0,0.5,0.5,0.0,0.0,0.0,0.0,0,0
2025-2026,2026-01-24,Man City,Wolves,2,0,H,2,0,H,11,11,4,1,16,14,4,6,1,3,0,0,1618.202016780103,1371.073470729451,247.12854605065195,2.1,1.1,2.1,0.8,1.4,0.6,0,0,0.5,0.5,0.0,0.0,0.0,0.0,0,0
2025-2026,2026-01-24,Bournemouth,Liverpool,3,2,H,2,1,H,12,14,5,4,7,7,3,11,1,1,0,0,1492.253459672949,1591.1981855589154,-98.94472588596636,1.6,2.1,0.8,1.5,0.9,1.8,0,0,0.5,0.5,0.0,0.0,0.0,0.0,0,0
2025-2026,2026-01-25,Brentford,Nott'm Forest,0,2,A,0,1,A,10,7,1,2,11,10,6,5,1,0,0,0,1514.3370461889492,1466.113713430474,48.22333275847518,1.7,1.1,1.7,0.8,1.4,1.0,0,0,0.5,0.5,0.0,0.0,0.0,0.0,0,0
2025-2026,2026-01-25,Crystal Palace,Chelsea,1,3,A,0,1,A,13,10,7,6,11,10,4,5,2,2,1,0,1496.3387504385937,1556.3095855258705,-59.97083508727678,0.7,1.6,0.8,1.3,1.3,1.1,0,0,0.5,0.5,0.0,0.0,0.0,0.0,0,0
2025-2026,2026-01-25,Newcastle,Aston Villa,0,2,A,0,1,A,15,14,4,8,7,12,6,5,1,2,0,0,1537.122897698307,1601.198084356197,-64.07518665788984,1.9,1.2,1.8,1.8,1.4,2.2,0,0,0.5,0.5,0.0,0.0,0.0,0.0,0,0
2025-2026,2026-01-25,Arsenal,Man United,2,3,A,1,1,D,15,10,4,3,11,9,9,2,2,0,0,0,1662.563412816255,1514.940199512023,147.6232133042322,1.6,0.8,2.1,1.9,1.3,1.7,0,0,0.5,0.5,0.0,0.0,0.0,0.0,0,0
2025-2026,2026-01-26,Everton,Leeds,1,1,D,0,1,A,10,14,3,4,9,13,4,4,0,3,0,0,1511.6613286738304,1440.3950143372026,71.26631433662783,1.1,1.2,1.4,1.9,1.5,1.4,0,1,0.5,0.5,0.0,0.0,0.0,0.0,0,0
2025-2026,2026-01-31,Brighton,Everton,1,1,D,0,0,D,11,7,2,4,13,14,5,2,1,2,0,0,1518.30537190155,1507.095828843473,11.20954305807686,1.2,1.5,0.8,1.1,0.9,1.5,0,0,0.5,0.5,0.0,0.0,0.0,0.0,0,0
2025-2026,2026-01-31,Leeds,Arsenal,0,4,A,0,2,A,3,14,1,8,10,7,4,12,1,1,0,0,1444.96051416756,1646.4396357845271,-201.47912161696718,1.8,1.3,1.5,1.7,1.0,2.0,1,0,0.5,0.5,0.0,0.0,0.0,0.0,0,0
2025-2026,2026-01-31,Wolves,Bournemouth,0,2,A,0,1,A,17,9,7,4,11,15,5,6,3,3,0,0,1368.6856983483976,1502.2230865357997,-133.53738818740203,0.8,1.5,0.6,1.7,2.0,1.1,0,0,0.5,0.5,0.0,0.0,0.0,0.0,0,0
2025-2026,2026-01-31,Chelsea,West Ham,3,2,H,0,2,A,14,11,6,6,11,13,9,3,3,2,0,1,1567.4566465979158,1421.750991560382,145.7056550375337,1.5,1.3,1.3,1.2,1.8,0.9,0,0,0.5,0.5,0.0,0.0,0.0,0.0,0,0
2025-2026,2026-01-31,Liverpool,Newcastle,4,1,H,2,1,H,17,8,7,2,11,7,7,11,1,3,0,0,1581.2285586960647,1526.0925677772132,55.135990918851576,1.5,1.2,1.5,1.5,1.3,1.5,0,0,0.5,0.5,0.0,0.0,0.0,0.0,0,0
2025-2026,2026-02-01,Man United,Fulham,3,2,H,1,0,H,13,14,6,6,6,9,3,7,2,1,0,0,1531.0639765437509,1509.073350296161,21.990626247589944,2.0,1.4,1.7,1.7,1.5,1.7,0,0,0.5,0.5,0.0,0.0,0.0,0.0,0,0
2025-2026,2026-02-01,Aston Villa,Brentford,0,1,A,0,1,A,27,6,5,2,8,8,12,1,0,3,0,0,1612.2284142772908,1500.3121101384695,111.91630413882126,1.9,1.4,2.2,1.4,1.2,1.4,0,0,0.5,0.5,0.0,0.0,0.0,0.0,0,0
2025-2026,2026-02-01,Tottenham,Man City,2,2,D,0,2,A,12,15,6,3,15,12,3,4,3,3,0,0,1446.9826313366152,1620.5897891611562,-173.607157824541,1.2,1.5,1.0,2.0,0.9,2.1,0,0,0.5,0.5,0.0,0.0,0.0,0.0,0,0
2025-2026,2026-02-01,Nott'm Forest,Crystal Palace,1,1,D,1,1,D,9,14,1,3,4,12,5,7,1,3,0,0,1480.1386494809537,1485.1916893665484,-5.053039885594671,1.0,1.2,1.3,0.7,1.7,0.8,0,0,0.5,0.5,0.0,0.0,0.0,0.0,0,0
2025-2026,2026-02-02,Sunderland,Burnley,3,0,H,2,0,H,14,5,5,0,12,10,1,2,1,4,0,0,1464.0464146936527,1361.8390442015434,102.20737049210925,0.7,1.3,1.1,1.0,1.7,0.5,1,1,0.5,0.5,0.0,0.0,0.0,0.0,0,0
2025-2026,2026-02-06,Leeds,Nott'm Forest,3,1,H,2,0,H,14,16,5,6,9,12,5,10,1,1,0,0,1437.800998950727,1477.471913467792,-39.67091451706506,1.5,1.6,1.2,1.0,1.3,1.1,1,0,0.5,0.5,0.0,0.0,0.0,0.0,0,0
2025-2026,2026-02-07,Arsenal,Sunderland,3,0,H,1,0,H,16,5,5,3,11,8,5,2,1,2,0,0,1653.59915100136,1468.8052421071666,184.79390889419346,1.9,1.0,2.0,0.9,1.2,1.3,0,1,0.5,0.5,0.0,0.0,0.0,0.0,0,0
2025-2026,2026-02-07,Bournemouth,Aston Villa,1,1,D,0,1,A,20,7,9,4,4,11,11,4,1,1,0,0,1511.2607898598244,1596.7875364179297,-85.52674655810529,1.9,1.9,1.4,1.5,1.2,1.9,0,0,0.5,0.5,0.0,0.0,0.0,0.0,0,0
2025-2026,2026-02-07,Newcastle,Brentford,2,3,A,1,2,A,16,11,4,5,14,18,9,3,2,2,0,0,1520.2828877775257,1515.7529879978306,4.529899779695143,1.4,1.5,1.4,1.5,1.0,1.7,0,0,0.5,0.5,0.0,0.0,0.0,0.0,0,0
2025-2026,2026-02-07,Man United,Tottenham,2,0,H,1,0,H,23,7,10,1,12,11,7,0,1,2,0,1,1537.6903165063973,1449.0700777173122,88.62023878908508,2.2,1.5,1.9,1.2,1.5,1.0,0,0,0.5,0.5,0.0,0.0,0.0,0.0,0,0
2025-2026,2026-02-07,Wolves,Chelsea,1,3,A,0,3,A,11,15,3,6,9,10,3,4,1,1,0,0,1359.647995024373,1571.3674806902684,-211.7194856658955,0.8,1.6,0.6,1.7,1.2,1.6,0,0,0.5,0.5,0.0,0.0,0.0,0.0,0,0
2025-2026,2026-02-07,Burnley,West Ham,0,2,A,0,2,A,18,6,5,4,11,10,5,2,3,1,0,0,1357.0802167880295,1417.8401574680295,-60.75994068,1.0,1.9,0.5,1.3,2.0,0.8,1,0,0.5,0.5,0.0,0.0,0.0,0.0,0,0
2025-2026,2026-02-07,Fulham,Everton,1,2,A,1,0,H,13,16,3,3,11,12,6,6,1,5,0,0,1502.4470103335145,1510.191682840149,-7.744672506634515,1.5,1.3,1.7,1.1,1.0,1.3,0,0,0.5,0.5,0.0,0.0,0.0,0.0,0,0
2025-2026,2026-02-08,Brighton,Crystal Palace,0,1,A,0,0,D,7,7,2,4,12,9,3,4,1,3,0,0,1515.209517904874,1487.85842537971,27.35109252516395,1.0,1.2,0.9,0.7,1.8,0.6,0,0,0.5,0.5,0.0,0.0,0.0,0.0,0,0
2025-2026,2026-02-08,Liverpool,Man City,1,2,A,0,0,D,15,17,4,7,13,16,5,4,2,4,1,0,1587.0382386957522,1618.5023427804592,-31.46410408470706,1.8,1.2,1.7,1.7,0.7,1.9,0,0,0.5,0.5,0.0,0.0,0.0,0.0,0,0
2025-2026,2026-02-10,Chelsea,Leeds,2,2,D,1,0,H,19,4,4,2,9,13,4,1,4,4,0,0,1578.2583621232122,1446.081831985025,132.17653013818722,2.0,1.3,1.8,1.5,1.4,1.4,0,1,0.5,0.5,0.0,0.0,0.0,0.0,0,0
2025-2026,2026-02-10,Everton,Bournemouth,1,2,A,1,0,H,16,11,6,4,14,15,7,2,1,3,1,0,1522.7863092710802,1510.8444569376131,11.941852333467068,1.0,1.1,1.3,2.0,2.0,1.4,0,0,0.5,0.5,0.0,0.0,0.0,0.0,0,0
2025-2026,2026-02-10,Tottenham,Newcastle,1,2,A,0,1,A,16,21,2,5,15,11,2,12,3,2,0,0,1444.0218227126595,1507.3618821405325,-63.34005942787303,1.0,1.7,0.7,1.4,1.7,1.1,0,0,0.5,0.5,0.0,0.0,0.0,0.0,0,0
2025-2026,2026-02-10,West Ham,Man United,1,1,D,0,0,D,7,9,3,3,10,4,5,3,1,1,0,0,1428.9647992898763,1542.73857151105,-113.77377222117366,1.4,1.9,1.0,2.0,1.4,1.9,0,0,0.5,0.5,0.0,0.0,0.0,0.0,0,0
2025-2026,2026-02-11,Aston Villa,Brighton,1,0,H,0,0,D,15,9,1,3,9,15,7,5,2,3,0,0,1597.203869340141,1501.6998502301174,95.50401911002359,1.4,1.2,1.7,0.9,1.2,0.8,0,0,0.5,0.5,0.0,0.0,0.0,0.0,0,0
2025-2026,2026-02-11,Crystal Palace,Burnley,2,3,A,2,3,A,21,8,3,3,11,8,8,2,2,1,0,0,1501.3680930544667,1345.9555749661827,155.41251808828406,0.6,1.7,0.6,0.9,1.9,0.5,0,1,0.5,0.5,0.0,0.0,0.0,0.0,0,0
2025-2026,2026-02-11,Man City,Fulham,3,0,H,3,0,H,13,14,5,3,8,10,4,4,3,1,0,0,1630.4497700545398,1489.8523839025834,140.59738615195647,1.6,0.8,1.9,1.5,1.3,1.7,0,0,0.5,0.5,0.0,0.0,0.0,0.0,0,0
2025-2026,2026-02-11,Nott'm Forest,Wolves,0,0,D,0,0,D,35,7,10,3,12,13,8,2,0,2,0,0,1469.191080433494,1352.757113591429,116.43396684206505,1.1,1.3,1.1,0.8,1.5,0.6,0,0,0.5,0.5,0.0,0.0,0.0,0.0,0,0
2025-2026,2026-02-11,Sunderland,Liverpool,0,1,A,0,0,D,11,23,2,3,8,10,3,11,1,0,0,0,1465.5543227191965,1575.0908114216716,-109.53648870247503,0.9,1.2,1.3,1.6,1.1,1.6,1,0,0.5,0.5,0.0,0.0,0.0,0.0,0,0
2025-2026,2026-02-12,Brentford,Arsenal,1,1,D,0,0,D,12,7,3,2,12,11,6,4,3,2,0,0,1528.6739936348238,1656.85007038933,-128.1760767545063,1.8,1.0,2.0,2.1,0.8,2.3,0,0,0.5,0.5,0.0,0.0,0.0,0.0,0,0
2025-2026,2026-02-18,Wolves,Arsenal,2,2,D,0,1,A,5,10,2,4,6,8,1,3,2,1,0,0,1358.2888794885334,1656.0408709052087,-297.7519914166753,0.7,1.3,0.7,2.0,0.8,2.1,0,0,0.5,0.5,0.0,0.0,0.0,0.0,0,0
2025-2026,2026-02-21,Brentford,Brighton,0,2,A,0,2,A,13,11,3,7,9,14,6,4,1,2,0,0,1529.483193118945,1496.7996728789271,32.68352024001797,1.8,1.0,2.0,0.9,1.1,0.8,0,0,0.5,0.5,0.0,0.0,0.0,0.0,0,0
2025-2026,2026-02-21,Aston Villa,Leeds,1,1,D,0,1,A,16,14,4,4,11,16,7,2,1,4,0,0,1602.1040466913312,1451.9201587802484,150.18388791108282,1.2,1.0,1.7,1.6,1.5,1.4,0,1,0.5,0.5,0.0,0.0,0.0,0.0,0,0
2025-2026,2026-02-21,Chelsea,Burnley,1,1,D,1,0,H,12,12,2,4,13,11,9,5,2,2,1,0,1572.420035327989,1362.2175514202438,210.2024839077451,2.0,1.5,1.6,1.0,1.8,0.8,0,1,0.5,0.5,0.0,0.0,0.0,0.0,0,0
2025-2026,2026-02-21,Man City,Newcastle,2,1,H,2,1,H,15,13,7,7,12,13,5,5,2,5,0,0,1634.4539460056228,1518.4131415141287,116.0408044914941,1.6,0.8,1.9,1.6,1.7,1.4,0,0,0.5,0.5,0.0,0.0,0.0,0.0,0,0
2025-2026,2026-02-21,West Ham,Bournemouth,0,0,D,0,0,D,20,10,3,5,10,11,9,5,1,1,0,0,1429.3610327632446,1523.9593558952813,-94.59832313203674,1.3,1.7,1.1,1.8,1.7,1.6,0,0,0.5,0.5,0.0,0.0,0.0,0.0,0,0
2025-2026,2026-02-22,Crystal Palace,Wolves,1,0,H,0,0,D,14,12,3,7,19,13,7,3,5,1,0,1,1485.1061166004056,1363.436418088984,121.66969851142153,0.8,1.7,0.6,0.9,1.3,0.8,0,0,0.5,0.5,0.0,0.0,0.0,0.0,0,0
2025-2026,2026-02-22,Nott'm Forest,Liverpool,0,1,A,0,0,D,18,10,2,4,13,9,7,2,2,0,0,0,1463.6593145363897,1584.8163981239056,-121.1570835875159,0.8,1.3,0.9,1.5,1.1,1.6,0,0,0.5,0.5,0.0,0.0,0.0,0.0,0,0
2025-2026,2026-02-22,Sunderland,Fulham,1,3,A,0,0,D,12,12,2,4,6,13,6,4,1,1,0,0,1455.8287360169625,1485.8482079515004,-30.019471934537933,0.8,1.3,1.0,1.2,1.4,1.4,1,0,0.5,0.5,0.0,0.0,0.0,0.0,0,0
2025-2026,2026-02-22,Tottenham,Arsenal,1,4,A,1,1,D,6,20,5,7,17,11,2,5,2,1,0,0,1432.9705633390633,1650.8933323047581,-217.9227689656948,1.1,1.6,0.7,2.1,1.0,1.9,0,0,0.5,0.5,0.0,0.0,0.0,0.0,0,0
2025-2026,2026-02-23,Everton,Man United,0,1,A,0,0,D,12,11,4,3,12,7,10,1,2,3,0,0,1509.671410313412,1542.3423380376817,-32.67092772426963,1.1,1.1,1.3,1.7,1.1,1.9,0,0,0.5,0.5,0.0,0.0,0.0,0.0,0,0
2025-2026,2026-02-27,Wolves,Aston Villa,2,0,H,0,0,D,9,14,2,5,13,19,0,5,3,3,0,0,1359.071894285281,1595.9344140904927,-236.86251980521183,0.8,1.2,0.8,1.1,1.0,1.5,0,0,0.5,0.5,0.0,0.0,0.0,0.0,0,0
2025-2026,2026-02-28,Liverpool,West Ham,5,2,H,3,0,H,18,11,7,4,12,11,10,5,2,2,0,0,1594.2081998954352,1429.2055725309604,165.00262736447485,1.4,1.0,1.6,1.3,1.4,1.2,0,0,0.5,0.5,0.0,0.0,0.0,0.0,0,0
2025-2026,2026-02-28,Burnley,Brentford,3,4,A,1,3,A,12,16,3,7,9,9,4,8,2,2,0,0,1369.3454607540782,1515.839682568238,-146.4942218141598,1.0,1.8,0.8,1.6,1.2,1.7,1,0,0.5,0.5,0.0,0.0,0.0,0.0,0,0
2025-2026,2026-02-28,Leeds,Man City,0,1,A,0,1,A,14,14,2,5,10,8,5,3,0,3,0,0,1458.0897913810868,1638.930038363914,-180.84024698282724,1.3,1.5,1.2,1.5,0.9,1.9,1,0,0.5,0.5,0.0,0.0,0.0,0.0,0,0
2025-2026,2026-02-28,Newcastle,Everton,2,3,A,1,2,A,17,9,7,5,15,7,7,2,2,3,0,0,1513.9370491558375,1497.7574233796447,16.17962577619278,1.5,1.7,1.3,1.1,1.1,1.3,0,0,0.5,0.5,0.0,0.0,0.0,0.0,0,0
2025-2026,2026-02-28,Bournemouth,Sunderland,1,1,D,0,1,A,21,8,5,4,15,12,7,3,4,2,0,0,1524.1148161275655,1443.8413383878437,80.27347773972178,1.7,1.6,1.6,0.9,1.6,0.9,0,1,0.5,0.5,0.0,0.0,0.0,0.0,0,0
2025-2026,2026-03-01,Man United,Crystal Palace,2,1,H,0,1,A,20,8,11,3,13,12,7,1,2,2,0,1,1554.256324971449,1489.4706404041087,64.78568456734024,1.7,0.9,2.2,0.8,1.3,0.9,0,0,0.5,0.5,0.0,0.0,0.0,0.0,0,0
2025-2026,2026-03-01,Arsenal,Chelsea,2,1,H,1,1,D,12,9,5,3,11,14,5,10,1,3,0,1,1657.6238354694474,1565.2921259941545,92.33170947529288,2.3,1.0,1.9,1.9,1.4,1.6,0,0,0.5,0.5,0.0,0.0,0.0,0.0,0,0
2025-2026,2026-03-01,Brighton,Nott'm Forest,2,1,H,2,1,H,14,13,7,4,12,13,4,4,3,1,0,0,1510.4431834296342,1454.2675127648602,56.17567066477409,1.1,1.1,1.0,0.8,1.3,0.9,0,0,0.5,0.5,0.0,0.0,0.0,0.0,0,0
2025-2026,2026-03-01,Fulham,Tottenham,2,1,H,2,0,H,18,13,4,1,11,14,5,8,3,3,0,0,1497.8356055806191,1426.240060174374,71.59554540624504,1.4,1.5,1.4,1.1,1.8,0.7,0,0,0.5,0.5,0.0,0.0,0.0,0.0,0,0
2025-2026,2026-03-03,Bournemouth,Brentford,0,0,D,0,0,D,13,5,2,2,9,10,4,3,2,1,0,0,1519.3465515235955,1524.5094027535813,-5.16285122998579,1.7,1.3,1.7,1.6,1.4,1.7,0,0,0.5,0.5,0.0,0.0,0.0,0.0,0,0
2025-2026,2026-03-03,Everton,Burnley,2,0,H,1,0,H,14,5,5,2,10,12,6,3,0,1,0,0,1510.9820384333375,1360.675740568735,150.30629786460258,1.4,1.3,1.5,1.3,2.2,0.7,0,1,0.5,0.5,0.0,0.0,0.0,0.0,0,0
2025-2026,2026-03-03,Leeds,Sunderland,0,1,A,0,0,D,18,3,4,1,15,19,9,2,1,3,0,0,1450.3754612139699,1448.6096029918137,1.7658582221561119,1.2,1.5,1.1,0.9,1.6,0.9,1,1,0.5,0.5,0.0,0.0,0.0,0.0,0,0
2025-2026,2026-03-03,Wolves,Liverpool,2,1,H,0,0,D,4,19,3,7,10,13,2,11,2,1,0,0,1372.8192584267758,1597.781326074143,-224.96206764736712,0.9,1.1,1.0,1.7,1.1,1.6,0,0,0.5,0.5,0.0,0.0,0.0,0.0,0,0
2025-2026,2026-03-04,Aston Villa,Chelsea,1,4,A,1,2,A,9,15,4,8,10,9,3,8,3,2,0,0,1582.1870499489978,1560.3240752137322,21.862974735265652,0.9,1.1,1.2,1.9,1.4,1.6,0,0,0.5,0.5,0.0,0.0,0.0,0.0,0,0
2025-2026,2026-03-04,Brighton,Arsenal,0,1,A,0,1,A,11,7,3,2,14,12,4,3,4,1,0,0,1516.228224367974,1662.5918862498697,-146.36366188189572,1.2,1.0,1.3,2.1,1.0,1.9,0,0,0.5,0.5,0.0,0.0,0.0,0.0,0,0
2025-2026,2026-03-04,Fulham,West Ham,0,1,A,0,0,D,13,9,5,3,14,12,7,5,2,4,0,0,1503.262608128345,1425.6324463522526,77.63016177609234,1.5,1.6,1.4,1.5,1.8,1.2,0,0,0.5,0.5,0.0,0.0,0.0,0.0,0,0
2025-2026,2026-03-04,Man City,Nott'm Forest,2,2,D,1,0,H,21,9,7,4,10,6,6,1,0,4,0,0,1646.644368531031,1448.4824718265204,198.16189670451058,1.4,0.8,1.9,0.8,1.3,0.9,0,0,0.5,0.5,0.0,0.0,0.0,0.0,0,0
2025-2026,2026-03-04,Newcastle,Man United,2,1,H,1,1,D,12,14,5,5,15,16,2,4,2,3,1,0,1500.7124341021447,1559.839723999619,-59.127289897474384,1.7,1.9,1.3,1.8,1.0,2.2,0,0,0.5,0.5,0.0,0.0,0.0,0.0,0,0
2025-2026,2026-03-05,Tottenham,Crystal Palace,1,3,A,1,3,A,12,9,4,4,14,14,6,3,3,2,0,0,1420.8130576266483,1483.8872413759386,-63.07418374929034,1.1,2.0,0.4,0.9,1.4,0.9,0,0,0.5,0.5,0.0,0.0,0.0,0.0,0,0
2025-2026,2026-03-14,Chelsea,Newcastle,0,1,A,0,1,A,22,7,3,5,9,10,8,1,2,2,0,0,1573.6944789131098,1509.5414200188893,64.15305889422052,2.1,1.3,1.8,1.6,1.9,1.3,0,0,0.5,0.5,0.0,0.0,0.0,0.0,0,0
2025-2026,2026-03-14,Arsenal,Everton,2,0,H,0,0,D,25,9,7,3,11,12,8,3,0,0,0,0,1671.2652979365016,1514.8102241647655,156.45507377173612,1.9,0.8,1.9,1.4,1.3,1.5,0,0,0.5,0.5,0.0,0.0,0.0,0.0,0,0
2025-2026,2026-03-14,West Ham,Man City,1,1,D,1,1,D,1,24,1,6,14,5,1,15,2,2,0,0,1440.341715308342,1639.6911863524601,-199.34947104411822,1.4,1.6,1.4,1.6,1.0,1.9,0,0,0.5,0.5,0.0,0.0,0.0,0.0,0,0
2025-2026,2026-03-14,Burnley,Bournemouth,0,0,D,0,0,D,15,22,2,3,11,5,5,8,1,0,0,0,1356.847554837307,1516.6827516151513,-159.83519677784443,1.2,2.1,0.7,1.5,1.1,1.7,1,0,0.5,0.5,0.0,0.0,0.0,0.0,0,0
2025-2026,2026-03-14,Sunderland,Brighton,0,1,A,0,0,D,14,12,4,4,7,12,7,3,1,2,0,0,1461.4576730613646,1507.5548126813421,-46.0971396199775,1.0,1.6,1.1,1.0,0.9,1.2,1,0,0.5,0.5,0.0,0.0,0.0,0.0,0,0
2025-2026,2026-03-15,Nott'm Forest,Fulham,0,0,D,0,0,D,11,5,2,0,8,10,5,4,2,3,0,0,1455.4356540050912,1488.5533391722556,-33.11768516716438,1.0,1.3,1.0,1.4,1.6,1.3,0,0,0.5,0.5,0.0,0.0,0.0,0.0,0,0
2025-2026,2026-03-15,Liverpool,Tottenham,1,1,D,1,0,H,17,13,4,7,8,13,3,4,0,0,0,0,1584.3320950607947,1409.754230917637,174.57786414315774,1.8,1.3,1.5,1.2,2.3,0.3,0,0,0.5,0.5,0.0,0.0,0.0,0.0,0,0
2025-2026,2026-03-15,Crystal Palace,Leeds,0,0,D,0,0,D,12,10,0,3,12,11,8,3,2,1,0,1,1494.94606808495,1437.527391144419,57.418676940530986,1.1,1.4,1.1,1.2,1.6,1.0,0,1,0.5,0.5,0.0,0.0,0.0,0.0,0,0
2025-2026,2026-03-15,Man United,Aston Villa,3,1,H,0,0,D,16,9,6,2,10,5,6,6,3,2,0,0,1551.0107380828745,1568.8166462496201,-17.805908166745667,1.8,1.1,2.1,0.9,1.1,1.2,0,0,0.5,0.5,0.0,0.0,0.0,0.0,0,0
2025-2026,2026-03-16,Brentford,Wolves,2,2,D,2,1,H,10,13,3,4,12,10,1,5,2,4,0,0,1527.1732026620255,1386.268489440124,140.90471322190137,1.6,1.4,1.7,0.8,1.2,1.0,0,0,0.5,0.5,0.0,0.0,0.0,0.0,0,0
2025-2026,2026-03-20,Bournemouth,Man United,2,2,D,0,0,D,16,14,5,5,10,9,6,8,2,2,0,1,1514.9773831349273,1558.6881702495248,-43.71078711459745,1.3,0.8,1.8,2.0,1.1,2.3,0,0,0.5,0.5,0.0,0.0,0.0,0.0,0,0
2025-2026,2026-03-21,Brighton,Liverpool,2,1,H,1,1,D,16,12,7,5,11,11,4,8,5,5,0,0,1519.0939326442417,1577.746313352915,-58.65238070867326,0.9,0.9,1.2,1.7,1.2,1.5,0,0,0.5,0.5,0.0,0.0,0.0,0.0,0,0
2025-2026,2026-03-21,Fulham,Burnley,3,1,H,0,0,D,22,9,6,5,6,9,6,6,2,2,0,1,1490.4549354096155,1358.552923317531,131.90201209208453,1.2,1.4,1.3,1.2,1.9,0.8,0,1,0.5,0.5,0.0,0.0,0.0,0.0,0,0
2025-2026,2026-03-21,Everton,Chelsea,3,0,H,1,0,H,10,12,9,4,6,7,3,9,0,2,0,0,1511.0904070041406,1559.2925463490963,-48.20213934495564,1.2,1.1,1.5,2.0,1.3,1.7,0,0,0.5,0.5,0.0,0.0,0.0,0.0,0,0
2025-2026,2026-03-21,Leeds,Brentford,0,0,D,0,0,D,14,6,4,2,6,9,6,2,2,0,0,0,1441.771726351778,1521.1717160128899,-79.39998966111193,1.1,1.5,1.0,1.4,1.4,1.5,1,0,0.5,0.5,0.0,0.0,0.0,0.0,0,0
2025-2026,2026-03-22,Tottenham,Nott'm Forest,0,3,A,0,1,A,14,8,3,7,13,13,13,3,1,2,0,0,1416.3400126255167,1453.5340577677314,-37.19404514221469,1.2,2.3,0.3,0.9,1.0,1.1,0,0,0.5,0.5,0.0,0.0,0.0,0.0,0,0
2025-2026,2026-03-22,Newcastle,Sunderland,1,2,A,1,0,H,16,17,4,7,8,19,9,5,1,6,0,0,1523.943352582903,1449.918553098465,74.02479948443784,1.5,1.9,1.3,0.9,1.6,1.0,0,1,0.5,0.5,0.0,0.0,0.0,0.0,0,0
2025-2026,2026-03-22,Aston Villa,West Ham,2,0,H,1,0,H,23,9,7,1,3,7,6,6,0,1,0,0,1561.1392140829698,1443.1257518450102,118.01346223795963,0.7,1.3,0.9,1.5,1.4,1.5,0,0,0.5,0.5,0.0,0.0,0.0,0.0,0,0
2026-2027,2026-04-09,Ipswich,Liverpool,0,2,A,0,0,D,12,10,4,3,11,11,5,4,2,2,0,0,1355.7803648772142,1548.2515647713283,-192.47119989411408,1.0,2.4,0.5,1.8,1.4,1.4,1,0,0.15482423335826478,0.674644727000748,0.6100000000000001,0.25,91.39999999999999,58.0,1,1
2025-2026,2026-04-10,West Ham,Wolves,4,0,H,1,0,H,18,14,7,3,11,7,5,2,2,2,0,0,1457.0822919414213,1424.5889832624816,32.493308678939684,1.4,1.4,1.5,0.9,1.3,1.0,0,0,0.5,0.5,0.0,0.0,0.0,0.0,0,0
2025-2026,2026-04-11,Arsenal,Bournemouth,1,2,A,1,1,D,15,8,3,3,12,18,10,1,1,3,0,0,1585.7427063975917,1506.5519259057971,79.19078049179461,2.1,0.8,2.1,1.2,0.8,1.6,0,0,0.5,0.5,0.0,0.0,0.0,0.0,0,0
2025-2026,2026-04-11,Brentford,Everton,2,2,D,1,1,D,17,14,4,7,6,7,2,3,0,2,0,0,1510.664329693587,1509.6091415969602,1.0551880966268072,1.1,1.4,1.3,1.4,1.0,1.7,0,0,0.5,0.5,0.0,0.0,0.0,0.0,0,0
2025-2026,2026-04-11,Burnley,Brighton,0,2,A,0,1,A,10,13,5,6,7,11,8,2,2,1,0,0,1398.0702277728424,1513.675625198677,-115.60539742583455,1.1,2.0,0.7,1.0,0.9,1.4,1,0,0.5,0.5,0.0,0.0,0.0,0.0,0,0
2025-2026,2026-04-11,Liverpool,Fulham,2,0,H,2,0,H,18,19,5,4,10,4,6,9,0,0,0,0,1538.9558009772895,1497.3646913353118,41.59110964197771,1.9,1.3,1.6,1.3,1.4,1.3,0,0,0.5,0.5,0.0,0.0,0.0,0.0,0,0
2025-2026,2026-04-12,Chelsea,Man City,0,3,A,0,0,D,12,18,3,8,10,14,4,12,3,1,0,0,1524.8785055461256,1567.0845034097379,-42.20599786361231,1.9,1.4,1.7,1.6,1.0,1.9,0,0,0.5,0.5,0.0,0.0,0.0,0.0,0,0
2025-2026,2026-04-12,Sunderland,Tottenham,1,0,H,0,0,D,13,11,2,7,14,15,2,6,3,3,0,0,1482.6278688737793,1453.2303567582003,29.397512115579048,1.1,1.4,1.3,1.0,2.3,0.3,1,0,0.5,0.5,0.0,0.0,0.0,0.0,0,0
2025-2026,2026-04-12,Crystal Palace,Newcastle,2,1,H,0,1,A,11,7,5,3,17,12,2,4,0,3,0,0,1495.4438491100195,1504.564464910091,-9.120615800071391,1.1,1.2,1.2,1.2,1.8,1.0,0,0,0.5,0.5,0.0,0.0,0.0,0.0,0,0
2025-2026,2026-04-12,Nott'm Forest,Aston Villa,1,1,D,1,1,D,15,12,4,5,15,10,7,3,2,2,0,0,1483.007937734491,1532.132228945715,-49.12429121122409,1.0,0.9,1.1,0.9,1.3,1.1,0,0,0.5,0.5,0.0,0.0,0.0,0.0,0,0
2025-2026,2026-04-13,Man United,Leeds,1,2,A,0,2,A,20,15,9,6,12,15,11,4,3,2,1,0,1529.5441952525841,1471.1779570651001,58.36623818748399,2.0,1.1,2.3,0.8,1.1,1.1,0,1,0.5,0.5,0.0,0.0,0.0,0.0,0,0
2025-2026,2026-04-18,Chelsea,Man United,0,1,A,0,1,A,21,4,3,1,12,13,7,1,1,3,0,0,1513.230235296302,1515.277526011641,-2.0472907153389315,1.7,1.7,1.4,1.9,1.3,2.0,0,0,0.5,0.5,0.0,0.0,0.0,0.0,0,0
2025-2026,2026-04-18,Tottenham,Brighton,2,2,D,1,1,D,13,10,6,3,14,14,7,5,3,1,0,0,1446.7915627366235,1523.226767562641,-76.43520482601753,0.9,2.2,0.3,1.1,0.8,1.6,0,0,0.5,0.5,0.0,0.0,0.0,0.0,0,0
2025-2026,2026-04-18,Brentford,Fulham,0,0,D,0,0,D,13,11,4,0,8,13,9,3,0,1,0,0,1507.8350660981657,1491.2284423236656,16.60662377450012,1.3,1.4,1.4,1.3,1.5,1.3,0,0,0.5,0.5,0.0,0.0,0.0,0.0,0,0
2025-2026,2026-04-18,Leeds,Wolves,3,0,H,2,0,H,17,7,6,2,9,17,5,6,2,1,0,0,1485.4446263060433,1418.2277449170863,67.21688138895706,0.9,1.2,1.1,0.9,1.7,0.9,1,0,0.5,0.5,0.0,0.0,0.0,0.0,0,0
2025-2026,2026-04-18,Newcastle,Bournemouth,1,2,A,0,1,A,12,12,3,3,11,12,2,3,2,4,0,0,1497.1221168066488,1521.2960774476082,-24.17396064095942,1.3,2.0,0.9,1.3,0.8,1.8,0,0,0.5,0.5,0.0,0.0,0.0,0.0,0,0
2025-2026,2026-04-19,Aston Villa,Sunderland,4,3,H,2,1,H,15,10,7,7,11,11,4,5,1,3,0,0,1533.5861723915182,1489.066662895356,44.51950949616207,1.0,1.3,1.2,1.0,1.3,1.3,0,1,0.5,0.5,0.0,0.0,0.0,0.0,0,0
2025-2026,2026-04-19,Everton,Liverpool,1,2,A,0,1,A,10,14,4,6,8,12,1,6,2,0,0,0,1512.4384051923814,1545.0920499889357,-32.65364479655432,1.5,1.2,1.5,1.9,1.0,1.9,0,0,0.5,0.5,0.0,0.0,0.0,0.0,0,0
2025-2026,2026-04-19,Nott'm Forest,Burnley,4,1,H,0,1,A,10,4,4,3,8,12,4,4,0,2,0,0,1481.5539942886878,1388.5190854088783,93.03490887980956,1.1,1.0,1.1,1.0,2.1,0.6,0,1,0.5,0.5,0.0,0.0,0.0,0.0,0,0
2025-2026,2026-04-19,Man City,Arsenal,2,1,H,1,1,D,15,9,5,3,5,12,8,5,2,2,0,0,1578.7327736595614,1570.9985548557806,7.734218803780777,1.8,0.9,2.1,2.2,1.0,2.0,0,0,0.5,0.5,0.0,0.0,0.0,0.0,0,0
2025-2026,2026-04-20,Crystal Palace,West Ham,0,0,D,0,0,D,9,9,1,4,13,12,4,6,2,1,0,0,1502.8861972134616,1463.4435302868167,39.44266692664496,1.3,1.3,1.4,1.6,1.3,1.5,0,0,0.5,0.5,0.0,0.0,0.0,0.0,0,0
2025-2026,2026-04-21,Brighton,Chelsea,3,0,H,1,0,H,15,6,9,0,15,6,6,5,1,1,0,0,1523.9039787665506,1500.4833261458903,23.42065262066035,1.2,0.8,1.7,1.4,1.7,1.1,0,0,0.5,0.5,0.0,0.0,0.0,0.0,0,0
2025-2026,2026-04-22,Burnley,Man City,0,1,A,0,1,A,9,28,1,9,10,12,3,11,0,0,0,0,1383.5661341382092,1585.727638457067,-202.16150431885785,0.9,2.3,0.5,2.0,0.8,2.4,1,0,0.5,0.5,0.0,0.0,0.0,0.0,0,0
2025-2026,2026-04-22,Bournemouth,Leeds,2,2,D,0,0,D,17,10,7,3,6,10,12,1,3,0,0,0,1533.4445233681354,1490.971873988928,42.47264937920727,1.2,0.7,1.8,1.1,1.1,1.3,0,1,0.5,0.5,0.0,0.0,0.0,0.0,0,0
2025-2026,2026-04-24,Sunderland,Nott'm Forest,0,5,A,0,4,A,14,10,4,6,13,15,3,6,2,5,0,0,1483.0018828538332,1486.5069455593568,-3.505062705523642,1.2,1.4,1.3,1.3,1.1,1.1,1,0,0.5,0.5,0.0,0.0,0.0,0.0,0,0
2025-2026,2026-04-25,Arsenal,Newcastle,1,0,H,1,0,H,11,13,4,3,13,10,7,2,2,2,0,0,1564.003690058275,1484.9736708861217,79.03001917215329,2.1,0.9,2.0,1.4,2.0,0.9,0,0,0.5,0.5,0.0,0.0,0.0,0.0,0,0
2025-2026,2026-04-25,Wolves,Tottenham,0,1,A,0,0,D,11,11,2,2,8,14,5,5,3,4,0,0,1412.7004972342015,1446.114351532714,-33.41385429851243,0.9,1.8,0.9,0.9,2.2,0.3,0,0,0.5,0.5,0.0,0.0,0.0,0.0,0,0
2025-2026,2026-04-25,Fulham,Aston Villa,1,0,H,1,0,H,13,10,6,1,14,12,2,5,2,2,0,0,1494.4640650690594,1539.650952433041,-45.18688736398167,1.1,1.4,1.1,1.2,1.6,1.2,0,0,0.5,0.5,0.0,0.0,0.0,0.0,0,0
2025-2026,2026-04-25,Liverpool,Crystal Palace,3,1,H,2,0,H,9,14,3,7,10,10,5,8,1,3,0,0,1557.0065161377413,1499.0751772883475,57.931338849393796,1.7,1.0,1.9,1.2,1.1,1.5,0,0,0.5,0.5,0.0,0.0,0.0,0.0,0,0
2025-2026,2026-04-25,West Ham,Everton,2,1,H,0,0,D,10,11,3,3,9,11,3,4,3,4,0,0,1467.2545502119308,1500.5239390435759,-33.269388831645074,1.3,1.2,1.3,1.5,1.3,1.4,0,0,0.5,0.5,0.0,0.0,0.0,0.0,0,0
2025-2026,2026-04-27,Man United,Brentford,2,1,H,2,0,H,11,12,6,4,6,9,7,8,2,4,0,0,1528.0244351620527,1504.599443352772,23.424991809280755,1.7,1.1,2.0,1.3,1.2,1.5,0,0,0.5,0.5,0.0,0.0,0.0,0.0,0,0
2025-2026,2026-05-01,Leeds,Burnley,3,1,H,1,0,H,18,9,8,3,12,11,5,0,4,3,0,0,1494.8571887547398,1376.4246647143223,118.43252404041755,1.3,0.9,1.4,0.9,2.1,0.5,1,1,0.5,0.5,0.0,0.0,0.0,0.0,0,0
2025-2026,2026-05-02,Newcastle,Brighton,3,1,H,2,0,H,13,13,6,4,10,12,2,10,3,3,0,0,1479.7142359744782,1530.493894643621,-50.77965866914269,1.3,1.7,0.9,1.4,0.7,1.9,0,0,0.5,0.5,0.0,0.0,0.0,0.0,0,0
2025-2026,2026-05-02,Wolves,Sunderland,1,1,D,0,1,A,20,10,7,2,11,11,6,3,0,4,0,1,1400.8071185104388,1470.2938103384745,-69.48669182803565,0.9,1.7,0.9,0.9,1.9,1.0,0,1,0.5,0.5,0.0,0.0,0.0,0.0,0,0
2025-2026,2026-05-02,Arsenal,Fulham,3,0,H,3,0,H,18,10,9,1,7,12,3,4,0,1,0,0,1569.2631249699184,1502.8993769382266,66.36374803169178,1.8,0.9,2.0,1.0,1.1,1.4,0,0,0.5,0.5,0.0,0.0,0.0,0.0,0,0
2025-2026,2026-05-02,Brentford,West Ham,3,0,H,1,0,H,14,13,6,4,8,12,2,6,1,3,0,0,1498.0096378438493,1475.3571628148527,22.652475028996605,1.3,1.4,1.2,1.3,1.0,1.6,0,0,0.5,0.5,0.0,0.0,0.0,0.0,0,0
2025-2026,2026-05-03,Man United,Liverpool,3,2,H,2,0,H,18,13,6,5,12,11,3,2,2,2,0,0,1534.6142406709753,1562.7500910442197,-28.135850373244466,1.6,1.0,2.0,1.9,0.9,2.2,0,0,0.5,0.5,0.0,0.0,0.0,0.0,0,0
2025-2026,2026-05-03,Bournemouth,Crystal Palace,3,0,H,2,0,H,16,7,5,1,10,11,7,1,0,2,0,0,1529.5592086023237,1493.331602381869,36.22760622045462,1.2,0.9,1.6,1.2,1.1,1.5,0,0,0.5,0.5,0.0,0.0,0.0,0.0,0,0
2025-2026,2026-05-03,Aston Villa,Tottenham,1,2,A,0,2,A,5,10,1,5,12,12,5,5,2,5,0,0,1531.2156405638739,1458.0077302564766,73.20791030739724,1.2,1.6,1.2,0.8,2.0,0.5,0,0,0.5,0.5,0.0,0.0,0.0,0.0,0,0
2025-2026,2026-05-04,Everton,Man City,3,3,D,0,1,A,14,21,6,4,15,5,5,9,4,1,0,0,1492.421326440654,1592.869107880954,-100.4477814403001,1.5,1.4,1.3,1.9,0.8,2.4,0,0,0.5,0.5,0.0,0.0,0.0,0.0,0,0
2025-2026,2026-05-04,Chelsea,Nott'm Forest,1,3,A,0,2,A,21,6,5,4,12,10,10,1,3,1,0,0,1493.89341026882,1499.2150180747155,-5.32160780589561,1.1,1.8,0.8,1.7,1.0,1.3,0,0,0.5,0.5,0.0,0.0,0.0,0.0,0,0
2026-2027,2026-05-09,Brentford,Sunderland,1,1,D,0,0,D,12,10,4,3,11,11,5,4,2,2,0,0,1503.2333750881237,1479.8188620237065,23.41451306441718,1.3,1.2,1.2,1.0,1.7,1.1,0,0,0.3530291697830965,0.21465968586387435,0.07000000000000006,0.14,11.0,-9.3,1,0
2026-2027,2026-05-09,Nott'm Forest,Tottenham,0,0,D,0,0,D,12,10,4,3,11,11,5,4,2,2,0,0,1508.312200624461,1480.8321466904752,27.4800539339858,1.9,0.8,1.6,1.0,1.9,0.8,0,0,0.3268511593118923,0.6409872849663426,0.15000000000000002,0.22,12.0,98.0,0,1
2026-2027,2026-05-09,Newcastle,Bournemouth,2,2,D,0,0,D,12,10,4,3,11,11,5,4,2,2,0,0,1491.814873828607,1525.0792942960338,-33.26442046742682,1.4,1.5,1.2,1.4,0.8,1.8,0,0,0.3567688855646971,0.3642483171278983,0.08000000000000004,0.08000000000000002,-34.0,7.0,0,1
2026-2027,2026-05-09,Man City,Coventry,1,0,H,0,0,D,12,10,4,3,11,11,5,4,2,2,0,0,1564.9993537915561,1426.5805009922487,138.4188527993074,2.0,0.9,2.4,1.3,1.3,1.1,0,1,0.8765893792071803,0.11368735976065819,0.09000000000000002,0.24,13.0,10.4,1,1
2026-2027,2026-05-09,Hull,Aston Villa,0,0,D,0,0,D,12,10,4,3,11,11,5,4,2,2,0,0,1440.1415965666893,1511.62421288377,-71.48261631708078,1.1,2.6,1.0,1.2,1.7,1.1,1,0,0.0,0.34181002243829467,-0.08000000000000002,0.06,-30.0,11.0,1,0
2026-2027,2026-05-09,Fulham,Crystal Palace,2,3,A,0,0,D,12,10,4,3,11,11,5,4,2,2,0,0,1498.1467254509994,1490.944273392901,7.202452058098288,0.9,1.2,1.4,1.1,1.3,1.4,0,0,0.16604338070306657,0.30067314884068813,0.11000000000000004,0.07000000000000006,36.0,-17.0,1,1
2026-2027,2026-05-09,Brighton,Leeds,1,1,D,0,0,D,12,10,4,3,11,11,5,4,2,2,0,0,1515.3308176040623,1499.4999403979896,15.830877206072728,1.5,0.9,1.9,1.3,0.9,1.4,0,0,0.42408376963350786,0.22587883320867613,0.27,-0.12,111.0,-89.3,0,0
2025-2026,2026-05-09,Liverpool,Chelsea,1,1,D,1,1,D,8,6,3,3,17,17,5,2,2,4,0,0,1526.8468578162872,1490.8045894512097,36.04226836507746,2.0,1.2,1.9,0.9,2.0,0.5,0,0,0.5,0.5,0.0,0.0,0.0,0.0,0,0
2025-2026,2026-05-09,Man City,Brentford,3,0,H,0,0,D,25,4,10,2,8,14,10,2,4,2,0,0,1548.3306895751036,1499.876412989366,48.454276585737716,1.9,0.8,2.4,1.3,1.2,1.2,0,0,0.5,0.5,0.0,0.0,0.0,0.0,0,0
2025-2026,2026-05-09,Sunderland,Man United,0,0,D,0,0,D,15,11,4,1,12,12,7,8,0,3,0,0,1488.2601529889153,1520.8616647241581,-32.601511735242866,1.1,1.7,1.2,1.7,1.2,2.0,1,0,0.5,0.5,0.0,0.0,0.0,0.0,0,0
2025-2026,2026-05-09,Fulham,Bournemouth,0,1,A,0,0,D,14,10,2,5,12,21,11,2,4,2,1,1,1489.6088639363384,1518.883773681924,-29.274909745585546,1.1,1.2,1.4,1.4,0.9,1.6,0,0,0.5,0.5,0.0,0.0,0.0,0.0,0,0
2025-2026,2026-05-09,Brighton,Wolves,3,0,H,2,0,H,14,5,6,1,9,11,7,1,1,2,0,0,1508.4806396545214,1429.9517881705328,78.52885148398855,1.6,0.9,2.0,0.9,1.5,1.0,0,0,0.5,0.5,0.0,0.0,0.0,0.0,0,0
2025-2026,2026-05-10,West Ham,Arsenal,0,1,A,0,0,D,9,15,3,4,14,12,4,3,3,4,0,0,1478.1233853729677,1536.6569181192913,-58.533532746323544,1.1,1.3,1.3,1.8,0.9,2.0,0,0,0.5,0.5,0.0,0.0,0.0,0.0,0,0
2025-2026,2026-05-10,Crystal Palace,Everton,2,2,D,1,1,D,21,13,8,6,5,13,5,10,0,2,0,0,1502.7548352543918,1496.2927651634986,6.462070090893121,1.3,1.5,1.4,1.6,1.6,1.1,0,0,0.5,0.5,0.0,0.0,0.0,0.0,0,0
2025-2026,2026-05-10,Nott'm Forest,Newcastle,1,1,D,0,0,D,17,16,6,6,16,11,2,1,2,0,0,0,1503.359495144527,1492.9421440053245,10.417351139202538,1.9,0.8,1.6,1.4,1.6,1.0,0,0,0.5,0.5,0.0,0.0,0.0,0.0,0,0
2025-2026,2026-05-10,Burnley,Aston Villa,2,2,D,1,1,D,15,18,6,7,18,8,2,8,1,1,0,0,1410.3973570303538,1508.7102196067365,-98.31286257638271,1.0,2.2,0.5,1.1,1.7,0.9,1,0,0.5,0.5,0.0,0.0,0.0,0.0,0,0
2025-2026,2026-05-11,Tottenham,Leeds,1,1,D,0,0,D,16,11,3,4,12,7,14,2,3,1,0,0,1489.041547975928,1501.9008909469148,-12.859342970986745,0.9,1.7,0.9,1.2,0.8,1.4,0,1,0.5,0.5,0.0,0.0,0.0,0.0,0,0
2025-2026,2026-05-13,Man City,Crystal Palace,3,0,H,2,0,H,15,6,4,2,10,7,9,4,0,2,0,0,1554.300184754795,1499.7830453015345,54.5171394532606,1.9,0.8,2.4,1.3,1.4,1.5,0,0,0.5,0.5,0.0,0.0,0.0,0.0,0,0
2025-2026,2026-05-15,Aston Villa,Liverpool,4,2,H,1,0,H,14,16,9,5,12,9,4,9,3,1,0,0,1508.7587789435713,1523.119805028153,-14.361026084581681,1.2,1.8,0.9,2.0,1.3,1.7,0,0,0.5,0.5,0.0,0.0,0.0,0.0,0,0
2025-2026,2026-05-17,Newcastle,West Ham,3,1,H,2,0,H,15,15,7,8,8,11,9,1,1,3,0,0,1496.017367688863,1466.9355193206911,29.081848368171904,1.4,1.5,1.1,1.0,1.3,1.2,0,0,0.5,0.5,0.0,0.0,0.0,0.0,0,0
2025-2026,2026-05-17,Leeds,Brighton,1,0,H,0,0,D,7,19,1,8,9,7,7,8,1,0,0,0,1504.35769931581,1513.7512653049794,-9.393565989169474,1.2,0.8,1.4,1.7,0.9,2.0,1,0,0.5,0.5,0.0,0.0,0.0,0.0,0,0
2025-2026,2026-05-17,Wolves,Fulham,1,1,D,1,1,D,11,13,3,5,20,8,3,6,1,0,0,0,1424.6811625200748,1477.600891319287,-52.91972879921218,0.9,1.8,0.9,0.8,1.2,1.1,0,0,0.5,0.5,0.0,0.0,0.0,0.0,0,0
2025-2026,2026-05-17,Brentford,Crystal Palace,2,2,D,1,1,D,14,16,3,5,7,5,9,4,1,3,0,0,1493.9069178096745,1493.9586699382444,-0.051752128569887645,1.3,1.3,1.2,1.2,1.7,1.2,0,0,0.5,0.5,0.0,0.0,0.0,0.0,0,0
2025-2026,2026-05-17,Man United,Nott'm Forest,3,2,H,1,0,H,29,11,8,4,11,5,7,6,2,1,0,0,1522.7775763451455,1500.2842714609885,22.49330488415694,1.6,1.1,2.0,2.0,0.8,1.7,0,0,0.5,0.5,0.0,0.0,0.0,0.0,0,0
2025-2026,2026-05-17,Everton,Sunderland,1,3,A,1,0,H,10,7,4,3,14,9,3,2,3,0,0,0,1499.264555116356,1486.344241367928,12.920313748428043,1.7,1.6,1.2,1.0,1.4,1.3,0,1,0.5,0.5,0.0,0.0,0.0,0.0,0,0
2025-2026,2026-05-18,Arsenal,Burnley,1,0,H,1,0,H,13,5,3,0,7,16,3,3,1,3,0,0,1547.8447841715679,1410.348797693519,137.49598647804896,1.8,0.8,2.2,0.9,2.2,0.3,0,1,0.5,0.5,0.0,0.0,0.0,0.0,0,0
2025-2026,2026-05-19,Bournemouth,Man City,1,1,D,1,0,H,10,14,2,5,16,7,7,6,4,2,0,0,1530.8917462989752,1560.1245601180851,-29.23281381910988,1.5,0.9,1.8,2.0,0.7,2.4,0,0,0.5,0.5,0.0,0.0,0.0,0.0,0,0
2025-2026,2026-05-19,Chelsea,Tottenham,2,1,H,1,0,H,9,9,4,3,11,18,3,4,4,3,0,0,1494.531642239344,1486.584739607033,7.9469026323108665,0.8,1.9,0.5,0.9,1.4,1.0,0,0,0.5,0.5,0.0,0.0,0.0,0.0,0,0
2025-2026,2026-05-24,Crystal Palace,Arsenal,1,2,A,0,1,A,8,17,3,7,9,12,3,4,0,1,0,0,1496.7585972199063,1551.9064408541376,-55.14784363423132,1.3,1.7,1.3,1.7,0.6,2.4,0,0,0.5,0.5,0.0,0.0,0.0,0.0,0,0
2025-2026,2026-05-24,Tottenham,Everton,1,0,H,1,0,H,21,8,6,3,15,12,6,2,5,3,0,1,1479.5954424915903,1486.1242486129067,-6.528806121316393,0.9,1.4,1.0,1.8,1.8,1.2,0,0,0.5,0.5,0.0,0.0,0.0,0.0,0,0
2025-2026,2026-05-24,Brighton,Man United,0,3,A,0,2,A,13,11,2,7,11,8,0,3,0,1,0,0,1506.3015735053054,1529.3911010340257,-23.089527528720282,1.5,0.9,1.7,1.8,1.3,2.0,0,0,0.5,0.5,0.0,0.0,0.0,0.0,0,0
2025-2026,2026-05-24,Burnley,Wolves,1,1,D,0,1,A,16,16,8,4,10,11,7,7,2,2,0,0,1406.2871410109492,1423.334317082106,-17.047176071156855,0.8,2.2,0.2,0.8,1.7,0.9,1,0,0.5,0.5,0.0,0.0,0.0,0.0,0,0
2025-2026,2026-05-24,Liverpool,Brentford,1,1,D,0,0,D,24,11,8,2,9,9,14,2,2,3,0,0,1515.5359573987575,1491.1069905280126,24.428966870744944,1.7,1.5,1.4,1.1,1.2,1.0,0,0,0.5,0.5,0.0,0.0,0.0,0.0,0,0
2025-2026,2026-05-24,Sunderland,Chelsea,2,1,H,1,0,H,20,10,2,1,15,18,7,7,3,2,0,0,1499.4845478713771,1501.5209393547866,-2.0363914834094885,1.2,1.4,1.5,0.9,1.9,0.7,1,0,0.5,0.5,0.0,0.0,0.0,0.0,0,0
2025-2026,2026-05-24,Man City,Aston Villa,1,2,A,1,0,H,16,12,3,5,8,4,9,4,1,0,0,0,1562.133695473115,1516.3426265729668,45.791068900148275,2.0,0.8,2.2,1.6,1.8,1.2,0,0,0.5,0.5,0.0,0.0,0.0,0.0,0,0
2025-2026,2026-05-24,Nott'm Forest,Bournemouth,1,1,D,1,0,H,15,17,5,4,11,7,6,3,1,1,0,0,1493.6707467721083,1528.8826109439453,-35.21186417183708,2.1,0.9,1.7,1.5,0.9,1.8,0,0,0.5,0.5,0.0,0.0,0.0,0.0,0,0
2025-2026,2026-05-24,West Ham,Leeds,3,0,H,0,0,D,16,13,9,3,11,14,6,4,0,3,0,0,1460.488789445003,1511.8073911154838,-51.3186016704808,1.1,1.6,1.1,1.3,0.7,1.7,0,1,0.5,0.5,0.0,0.0,0.0,0.0,0,0
2025-2026,2026-05-24,Fulham,Newcastle,2,0,H,1,0,H,21,7,6,2,13,6,6,6,2,2,0,0,1478.9477367572558,1502.4640975645511,-23.516360807295314,0.7,1.2,0.9,1.5,1.3,1.4,0,0,0.5,0.5,0.0,0.0,0.0,0.0,0,0
2026-2027,2026-06-09,Everton,Man United,2,2,D,0,0,D,12,10,4,3,11,11,5,4,2,2,0,0,1485.1260393774492,1529.098509081877,-43.972469704427795,1.5,1.7,0.9,1.9,1.2,2.0,0,0,0.24831712789827973,0.6148092744951383,0.09999999999999998,0.3600000000000001,-22.5,152.0,1,1
2026-2027,2026-06-09,Arsenal,Chelsea,2,1,H,0,0,D,12,10,4,3,11,11,5,4,2,2,0,0,1544.2331860192558,1495.9876969760126,48.2454890432432,1.5,0.6,2.4,0.9,1.9,0.7,0,0,0.8092744951383695,1.0,-0.6300000000000001,0.06000000000000005,-153.0,31.0,0,1
2026-2027,2026-08-21,Arsenal,Coventry,3,0,H,0,0,D,12,10,4,3,11,11,5,4,2,2,0,0,1550.2077155829384,1445.7752087735596,104.43250680937876,1.5,0.6,2.4,0.0,1.0,0.0,0,1,0.8092744951383695,0.11368735976065819,-0.6300000000000001,0.24,-153.0,10.4,0,1
2026-2027,2026-08-22,Everton,Crystal Palace,2,0,H,0,0,D,12,10,4,3,11,11,5,4,2,2,0,0,1483.527272028737,1489.8323406325749,-6.305068603837981,1.5,1.9,0.7,1.1,1.8,1.0,0,0,0.24831712789827973,0.30067314884068813,0.09999999999999998,0.07000000000000006,-22.5,-17.0,1,1
2026-2027,2026-08-22,Ipswich,Sunderland,2,1,H,0,0,D,12,10,4,3,11,11,5,4,2,2,0,0,1425.706584843683,1504.716144082302,-79.00955923861898,0.8,2.2,0.5,1.3,1.5,1.5,1,0,0.15482423335826478,0.21465968586387435,0.6100000000000001,0.14,91.39999999999999,-9.3,1,0
2026-2027,2026-08-22,Nott'm Forest,Leeds,0,1,A,0,0,D,12,10,4,3,11,11,5,4,2,2,0,0,1494.279118550702,1502.239619442539,-7.960500891837,2.0,0.8,1.7,1.3,0.9,1.7,0,0,0.3268511593118923,0.22587883320867613,0.15000000000000002,-0.12,12.0,-89.3,0,0
2026-2027,2026-08-22,Brentford,Tottenham,3,0,H,0,0,D,12,10,4,3,11,11,5,4,2,2,0,0,1496.1798872072793,1490.8777443956988,5.302142811580552,1.2,1.3,1.0,0.9,1.1,1.3,0,0,0.3530291697830965,0.6409872849663426,0.07000000000000006,0.22,11.0,98.0,1,1
2026-2027,2026-08-22,Hull,Man United,2,0,H,0,0,D,12,10,4,3,11,11,5,4,2,2,0,0,1457.525847008585,1530.6972764305892,-73.17142942200417,1.1,2.2,1.1,2.0,1.2,2.1,1,0,0.0,0.6148092744951383,-0.08000000000000002,0.3600000000000001,-30.0,152.0,1,1
2026-2027,2026-08-23,Newcastle,Liverpool,2,2,D,0,0,D,12,10,4,3,11,11,5,4,2,2,0,0,1496.241412805633,1508.4701763414596,-12.228763535826602,1.3,1.4,1.1,1.7,1.4,1.5,0,0,0.3567688855646971,0.674644727000748,0.08000000000000004,0.25,-34.0,58.0,0,1
2026-2027,2026-08-23,Brighton,Aston Villa,4,0,H,0,0,D,12,10,4,3,11,11,5,4,2,2,0,0,1495.8863630956548,1521.216112901534,-25.329749805879146,1.5,1.1,1.7,1.7,1.5,1.5,0,0,0.42408376963350786,0.34181002243829467,0.27,0.06,111.0,11.0,0,0
2026-2027,2026-08-23,Man City,Bournemouth,2,1,H,0,0,D,12,10,4,3,11,11,5,4,2,2,0,0,1533.7173125307231,1521.5082318505356,12.209080680187526,1.9,0.8,2.1,1.6,1.0,1.8,0,0,0.8765893792071803,0.3642483171278983,0.09000000000000002,0.08000000000000002,13.0,7.0,1,1
2026-2027,2026-08-24,Fulham,Chelsea,2,3,A,0,0,D,12,10,4,3,11,11,5,4,2,2,0,0,1490.7468712196317,1490.01316741233,0.7337038073017084,0.9,1.1,1.2,0.6,2.0,0.4,0,0,0.16604338070306657,1.0,0.11000000000000004,0.06000000000000005,36.0,31.0,1,1
2026-2027,2026-08-28,Crystal Palace,Man City,1,4,A,0,0,D,12,10,4,3,11,11,5,4,2,2,0,0,1482.4655710222612,1540.595470058155,-58.129899035893686,1.1,2.0,0.9,2.0,0.8,2.3,0,0,0.30067314884068813,0.8765893792071803,0.07000000000000006,0.09000000000000002,-17.0,13.0,1,1
2026-2027,2026-08-29,Tottenham,Newcastle,0,2,A,0,0,D,12,10,4,3,11,11,5,4,2,2,0,0,1483.8190672859132,1493.7675580104774,-9.94849072456418,0.8,1.3,1.2,1.4,1.6,0.9,0,0,0.6409872849663426,0.3567688855646971,0.22,0.08000000000000004,98.0,-34.0,1,0
2026-2027,2026-08-29,Liverpool,Nott'm Forest,2,2,D,0,0,D,12,10,4,3,11,11,5,4,2,2,0,0,1510.9440311366152,1481.6902868933892,29.253744243226038,1.8,1.5,1.5,2.0,0.9,1.6,0,0,0.674644727000748,0.3268511593118923,0.25,0.15000000000000002,58.0,12.0,1,0
2026-2027,2026-08-29,Coventry,Hull,0,1,A,0,0,D,12,10,4,3,11,11,5,4,2,2,0,0,1441.0626769254293,1466.7551898114907,-25.692512886061422,0.0,2.0,0.0,1.1,2.1,1.1,1,1,0.11368735976065819,0.0,0.24,-0.08000000000000002,10.4,-30.0,1,1
2026-2027,2026-08-29,Bournemouth,Everton,1,1,D,0,0,D,12,10,4,3,11,11,5,4,2,2,0,0,1514.6300743231038,1490.8940416390506,23.73603268405327,1.7,1.2,1.7,1.7,1.7,1.0,0,0,0.3642483171278983,0.24831712789827973,0.08000000000000002,0.09999999999999998,7.0,-22.5,1,1
2026-2027,2026-08-30,Leeds,Brentford,1,1,D,0,0,D,12,10,4,3,11,11,5,4,2,2,0,0,1514.8284510998517,1503.2385643170649,11.589886782786834,1.4,0.9,1.9,1.3,1.1,1.2,0,0,0.22587883320867613,0.3530291697830965,-0.12,0.07000000000000006,-89.3,11.0,0,1
2026-2027,2026-08-30,Man United,Ipswich,5,2,H,0,0,D,12,10,4,3,11,11,5,4,2,2,0,0,1521.4679336276836,1435.1031653783389,86.3647682493447,1.7,1.3,1.8,0.8,2.2,0.5,0,1,0.6148092744951383,0.15482423335826478,0.3600000000000001,0.6100000000000001,152.0,91.39999999999999,1,1
2026-2027,2026-08-30,Sunderland,Fulham,1,0,H,0,0,D,12,10,4,3,11,11,5,4,2,2,0,0,1495.319563547646,1477.926122229669,17.39344131797702,1.4,1.6,1.5,1.1,1.4,1.1,0,0,0.21465968586387435,0.16604338070306657,0.14,0.11000000000000004,-9.3,36.0,0,1
2026-2027,2026-08-30,Chelsea,Brighton,4,3,H,0,0,D,12,10,4,3,11,11,5,4,2,2,0,0,1502.8339164022925,1503.7696705267947,-0.9357541245021821,0.9,2.1,0.7,1.8,1.1,1.7,0,0,1.0,0.42408376963350786,0.06000000000000005,0.27,31.0,111.0,1,0
2026-2027,2026-08-31,Aston Villa,Arsenal,0,1,A,0,0,D,12,10,4,3,11,11,5,4,2,2,0,0,1513.332805470394,1554.9202474310687,-41.587441960674596,1.6,1.6,1.5,1.7,0.6,2.4,0,0,0.34181002243829467,0.8092744951383695,0.06,-0.6300000000000001,11.0,-153.0,0,0
2026-2027,2026-12-09,Crystal Palace,Ipswich,2,3,A,0,0,D,12,10,4,3,11,11,5,4,2,2,0,0,1471.2662529695474,1430.005753051253,41.2604999182945,1.0,2.3,0.6,0.9,2.5,0.5,0,1,0.30067314884068813,0.15482423335826478,0.07000000000000006,0.6100000000000001,-17.0,91.39999999999999,0,0
2026-2027,2026-12-09,Chelsea,Hull,2,2,D,0,0,D,12,10,4,3,11,11,5,4,2,2,0,0,1510.0574547332792,1478.8619068230005,31.19554791027872,1.3,2.1,1.0,0.8,1.9,1.1,0,1,1.0,0.0,0.06000000000000005,-0.08000000000000002,31.0,-30.0,0,1
2026-2027,2026-12-09,Liverpool,Fulham,0,0,D,0,0,D,12,10,4,3,11,11,5,4,2,2,0,0,1507.3864388771174,1471.1820056113825,36.204433265734906,1.9,1.5,1.6,0.8,1.4,0.8,0,0,0.674644727000748,0.16604338070306657,0.25,0.11000000000000004,58.0,36.0,0,0
2026-2027,2026-12-09,Bournemouth,Brentford,2,2,D,0,0,D,12,10,4,3,11,11,5,4,2,2,0,0,1511.2119708943092,1506.3443129176542,4.867657976654982,1.6,1.1,1.7,1.4,1.2,1.2,0,0,0.3642483171278983,0.3530291697830965,0.08000000000000002,0.07000000000000006,7.0,11.0,0,1
2026-2027,2026-12-09,Sunderland,Arsenal,0,2,A,0,0,D,12,10,4,3,11,11,5,4,2,2,0,0,1502.0636801659327,1566.5858323678813,-64.52215220194853,1.3,1.5,1.5,1.6,0.6,2.4,0,0,0.21465968586387435,0.8092744951383695,0.14,-0.6300000000000001,-9.3,-153.0,0,0
2026-2027,2026-12-09,Aston Villa,Nott'm Forest,1,2,A,0,0,D,12,10,4,3,11,11,5,4,2,2,0,0,1501.6672205335815,1485.247879152887,16.419341380694505,1.4,1.7,1.2,1.9,1.1,1.4,0,0,0.34181002243829467,0.3268511593118923,0.06,0.15000000000000002,11.0,12.0,0,0
2026-2027,2026-12-09,Tottenham,Everton,0,0,D,0,0,D,12,10,4,3,11,11,5,4,2,2,0,0,1471.283698344446,1494.3121450678452,-23.028446723399156,0.8,1.2,1.2,1.5,1.8,0.8,0,0,0.6409872849663426,0.24831712789827973,0.22,0.09999999999999998,98.0,-22.5,0,0
