MatchDay,Date,HomeTeam,AwayTeam,HomeWin%,Draw%,AwayWin%,MostLikelyScore,Explanation,SnapshotDate,CompletedMatchesCount
1,2026-08-21,Arsenal,Coventry,63.8,24.18,12.02,1-1,"• **Team Strength (Elo)**: Arsenal is favored due to a higher Elo rating (differential of 235 points).
• **Squad Market Value**: Arsenal has a squad value advantage of €1200.0M.
• **Transfer Activity**: Arsenal boosted by signing Viktor Gyökeres; Coventry boosted by signing Jack Rudoni.
• **Home Advantage**: Arsenal benefits from playing at home (statistically boosts goal-scoring rate by ~22%).

**Prediction Summary**: Arsenal is predicted to win this fixture with **63.8%** confidence.",2026-09-13 12:32:37,37
1,2026-08-22,Hull,Man United,24.55,18.55,56.9,1-2,"• **Team Strength (Elo)**: Man United is favored due to a higher Elo rating (differential of 182 points).
• **Squad Market Value**: Man United has a squad value advantage of €822.0M.
• **Transfer Activity**: Hull boosted by signing Charlie Hughes; Man United boosted by signing Leny Yoro.
• **Injuries & Availability**: Hull is healthier with 100% availability vs. 90% for the opponent.
• **Home Advantage**: Hull benefits from playing at home (statistically boosts goal-scoring rate by ~22%).

**Prediction Summary**: Man United is predicted to win this fixture with **56.9%** confidence.",2026-09-13 12:32:37,37
1,2026-08-22,Everton,Crystal Palace,41.72,28.18,30.09,1-1,"• **Team Strength (Elo)**: Matchup is evenly balanced on historical Elo (differential of 3 points).
• **Transfer Activity**: Everton boosted by signing Iliman Ndiaye; Crystal Palace boosted by signing Eddie Nketiah.
• **Home Advantage**: Everton benefits from playing at home (statistically boosts goal-scoring rate by ~22%).

**Prediction Summary**: Everton is predicted to win this fixture with **41.7%** confidence.",2026-09-13 12:32:37,37
1,2026-08-22,Ipswich,Sunderland,30.97,25.31,43.72,1-1,"• **Team Strength (Elo)**: Sunderland is favored due to a higher Elo rating (differential of 105 points).
• **Transfer Activity**: Ipswich boosted by signing Omari Hutchinson; Sunderland boosted by signing Salis Abdul Samed.
• **Home Advantage**: Ipswich benefits from playing at home (statistically boosts goal-scoring rate by ~22%).

**Prediction Summary**: Sunderland is predicted to win this fixture with **43.7%** confidence.",2026-09-13 12:32:37,37
1,2026-08-22,Nott'm Forest,Leeds,46.29,27.13,26.57,1-1,"• **Team Strength (Elo)**: Matchup is evenly balanced on historical Elo (differential of 8 points).
• **Squad Market Value**: Nott'm Forest has a squad value advantage of €135.0M.
• **Transfer Activity**: Nott'm Forest boosted by signing Elliot Anderson; Leeds boosted by signing Joe Rodon.
• **Home Advantage**: Nott'm Forest benefits from playing at home (statistically boosts goal-scoring rate by ~22%).

**Prediction Summary**: Nott'm Forest is predicted to win this fixture with **46.3%** confidence.",2026-09-13 12:32:37,37
1,2026-08-22,Brentford,Tottenham,53.25,25.36,21.39,1-1,"• **Team Strength (Elo)**: Brentford is favored due to a higher Elo rating (differential of 55 points).
• **Squad Market Value**: Tottenham has a squad value advantage of €385.0M.
• **Transfer Activity**: Brentford boosted by signing Igor Thiago; Tottenham boosted by signing Dominic Solanke.
• **Home Advantage**: Brentford benefits from playing at home (statistically boosts goal-scoring rate by ~22%).

**Prediction Summary**: Brentford is predicted to win this fixture with **53.2%** confidence.",2026-09-13 12:32:37,37
1,2026-08-23,Brighton,Aston Villa,42.6,27.3,30.11,1-1,"• **Team Strength (Elo)**: Matchup is evenly balanced on historical Elo (differential of 36 points).
• **Squad Market Value**: Brighton has a squad value advantage of €110.0M.
• **Transfer Activity**: Brighton boosted by signing Georginio Rutter; Aston Villa boosted by signing Amadou Onana.
• **Home Advantage**: Brighton benefits from playing at home (statistically boosts goal-scoring rate by ~22%).

**Prediction Summary**: Brighton is predicted to win this fixture with **42.6%** confidence.",2026-09-13 12:32:37,37
1,2026-08-23,Man City,Bournemouth,53.88,25.53,20.59,1-1,"• **Team Strength (Elo)**: Man City is favored due to a higher Elo rating (differential of 64 points).
• **Squad Market Value**: Man City has a squad value advantage of €905.0M.
• **Transfer Activity**: Man City boosted by signing Tijjani Reijnders; Bournemouth boosted by signing Evanilson.
• **Injuries & Availability**: Bournemouth is healthier with 100% availability vs. 85% for the opponent.
• **Home Advantage**: Man City benefits from playing at home (statistically boosts goal-scoring rate by ~22%).

**Prediction Summary**: Man City is predicted to win this fixture with **53.9%** confidence.",2026-09-13 12:32:37,37
1,2026-08-23,Newcastle,Liverpool,34.04,21.83,44.12,1-1,"• **Team Strength (Elo)**: Liverpool is favored due to a higher Elo rating (differential of 55 points).
• **Squad Market Value**: Liverpool has a squad value advantage of €425.0M.
• **Transfer Activity**: Newcastle boosted by signing Lewis Hall; Liverpool boosted by signing Martin Zubimendi.
• **Home Advantage**: Newcastle benefits from playing at home (statistically boosts goal-scoring rate by ~22%).

**Prediction Summary**: Liverpool is predicted to win this fixture with **44.1%** confidence.",2026-09-13 12:32:37,37
1,2026-08-24,Fulham,Chelsea,37.71,27.66,34.64,1-1,"• **Team Strength (Elo)**: Matchup is evenly balanced on historical Elo (differential of 15 points).
• **Squad Market Value**: Chelsea has a squad value advantage of €1115.0M.
• **Transfer Activity**: Fulham boosted by signing Emile Smith Rowe; Chelsea boosted by signing Pedro Neto.
• **Home Advantage**: Fulham benefits from playing at home (statistically boosts goal-scoring rate by ~22%).

**Prediction Summary**: This matchup is highly contested with a close outcome probability. A Draw (27.7%) is a very strong possibility.",2026-09-13 12:32:37,37
2,2026-08-28,Crystal Palace,Man City,23.38,28.27,48.34,1-1,"• **Team Strength (Elo)**: Man City is favored due to a higher Elo rating (differential of 126 points).
• **Squad Market Value**: Man City has a squad value advantage of €990.0M.
• **Transfer Activity**: Crystal Palace boosted by signing Eddie Nketiah; Man City boosted by signing Tijjani Reijnders.
• **Injuries & Availability**: Crystal Palace is healthier with 100% availability vs. 85% for the opponent.
• **Home Advantage**: Crystal Palace benefits from playing at home (statistically boosts goal-scoring rate by ~22%).

**Prediction Summary**: Man City is predicted to win this fixture with **48.3%** confidence.",2026-09-13 12:32:37,37
2,2026-08-29,Bournemouth,Everton,49.33,27.14,23.54,1-1,"• **Team Strength (Elo)**: Bournemouth is favored due to a higher Elo rating (differential of 51 points).
• **Squad Market Value**: Bournemouth has a squad value advantage of €155.0M.
• **Transfer Activity**: Bournemouth boosted by signing Evanilson; Everton boosted by signing Iliman Ndiaye.
• **Home Advantage**: Bournemouth benefits from playing at home (statistically boosts goal-scoring rate by ~22%).

**Prediction Summary**: Bournemouth is predicted to win this fixture with **49.3%** confidence.",2026-09-13 12:32:37,37
2,2026-08-29,Coventry,Hull,50.65,25.48,23.87,1-1,"• **Team Strength (Elo)**: Matchup is evenly balanced on historical Elo (differential of 5 points).
• **Squad Market Value**: Coventry has a squad value advantage of €152.0M.
• **Transfer Activity**: Coventry boosted by signing Jack Rudoni; Hull boosted by signing Charlie Hughes.
• **Home Advantage**: Coventry benefits from playing at home (statistically boosts goal-scoring rate by ~22%).

**Prediction Summary**: Coventry is predicted to win this fixture with **50.6%** confidence.",2026-09-13 12:32:37,37
2,2026-08-29,Liverpool,Nott'm Forest,54.21,25.29,20.5,1-1,"• **Team Strength (Elo)**: Liverpool is favored due to a higher Elo rating (differential of 58 points).
• **Squad Market Value**: Liverpool has a squad value advantage of €465.0M.
• **Transfer Activity**: Liverpool boosted by signing Martin Zubimendi; Nott'm Forest boosted by signing Elliot Anderson.
• **Home Advantage**: Liverpool benefits from playing at home (statistically boosts goal-scoring rate by ~22%).

**Prediction Summary**: Liverpool is predicted to win this fixture with **54.2%** confidence.",2026-09-13 12:32:37,37
2,2026-08-29,Tottenham,Newcastle,37.85,25.66,36.49,1-1,"• **Team Strength (Elo)**: Matchup is evenly balanced on historical Elo (differential of 45 points).
• **Squad Market Value**: Tottenham has a squad value advantage of €380.0M.
• **Transfer Activity**: Tottenham boosted by signing Dominic Solanke; Newcastle boosted by signing Lewis Hall.
• **Home Advantage**: Tottenham benefits from playing at home (statistically boosts goal-scoring rate by ~22%).

**Prediction Summary**: This matchup is highly contested with a close outcome probability. A Draw (25.7%) is a very strong possibility.",2026-09-13 12:32:37,37
2,2026-08-30,Chelsea,Brighton,38.76,27.41,33.83,1-1,"• **Team Strength (Elo)**: Matchup is evenly balanced on historical Elo (differential of 8 points).
• **Squad Market Value**: Chelsea has a squad value advantage of €770.0M.
• **Transfer Activity**: Chelsea boosted by signing Pedro Neto; Brighton boosted by signing Georginio Rutter.
• **Home Advantage**: Chelsea benefits from playing at home (statistically boosts goal-scoring rate by ~22%).

**Prediction Summary**: This matchup is highly contested with a close outcome probability. A Draw (27.4%) is a very strong possibility.",2026-09-13 12:32:37,37
2,2026-08-30,Leeds,Brentford,35.55,27.02,37.43,1-1,"• **Team Strength (Elo)**: Matchup is evenly balanced on historical Elo (differential of 31 points).
• **Squad Market Value**: Brentford has a squad value advantage of €170.0M.
• **Transfer Activity**: Leeds boosted by signing Joe Rodon; Brentford boosted by signing Igor Thiago.
• **Home Advantage**: Leeds benefits from playing at home (statistically boosts goal-scoring rate by ~22%).

**Prediction Summary**: This matchup is highly contested with a close outcome probability. A Draw (27.0%) is a very strong possibility.",2026-09-13 12:32:37,37
2,2026-08-30,Man United,Ipswich,67.71,19.68,12.61,2-1,"• **Team Strength (Elo)**: Man United is favored due to a higher Elo rating (differential of 181 points).
• **Squad Market Value**: Man United has a squad value advantage of €615.0M.
• **Transfer Activity**: Man United boosted by signing Leny Yoro; Ipswich boosted by signing Omari Hutchinson.
• **Injuries & Availability**: Ipswich is healthier with 100% availability vs. 90% for the opponent.
• **Home Advantage**: Man United benefits from playing at home (statistically boosts goal-scoring rate by ~22%).

**Prediction Summary**: Man United is predicted to win this fixture with **67.7%** confidence.",2026-09-13 12:32:37,37
2,2026-08-30,Sunderland,Fulham,38.29,30.37,31.34,1-1,"• **Team Strength (Elo)**: Matchup is evenly balanced on historical Elo (differential of 12 points).
• **Transfer Activity**: Sunderland boosted by signing Salis Abdul Samed; Fulham boosted by signing Emile Smith Rowe.
• **Home Advantage**: Sunderland benefits from playing at home (statistically boosts goal-scoring rate by ~22%).

**Prediction Summary**: Sunderland is predicted to win this fixture with **38.3%** confidence.",2026-09-13 12:32:37,37
2,2026-08-31,Aston Villa,Arsenal,27.1,26.01,46.89,1-1,"• **Team Strength (Elo)**: Arsenal is favored due to a higher Elo rating (differential of 82 points).
• **Squad Market Value**: Arsenal has a squad value advantage of €895.0M.
• **Transfer Activity**: Aston Villa boosted by signing Amadou Onana; Arsenal boosted by signing Viktor Gyökeres.
• **Home Advantage**: Aston Villa benefits from playing at home (statistically boosts goal-scoring rate by ~22%).

**Prediction Summary**: Arsenal is predicted to win this fixture with **46.9%** confidence.",2026-09-13 12:32:37,37
3,2026-09-04,Ipswich,Liverpool,15.51,23.97,60.52,1-1,"• **Team Strength (Elo)**: Liverpool is favored due to a higher Elo rating (differential of 176 points).
• **Squad Market Value**: Liverpool has a squad value advantage of €695.0M.
• **Transfer Activity**: Ipswich boosted by signing Omari Hutchinson; Liverpool boosted by signing Martin Zubimendi.
• **Home Advantage**: Ipswich benefits from playing at home (statistically boosts goal-scoring rate by ~22%).

**Prediction Summary**: Liverpool is predicted to win this fixture with **60.5%** confidence.",2026-09-13 12:32:37,37
3,2026-09-05,Brentford,Sunderland,47.38,27.59,25.02,1-1,"• **Team Strength (Elo)**: Matchup is evenly balanced on historical Elo (differential of 25 points).
• **Squad Market Value**: Brentford has a squad value advantage of €185.0M.
• **Transfer Activity**: Brentford boosted by signing Igor Thiago; Sunderland boosted by signing Salis Abdul Samed.
• **Home Advantage**: Brentford benefits from playing at home (statistically boosts goal-scoring rate by ~22%).

**Prediction Summary**: Brentford is predicted to win this fixture with **47.4%** confidence.",2026-09-13 12:32:37,37
3,2026-09-05,Brighton,Leeds,49.33,26.72,23.95,1-1,"• **Team Strength (Elo)**: Matchup is evenly balanced on historical Elo (differential of 33 points).
• **Squad Market Value**: Brighton has a squad value advantage of €265.0M.
• **Transfer Activity**: Brighton boosted by signing Georginio Rutter; Leeds boosted by signing Joe Rodon.
• **Home Advantage**: Brighton benefits from playing at home (statistically boosts goal-scoring rate by ~22%).

**Prediction Summary**: Brighton is predicted to win this fixture with **49.3%** confidence.",2026-09-13 12:32:37,37
3,2026-09-05,Fulham,Crystal Palace,41.96,28.04,30.01,1-1,"• **Team Strength (Elo)**: Matchup is evenly balanced on historical Elo (differential of 11 points).
• **Squad Market Value**: Crystal Palace has a squad value advantage of €180.0M.
• **Transfer Activity**: Fulham boosted by signing Emile Smith Rowe; Crystal Palace boosted by signing Eddie Nketiah.
• **Home Advantage**: Fulham benefits from playing at home (statistically boosts goal-scoring rate by ~22%).

**Prediction Summary**: Fulham is predicted to win this fixture with **42.0%** confidence.",2026-09-13 12:32:37,37
3,2026-09-05,Hull,Aston Villa,25.43,20.05,54.52,0-1,"• **Team Strength (Elo)**: Aston Villa is favored due to a higher Elo rating (differential of 165 points).
• **Squad Market Value**: Aston Villa has a squad value advantage of €457.0M.
• **Transfer Activity**: Hull boosted by signing Charlie Hughes; Aston Villa boosted by signing Amadou Onana.
• **Home Advantage**: Hull benefits from playing at home (statistically boosts goal-scoring rate by ~22%).

**Prediction Summary**: Aston Villa is predicted to win this fixture with **54.5%** confidence.",2026-09-13 12:32:37,37
3,2026-09-05,Man City,Coventry,59.16,24.46,16.38,1-1,"• **Team Strength (Elo)**: Man City is favored due to a higher Elo rating (differential of 216 points).
• **Squad Market Value**: Man City has a squad value advantage of €1240.0M.
• **Transfer Activity**: Man City boosted by signing Tijjani Reijnders; Coventry boosted by signing Jack Rudoni.
• **Injuries & Availability**: Coventry is healthier with 100% availability vs. 85% for the opponent.
• **Home Advantage**: Man City benefits from playing at home (statistically boosts goal-scoring rate by ~22%).

**Prediction Summary**: Man City is predicted to win this fixture with **59.2%** confidence.",2026-09-13 12:32:37,37
3,2026-09-05,Newcastle,Bournemouth,35.73,26.0,38.27,1-1,"• **Team Strength (Elo)**: Matchup is evenly balanced on historical Elo (differential of 48 points).
• **Transfer Activity**: Newcastle boosted by signing Lewis Hall; Bournemouth boosted by signing Evanilson.
• **Injuries & Availability**: Bournemouth is healthier with 100% availability vs. 85% for the opponent.
• **Home Advantage**: Newcastle benefits from playing at home (statistically boosts goal-scoring rate by ~22%).

**Prediction Summary**: This matchup is highly contested with a close outcome probability. A Draw (26.0%) is a very strong possibility.",2026-09-13 12:32:37,37
3,2026-09-05,Nott'm Forest,Tottenham,49.97,26.54,23.49,1-1,"• **Team Strength (Elo)**: Matchup is evenly balanced on historical Elo (differential of 38 points).
• **Squad Market Value**: Tottenham has a squad value advantage of €420.0M.
• **Transfer Activity**: Nott'm Forest boosted by signing Elliot Anderson; Tottenham boosted by signing Dominic Solanke.
• **Home Advantage**: Nott'm Forest benefits from playing at home (statistically boosts goal-scoring rate by ~22%).

**Prediction Summary**: Nott'm Forest is predicted to win this fixture with **50.0%** confidence.",2026-09-13 12:32:37,37
3,2026-09-06,Arsenal,Chelsea,61.11,21.51,17.38,2-0,"• **Team Strength (Elo)**: Arsenal is favored due to a higher Elo rating (differential of 117 points).
• **Transfer Activity**: Arsenal boosted by signing Viktor Gyökeres; Chelsea boosted by signing Pedro Neto.
• **Injuries & Availability**: Chelsea is healthier with 100% availability vs. 85% for the opponent.
• **Home Advantage**: Arsenal benefits from playing at home (statistically boosts goal-scoring rate by ~22%).

**Prediction Summary**: Arsenal is predicted to win this fixture with **61.1%** confidence.",2026-09-13 12:32:37,37
3,2026-09-06,Everton,Man United,31.96,26.94,41.11,1-1,"• **Team Strength (Elo)**: Man United is favored due to a higher Elo rating (differential of 79 points).
• **Squad Market Value**: Man United has a squad value advantage of €490.0M.
• **Transfer Activity**: Everton boosted by signing Iliman Ndiaye; Man United boosted by signing Leny Yoro.
• **Injuries & Availability**: Everton is healthier with 100% availability vs. 90% for the opponent.
• **Home Advantage**: Everton benefits from playing at home (statistically boosts goal-scoring rate by ~22%).

**Prediction Summary**: Man United is predicted to win this fixture with **41.1%** confidence.",2026-09-13 12:32:37,37
4,2026-09-12,Bournemouth,Brentford,42.88,26.94,30.18,1-1,"• **Team Strength (Elo)**: Matchup is evenly balanced on historical Elo (differential of 26 points).
• **Transfer Activity**: Bournemouth boosted by signing Evanilson; Brentford boosted by signing Igor Thiago.
• **Home Advantage**: Bournemouth benefits from playing at home (statistically boosts goal-scoring rate by ~22%).

**Prediction Summary**: Bournemouth is predicted to win this fixture with **42.9%** confidence.",2026-09-13 12:32:37,37
4,2026-09-12,Aston Villa,Nott'm Forest,42.0,28.69,29.32,1-1,"• **Team Strength (Elo)**: Matchup is evenly balanced on historical Elo (differential of 48 points).
• **Transfer Activity**: Aston Villa boosted by signing Amadou Onana; Nott'm Forest boosted by signing Elliot Anderson.
• **Injuries & Availability**: Nott'm Forest is healthier with 100% availability vs. 88% for the opponent.
• **Home Advantage**: Aston Villa benefits from playing at home (statistically boosts goal-scoring rate by ~22%).

**Prediction Summary**: Aston Villa is predicted to win this fixture with **42.0%** confidence.",2026-09-13 12:32:37,37
4,2026-09-12,Chelsea,Hull,50.0,27.5,22.51,1-1,"• **Team Strength (Elo)**: Chelsea is favored due to a higher Elo rating (differential of 122 points).
• **Squad Market Value**: Chelsea has a squad value advantage of €1337.0M.
• **Transfer Activity**: Chelsea boosted by signing Pedro Neto; Hull boosted by signing Charlie Hughes.
• **Home Advantage**: Chelsea benefits from playing at home (statistically boosts goal-scoring rate by ~22%).

**Prediction Summary**: Chelsea is predicted to win this fixture with **50.0%** confidence.",2026-09-13 12:32:37,37
4,2026-09-12,Crystal Palace,Ipswich,64.62,20.43,14.94,2-0,"• **Team Strength (Elo)**: Crystal Palace is favored due to a higher Elo rating (differential of 107 points).
• **Squad Market Value**: Crystal Palace has a squad value advantage of €195.0M.
• **Transfer Activity**: Crystal Palace boosted by signing Eddie Nketiah; Ipswich boosted by signing Omari Hutchinson.
• **Home Advantage**: Crystal Palace benefits from playing at home (statistically boosts goal-scoring rate by ~22%).

**Prediction Summary**: Crystal Palace is predicted to win this fixture with **64.6%** confidence.",2026-09-13 12:32:37,37
4,2026-09-12,Liverpool,Fulham,60.07,23.23,16.7,1-1,"• **Team Strength (Elo)**: Liverpool is favored due to a higher Elo rating (differential of 62 points).
• **Squad Market Value**: Liverpool has a squad value advantage of €680.0M.
• **Transfer Activity**: Liverpool boosted by signing Martin Zubimendi; Fulham boosted by signing Emile Smith Rowe.
• **Home Advantage**: Liverpool benefits from playing at home (statistically boosts goal-scoring rate by ~22%).

**Prediction Summary**: Liverpool is predicted to win this fixture with **60.1%** confidence.",2026-09-13 12:32:37,37
4,2026-09-12,Sunderland,Arsenal,20.7,28.57,50.73,0-1,"• **Team Strength (Elo)**: Arsenal is favored due to a higher Elo rating (differential of 145 points).
• **Squad Market Value**: Arsenal has a squad value advantage of €1065.0M.
• **Transfer Activity**: Sunderland boosted by signing Salis Abdul Samed; Arsenal boosted by signing Viktor Gyökeres.
• **Injuries & Availability**: Sunderland is healthier with 100% availability vs. 85% for the opponent.
• **Home Advantage**: Sunderland benefits from playing at home (statistically boosts goal-scoring rate by ~22%).

**Prediction Summary**: Arsenal is predicted to win this fixture with **50.7%** confidence.",2026-09-13 12:32:37,37
4,2026-09-12,Tottenham,Everton,38.95,28.23,32.82,1-1,"• **Team Strength (Elo)**: Matchup is evenly balanced on historical Elo (differential of 37 points).
• **Squad Market Value**: Tottenham has a squad value advantage of €525.0M.
• **Transfer Activity**: Tottenham boosted by signing Dominic Solanke; Everton boosted by signing Iliman Ndiaye.
• **Home Advantage**: Tottenham benefits from playing at home (statistically boosts goal-scoring rate by ~22%).

**Prediction Summary**: Tottenham is predicted to win this fixture with **38.9%** confidence.",2026-09-13 12:32:37,37
4,2026-09-13,Coventry,Brighton,29.22,26.14,44.63,1-1,"• **Team Strength (Elo)**: Brighton is favored due to a higher Elo rating (differential of 128 points).
• **Squad Market Value**: Brighton has a squad value advantage of €415.0M.
• **Transfer Activity**: Coventry boosted by signing Jack Rudoni; Brighton boosted by signing Georginio Rutter.
• **Home Advantage**: Coventry benefits from playing at home (statistically boosts goal-scoring rate by ~22%).

**Prediction Summary**: Brighton is predicted to win this fixture with **44.6%** confidence.",2026-09-13 12:32:37,37
4,2026-09-13,Man United,Man City,34.48,27.15,38.37,1-1,"• **Team Strength (Elo)**: Matchup is evenly balanced on historical Elo (differential of 45 points).
• **Squad Market Value**: Man City has a squad value advantage of €570.0M.
• **Transfer Activity**: Man United boosted by signing Leny Yoro; Man City boosted by signing Tijjani Reijnders.
• **Injuries & Availability**: Man United is healthier with 90% availability vs. 85% for the opponent.
• **Home Advantage**: Man United benefits from playing at home (statistically boosts goal-scoring rate by ~22%).

**Prediction Summary**: This matchup is highly contested with a close outcome probability. A Draw (27.1%) is a very strong possibility.",2026-09-13 12:32:37,37
4,2026-09-14,Leeds,Newcastle,41.38,27.12,31.49,1-1,"• **Team Strength (Elo)**: Matchup is evenly balanced on historical Elo (differential of 16 points).
• **Squad Market Value**: Newcastle has a squad value advantage of €175.0M.
• **Transfer Activity**: Leeds boosted by signing Joe Rodon; Newcastle boosted by signing Lewis Hall.
• **Injuries & Availability**: Leeds is healthier with 100% availability vs. 85% for the opponent.
• **Home Advantage**: Leeds benefits from playing at home (statistically boosts goal-scoring rate by ~22%).

**Prediction Summary**: Leeds is predicted to win this fixture with **41.4%** confidence.",2026-09-13 12:32:37,37
5,2026-09-18,Brentford,Chelsea,46.33,26.6,27.07,1-1,"• **Team Strength (Elo)**: Matchup is evenly balanced on historical Elo (differential of 7 points).
• **Squad Market Value**: Chelsea has a squad value advantage of €865.0M.
• **Transfer Activity**: Brentford boosted by signing Igor Thiago; Chelsea boosted by signing Pedro Neto.
• **Fatigue**: Chelsea is on short rest (midweek match congestion) while Brentford is fully rested.
• **Home Advantage**: Brentford benefits from playing at home (statistically boosts goal-scoring rate by ~22%).

**Prediction Summary**: Brentford is predicted to win this fixture with **46.3%** confidence.",2026-09-13 12:32:37,37
5,2026-09-19,Brighton,Arsenal,30.67,30.34,38.99,1-1,"• **Team Strength (Elo)**: Arsenal is favored due to a higher Elo rating (differential of 113 points).
• **Squad Market Value**: Arsenal has a squad value advantage of €785.0M.
• **Transfer Activity**: Brighton boosted by signing Georginio Rutter; Arsenal boosted by signing Viktor Gyökeres.
• **Injuries & Availability**: Brighton is healthier with 100% availability vs. 85% for the opponent.
• **Fatigue**: Arsenal is on short rest (midweek match congestion) while Brighton is fully rested.
• **Home Advantage**: Brighton benefits from playing at home (statistically boosts goal-scoring rate by ~22%).

**Prediction Summary**: Arsenal is predicted to win this fixture with **39.0%** confidence.",2026-09-13 12:32:37,37
5,2026-09-19,Everton,Ipswich,65.51,19.38,15.11,2-1,"• **Team Strength (Elo)**: Everton is favored due to a higher Elo rating (differential of 112 points).
• **Squad Market Value**: Everton has a squad value advantage of €125.0M.
• **Transfer Activity**: Everton boosted by signing Iliman Ndiaye; Ipswich boosted by signing Omari Hutchinson.
• **Home Advantage**: Everton benefits from playing at home (statistically boosts goal-scoring rate by ~22%).

**Prediction Summary**: Everton is predicted to win this fixture with **65.5%** confidence.",2026-09-13 12:32:37,37
5,2026-09-19,Newcastle,Hull,48.5,28.97,22.53,1-0,"• **Team Strength (Elo)**: Newcastle is favored due to a higher Elo rating (differential of 108 points).
• **Squad Market Value**: Newcastle has a squad value advantage of €477.0M.
• **Transfer Activity**: Newcastle boosted by signing Lewis Hall; Hull boosted by signing Charlie Hughes.
• **Injuries & Availability**: Hull is healthier with 100% availability vs. 85% for the opponent.
• **Home Advantage**: Newcastle benefits from playing at home (statistically boosts goal-scoring rate by ~22%).

**Prediction Summary**: Newcastle is predicted to win this fixture with **48.5%** confidence.",2026-09-13 12:32:37,37
5,2026-09-19,Nott'm Forest,Coventry,56.76,23.55,19.68,1-1,"• **Team Strength (Elo)**: Nott'm Forest is favored due to a higher Elo rating (differential of 104 points).
• **Squad Market Value**: Nott'm Forest has a squad value advantage of €285.0M.
• **Transfer Activity**: Nott'm Forest boosted by signing Elliot Anderson; Coventry boosted by signing Jack Rudoni.
• **Home Advantage**: Nott'm Forest benefits from playing at home (statistically boosts goal-scoring rate by ~22%).

**Prediction Summary**: Nott'm Forest is predicted to win this fixture with **56.8%** confidence.",2026-09-13 12:32:37,37
5,2026-09-19,Tottenham,Aston Villa,35.62,27.56,36.82,1-1,"• **Team Strength (Elo)**: Aston Villa is favored due to a higher Elo rating (differential of 91 points).
• **Squad Market Value**: Tottenham has a squad value advantage of €400.0M.
• **Transfer Activity**: Tottenham boosted by signing Dominic Solanke; Aston Villa boosted by signing Amadou Onana.
• **Injuries & Availability**: Tottenham is healthier with 100% availability vs. 88% for the opponent.
• **Fatigue**: Both teams are facing congested schedules (midweek matches).
• **Home Advantage**: Tottenham benefits from playing at home (statistically boosts goal-scoring rate by ~22%).

**Prediction Summary**: This matchup is highly contested with a close outcome probability. A Draw (27.6%) is a very strong possibility.",2026-09-13 12:32:37,37
5,2026-09-20,Bournemouth,Liverpool,37.08,26.19,36.73,1-1,"• **Team Strength (Elo)**: Matchup is evenly balanced on historical Elo (differential of 22 points).
• **Squad Market Value**: Liverpool has a squad value advantage of €415.0M.
• **Transfer Activity**: Bournemouth boosted by signing Evanilson; Liverpool boosted by signing Martin Zubimendi.
• **Fatigue**: Liverpool is on short rest (midweek match congestion) while Bournemouth is fully rested.
• **Home Advantage**: Bournemouth benefits from playing at home (statistically boosts goal-scoring rate by ~22%).

**Prediction Summary**: This matchup is highly contested with a close outcome probability. A Draw (26.2%) is a very strong possibility.",2026-09-13 12:32:37,37
5,2026-09-20,Fulham,Man United,33.84,28.2,37.96,1-1,"• **Team Strength (Elo)**: Man United is favored due to a higher Elo rating (differential of 72 points).
• **Squad Market Value**: Man United has a squad value advantage of €600.0M.
• **Transfer Activity**: Fulham boosted by signing Emile Smith Rowe; Man United boosted by signing Leny Yoro.
• **Injuries & Availability**: Fulham is healthier with 100% availability vs. 85% for the opponent.
• **Fatigue**: Man United is on short rest (midweek match congestion) while Fulham is fully rested.
• **Home Advantage**: Fulham benefits from playing at home (statistically boosts goal-scoring rate by ~22%).

**Prediction Summary**: This matchup is highly contested with a close outcome probability. A Draw (28.2%) is a very strong possibility.",2026-09-13 12:32:37,37
5,2026-09-20,Leeds,Crystal Palace,39.38,27.63,32.98,1-1,"• **Team Strength (Elo)**: Matchup is evenly balanced on historical Elo (differential of 9 points).
• **Transfer Activity**: Leeds boosted by signing Joe Rodon; Crystal Palace boosted by signing Eddie Nketiah.
• **Home Advantage**: Leeds benefits from playing at home (statistically boosts goal-scoring rate by ~22%).

**Prediction Summary**: Leeds is predicted to win this fixture with **39.4%** confidence.",2026-09-13 12:32:37,37
5,2026-09-20,Man City,Sunderland,61.38,22.11,16.51,1-0,"• **Team Strength (Elo)**: Man City is favored due to a higher Elo rating (differential of 124 points).
• **Squad Market Value**: Man City has a squad value advantage of €1105.0M.
• **Transfer Activity**: Man City boosted by signing Tijjani Reijnders; Sunderland boosted by signing Salis Abdul Samed.
• **Injuries & Availability**: Sunderland is healthier with 100% availability vs. 85% for the opponent.
• **Fatigue**: Man City is on short rest (midweek match congestion) while Sunderland is fully rested.
• **Home Advantage**: Man City benefits from playing at home (statistically boosts goal-scoring rate by ~22%).

**Prediction Summary**: Man City is predicted to win this fixture with **61.4%** confidence.",2026-09-13 12:32:37,37
6,2026-10-10,Arsenal,Leeds,66.6,20.08,13.32,2-0,"• **Team Strength (Elo)**: Arsenal is favored due to a higher Elo rating (differential of 150 points).
• **Squad Market Value**: Arsenal has a squad value advantage of €1050.0M.
• **Transfer Activity**: Arsenal boosted by signing Viktor Gyökeres; Leeds boosted by signing Joe Rodon.
• **Injuries & Availability**: Leeds is healthier with 100% availability vs. 85% for the opponent.
• **Home Advantage**: Arsenal benefits from playing at home (statistically boosts goal-scoring rate by ~22%).

**Prediction Summary**: Arsenal is predicted to win this fixture with **66.6%** confidence.",2026-09-13 12:32:37,37
6,2026-10-10,Aston Villa,Brentford,44.26,26.28,29.46,1-1,"• **Team Strength (Elo)**: Matchup is evenly balanced on historical Elo (differential of 24 points).
• **Transfer Activity**: Aston Villa boosted by signing Amadou Onana; Brentford boosted by signing Igor Thiago.
• **Injuries & Availability**: Both squads are dealing with minor availability losses (~12% out).
• **Home Advantage**: Aston Villa benefits from playing at home (statistically boosts goal-scoring rate by ~22%).

**Prediction Summary**: Aston Villa is predicted to win this fixture with **44.3%** confidence.",2026-09-13 12:32:37,37
6,2026-10-10,Chelsea,Bournemouth,32.79,24.51,42.7,1-1,"• **Team Strength (Elo)**: Matchup is evenly balanced on historical Elo (differential of 39 points).
• **Squad Market Value**: Chelsea has a squad value advantage of €850.0M.
• **Transfer Activity**: Chelsea boosted by signing Pedro Neto; Bournemouth boosted by signing Evanilson.
• **Injuries & Availability**: Bournemouth is healthier with 100% availability vs. 82% for the opponent.
• **Home Advantage**: Chelsea benefits from playing at home (statistically boosts goal-scoring rate by ~22%).

**Prediction Summary**: Bournemouth is predicted to win this fixture with **42.7%** confidence.",2026-09-13 12:32:37,37
6,2026-10-10,Ipswich,Fulham,25.83,24.33,49.84,1-1,"• **Team Strength (Elo)**: Fulham is favored due to a higher Elo rating (differential of 121 points).
• **Transfer Activity**: Ipswich boosted by signing Omari Hutchinson; Fulham boosted by signing Emile Smith Rowe.
• **Home Advantage**: Ipswich benefits from playing at home (statistically boosts goal-scoring rate by ~22%).

**Prediction Summary**: Fulham is predicted to win this fixture with **49.8%** confidence.",2026-09-13 12:32:37,37
6,2026-10-10,Man United,Tottenham,58.52,20.91,20.57,2-1,"• **Team Strength (Elo)**: Man United is favored due to a higher Elo rating (differential of 111 points).
• **Transfer Activity**: Man United boosted by signing Leny Yoro; Tottenham boosted by signing Dominic Solanke.
• **Injuries & Availability**: Tottenham is healthier with 100% availability vs. 85% for the opponent.
• **Home Advantage**: Man United benefits from playing at home (statistically boosts goal-scoring rate by ~22%).

**Prediction Summary**: Man United is predicted to win this fixture with **58.5%** confidence.",2026-09-13 12:32:37,37
6,2026-10-10,Sunderland,Brighton,32.58,28.05,39.37,1-1,"• **Team Strength (Elo)**: Matchup is evenly balanced on historical Elo (differential of 38 points).
• **Squad Market Value**: Brighton has a squad value advantage of €280.0M.
• **Transfer Activity**: Sunderland boosted by signing Salis Abdul Samed; Brighton boosted by signing Georginio Rutter.
• **Home Advantage**: Sunderland benefits from playing at home (statistically boosts goal-scoring rate by ~22%).

**Prediction Summary**: Brighton is predicted to win this fixture with **39.4%** confidence.",2026-09-13 12:32:37,37
6,2026-10-11,Crystal Palace,Nott'm Forest,35.45,27.55,37.0,1-1,"• **Team Strength (Elo)**: Matchup is evenly balanced on historical Elo (differential of 14 points).
• **Transfer Activity**: Crystal Palace boosted by signing Eddie Nketiah; Nott'm Forest boosted by signing Elliot Anderson.
• **Injuries & Availability**: Nott'm Forest is healthier with 88% availability vs. 85% for the opponent.
• **Home Advantage**: Crystal Palace benefits from playing at home (statistically boosts goal-scoring rate by ~22%).

**Prediction Summary**: This matchup is highly contested with a close outcome probability. A Draw (27.5%) is a very strong possibility.",2026-09-13 12:32:37,37
6,2026-10-11,Hull,Everton,22.31,23.64,54.05,0-1,"• **Team Strength (Elo)**: Everton is favored due to a higher Elo rating (differential of 112 points).
• **Squad Market Value**: Everton has a squad value advantage of €332.0M.
• **Transfer Activity**: Hull boosted by signing Charlie Hughes; Everton boosted by signing Iliman Ndiaye.
• **Home Advantage**: Hull benefits from playing at home (statistically boosts goal-scoring rate by ~22%).

**Prediction Summary**: Everton is predicted to win this fixture with **54.1%** confidence.",2026-09-13 12:32:37,37
6,2026-10-11,Liverpool,Man City,32.16,22.24,45.6,1-1,"• **Team Strength (Elo)**: Man City is favored due to a higher Elo rating (differential of 56 points).
• **Squad Market Value**: Man City has a squad value advantage of €490.0M.
• **Transfer Activity**: Liverpool boosted by signing Martin Zubimendi; Man City boosted by signing Tijjani Reijnders.
• **Injuries & Availability**: Both squads are dealing with minor availability losses (~20% out).
• **Home Advantage**: Liverpool benefits from playing at home (statistically boosts goal-scoring rate by ~22%).

**Prediction Summary**: Man City is predicted to win this fixture with **45.6%** confidence.",2026-09-13 12:32:37,37
6,2026-10-12,Coventry,Newcastle,32.27,25.79,41.94,1-1,"• **Team Strength (Elo)**: Newcastle is favored due to a higher Elo rating (differential of 106 points).
• **Squad Market Value**: Newcastle has a squad value advantage of €325.0M.
• **Transfer Activity**: Coventry boosted by signing Jack Rudoni; Newcastle boosted by signing Lewis Hall.
• **Home Advantage**: Coventry benefits from playing at home (statistically boosts goal-scoring rate by ~22%).

**Prediction Summary**: Newcastle is predicted to win this fixture with **41.9%** confidence.",2026-09-13 12:32:37,37
7,2026-10-17,Brentford,Liverpool,38.13,25.19,36.68,1-1,"• **Team Strength (Elo)**: Matchup is evenly balanced on historical Elo (differential of 44 points).
• **Squad Market Value**: Liverpool has a squad value advantage of €430.0M.
• **Transfer Activity**: Brentford boosted by signing Igor Thiago; Liverpool boosted by signing Martin Zubimendi.
• **Injuries & Availability**: Brentford is healthier with 88% availability vs. 82% for the opponent.
• **Home Advantage**: Brentford benefits from playing at home (statistically boosts goal-scoring rate by ~22%).

**Prediction Summary**: This matchup is highly contested with a close outcome probability. A Draw (25.2%) is a very strong possibility.",2026-09-13 12:32:37,37
7,2026-10-17,Everton,Chelsea,45.88,27.29,26.82,1-1,"• **Team Strength (Elo)**: Matchup is evenly balanced on historical Elo (differential of 9 points).
• **Squad Market Value**: Chelsea has a squad value advantage of €1005.0M.
• **Transfer Activity**: Everton boosted by signing Iliman Ndiaye; Chelsea boosted by signing Pedro Neto.
• **Injuries & Availability**: Everton is healthier with 100% availability vs. 82% for the opponent.
• **Home Advantage**: Everton benefits from playing at home (statistically boosts goal-scoring rate by ~22%).

**Prediction Summary**: Everton is predicted to win this fixture with **45.9%** confidence.",2026-09-13 12:32:37,37
7,2026-10-17,Fulham,Hull,47.37,30.53,22.1,1-0,"• **Team Strength (Elo)**: Fulham is favored due to a higher Elo rating (differential of 109 points).
• **Squad Market Value**: Fulham has a squad value advantage of €222.0M.
• **Transfer Activity**: Fulham boosted by signing Emile Smith Rowe; Hull boosted by signing Charlie Hughes.
• **Home Advantage**: Fulham benefits from playing at home (statistically boosts goal-scoring rate by ~22%).

**Prediction Summary**: Fulham is predicted to win this fixture with **47.4%** confidence.",2026-09-13 12:32:37,37
7,2026-10-17,Man City,Ipswich,80.08,11.36,8.56,2-0,"• **Team Strength (Elo)**: Man City is favored due to a higher Elo rating (differential of 239 points).
• **Squad Market Value**: Man City has a squad value advantage of €1185.0M.
• **Transfer Activity**: Man City boosted by signing Tijjani Reijnders; Ipswich boosted by signing Omari Hutchinson.
• **Injuries & Availability**: Ipswich is healthier with 100% availability vs. 80% for the opponent.
• **Home Advantage**: Man City benefits from playing at home (statistically boosts goal-scoring rate by ~22%).

**Prediction Summary**: Man City is predicted to win this fixture with **80.1%** confidence.",2026-09-13 12:32:37,37
7,2026-10-17,Newcastle,Aston Villa,39.83,25.06,35.11,1-1,"• **Team Strength (Elo)**: Matchup is evenly balanced on historical Elo (differential of 47 points).
• **Transfer Activity**: Newcastle boosted by signing Lewis Hall; Aston Villa boosted by signing Amadou Onana.
• **Home Advantage**: Newcastle benefits from playing at home (statistically boosts goal-scoring rate by ~22%).

**Prediction Summary**: This matchup is highly contested with a close outcome probability. A Draw (25.1%) is a very strong possibility.",2026-09-13 12:32:37,37
7,2026-10-18,Bournemouth,Sunderland,52.72,26.78,20.5,1-1,"• **Team Strength (Elo)**: Bournemouth is favored due to a higher Elo rating (differential of 59 points).
• **Squad Market Value**: Bournemouth has a squad value advantage of €200.0M.
• **Transfer Activity**: Bournemouth boosted by signing Evanilson; Sunderland boosted by signing Salis Abdul Samed.
• **Home Advantage**: Bournemouth benefits from playing at home (statistically boosts goal-scoring rate by ~22%).

**Prediction Summary**: Bournemouth is predicted to win this fixture with **52.7%** confidence.",2026-09-13 12:32:37,37
7,2026-10-18,Brighton,Crystal Palace,52.63,25.08,22.28,1-1,"• **Team Strength (Elo)**: Matchup is evenly balanced on historical Elo (differential of 36 points).
• **Squad Market Value**: Brighton has a squad value advantage of €165.0M.
• **Transfer Activity**: Brighton boosted by signing Georginio Rutter; Crystal Palace boosted by signing Eddie Nketiah.
• **Injuries & Availability**: Brighton is healthier with 100% availability vs. 85% for the opponent.
• **Home Advantage**: Brighton benefits from playing at home (statistically boosts goal-scoring rate by ~22%).

**Prediction Summary**: Brighton is predicted to win this fixture with **52.6%** confidence.",2026-09-13 12:32:37,37
7,2026-10-18,Leeds,Man United,31.26,25.71,43.03,1-1,"• **Team Strength (Elo)**: Man United is favored due to a higher Elo rating (differential of 89 points).
• **Squad Market Value**: Man United has a squad value advantage of €520.0M.
• **Transfer Activity**: Leeds boosted by signing Joe Rodon; Man United boosted by signing Leny Yoro.
• **Injuries & Availability**: Leeds is healthier with 100% availability vs. 85% for the opponent.
• **Home Advantage**: Leeds benefits from playing at home (statistically boosts goal-scoring rate by ~22%).

**Prediction Summary**: Man United is predicted to win this fixture with **43.0%** confidence.",2026-09-13 12:32:37,37
7,2026-10-18,Nott'm Forest,Arsenal,20.29,23.08,56.63,1-1,"• **Team Strength (Elo)**: Arsenal is favored due to a higher Elo rating (differential of 140 points).
• **Squad Market Value**: Arsenal has a squad value advantage of €915.0M.
• **Transfer Activity**: Nott'm Forest boosted by signing Elliot Anderson; Arsenal boosted by signing Viktor Gyökeres.
• **Injuries & Availability**: Arsenal is healthier with 100% availability vs. 88% for the opponent.
• **Home Advantage**: Nott'm Forest benefits from playing at home (statistically boosts goal-scoring rate by ~22%).

**Prediction Summary**: Arsenal is predicted to win this fixture with **56.6%** confidence.",2026-09-13 12:32:37,37
7,2026-10-19,Tottenham,Coventry,50.71,26.29,23.0,1-1,"• **Team Strength (Elo)**: Tottenham is favored due to a higher Elo rating (differential of 61 points).
• **Squad Market Value**: Tottenham has a squad value advantage of €705.0M.
• **Transfer Activity**: Tottenham boosted by signing Dominic Solanke; Coventry boosted by signing Jack Rudoni.
• **Fatigue**: Tottenham is on short rest (midweek match congestion) while Coventry is fully rested.
• **Home Advantage**: Tottenham benefits from playing at home (statistically boosts goal-scoring rate by ~22%).

**Prediction Summary**: Tottenham is predicted to win this fixture with **50.7%** confidence.",2026-09-13 12:32:37,37
8,2026-10-23,Ipswich,Nott'm Forest,25.48,24.73,49.79,1-1,"• **Team Strength (Elo)**: Nott'm Forest is favored due to a higher Elo rating (differential of 125 points).
• **Squad Market Value**: Nott'm Forest has a squad value advantage of €230.0M.
• **Transfer Activity**: Ipswich boosted by signing Omari Hutchinson; Nott'm Forest boosted by signing Elliot Anderson.
• **Injuries & Availability**: Ipswich is healthier with 100% availability vs. 88% for the opponent.
• **Home Advantage**: Ipswich benefits from playing at home (statistically boosts goal-scoring rate by ~22%).

**Prediction Summary**: Nott'm Forest is predicted to win this fixture with **49.8%** confidence.",2026-09-13 12:32:37,37
8,2026-10-24,Arsenal,Everton,66.09,19.97,13.94,2-0,"• **Team Strength (Elo)**: Arsenal is favored due to a higher Elo rating (differential of 139 points).
• **Squad Market Value**: Arsenal has a squad value advantage of €1020.0M.
• **Transfer Activity**: Arsenal boosted by signing Viktor Gyökeres; Everton boosted by signing Iliman Ndiaye.
• **Fatigue**: Arsenal is on short rest (midweek match congestion) while Everton is fully rested.
• **Home Advantage**: Arsenal benefits from playing at home (statistically boosts goal-scoring rate by ~22%).

**Prediction Summary**: Arsenal is predicted to win this fixture with **66.1%** confidence.",2026-09-13 12:32:37,37
8,2026-10-24,Aston Villa,Man City,31.55,28.41,40.04,1-1,"• **Team Strength (Elo)**: Man City is favored due to a higher Elo rating (differential of 76 points).
• **Squad Market Value**: Man City has a squad value advantage of €935.0M.
• **Transfer Activity**: Aston Villa boosted by signing Amadou Onana; Man City boosted by signing Tijjani Reijnders.
• **Injuries & Availability**: Aston Villa is healthier with 100% availability vs. 80% for the opponent.
• **Fatigue**: Both teams are facing congested schedules (midweek matches).
• **Home Advantage**: Aston Villa benefits from playing at home (statistically boosts goal-scoring rate by ~22%).

**Prediction Summary**: Man City is predicted to win this fixture with **40.0%** confidence.",2026-09-13 12:32:37,37
8,2026-10-24,Chelsea,Tottenham,43.76,27.6,28.64,1-1,"• **Team Strength (Elo)**: Matchup is evenly balanced on historical Elo (differential of 45 points).
• **Squad Market Value**: Chelsea has a squad value advantage of €480.0M.
• **Transfer Activity**: Chelsea boosted by signing Pedro Neto; Tottenham boosted by signing Dominic Solanke.
• **Injuries & Availability**: Tottenham is healthier with 100% availability vs. 82% for the opponent.
• **Fatigue**: Both teams are facing congested schedules (midweek matches).
• **Home Advantage**: Chelsea benefits from playing at home (statistically boosts goal-scoring rate by ~22%).

**Prediction Summary**: Chelsea is predicted to win this fixture with **43.8%** confidence.",2026-09-13 12:32:37,37
8,2026-10-24,Coventry,Fulham,33.99,27.33,38.68,1-1,"• **Team Strength (Elo)**: Fulham is favored due to a higher Elo rating (differential of 104 points).
• **Transfer Activity**: Coventry boosted by signing Jack Rudoni; Fulham boosted by signing Emile Smith Rowe.
• **Home Advantage**: Coventry benefits from playing at home (statistically boosts goal-scoring rate by ~22%).

**Prediction Summary**: This matchup is highly contested with a close outcome probability. A Draw (27.3%) is a very strong possibility.",2026-09-13 12:32:37,37
8,2026-10-25,Crystal Palace,Newcastle,32.42,24.91,42.67,1-1,"• **Team Strength (Elo)**: Matchup is evenly balanced on historical Elo (differential of 21 points).
• **Transfer Activity**: Crystal Palace boosted by signing Eddie Nketiah; Newcastle boosted by signing Lewis Hall.
• **Injuries & Availability**: Newcastle is healthier with 100% availability vs. 85% for the opponent.
• **Home Advantage**: Crystal Palace benefits from playing at home (statistically boosts goal-scoring rate by ~22%).

**Prediction Summary**: Newcastle is predicted to win this fixture with **42.7%** confidence.",2026-09-13 12:32:37,37
8,2026-10-25,Hull,Brentford,17.64,25.5,56.87,0-1,"• **Team Strength (Elo)**: Brentford is favored due to a higher Elo rating (differential of 137 points).
• **Squad Market Value**: Brentford has a squad value advantage of €472.0M.
• **Transfer Activity**: Hull boosted by signing Charlie Hughes; Brentford boosted by signing Igor Thiago.
• **Injuries & Availability**: Hull is healthier with 100% availability vs. 88% for the opponent.
• **Home Advantage**: Hull benefits from playing at home (statistically boosts goal-scoring rate by ~22%).

**Prediction Summary**: Brentford is predicted to win this fixture with **56.9%** confidence.",2026-09-13 12:32:37,37
8,2026-10-25,Liverpool,Brighton,41.34,27.13,31.53,1-1,"• **Team Strength (Elo)**: Matchup is evenly balanced on historical Elo (differential of 32 points).
• **Squad Market Value**: Liverpool has a squad value advantage of €335.0M.
• **Transfer Activity**: Liverpool boosted by signing Martin Zubimendi; Brighton boosted by signing Georginio Rutter.
• **Injuries & Availability**: Brighton is healthier with 100% availability vs. 82% for the opponent.
• **Fatigue**: Liverpool is on short rest (midweek match congestion) while Brighton is fully rested.
• **Home Advantage**: Liverpool benefits from playing at home (statistically boosts goal-scoring rate by ~22%).

**Prediction Summary**: Liverpool is predicted to win this fixture with **41.3%** confidence.",2026-09-13 12:32:37,37
8,2026-10-25,Man United,Bournemouth,45.94,26.02,28.04,1-1,"• **Team Strength (Elo)**: Matchup is evenly balanced on historical Elo (differential of 22 points).
• **Squad Market Value**: Man United has a squad value advantage of €335.0M.
• **Transfer Activity**: Man United boosted by signing Leny Yoro; Bournemouth boosted by signing Evanilson.
• **Fatigue**: Man United is on short rest (midweek match congestion) while Bournemouth is fully rested.
• **Home Advantage**: Man United benefits from playing at home (statistically boosts goal-scoring rate by ~22%).

**Prediction Summary**: Man United is predicted to win this fixture with **45.9%** confidence.",2026-09-13 12:32:37,37
8,2026-10-25,Sunderland,Leeds,39.35,29.92,30.74,1-1,"• **Team Strength (Elo)**: Matchup is evenly balanced on historical Elo (differential of 1 points).
• **Transfer Activity**: Sunderland boosted by signing Salis Abdul Samed; Leeds boosted by signing Joe Rodon.
• **Home Advantage**: Sunderland benefits from playing at home (statistically boosts goal-scoring rate by ~22%).

**Prediction Summary**: Sunderland is predicted to win this fixture with **39.3%** confidence.",2026-09-13 12:32:37,37
9,2026-10-31,Bournemouth,Leeds,53.92,25.66,20.41,1-1,"• **Team Strength (Elo)**: Bournemouth is favored due to a higher Elo rating (differential of 63 points).
• **Squad Market Value**: Bournemouth has a squad value advantage of €185.0M.
• **Transfer Activity**: Bournemouth boosted by signing Evanilson; Leeds boosted by signing Joe Rodon.
• **Home Advantage**: Bournemouth benefits from playing at home (statistically boosts goal-scoring rate by ~22%).

**Prediction Summary**: Bournemouth is predicted to win this fixture with **53.9%** confidence.",2026-09-13 12:32:37,37
9,2026-10-31,Aston Villa,Fulham,46.46,28.26,25.28,1-1,"• **Team Strength (Elo)**: Matchup is evenly balanced on historical Elo (differential of 42 points).
• **Squad Market Value**: Aston Villa has a squad value advantage of €235.0M.
• **Transfer Activity**: Aston Villa boosted by signing Amadou Onana; Fulham boosted by signing Emile Smith Rowe.
• **Fatigue**: Aston Villa is on short rest (midweek match congestion) while Fulham is fully rested.
• **Home Advantage**: Aston Villa benefits from playing at home (statistically boosts goal-scoring rate by ~22%).

**Prediction Summary**: Aston Villa is predicted to win this fixture with **46.5%** confidence.",2026-09-13 12:32:37,37
9,2026-10-31,Brentford,Nott'm Forest,40.08,26.04,33.88,1-1,"• **Team Strength (Elo)**: Matchup is evenly balanced on historical Elo (differential of 15 points).
• **Transfer Activity**: Brentford boosted by signing Igor Thiago; Nott'm Forest boosted by signing Elliot Anderson.
• **Injuries & Availability**: Nott'm Forest is healthier with 100% availability vs. 88% for the opponent.
• **Home Advantage**: Brentford benefits from playing at home (statistically boosts goal-scoring rate by ~22%).

**Prediction Summary**: Brentford is predicted to win this fixture with **40.1%** confidence.",2026-09-13 12:32:37,37
9,2026-10-31,Chelsea,Man United,27.42,24.33,48.25,1-1,"• **Team Strength (Elo)**: Man United is favored due to a higher Elo rating (differential of 74 points).
• **Squad Market Value**: Chelsea has a squad value advantage of €515.0M.
• **Transfer Activity**: Chelsea boosted by signing Pedro Neto; Man United boosted by signing Leny Yoro.
• **Injuries & Availability**: Man United is healthier with 100% availability vs. 82% for the opponent.
• **Fatigue**: Both teams are facing congested schedules (midweek matches).
• **Home Advantage**: Chelsea benefits from playing at home (statistically boosts goal-scoring rate by ~22%).

**Prediction Summary**: Man United is predicted to win this fixture with **48.3%** confidence.",2026-09-13 12:32:37,37
9,2026-10-31,Coventry,Sunderland,36.18,26.65,37.17,1-1,"• **Team Strength (Elo)**: Sunderland is favored due to a higher Elo rating (differential of 90 points).
• **Squad Market Value**: Sunderland has a squad value advantage of €135.0M.
• **Transfer Activity**: Coventry boosted by signing Jack Rudoni; Sunderland boosted by signing Salis Abdul Samed.
• **Home Advantage**: Coventry benefits from playing at home (statistically boosts goal-scoring rate by ~22%).

**Prediction Summary**: This matchup is highly contested with a close outcome probability. A Draw (26.7%) is a very strong possibility.",2026-09-13 12:32:37,37
9,2026-10-31,Hull,Ipswich,34.62,31.18,34.2,0-0,"• **Team Strength (Elo)**: Matchup is evenly balanced on historical Elo (differential of 3 points).
• **Squad Market Value**: Ipswich has a squad value advantage of €207.0M.
• **Transfer Activity**: Hull boosted by signing Charlie Hughes; Ipswich boosted by signing Omari Hutchinson.
• **Home Advantage**: Hull benefits from playing at home (statistically boosts goal-scoring rate by ~22%).

**Prediction Summary**: This matchup is highly contested with a close outcome probability. A Draw (31.2%) is a very strong possibility.",2026-09-13 12:32:37,37
9,2026-10-31,Man City,Brighton,52.33,24.69,22.98,1-1,"• **Team Strength (Elo)**: Man City is favored due to a higher Elo rating (differential of 88 points).
• **Squad Market Value**: Man City has a squad value advantage of €825.0M.
• **Transfer Activity**: Man City boosted by signing Tijjani Reijnders; Brighton boosted by signing Georginio Rutter.
• **Injuries & Availability**: Brighton is healthier with 100% availability vs. 80% for the opponent.
• **Fatigue**: Man City is on short rest (midweek match congestion) while Brighton is fully rested.
• **Home Advantage**: Man City benefits from playing at home (statistically boosts goal-scoring rate by ~22%).

**Prediction Summary**: Man City is predicted to win this fixture with **52.3%** confidence.",2026-09-13 12:32:37,37
9,2026-10-31,Tottenham,Crystal Palace,44.53,27.2,28.28,1-1,"• **Team Strength (Elo)**: Matchup is evenly balanced on historical Elo (differential of 24 points).
• **Squad Market Value**: Tottenham has a squad value advantage of €455.0M.
• **Transfer Activity**: Tottenham boosted by signing Dominic Solanke; Crystal Palace boosted by signing Eddie Nketiah.
• **Injuries & Availability**: Tottenham is healthier with 100% availability vs. 85% for the opponent.
• **Fatigue**: Tottenham is on short rest (midweek match congestion) while Crystal Palace is fully rested.
• **Home Advantage**: Tottenham benefits from playing at home (statistically boosts goal-scoring rate by ~22%).

**Prediction Summary**: Tottenham is predicted to win this fixture with **44.5%** confidence.",2026-09-13 12:32:37,37
9,2026-11-01,Liverpool,Arsenal,25.48,25.32,49.2,1-1,"• **Team Strength (Elo)**: Arsenal is favored due to a higher Elo rating (differential of 87 points).
• **Squad Market Value**: Arsenal has a squad value advantage of €450.0M.
• **Transfer Activity**: Liverpool boosted by signing Martin Zubimendi; Arsenal boosted by signing Viktor Gyökeres.
• **Injuries & Availability**: Arsenal is healthier with 100% availability vs. 82% for the opponent.
• **Fatigue**: Both teams are facing congested schedules (midweek matches).
• **Home Advantage**: Liverpool benefits from playing at home (statistically boosts goal-scoring rate by ~22%).

**Prediction Summary**: Arsenal is predicted to win this fixture with **49.2%** confidence.",2026-09-13 12:32:37,37
9,2026-11-02,Newcastle,Everton,45.85,26.04,28.11,1-1,"• **Team Strength (Elo)**: Matchup is evenly balanced on historical Elo (differential of 4 points).
• **Squad Market Value**: Newcastle has a squad value advantage of €145.0M.
• **Transfer Activity**: Newcastle boosted by signing Lewis Hall; Everton boosted by signing Iliman Ndiaye.
• **Home Advantage**: Newcastle benefits from playing at home (statistically boosts goal-scoring rate by ~22%).

**Prediction Summary**: Newcastle is predicted to win this fixture with **45.9%** confidence.",2026-09-13 12:32:37,37
10,2026-11-07,Arsenal,Hull,44.67,25.92,29.41,0-1,"• **Team Strength (Elo)**: Arsenal is favored due to a higher Elo rating (differential of 248 points).
• **Squad Market Value**: Arsenal has a squad value advantage of €1352.0M.
• **Transfer Activity**: Arsenal boosted by signing Viktor Gyökeres; Hull boosted by signing Charlie Hughes.
• **Fatigue**: Arsenal is on short rest (midweek match congestion) while Hull is fully rested.
• **Home Advantage**: Arsenal benefits from playing at home (statistically boosts goal-scoring rate by ~22%).

**Prediction Summary**: Arsenal is predicted to win this fixture with **44.7%** confidence.",2026-09-13 12:32:37,37
10,2026-11-07,Brighton,Brentford,47.68,25.63,26.68,1-1,"• **Team Strength (Elo)**: Matchup is evenly balanced on historical Elo (differential of 9 points).
• **Transfer Activity**: Brighton boosted by signing Georginio Rutter; Brentford boosted by signing Igor Thiago.
• **Injuries & Availability**: Brighton is healthier with 100% availability vs. 88% for the opponent.
• **Home Advantage**: Brighton benefits from playing at home (statistically boosts goal-scoring rate by ~22%).

**Prediction Summary**: Brighton is predicted to win this fixture with **47.7%** confidence.",2026-09-13 12:32:37,37
10,2026-11-07,Crystal Palace,Liverpool,27.28,26.97,45.75,1-1,"• **Team Strength (Elo)**: Liverpool is favored due to a higher Elo rating (differential of 79 points).
• **Squad Market Value**: Liverpool has a squad value advantage of €500.0M.
• **Transfer Activity**: Crystal Palace boosted by signing Eddie Nketiah; Liverpool boosted by signing Martin Zubimendi.
• **Injuries & Availability**: Both squads are dealing with minor availability losses (~18% out).
• **Fatigue**: Liverpool is on short rest (midweek match congestion) while Crystal Palace is fully rested.
• **Home Advantage**: Crystal Palace benefits from playing at home (statistically boosts goal-scoring rate by ~22%).

**Prediction Summary**: Liverpool is predicted to win this fixture with **45.7%** confidence.",2026-09-13 12:32:37,37
10,2026-11-07,Everton,Coventry,52.52,23.91,23.57,1-1,"• **Team Strength (Elo)**: Everton is favored due to a higher Elo rating (differential of 100 points).
• **Squad Market Value**: Everton has a squad value advantage of €180.0M.
• **Transfer Activity**: Everton boosted by signing Iliman Ndiaye; Coventry boosted by signing Jack Rudoni.
• **Home Advantage**: Everton benefits from playing at home (statistically boosts goal-scoring rate by ~22%).

**Prediction Summary**: Everton is predicted to win this fixture with **52.5%** confidence.",2026-09-13 12:32:37,37
10,2026-11-07,Fulham,Newcastle,35.92,27.72,36.36,1-1,"• **Team Strength (Elo)**: Matchup is evenly balanced on historical Elo (differential of 10 points).
• **Squad Market Value**: Newcastle has a squad value advantage of €255.0M.
• **Transfer Activity**: Fulham boosted by signing Emile Smith Rowe; Newcastle boosted by signing Lewis Hall.
• **Home Advantage**: Fulham benefits from playing at home (statistically boosts goal-scoring rate by ~22%).

**Prediction Summary**: This matchup is highly contested with a close outcome probability. A Draw (27.7%) is a very strong possibility.",2026-09-13 12:32:37,37
10,2026-11-07,Ipswich,Bournemouth,14.82,19.48,65.7,1-1,"• **Team Strength (Elo)**: Bournemouth is favored due to a higher Elo rating (differential of 179 points).
• **Squad Market Value**: Bournemouth has a squad value advantage of €280.0M.
• **Transfer Activity**: Ipswich boosted by signing Omari Hutchinson; Bournemouth boosted by signing Evanilson.
• **Home Advantage**: Ipswich benefits from playing at home (statistically boosts goal-scoring rate by ~22%).

**Prediction Summary**: Bournemouth is predicted to win this fixture with **65.7%** confidence.",2026-09-13 12:32:37,37
10,2026-11-07,Leeds,Tottenham,46.55,27.08,26.37,1-1,"• **Team Strength (Elo)**: Matchup is evenly balanced on historical Elo (differential of 22 points).
• **Squad Market Value**: Tottenham has a squad value advantage of €555.0M.
• **Transfer Activity**: Leeds boosted by signing Joe Rodon; Tottenham boosted by signing Dominic Solanke.
• **Injuries & Availability**: Leeds is healthier with 100% availability vs. 88% for the opponent.
• **Fatigue**: Tottenham is on short rest (midweek match congestion) while Leeds is fully rested.
• **Home Advantage**: Leeds benefits from playing at home (statistically boosts goal-scoring rate by ~22%).

**Prediction Summary**: Leeds is predicted to win this fixture with **46.5%** confidence.",2026-09-13 12:32:37,37
10,2026-11-07,Man United,Aston Villa,48.07,26.35,25.58,1-1,"• **Team Strength (Elo)**: Matchup is evenly balanced on historical Elo (differential of 29 points).
• **Squad Market Value**: Man United has a squad value advantage of €365.0M.
• **Transfer Activity**: Man United boosted by signing Leny Yoro; Aston Villa boosted by signing Amadou Onana.
• **Fatigue**: Both teams are facing congested schedules (midweek matches).
• **Home Advantage**: Man United benefits from playing at home (statistically boosts goal-scoring rate by ~22%).

**Prediction Summary**: Man United is predicted to win this fixture with **48.1%** confidence.",2026-09-13 12:32:37,37
10,2026-11-07,Nott'm Forest,Man City,37.91,27.39,34.69,1-1,"• **Team Strength (Elo)**: Man City is favored due to a higher Elo rating (differential of 111 points).
• **Squad Market Value**: Man City has a squad value advantage of €955.0M.
• **Transfer Activity**: Nott'm Forest boosted by signing Elliot Anderson; Man City boosted by signing Tijjani Reijnders.
• **Injuries & Availability**: Nott'm Forest is healthier with 100% availability vs. 62% for the opponent.
• **Fatigue**: Man City is on short rest (midweek match congestion) while Nott'm Forest is fully rested.
• **Home Advantage**: Nott'm Forest benefits from playing at home (statistically boosts goal-scoring rate by ~22%).

**Prediction Summary**: This matchup is highly contested with a close outcome probability. A Draw (27.4%) is a very strong possibility.",2026-09-13 12:32:37,37
10,2026-11-07,Sunderland,Chelsea,42.21,29.88,27.9,1-1,"• **Team Strength (Elo)**: Matchup is evenly balanced on historical Elo (differential of 16 points).
• **Squad Market Value**: Chelsea has a squad value advantage of €1050.0M.
• **Transfer Activity**: Sunderland boosted by signing Salis Abdul Samed; Chelsea boosted by signing Pedro Neto.
• **Injuries & Availability**: Sunderland is healthier with 100% availability vs. 82% for the opponent.
• **Fatigue**: Chelsea is on short rest (midweek match congestion) while Sunderland is fully rested.
• **Home Advantage**: Sunderland benefits from playing at home (statistically boosts goal-scoring rate by ~22%).

**Prediction Summary**: Sunderland is predicted to win this fixture with **42.2%** confidence.",2026-09-13 12:32:37,37
11,2026-11-21,Bournemouth,Nott'm Forest,45.52,25.84,28.64,1-1,"• **Team Strength (Elo)**: Matchup is evenly balanced on historical Elo (differential of 42 points).
• **Transfer Activity**: Bournemouth boosted by signing Evanilson; Nott'm Forest boosted by signing Elliot Anderson.
• **Injuries & Availability**: Nott'm Forest is healthier with 100% availability vs. 90% for the opponent.
• **Home Advantage**: Bournemouth benefits from playing at home (statistically boosts goal-scoring rate by ~22%).

**Prediction Summary**: Bournemouth is predicted to win this fixture with **45.5%** confidence.",2026-09-13 12:32:37,37
11,2026-11-21,Aston Villa,Sunderland,51.18,27.63,21.19,1-0,"• **Team Strength (Elo)**: Aston Villa is favored due to a higher Elo rating (differential of 57 points).
• **Squad Market Value**: Aston Villa has a squad value advantage of €170.0M.
• **Transfer Activity**: Aston Villa boosted by signing Amadou Onana; Sunderland boosted by signing Salis Abdul Samed.
• **Home Advantage**: Aston Villa benefits from playing at home (statistically boosts goal-scoring rate by ~22%).

**Prediction Summary**: Aston Villa is predicted to win this fixture with **51.2%** confidence.",2026-09-13 12:32:37,37
11,2026-11-21,Brentford,Everton,47.63,25.69,26.68,1-1,"• **Team Strength (Elo)**: Matchup is evenly balanced on historical Elo (differential of 21 points).
• **Squad Market Value**: Brentford has a squad value advantage of €140.0M.
• **Transfer Activity**: Brentford boosted by signing Igor Thiago; Everton boosted by signing Iliman Ndiaye.
• **Home Advantage**: Brentford benefits from playing at home (statistically boosts goal-scoring rate by ~22%).

**Prediction Summary**: Brentford is predicted to win this fixture with **47.6%** confidence.",2026-09-13 12:32:37,37
11,2026-11-21,Chelsea,Leeds,42.04,26.73,31.23,1-1,"• **Team Strength (Elo)**: Matchup is evenly balanced on historical Elo (differential of 13 points).
• **Squad Market Value**: Chelsea has a squad value advantage of €1035.0M.
• **Transfer Activity**: Chelsea boosted by signing Pedro Neto; Leeds boosted by signing Joe Rodon.
• **Injuries & Availability**: Leeds is healthier with 100% availability vs. 85% for the opponent.
• **Home Advantage**: Chelsea benefits from playing at home (statistically boosts goal-scoring rate by ~22%).

**Prediction Summary**: Chelsea is predicted to win this fixture with **42.0%** confidence.",2026-09-13 12:32:37,37
11,2026-11-21,Coventry,Crystal Palace,39.27,24.61,36.12,1-1,"• **Team Strength (Elo)**: Crystal Palace is favored due to a higher Elo rating (differential of 83 points).
• **Squad Market Value**: Crystal Palace has a squad value advantage of €250.0M.
• **Transfer Activity**: Coventry boosted by signing Jack Rudoni; Crystal Palace boosted by signing Eddie Nketiah.
• **Home Advantage**: Coventry benefits from playing at home (statistically boosts goal-scoring rate by ~22%).

**Prediction Summary**: This matchup is highly contested with a close outcome probability. A Draw (24.6%) is a very strong possibility.",2026-09-13 12:32:37,37
11,2026-11-21,Hull,Brighton,16.04,30.3,53.66,0-1,"• **Team Strength (Elo)**: Brighton is favored due to a higher Elo rating (differential of 147 points).
• **Squad Market Value**: Brighton has a squad value advantage of €567.0M.
• **Transfer Activity**: Hull boosted by signing Charlie Hughes; Brighton boosted by signing Georginio Rutter.
• **Home Advantage**: Hull benefits from playing at home (statistically boosts goal-scoring rate by ~22%).

**Prediction Summary**: Brighton is predicted to win this fixture with **53.7%** confidence.",2026-09-13 12:32:37,37
11,2026-11-21,Liverpool,Man United,46.57,23.03,30.39,1-1,"• **Team Strength (Elo)**: Matchup is evenly balanced on historical Elo (differential of 15 points).
• **Transfer Activity**: Liverpool boosted by signing Martin Zubimendi; Man United boosted by signing Leny Yoro.
• **Home Advantage**: Liverpool benefits from playing at home (statistically boosts goal-scoring rate by ~22%).

**Prediction Summary**: Liverpool is predicted to win this fixture with **46.6%** confidence.",2026-09-13 12:32:37,37
11,2026-11-21,Man City,Fulham,65.78,19.43,14.79,2-0,"• **Team Strength (Elo)**: Man City is favored due to a higher Elo rating (differential of 120 points).
• **Squad Market Value**: Man City has a squad value advantage of €1170.0M.
• **Transfer Activity**: Man City boosted by signing Tijjani Reijnders; Fulham boosted by signing Emile Smith Rowe.
• **Injuries & Availability**: Fulham is healthier with 100% availability vs. 82% for the opponent.
• **Home Advantage**: Man City benefits from playing at home (statistically boosts goal-scoring rate by ~22%).

**Prediction Summary**: Man City is predicted to win this fixture with **65.8%** confidence.",2026-09-13 12:32:37,37
11,2026-11-21,Newcastle,Arsenal,26.54,25.72,47.74,1-1,"• **Team Strength (Elo)**: Arsenal is favored due to a higher Elo rating (differential of 133 points).
• **Squad Market Value**: Arsenal has a squad value advantage of €875.0M.
• **Transfer Activity**: Newcastle boosted by signing Lewis Hall; Arsenal boosted by signing Viktor Gyökeres.
• **Injuries & Availability**: Newcastle is healthier with 100% availability vs. 85% for the opponent.
• **Home Advantage**: Newcastle benefits from playing at home (statistically boosts goal-scoring rate by ~22%).

**Prediction Summary**: Arsenal is predicted to win this fixture with **47.7%** confidence.",2026-09-13 12:32:37,37
11,2026-11-21,Tottenham,Ipswich,63.11,20.67,16.23,1-1,"• **Team Strength (Elo)**: Tottenham is favored due to a higher Elo rating (differential of 88 points).
• **Squad Market Value**: Tottenham has a squad value advantage of €650.0M.
• **Transfer Activity**: Tottenham boosted by signing Dominic Solanke; Ipswich boosted by signing Omari Hutchinson.
• **Injuries & Availability**: Ipswich is healthier with 100% availability vs. 88% for the opponent.
• **Home Advantage**: Tottenham benefits from playing at home (statistically boosts goal-scoring rate by ~22%).

**Prediction Summary**: Tottenham is predicted to win this fixture with **63.1%** confidence.",2026-09-13 12:32:37,37
12,2026-11-28,Arsenal,Man City,41.48,29.08,29.44,1-1,"• **Team Strength (Elo)**: Matchup is evenly balanced on historical Elo (differential of 17 points).
• **Transfer Activity**: Arsenal boosted by signing Viktor Gyökeres; Man City boosted by signing Tijjani Reijnders.
• **Injuries & Availability**: Both squads are dealing with minor availability losses (~18% out).
• **Fatigue**: Both teams are facing congested schedules (midweek matches).
• **Home Advantage**: Arsenal benefits from playing at home (statistically boosts goal-scoring rate by ~22%).

**Prediction Summary**: Arsenal is predicted to win this fixture with **41.5%** confidence.",2026-09-13 12:32:37,37
12,2026-11-28,Brighton,Newcastle,45.45,25.69,28.85,1-1,"• **Team Strength (Elo)**: Matchup is evenly balanced on historical Elo (differential of 24 points).
• **Transfer Activity**: Brighton boosted by signing Georginio Rutter; Newcastle boosted by signing Lewis Hall.
• **Home Advantage**: Brighton benefits from playing at home (statistically boosts goal-scoring rate by ~22%).

**Prediction Summary**: Brighton is predicted to win this fixture with **45.5%** confidence.",2026-09-13 12:32:37,37
12,2026-11-28,Crystal Palace,Hull,39.8,40.69,19.52,0-0,"• **Team Strength (Elo)**: Crystal Palace is favored due to a higher Elo rating (differential of 89 points).
• **Squad Market Value**: Crystal Palace has a squad value advantage of €402.0M.
• **Transfer Activity**: Crystal Palace boosted by signing Eddie Nketiah; Hull boosted by signing Charlie Hughes.
• **Home Advantage**: Crystal Palace benefits from playing at home (statistically boosts goal-scoring rate by ~22%).

**Prediction Summary**: Crystal Palace is predicted to win this fixture with **39.8%** confidence.",2026-09-13 12:32:37,37
12,2026-11-28,Everton,Liverpool,30.49,26.12,43.39,1-1,"• **Team Strength (Elo)**: Liverpool is favored due to a higher Elo rating (differential of 67 points).
• **Squad Market Value**: Liverpool has a squad value advantage of €570.0M.
• **Transfer Activity**: Everton boosted by signing Iliman Ndiaye; Liverpool boosted by signing Martin Zubimendi.
• **Fatigue**: Liverpool is on short rest (midweek match congestion) while Everton is fully rested.
• **Home Advantage**: Everton benefits from playing at home (statistically boosts goal-scoring rate by ~22%).

**Prediction Summary**: Liverpool is predicted to win this fixture with **43.4%** confidence.",2026-09-13 12:32:37,37
12,2026-11-28,Fulham,Bournemouth,36.95,28.07,34.99,1-1,"• **Team Strength (Elo)**: Bournemouth is favored due to a higher Elo rating (differential of 56 points).
• **Squad Market Value**: Bournemouth has a squad value advantage of €265.0M.
• **Transfer Activity**: Fulham boosted by signing Emile Smith Rowe; Bournemouth boosted by signing Evanilson.
• **Injuries & Availability**: Fulham is healthier with 100% availability vs. 90% for the opponent.
• **Home Advantage**: Fulham benefits from playing at home (statistically boosts goal-scoring rate by ~22%).

**Prediction Summary**: This matchup is highly contested with a close outcome probability. A Draw (28.1%) is a very strong possibility.",2026-09-13 12:32:37,37
12,2026-11-28,Ipswich,Aston Villa,17.43,20.49,62.08,0-2,"• **Team Strength (Elo)**: Aston Villa is favored due to a higher Elo rating (differential of 178 points).
• **Squad Market Value**: Aston Villa has a squad value advantage of €250.0M.
• **Transfer Activity**: Ipswich boosted by signing Omari Hutchinson; Aston Villa boosted by signing Amadou Onana.
• **Fatigue**: Aston Villa is on short rest (midweek match congestion) while Ipswich is fully rested.
• **Home Advantage**: Ipswich benefits from playing at home (statistically boosts goal-scoring rate by ~22%).

**Prediction Summary**: Aston Villa is predicted to win this fixture with **62.1%** confidence.",2026-09-13 12:32:37,37
12,2026-11-28,Leeds,Coventry,46.7,25.27,28.03,1-1,"• **Team Strength (Elo)**: Leeds is favored due to a higher Elo rating (differential of 81 points).
• **Squad Market Value**: Leeds has a squad value advantage of €150.0M.
• **Transfer Activity**: Leeds boosted by signing Joe Rodon; Coventry boosted by signing Jack Rudoni.
• **Home Advantage**: Leeds benefits from playing at home (statistically boosts goal-scoring rate by ~22%).

**Prediction Summary**: Leeds is predicted to win this fixture with **46.7%** confidence.",2026-09-13 12:32:37,37
12,2026-11-28,Man United,Brentford,49.86,24.87,25.28,1-1,"• **Team Strength (Elo)**: Man United is favored due to a higher Elo rating (differential of 51 points).
• **Squad Market Value**: Man United has a squad value advantage of €350.0M.
• **Transfer Activity**: Man United boosted by signing Leny Yoro; Brentford boosted by signing Igor Thiago.
• **Fatigue**: Man United is on short rest (midweek match congestion) while Brentford is fully rested.
• **Home Advantage**: Man United benefits from playing at home (statistically boosts goal-scoring rate by ~22%).

**Prediction Summary**: Man United is predicted to win this fixture with **49.9%** confidence.",2026-09-13 12:32:37,37
12,2026-11-28,Nott'm Forest,Chelsea,49.17,26.33,24.49,1-1,"• **Team Strength (Elo)**: Matchup is evenly balanced on historical Elo (differential of 11 points).
• **Squad Market Value**: Chelsea has a squad value advantage of €900.0M.
• **Transfer Activity**: Nott'm Forest boosted by signing Elliot Anderson; Chelsea boosted by signing Pedro Neto.
• **Injuries & Availability**: Nott'm Forest is healthier with 100% availability vs. 85% for the opponent.
• **Fatigue**: Chelsea is on short rest (midweek match congestion) while Nott'm Forest is fully rested.
• **Home Advantage**: Nott'm Forest benefits from playing at home (statistically boosts goal-scoring rate by ~22%).

**Prediction Summary**: Nott'm Forest is predicted to win this fixture with **49.2%** confidence.",2026-09-13 12:32:37,37
12,2026-11-28,Sunderland,Tottenham,45.68,28.05,26.27,1-1,"• **Team Strength (Elo)**: Matchup is evenly balanced on historical Elo (differential of 22 points).
• **Squad Market Value**: Tottenham has a squad value advantage of €570.0M.
• **Transfer Activity**: Sunderland boosted by signing Salis Abdul Samed; Tottenham boosted by signing Dominic Solanke.
• **Injuries & Availability**: Sunderland is healthier with 100% availability vs. 88% for the opponent.
• **Fatigue**: Tottenham is on short rest (midweek match congestion) while Sunderland is fully rested.
• **Home Advantage**: Sunderland benefits from playing at home (statistically boosts goal-scoring rate by ~22%).

**Prediction Summary**: Sunderland is predicted to win this fixture with **45.7%** confidence.",2026-09-13 12:32:37,37
13,2026-12-02,Bournemouth,Brighton,38.58,26.06,35.36,1-1,"• **Team Strength (Elo)**: Matchup is evenly balanced on historical Elo (differential of 13 points).
• **Transfer Activity**: Bournemouth boosted by signing Evanilson; Brighton boosted by signing Georginio Rutter.
• **Injuries & Availability**: Brighton is healthier with 100% availability vs. 90% for the opponent.
• **Home Advantage**: Bournemouth benefits from playing at home (statistically boosts goal-scoring rate by ~22%).

**Prediction Summary**: This matchup is highly contested with a close outcome probability. A Draw (26.1%) is a very strong possibility.",2026-09-13 12:32:37,37
13,2026-12-02,Aston Villa,Everton,54.09,25.88,20.03,1-1,"• **Team Strength (Elo)**: Aston Villa is favored due to a higher Elo rating (differential of 52 points).
• **Squad Market Value**: Aston Villa has a squad value advantage of €125.0M.
• **Transfer Activity**: Aston Villa boosted by signing Amadou Onana; Everton boosted by signing Iliman Ndiaye.
• **Injuries & Availability**: Aston Villa is healthier with 100% availability vs. 88% for the opponent.
• **Home Advantage**: Aston Villa benefits from playing at home (statistically boosts goal-scoring rate by ~22%).

**Prediction Summary**: Aston Villa is predicted to win this fixture with **54.1%** confidence.",2026-09-13 12:32:37,37
13,2026-12-02,Brentford,Arsenal,28.22,27.24,44.54,1-1,"• **Team Strength (Elo)**: Arsenal is favored due to a higher Elo rating (differential of 120 points).
• **Squad Market Value**: Arsenal has a squad value advantage of €880.0M.
• **Transfer Activity**: Brentford boosted by signing Igor Thiago; Arsenal boosted by signing Viktor Gyökeres.
• **Injuries & Availability**: Brentford is healthier with 100% availability vs. 85% for the opponent.
• **Home Advantage**: Brentford benefits from playing at home (statistically boosts goal-scoring rate by ~22%).

**Prediction Summary**: Arsenal is predicted to win this fixture with **44.5%** confidence.",2026-09-13 12:32:37,37
13,2026-12-02,Chelsea,Crystal Palace,40.61,27.48,31.91,1-1,"• **Team Strength (Elo)**: Matchup is evenly balanced on historical Elo (differential of 15 points).
• **Squad Market Value**: Chelsea has a squad value advantage of €935.0M.
• **Transfer Activity**: Chelsea boosted by signing Pedro Neto; Crystal Palace boosted by signing Eddie Nketiah.
• **Injuries & Availability**: Crystal Palace is healthier with 100% availability vs. 85% for the opponent.
• **Home Advantage**: Chelsea benefits from playing at home (statistically boosts goal-scoring rate by ~22%).

**Prediction Summary**: Chelsea is predicted to win this fixture with **40.6%** confidence.",2026-09-13 12:32:37,37
13,2026-12-02,Coventry,Ipswich,44.62,26.18,29.2,1-1,"• **Team Strength (Elo)**: Matchup is evenly balanced on historical Elo (differential of 28 points).
• **Transfer Activity**: Coventry boosted by signing Jack Rudoni; Ipswich boosted by signing Omari Hutchinson.
• **Home Advantage**: Coventry benefits from playing at home (statistically boosts goal-scoring rate by ~22%).

**Prediction Summary**: Coventry is predicted to win this fixture with **44.6%** confidence.",2026-09-13 12:32:37,37
13,2026-12-02,Hull,Nott'm Forest,14.03,33.84,52.13,0-1,"• **Team Strength (Elo)**: Nott'm Forest is favored due to a higher Elo rating (differential of 128 points).
• **Squad Market Value**: Nott'm Forest has a squad value advantage of €437.0M.
• **Transfer Activity**: Hull boosted by signing Charlie Hughes; Nott'm Forest boosted by signing Elliot Anderson.
• **Home Advantage**: Hull benefits from playing at home (statistically boosts goal-scoring rate by ~22%).

**Prediction Summary**: Nott'm Forest is predicted to win this fixture with **52.1%** confidence.",2026-09-13 12:32:37,37
13,2026-12-02,Liverpool,Sunderland,55.33,25.08,19.59,1-1,"• **Team Strength (Elo)**: Liverpool is favored due to a higher Elo rating (differential of 77 points).
• **Squad Market Value**: Liverpool has a squad value advantage of €615.0M.
• **Transfer Activity**: Liverpool boosted by signing Martin Zubimendi; Sunderland boosted by signing Salis Abdul Samed.
• **Injuries & Availability**: Sunderland is healthier with 100% availability vs. 88% for the opponent.
• **Home Advantage**: Liverpool benefits from playing at home (statistically boosts goal-scoring rate by ~22%).

**Prediction Summary**: Liverpool is predicted to win this fixture with **55.3%** confidence.",2026-09-13 12:32:37,37
13,2026-12-02,Man City,Leeds,58.72,22.73,18.55,1-1,"• **Team Strength (Elo)**: Man City is favored due to a higher Elo rating (differential of 134 points).
• **Squad Market Value**: Man City has a squad value advantage of €1090.0M.
• **Transfer Activity**: Man City boosted by signing Tijjani Reijnders; Leeds boosted by signing Joe Rodon.
• **Injuries & Availability**: Leeds is healthier with 100% availability vs. 68% for the opponent.
• **Home Advantage**: Man City benefits from playing at home (statistically boosts goal-scoring rate by ~22%).

**Prediction Summary**: Man City is predicted to win this fixture with **58.7%** confidence.",2026-09-13 12:32:37,37
13,2026-12-02,Newcastle,Man United,34.2,22.66,43.14,1-1,"• **Team Strength (Elo)**: Man United is favored due to a higher Elo rating (differential of 71 points).
• **Squad Market Value**: Man United has a squad value advantage of €345.0M.
• **Transfer Activity**: Newcastle boosted by signing Lewis Hall; Man United boosted by signing Leny Yoro.
• **Home Advantage**: Newcastle benefits from playing at home (statistically boosts goal-scoring rate by ~22%).

**Prediction Summary**: Man United is predicted to win this fixture with **43.1%** confidence.",2026-09-13 12:32:37,37
13,2026-12-02,Tottenham,Fulham,37.45,27.06,35.49,1-1,"• **Team Strength (Elo)**: Matchup is evenly balanced on historical Elo (differential of 37 points).
• **Squad Market Value**: Tottenham has a squad value advantage of €635.0M.
• **Transfer Activity**: Tottenham boosted by signing Dominic Solanke; Fulham boosted by signing Emile Smith Rowe.
• **Injuries & Availability**: Fulham is healthier with 100% availability vs. 88% for the opponent.
• **Home Advantage**: Tottenham benefits from playing at home (statistically boosts goal-scoring rate by ~22%).

**Prediction Summary**: This matchup is highly contested with a close outcome probability. A Draw (27.1%) is a very strong possibility.",2026-09-13 12:32:37,37
14,2026-12-05,Bournemouth,Hull,36.56,38.13,25.31,0-0,"• **Team Strength (Elo)**: Bournemouth is favored due to a higher Elo rating (differential of 154 points).
• **Squad Market Value**: Bournemouth has a squad value advantage of €487.0M.
• **Transfer Activity**: Bournemouth boosted by signing Evanilson; Hull boosted by signing Charlie Hughes.
• **Injuries & Availability**: Hull is healthier with 100% availability vs. 90% for the opponent.
• **Fatigue**: Both teams are facing congested schedules (midweek matches).
• **Home Advantage**: Bournemouth benefits from playing at home (statistically boosts goal-scoring rate by ~22%).

**Prediction Summary**: Bournemouth is predicted to win this fixture with **36.6%** confidence.",2026-09-13 12:32:37,37
14,2026-12-05,Aston Villa,Crystal Palace,53.4,26.4,20.2,1-0,"• **Team Strength (Elo)**: Aston Villa is favored due to a higher Elo rating (differential of 66 points).
• **Transfer Activity**: Aston Villa boosted by signing Amadou Onana; Crystal Palace boosted by signing Eddie Nketiah.
• **Fatigue**: Both teams are facing congested schedules (midweek matches).
• **Home Advantage**: Aston Villa benefits from playing at home (statistically boosts goal-scoring rate by ~22%).

**Prediction Summary**: Aston Villa is predicted to win this fixture with **53.4%** confidence.",2026-09-13 12:32:37,37
14,2026-12-05,Brentford,Man City,36.28,26.96,36.77,1-1,"• **Team Strength (Elo)**: Man City is favored due to a higher Elo rating (differential of 99 points).
• **Squad Market Value**: Man City has a squad value advantage of €920.0M.
• **Transfer Activity**: Brentford boosted by signing Igor Thiago; Man City boosted by signing Tijjani Reijnders.
• **Injuries & Availability**: Brentford is healthier with 100% availability vs. 68% for the opponent.
• **Fatigue**: Both teams are facing congested schedules (midweek matches).
• **Home Advantage**: Brentford benefits from playing at home (statistically boosts goal-scoring rate by ~22%).

**Prediction Summary**: This matchup is highly contested with a close outcome probability. A Draw (27.0%) is a very strong possibility.",2026-09-13 12:32:37,37
14,2026-12-05,Chelsea,Liverpool,31.82,24.88,43.3,1-1,"• **Team Strength (Elo)**: Liverpool is favored due to a higher Elo rating (differential of 73 points).
• **Squad Market Value**: Chelsea has a squad value advantage of €435.0M.
• **Transfer Activity**: Chelsea boosted by signing Pedro Neto; Liverpool boosted by signing Martin Zubimendi.
• **Injuries & Availability**: Liverpool is healthier with 88% availability vs. 85% for the opponent.
• **Fatigue**: Both teams are facing congested schedules (midweek matches).
• **Home Advantage**: Chelsea benefits from playing at home (statistically boosts goal-scoring rate by ~22%).

**Prediction Summary**: Liverpool is predicted to win this fixture with **43.3%** confidence.",2026-09-13 12:32:37,37
14,2026-12-05,Everton,Fulham,36.48,29.57,33.95,1-1,"• **Team Strength (Elo)**: Matchup is evenly balanced on historical Elo (differential of 9 points).
• **Squad Market Value**: Everton has a squad value advantage of €110.0M.
• **Transfer Activity**: Everton boosted by signing Iliman Ndiaye; Fulham boosted by signing Emile Smith Rowe.
• **Injuries & Availability**: Fulham is healthier with 100% availability vs. 88% for the opponent.
• **Fatigue**: Both teams are facing congested schedules (midweek matches).
• **Home Advantage**: Everton benefits from playing at home (statistically boosts goal-scoring rate by ~22%).

**Prediction Summary**: This matchup is highly contested with a close outcome probability. A Draw (29.6%) is a very strong possibility.",2026-09-13 12:32:37,37
14,2026-12-05,Leeds,Ipswich,65.42,20.18,14.4,2-0,"• **Team Strength (Elo)**: Leeds is favored due to a higher Elo rating (differential of 114 points).
• **Transfer Activity**: Leeds boosted by signing Joe Rodon; Ipswich boosted by signing Omari Hutchinson.
• **Fatigue**: Both teams are facing congested schedules (midweek matches).
• **Home Advantage**: Leeds benefits from playing at home (statistically boosts goal-scoring rate by ~22%).

**Prediction Summary**: Leeds is predicted to win this fixture with **65.4%** confidence.",2026-09-13 12:32:37,37
14,2026-12-05,Man United,Coventry,55.84,24.99,19.17,1-1,"• **Team Strength (Elo)**: Man United is favored due to a higher Elo rating (differential of 170 points).
• **Squad Market Value**: Man United has a squad value advantage of €670.0M.
• **Transfer Activity**: Man United boosted by signing Leny Yoro; Coventry boosted by signing Jack Rudoni.
• **Fatigue**: Both teams are facing congested schedules (midweek matches).
• **Home Advantage**: Man United benefits from playing at home (statistically boosts goal-scoring rate by ~22%).

**Prediction Summary**: Man United is predicted to win this fixture with **55.8%** confidence.",2026-09-13 12:32:37,37
14,2026-12-05,Newcastle,Sunderland,46.91,27.71,25.37,1-1,"• **Team Strength (Elo)**: Matchup is evenly balanced on historical Elo (differential of 18 points).
• **Squad Market Value**: Newcastle has a squad value advantage of €190.0M.
• **Transfer Activity**: Newcastle boosted by signing Lewis Hall; Sunderland boosted by signing Salis Abdul Samed.
• **Fatigue**: Both teams are facing congested schedules (midweek matches).
• **Home Advantage**: Newcastle benefits from playing at home (statistically boosts goal-scoring rate by ~22%).

**Prediction Summary**: Newcastle is predicted to win this fixture with **46.9%** confidence.",2026-09-13 12:32:37,37
14,2026-12-05,Nott'm Forest,Brighton,38.53,27.76,33.71,1-1,"• **Team Strength (Elo)**: Matchup is evenly balanced on historical Elo (differential of 27 points).
• **Squad Market Value**: Brighton has a squad value advantage of €130.0M.
• **Transfer Activity**: Nott'm Forest boosted by signing Elliot Anderson; Brighton boosted by signing Georginio Rutter.
• **Fatigue**: Both teams are facing congested schedules (midweek matches).
• **Home Advantage**: Nott'm Forest benefits from playing at home (statistically boosts goal-scoring rate by ~22%).

**Prediction Summary**: This matchup is highly contested with a close outcome probability. A Draw (27.8%) is a very strong possibility.",2026-09-13 12:32:37,37
14,2026-12-05,Tottenham,Arsenal,16.44,20.75,62.81,0-2,"• **Team Strength (Elo)**: Arsenal is favored due to a higher Elo rating (differential of 187 points).
• **Squad Market Value**: Arsenal has a squad value advantage of €495.0M.
• **Transfer Activity**: Tottenham boosted by signing Dominic Solanke; Arsenal boosted by signing Viktor Gyökeres.
• **Injuries & Availability**: Tottenham is healthier with 88% availability vs. 85% for the opponent.
• **Fatigue**: Both teams are facing congested schedules (midweek matches).
• **Home Advantage**: Tottenham benefits from playing at home (statistically boosts goal-scoring rate by ~22%).

**Prediction Summary**: Arsenal is predicted to win this fixture with **62.8%** confidence.",2026-09-13 12:32:37,37
15,2026-12-12,Arsenal,Bournemouth,62.71,20.6,16.69,2-0,"• **Team Strength (Elo)**: Arsenal is favored due to a higher Elo rating (differential of 100 points).
• **Squad Market Value**: Arsenal has a squad value advantage of €865.0M.
• **Transfer Activity**: Arsenal boosted by signing Viktor Gyökeres; Bournemouth boosted by signing Evanilson.
• **Injuries & Availability**: Bournemouth is healthier with 90% availability vs. 85% for the opponent.
• **Fatigue**: Arsenal is on short rest (midweek match congestion) while Bournemouth is fully rested.
• **Home Advantage**: Arsenal benefits from playing at home (statistically boosts goal-scoring rate by ~22%).

**Prediction Summary**: Arsenal is predicted to win this fixture with **62.7%** confidence.",2026-09-13 12:32:37,37
15,2026-12-12,Brighton,Everton,52.9,24.85,22.25,1-1,"• **Team Strength (Elo)**: Matchup is evenly balanced on historical Elo (differential of 45 points).
• **Squad Market Value**: Brighton has a squad value advantage of €235.0M.
• **Transfer Activity**: Brighton boosted by signing Georginio Rutter; Everton boosted by signing Iliman Ndiaye.
• **Injuries & Availability**: Brighton is healthier with 100% availability vs. 88% for the opponent.
• **Home Advantage**: Brighton benefits from playing at home (statistically boosts goal-scoring rate by ~22%).

**Prediction Summary**: Brighton is predicted to win this fixture with **52.9%** confidence.",2026-09-13 12:32:37,37
15,2026-12-12,Coventry,Aston Villa,38.03,23.16,38.81,1-1,"• **Team Strength (Elo)**: Aston Villa is favored due to a higher Elo rating (differential of 140 points).
• **Squad Market Value**: Aston Villa has a squad value advantage of €305.0M.
• **Transfer Activity**: Coventry boosted by signing Jack Rudoni; Aston Villa boosted by signing Amadou Onana.
• **Injuries & Availability**: Coventry is healthier with 100% availability vs. 85% for the opponent.
• **Fatigue**: Aston Villa is on short rest (midweek match congestion) while Coventry is fully rested.
• **Home Advantage**: Coventry benefits from playing at home (statistically boosts goal-scoring rate by ~22%).

**Prediction Summary**: This matchup is highly contested with a close outcome probability. A Draw (23.2%) is a very strong possibility.",2026-09-13 12:32:37,37
15,2026-12-12,Crystal Palace,Man United,27.97,26.57,45.46,1-1,"• **Team Strength (Elo)**: Man United is favored due to a higher Elo rating (differential of 97 points).
• **Squad Market Value**: Man United has a squad value advantage of €420.0M.
• **Transfer Activity**: Crystal Palace boosted by signing Eddie Nketiah; Man United boosted by signing Leny Yoro.
• **Fatigue**: Man United is on short rest (midweek match congestion) while Crystal Palace is fully rested.
• **Home Advantage**: Crystal Palace benefits from playing at home (statistically boosts goal-scoring rate by ~22%).

**Prediction Summary**: Man United is predicted to win this fixture with **45.5%** confidence.",2026-09-13 12:32:37,37
15,2026-12-12,Fulham,Brentford,35.26,27.24,37.5,1-1,"• **Team Strength (Elo)**: Matchup is evenly balanced on historical Elo (differential of 24 points).
• **Squad Market Value**: Brentford has a squad value advantage of €250.0M.
• **Transfer Activity**: Fulham boosted by signing Emile Smith Rowe; Brentford boosted by signing Igor Thiago.
• **Home Advantage**: Fulham benefits from playing at home (statistically boosts goal-scoring rate by ~22%).

**Prediction Summary**: This matchup is highly contested with a close outcome probability. A Draw (27.2%) is a very strong possibility.",2026-09-13 12:32:37,37
15,2026-12-12,Hull,Tottenham,17.07,37.3,45.63,0-0,"• **Team Strength (Elo)**: Tottenham is favored due to a higher Elo rating (differential of 75 points).
• **Squad Market Value**: Tottenham has a squad value advantage of €857.0M.
• **Transfer Activity**: Hull boosted by signing Charlie Hughes; Tottenham boosted by signing Dominic Solanke.
• **Fatigue**: Tottenham is on short rest (midweek match congestion) while Hull is fully rested.
• **Home Advantage**: Hull benefits from playing at home (statistically boosts goal-scoring rate by ~22%).

**Prediction Summary**: Tottenham is predicted to win this fixture with **45.6%** confidence.",2026-09-13 12:32:37,37
15,2026-12-12,Ipswich,Newcastle,16.55,20.72,62.73,1-1,"• **Team Strength (Elo)**: Newcastle is favored due to a higher Elo rating (differential of 146 points).
• **Squad Market Value**: Newcastle has a squad value advantage of €270.0M.
• **Transfer Activity**: Ipswich boosted by signing Omari Hutchinson; Newcastle boosted by signing Lewis Hall.
• **Home Advantage**: Ipswich benefits from playing at home (statistically boosts goal-scoring rate by ~22%).

**Prediction Summary**: Newcastle is predicted to win this fixture with **62.7%** confidence.",2026-09-13 12:32:37,37
15,2026-12-12,Liverpool,Leeds,57.97,22.89,19.13,1-1,"• **Team Strength (Elo)**: Liverpool is favored due to a higher Elo rating (differential of 80 points).
• **Squad Market Value**: Liverpool has a squad value advantage of €600.0M.
• **Transfer Activity**: Liverpool boosted by signing Martin Zubimendi; Leeds boosted by signing Joe Rodon.
• **Injuries & Availability**: Leeds is healthier with 100% availability vs. 88% for the opponent.
• **Fatigue**: Liverpool is on short rest (midweek match congestion) while Leeds is fully rested.
• **Home Advantage**: Liverpool benefits from playing at home (statistically boosts goal-scoring rate by ~22%).

**Prediction Summary**: Liverpool is predicted to win this fixture with **58.0%** confidence.",2026-09-13 12:32:37,37
15,2026-12-12,Man City,Chelsea,58.47,23.66,17.87,1-1,"• **Team Strength (Elo)**: Man City is favored due to a higher Elo rating (differential of 123 points).
• **Transfer Activity**: Man City boosted by signing Tijjani Reijnders; Chelsea boosted by signing Pedro Neto.
• **Injuries & Availability**: Chelsea is healthier with 85% availability vs. 68% for the opponent.
• **Fatigue**: Both teams are facing congested schedules (midweek matches).
• **Home Advantage**: Man City benefits from playing at home (statistically boosts goal-scoring rate by ~22%).

**Prediction Summary**: Man City is predicted to win this fixture with **58.5%** confidence.",2026-09-13 12:32:37,37
15,2026-12-12,Sunderland,Nott'm Forest,32.91,28.22,38.87,1-1,"• **Team Strength (Elo)**: Matchup is evenly balanced on historical Elo (differential of 32 points).
• **Squad Market Value**: Nott'm Forest has a squad value advantage of €150.0M.
• **Transfer Activity**: Sunderland boosted by signing Salis Abdul Samed; Nott'm Forest boosted by signing Elliot Anderson.
• **Home Advantage**: Sunderland benefits from playing at home (statistically boosts goal-scoring rate by ~22%).

**Prediction Summary**: Nott'm Forest is predicted to win this fixture with **38.9%** confidence.",2026-09-13 12:32:37,37
16,2026-12-19,Bournemouth,Coventry,48.02,24.18,27.8,1-1,"• **Team Strength (Elo)**: Bournemouth is favored due to a higher Elo rating (differential of 129 points).
• **Squad Market Value**: Bournemouth has a squad value advantage of €335.0M.
• **Transfer Activity**: Bournemouth boosted by signing Evanilson; Coventry boosted by signing Jack Rudoni.
• **Injuries & Availability**: Coventry is healthier with 100% availability vs. 90% for the opponent.
• **Home Advantage**: Bournemouth benefits from playing at home (statistically boosts goal-scoring rate by ~22%).

**Prediction Summary**: Bournemouth is predicted to win this fixture with **48.0%** confidence.",2026-09-13 12:32:37,37
16,2026-12-19,Arsenal,Man United,49.77,27.04,23.19,1-1,"• **Team Strength (Elo)**: Arsenal is favored due to a higher Elo rating (differential of 65 points).
• **Squad Market Value**: Arsenal has a squad value advantage of €530.0M.
• **Transfer Activity**: Arsenal boosted by signing Viktor Gyökeres; Man United boosted by signing Leny Yoro.
• **Injuries & Availability**: Man United is healthier with 100% availability vs. 85% for the opponent.
• **Fatigue**: Both teams are facing congested schedules (midweek matches).
• **Home Advantage**: Arsenal benefits from playing at home (statistically boosts goal-scoring rate by ~22%).

**Prediction Summary**: Arsenal is predicted to win this fixture with **49.8%** confidence.",2026-09-13 12:32:37,37
16,2026-12-19,Brentford,Newcastle,42.88,25.23,31.88,1-1,"• **Team Strength (Elo)**: Matchup is evenly balanced on historical Elo (differential of 8 points).
• **Transfer Activity**: Brentford boosted by signing Igor Thiago; Newcastle boosted by signing Lewis Hall.
• **Home Advantage**: Brentford benefits from playing at home (statistically boosts goal-scoring rate by ~22%).

**Prediction Summary**: Brentford is predicted to win this fixture with **42.9%** confidence.",2026-09-13 12:32:37,37
16,2026-12-19,Brighton,Ipswich,75.4,15.16,9.44,2-0,"• **Team Strength (Elo)**: Brighton is favored due to a higher Elo rating (differential of 176 points).
• **Squad Market Value**: Brighton has a squad value advantage of €360.0M.
• **Transfer Activity**: Brighton boosted by signing Georginio Rutter; Ipswich boosted by signing Omari Hutchinson.
• **Injuries & Availability**: Ipswich is healthier with 100% availability vs. 88% for the opponent.
• **Home Advantage**: Brighton benefits from playing at home (statistically boosts goal-scoring rate by ~22%).

**Prediction Summary**: Brighton is predicted to win this fixture with **75.4%** confidence.",2026-09-13 12:32:37,37
16,2026-12-19,Chelsea,Aston Villa,35.44,28.9,35.66,1-1,"• **Team Strength (Elo)**: Aston Villa is favored due to a higher Elo rating (differential of 54 points).
• **Squad Market Value**: Chelsea has a squad value advantage of €880.0M.
• **Transfer Activity**: Chelsea boosted by signing Pedro Neto; Aston Villa boosted by signing Amadou Onana.
• **Injuries & Availability**: Both squads are dealing with minor availability losses (~15% out).
• **Fatigue**: Both teams are facing congested schedules (midweek matches).
• **Home Advantage**: Chelsea benefits from playing at home (statistically boosts goal-scoring rate by ~22%).

**Prediction Summary**: This matchup is highly contested with a close outcome probability. A Draw (28.9%) is a very strong possibility.",2026-09-13 12:32:37,37
16,2026-12-19,Leeds,Fulham,37.91,28.54,33.54,1-1,"• **Team Strength (Elo)**: Matchup is evenly balanced on historical Elo (differential of 18 points).
• **Transfer Activity**: Leeds boosted by signing Joe Rodon; Fulham boosted by signing Emile Smith Rowe.
• **Home Advantage**: Leeds benefits from playing at home (statistically boosts goal-scoring rate by ~22%).

**Prediction Summary**: This matchup is highly contested with a close outcome probability. A Draw (28.5%) is a very strong possibility.",2026-09-13 12:32:37,37
16,2026-12-19,Liverpool,Tottenham,61.71,20.4,17.89,1-1,"• **Team Strength (Elo)**: Liverpool is favored due to a higher Elo rating (differential of 104 points).
• **Transfer Activity**: Liverpool boosted by signing Martin Zubimendi; Tottenham boosted by signing Dominic Solanke.
• **Injuries & Availability**: Tottenham is healthier with 100% availability vs. 88% for the opponent.
• **Fatigue**: Both teams are facing congested schedules (midweek matches).
• **Home Advantage**: Liverpool benefits from playing at home (statistically boosts goal-scoring rate by ~22%).

**Prediction Summary**: Liverpool is predicted to win this fixture with **61.7%** confidence.",2026-09-13 12:32:37,37
16,2026-12-19,Man City,Hull,36.9,32.76,30.34,0-0,"• **Team Strength (Elo)**: Man City is favored due to a higher Elo rating (differential of 218 points).
• **Squad Market Value**: Man City has a squad value advantage of €1392.0M.
• **Transfer Activity**: Man City boosted by signing Tijjani Reijnders; Hull boosted by signing Charlie Hughes.
• **Injuries & Availability**: Hull is healthier with 100% availability vs. 68% for the opponent.
• **Fatigue**: Man City is on short rest (midweek match congestion) while Hull is fully rested.
• **Home Advantage**: Man City benefits from playing at home (statistically boosts goal-scoring rate by ~22%).

**Prediction Summary**: Man City is predicted to win this fixture with **36.9%** confidence.",2026-09-13 12:32:37,37
16,2026-12-19,Nott'm Forest,Everton,49.71,25.82,24.46,1-1,"• **Team Strength (Elo)**: Matchup is evenly balanced on historical Elo (differential of 22 points).
• **Squad Market Value**: Nott'm Forest has a squad value advantage of €105.0M.
• **Transfer Activity**: Nott'm Forest boosted by signing Elliot Anderson; Everton boosted by signing Iliman Ndiaye.
• **Injuries & Availability**: Nott'm Forest is healthier with 100% availability vs. 88% for the opponent.
• **Home Advantage**: Nott'm Forest benefits from playing at home (statistically boosts goal-scoring rate by ~22%).

**Prediction Summary**: Nott'm Forest is predicted to win this fixture with **49.7%** confidence.",2026-09-13 12:32:37,37
16,2026-12-19,Sunderland,Crystal Palace,38.81,29.6,31.59,1-1,"• **Team Strength (Elo)**: Matchup is evenly balanced on historical Elo (differential of 0 points).
• **Squad Market Value**: Crystal Palace has a squad value advantage of €115.0M.
• **Transfer Activity**: Sunderland boosted by signing Salis Abdul Samed; Crystal Palace boosted by signing Eddie Nketiah.
• **Home Advantage**: Sunderland benefits from playing at home (statistically boosts goal-scoring rate by ~22%).

**Prediction Summary**: Sunderland is predicted to win this fixture with **38.8%** confidence.",2026-09-13 12:32:37,37
17,2026-12-26,Aston Villa,Leeds,47.8,27.32,24.88,1-1,"• **Team Strength (Elo)**: Aston Villa is favored due to a higher Elo rating (differential of 60 points).
• **Squad Market Value**: Aston Villa has a squad value advantage of €155.0M.
• **Transfer Activity**: Aston Villa boosted by signing Amadou Onana; Leeds boosted by signing Joe Rodon.
• **Injuries & Availability**: Leeds is healthier with 100% availability vs. 85% for the opponent.
• **Home Advantage**: Aston Villa benefits from playing at home (statistically boosts goal-scoring rate by ~22%).

**Prediction Summary**: Aston Villa is predicted to win this fixture with **47.8%** confidence.",2026-09-13 12:32:37,37
17,2026-12-26,Everton,Sunderland,41.04,29.41,29.55,1-1,"• **Team Strength (Elo)**: Matchup is evenly balanced on historical Elo (differential of 8 points).
• **Transfer Activity**: Everton boosted by signing Iliman Ndiaye; Sunderland boosted by signing Salis Abdul Samed.
• **Home Advantage**: Everton benefits from playing at home (statistically boosts goal-scoring rate by ~22%).

**Prediction Summary**: Everton is predicted to win this fixture with **41.0%** confidence.",2026-09-13 12:32:37,37
17,2026-12-26,Fulham,Brighton,35.91,27.59,36.49,1-1,"• **Team Strength (Elo)**: Matchup is evenly balanced on historical Elo (differential of 43 points).
• **Squad Market Value**: Brighton has a squad value advantage of €345.0M.
• **Transfer Activity**: Fulham boosted by signing Emile Smith Rowe; Brighton boosted by signing Georginio Rutter.
• **Injuries & Availability**: Fulham is healthier with 100% availability vs. 88% for the opponent.
• **Home Advantage**: Fulham benefits from playing at home (statistically boosts goal-scoring rate by ~22%).

**Prediction Summary**: This matchup is highly contested with a close outcome probability. A Draw (27.6%) is a very strong possibility.",2026-09-13 12:32:37,37
17,2026-12-26,Hull,Liverpool,9.51,26.74,63.75,0-1,"• **Team Strength (Elo)**: Liverpool is favored due to a higher Elo rating (differential of 182 points).
• **Squad Market Value**: Liverpool has a squad value advantage of €902.0M.
• **Transfer Activity**: Hull boosted by signing Charlie Hughes; Liverpool boosted by signing Martin Zubimendi.
• **Injuries & Availability**: Hull is healthier with 100% availability vs. 88% for the opponent.
• **Home Advantage**: Hull benefits from playing at home (statistically boosts goal-scoring rate by ~22%).

**Prediction Summary**: Liverpool is predicted to win this fixture with **63.8%** confidence.",2026-09-13 12:32:37,37
17,2026-12-26,Ipswich,Brentford,13.67,19.87,66.46,1-1,"• **Team Strength (Elo)**: Brentford is favored due to a higher Elo rating (differential of 170 points).
• **Squad Market Value**: Brentford has a squad value advantage of €265.0M.
• **Transfer Activity**: Ipswich boosted by signing Omari Hutchinson; Brentford boosted by signing Igor Thiago.
• **Home Advantage**: Ipswich benefits from playing at home (statistically boosts goal-scoring rate by ~22%).

**Prediction Summary**: Brentford is predicted to win this fixture with **66.5%** confidence.",2026-09-13 12:32:37,37
17,2026-12-26,Newcastle,Man City,36.17,25.44,38.39,1-1,"• **Team Strength (Elo)**: Man City is favored due to a higher Elo rating (differential of 99 points).
• **Squad Market Value**: Man City has a squad value advantage of €915.0M.
• **Transfer Activity**: Newcastle boosted by signing Lewis Hall; Man City boosted by signing Tijjani Reijnders.
• **Injuries & Availability**: Newcastle is healthier with 100% availability vs. 68% for the opponent.
• **Home Advantage**: Newcastle benefits from playing at home (statistically boosts goal-scoring rate by ~22%).

**Prediction Summary**: This matchup is highly contested with a close outcome probability. A Draw (25.4%) is a very strong possibility.",2026-09-13 12:32:37,37
17,2026-12-26,Tottenham,Bournemouth,31.88,23.44,44.68,1-1,"• **Team Strength (Elo)**: Bournemouth is favored due to a higher Elo rating (differential of 83 points).
• **Squad Market Value**: Tottenham has a squad value advantage of €370.0M.
• **Transfer Activity**: Tottenham boosted by signing Dominic Solanke; Bournemouth boosted by signing Evanilson.
• **Home Advantage**: Tottenham benefits from playing at home (statistically boosts goal-scoring rate by ~22%).

**Prediction Summary**: Bournemouth is predicted to win this fixture with **44.7%** confidence.",2026-09-13 12:32:37,37
17,2026-12-27,Coventry,Chelsea,39.17,25.84,34.99,1-1,"• **Team Strength (Elo)**: Chelsea is favored due to a higher Elo rating (differential of 82 points).
• **Squad Market Value**: Chelsea has a squad value advantage of €1185.0M.
• **Transfer Activity**: Coventry boosted by signing Jack Rudoni; Chelsea boosted by signing Pedro Neto.
• **Home Advantage**: Coventry benefits from playing at home (statistically boosts goal-scoring rate by ~22%).

**Prediction Summary**: This matchup is highly contested with a close outcome probability. A Draw (25.8%) is a very strong possibility.",2026-09-13 12:32:37,37
17,2026-12-27,Crystal Palace,Arsenal,19.41,21.39,59.2,0-2,"• **Team Strength (Elo)**: Arsenal is favored due to a higher Elo rating (differential of 170 points).
• **Squad Market Value**: Arsenal has a squad value advantage of €950.0M.
• **Transfer Activity**: Crystal Palace boosted by signing Eddie Nketiah; Arsenal boosted by signing Viktor Gyökeres.
• **Home Advantage**: Crystal Palace benefits from playing at home (statistically boosts goal-scoring rate by ~22%).

**Prediction Summary**: Arsenal is predicted to win this fixture with **59.2%** confidence.",2026-09-13 12:32:37,37
17,2026-12-27,Man United,Nott'm Forest,53.54,23.96,22.5,1-1,"• **Team Strength (Elo)**: Man United is favored due to a higher Elo rating (differential of 61 points).
• **Squad Market Value**: Man United has a squad value advantage of €385.0M.
• **Transfer Activity**: Man United boosted by signing Leny Yoro; Nott'm Forest boosted by signing Elliot Anderson.
• **Home Advantage**: Man United benefits from playing at home (statistically boosts goal-scoring rate by ~22%).

**Prediction Summary**: Man United is predicted to win this fixture with **53.5%** confidence.",2026-09-13 12:32:37,37
18,2026-12-29,Everton,Man City,30.39,29.75,39.86,1-1,"• **Team Strength (Elo)**: Man City is favored due to a higher Elo rating (differential of 121 points).
• **Squad Market Value**: Man City has a squad value advantage of €1060.0M.
• **Transfer Activity**: Everton boosted by signing Iliman Ndiaye; Man City boosted by signing Tijjani Reijnders.
• **Injuries & Availability**: Everton is healthier with 100% availability vs. 68% for the opponent.
• **Fatigue**: Both teams are facing congested schedules (midweek matches).
• **Home Advantage**: Everton benefits from playing at home (statistically boosts goal-scoring rate by ~22%).

**Prediction Summary**: Man City is predicted to win this fixture with **39.9%** confidence.",2026-09-13 12:32:37,37
18,2026-12-29,Hull,Leeds,13.29,38.68,48.03,0-0,"• **Team Strength (Elo)**: Leeds is favored due to a higher Elo rating (differential of 105 points).
• **Squad Market Value**: Leeds has a squad value advantage of €302.0M.
• **Transfer Activity**: Hull boosted by signing Charlie Hughes; Leeds boosted by signing Joe Rodon.
• **Fatigue**: Both teams are facing congested schedules (midweek matches).
• **Home Advantage**: Hull benefits from playing at home (statistically boosts goal-scoring rate by ~22%).

**Prediction Summary**: Leeds is predicted to win this fixture with **48.0%** confidence.",2026-09-13 12:32:37,37
18,2026-12-29,Tottenham,Brighton,32.97,25.28,41.75,1-1,"• **Team Strength (Elo)**: Brighton is favored due to a higher Elo rating (differential of 86 points).
• **Squad Market Value**: Tottenham has a squad value advantage of €290.0M.
• **Transfer Activity**: Tottenham boosted by signing Dominic Solanke; Brighton boosted by signing Georginio Rutter.
• **Injuries & Availability**: Tottenham is healthier with 100% availability vs. 88% for the opponent.
• **Fatigue**: Both teams are facing congested schedules (midweek matches).
• **Home Advantage**: Tottenham benefits from playing at home (statistically boosts goal-scoring rate by ~22%).

**Prediction Summary**: Brighton is predicted to win this fixture with **41.8%** confidence.",2026-09-13 12:32:37,37
18,2026-12-30,Aston Villa,Liverpool,35.04,23.52,41.44,1-1,"• **Team Strength (Elo)**: Matchup is evenly balanced on historical Elo (differential of 32 points).
• **Squad Market Value**: Liverpool has a squad value advantage of €445.0M.
• **Transfer Activity**: Aston Villa boosted by signing Amadou Onana; Liverpool boosted by signing Martin Zubimendi.
• **Injuries & Availability**: Liverpool is healthier with 88% availability vs. 85% for the opponent.
• **Home Advantage**: Aston Villa benefits from playing at home (statistically boosts goal-scoring rate by ~22%).

**Prediction Summary**: Liverpool is predicted to win this fixture with **41.4%** confidence.",2026-09-13 12:32:37,37
18,2026-12-30,Coventry,Brentford,30.49,24.6,44.91,1-1,"• **Team Strength (Elo)**: Brentford is favored due to a higher Elo rating (differential of 119 points).
• **Squad Market Value**: Brentford has a squad value advantage of €320.0M.
• **Transfer Activity**: Coventry boosted by signing Jack Rudoni; Brentford boosted by signing Igor Thiago.
• **Fatigue**: Coventry is on short rest (midweek match congestion) while Brentford is fully rested.
• **Home Advantage**: Coventry benefits from playing at home (statistically boosts goal-scoring rate by ~22%).

**Prediction Summary**: Brentford is predicted to win this fixture with **44.9%** confidence.",2026-09-13 12:32:37,37
18,2026-12-30,Crystal Palace,Bournemouth,30.44,25.94,43.62,1-1,"• **Team Strength (Elo)**: Bournemouth is favored due to a higher Elo rating (differential of 71 points).
• **Transfer Activity**: Crystal Palace boosted by signing Eddie Nketiah; Bournemouth boosted by signing Evanilson.
• **Fatigue**: Crystal Palace is on short rest (midweek match congestion) while Bournemouth is fully rested.
• **Home Advantage**: Crystal Palace benefits from playing at home (statistically boosts goal-scoring rate by ~22%).

**Prediction Summary**: Bournemouth is predicted to win this fixture with **43.6%** confidence.",2026-09-13 12:32:37,37
18,2026-12-30,Fulham,Arsenal,19.84,24.94,55.22,0-1,"• **Team Strength (Elo)**: Arsenal is favored due to a higher Elo rating (differential of 155 points).
• **Squad Market Value**: Arsenal has a squad value advantage of €1130.0M.
• **Transfer Activity**: Fulham boosted by signing Emile Smith Rowe; Arsenal boosted by signing Viktor Gyökeres.
• **Fatigue**: Arsenal is on short rest (midweek match congestion) while Fulham is fully rested.
• **Home Advantage**: Fulham benefits from playing at home (statistically boosts goal-scoring rate by ~22%).

**Prediction Summary**: Arsenal is predicted to win this fixture with **55.2%** confidence.",2026-09-13 12:32:37,37
18,2026-12-30,Ipswich,Chelsea,21.57,25.72,52.71,1-1,"• **Team Strength (Elo)**: Chelsea is favored due to a higher Elo rating (differential of 142 points).
• **Squad Market Value**: Chelsea has a squad value advantage of €1130.0M.
• **Transfer Activity**: Ipswich boosted by signing Omari Hutchinson; Chelsea boosted by signing Pedro Neto.
• **Fatigue**: Chelsea is on short rest (midweek match congestion) while Ipswich is fully rested.
• **Home Advantage**: Ipswich benefits from playing at home (statistically boosts goal-scoring rate by ~22%).

**Prediction Summary**: Chelsea is predicted to win this fixture with **52.7%** confidence.",2026-09-13 12:32:37,37
18,2026-12-30,Man United,Sunderland,57.88,24.09,18.04,1-1,"• **Team Strength (Elo)**: Man United is favored due to a higher Elo rating (differential of 93 points).
• **Squad Market Value**: Man United has a squad value advantage of €535.0M.
• **Transfer Activity**: Man United boosted by signing Leny Yoro; Sunderland boosted by signing Salis Abdul Samed.
• **Fatigue**: Man United is on short rest (midweek match congestion) while Sunderland is fully rested.
• **Home Advantage**: Man United benefits from playing at home (statistically boosts goal-scoring rate by ~22%).

**Prediction Summary**: Man United is predicted to win this fixture with **57.9%** confidence.",2026-09-13 12:32:37,37
18,2026-12-30,Newcastle,Nott'm Forest,44.55,25.81,29.64,1-1,"• **Team Strength (Elo)**: Matchup is evenly balanced on historical Elo (differential of 5 points).
• **Transfer Activity**: Newcastle boosted by signing Lewis Hall; Nott'm Forest boosted by signing Elliot Anderson.
• **Fatigue**: Nott'm Forest is on short rest (midweek match congestion) while Newcastle is fully rested.
• **Home Advantage**: Newcastle benefits from playing at home (statistically boosts goal-scoring rate by ~22%).

**Prediction Summary**: Newcastle is predicted to win this fixture with **44.6%** confidence.",2026-09-13 12:32:37,37
19,2027-01-01,Leeds,Everton,38.24,28.56,33.2,1-1,"• **Team Strength (Elo)**: Matchup is evenly balanced on historical Elo (differential of 6 points).
• **Transfer Activity**: Leeds boosted by signing Joe Rodon; Everton boosted by signing Iliman Ndiaye.
• **Fatigue**: Both teams are facing congested schedules (midweek matches).
• **Home Advantage**: Leeds benefits from playing at home (statistically boosts goal-scoring rate by ~22%).

**Prediction Summary**: Leeds is predicted to win this fixture with **38.2%** confidence.",2026-09-13 12:32:37,37
19,2027-01-02,Bournemouth,Aston Villa,45.56,26.76,27.68,1-1,"• **Team Strength (Elo)**: Matchup is evenly balanced on historical Elo (differential of 2 points).
• **Transfer Activity**: Bournemouth boosted by signing Evanilson; Aston Villa boosted by signing Amadou Onana.
• **Injuries & Availability**: Bournemouth is healthier with 100% availability vs. 85% for the opponent.
• **Fatigue**: Both teams are facing congested schedules (midweek matches).
• **Home Advantage**: Bournemouth benefits from playing at home (statistically boosts goal-scoring rate by ~22%).

**Prediction Summary**: Bournemouth is predicted to win this fixture with **45.6%** confidence.",2026-09-13 12:32:37,37
19,2027-01-02,Arsenal,Ipswich,88.71,5.84,5.45,4-0,"• **Team Strength (Elo)**: Arsenal is favored due to a higher Elo rating (differential of 300 points).
• **Squad Market Value**: Arsenal has a squad value advantage of €1145.0M.
• **Transfer Activity**: Arsenal boosted by signing Viktor Gyökeres; Ipswich boosted by signing Omari Hutchinson.
• **Fatigue**: Both teams are facing congested schedules (midweek matches).
• **Home Advantage**: Arsenal benefits from playing at home (statistically boosts goal-scoring rate by ~22%).

**Prediction Summary**: Arsenal is predicted to win this fixture with **88.7%** confidence.",2026-09-13 12:32:37,37
19,2027-01-02,Brentford,Crystal Palace,51.32,25.59,23.09,1-1,"• **Team Strength (Elo)**: Brentford is favored due to a higher Elo rating (differential of 53 points).
• **Transfer Activity**: Brentford boosted by signing Igor Thiago; Crystal Palace boosted by signing Eddie Nketiah.
• **Fatigue**: Both teams are facing congested schedules (midweek matches).
• **Home Advantage**: Brentford benefits from playing at home (statistically boosts goal-scoring rate by ~22%).

**Prediction Summary**: Brentford is predicted to win this fixture with **51.3%** confidence.",2026-09-13 12:32:37,37
19,2027-01-02,Brighton,Man United,36.44,24.23,39.33,1-1,"• **Team Strength (Elo)**: Matchup is evenly balanced on historical Elo (differential of 38 points).
• **Squad Market Value**: Man United has a squad value advantage of €255.0M.
• **Transfer Activity**: Brighton boosted by signing Georginio Rutter; Man United boosted by signing Leny Yoro.
• **Injuries & Availability**: Man United is healthier with 100% availability vs. 88% for the opponent.
• **Fatigue**: Man United is on short rest (midweek match congestion) while Brighton is fully rested.
• **Home Advantage**: Brighton benefits from playing at home (statistically boosts goal-scoring rate by ~22%).

**Prediction Summary**: This matchup is highly contested with a close outcome probability. A Draw (24.2%) is a very strong possibility.",2026-09-13 12:32:37,37
19,2027-01-02,Liverpool,Coventry,52.99,24.59,22.42,1-1,"• **Team Strength (Elo)**: Liverpool is favored due to a higher Elo rating (differential of 157 points).
• **Squad Market Value**: Liverpool has a squad value advantage of €750.0M.
• **Transfer Activity**: Liverpool boosted by signing Martin Zubimendi; Coventry boosted by signing Jack Rudoni.
• **Injuries & Availability**: Coventry is healthier with 100% availability vs. 88% for the opponent.
• **Fatigue**: Both teams are facing congested schedules (midweek matches).
• **Home Advantage**: Liverpool benefits from playing at home (statistically boosts goal-scoring rate by ~22%).

**Prediction Summary**: Liverpool is predicted to win this fixture with **53.0%** confidence.",2026-09-13 12:32:37,37
19,2027-01-02,Nott'm Forest,Fulham,45.06,27.34,27.59,1-1,"• **Team Strength (Elo)**: Matchup is evenly balanced on historical Elo (differential of 19 points).
• **Squad Market Value**: Nott'm Forest has a squad value advantage of €215.0M.
• **Transfer Activity**: Nott'm Forest boosted by signing Elliot Anderson; Fulham boosted by signing Emile Smith Rowe.
• **Fatigue**: Both teams are facing congested schedules (midweek matches).
• **Home Advantage**: Nott'm Forest benefits from playing at home (statistically boosts goal-scoring rate by ~22%).

**Prediction Summary**: Nott'm Forest is predicted to win this fixture with **45.1%** confidence.",2026-09-13 12:32:37,37
19,2027-01-02,Sunderland,Hull,35.64,46.08,18.28,0-0,"• **Team Strength (Elo)**: Sunderland is favored due to a higher Elo rating (differential of 93 points).
• **Squad Market Value**: Sunderland has a squad value advantage of €287.0M.
• **Transfer Activity**: Sunderland boosted by signing Salis Abdul Samed; Hull boosted by signing Charlie Hughes.
• **Fatigue**: Sunderland is on short rest (midweek match congestion) while Hull is fully rested.
• **Home Advantage**: Sunderland benefits from playing at home (statistically boosts goal-scoring rate by ~22%).

**Prediction Summary**: Sunderland is predicted to win this fixture with **35.6%** confidence.",2026-09-13 12:32:37,37
19,2027-01-03,Chelsea,Newcastle,39.32,25.3,35.37,1-1,"• **Team Strength (Elo)**: Matchup is evenly balanced on historical Elo (differential of 20 points).
• **Squad Market Value**: Chelsea has a squad value advantage of €860.0M.
• **Transfer Activity**: Chelsea boosted by signing Pedro Neto; Newcastle boosted by signing Lewis Hall.
• **Home Advantage**: Chelsea benefits from playing at home (statistically boosts goal-scoring rate by ~22%).

**Prediction Summary**: This matchup is highly contested with a close outcome probability. A Draw (25.3%) is a very strong possibility.",2026-09-13 12:32:37,37
19,2027-01-03,Man City,Tottenham,60.29,21.44,18.27,2-1,"• **Team Strength (Elo)**: Man City is favored due to a higher Elo rating (differential of 151 points).
• **Squad Market Value**: Man City has a squad value advantage of €535.0M.
• **Transfer Activity**: Man City boosted by signing Tijjani Reijnders; Tottenham boosted by signing Dominic Solanke.
• **Injuries & Availability**: Tottenham is healthier with 100% availability vs. 68% for the opponent.
• **Home Advantage**: Man City benefits from playing at home (statistically boosts goal-scoring rate by ~22%).

**Prediction Summary**: Man City is predicted to win this fixture with **60.3%** confidence.",2026-09-13 12:32:37,37
20,2027-01-05,Arsenal,Brentford,66.62,18.92,14.45,2-0,"• **Team Strength (Elo)**: Arsenal is favored due to a higher Elo rating (differential of 125 points).
• **Squad Market Value**: Arsenal has a squad value advantage of €880.0M.
• **Transfer Activity**: Arsenal boosted by signing Viktor Gyökeres; Brentford boosted by signing Igor Thiago.
• **Fatigue**: Both teams are facing congested schedules (midweek matches).
• **Home Advantage**: Arsenal benefits from playing at home (statistically boosts goal-scoring rate by ~22%).

**Prediction Summary**: Arsenal is predicted to win this fixture with **66.6%** confidence.",2026-09-13 12:32:37,37
20,2027-01-05,Brighton,Bournemouth,40.24,26.65,33.11,1-1,"• **Team Strength (Elo)**: Matchup is evenly balanced on historical Elo (differential of 8 points).
• **Transfer Activity**: Brighton boosted by signing Georginio Rutter; Bournemouth boosted by signing Evanilson.
• **Injuries & Availability**: Bournemouth is healthier with 100% availability vs. 88% for the opponent.
• **Fatigue**: Both teams are facing congested schedules (midweek matches).
• **Home Advantage**: Brighton benefits from playing at home (statistically boosts goal-scoring rate by ~22%).

**Prediction Summary**: Brighton is predicted to win this fixture with **40.2%** confidence.",2026-09-13 12:32:37,37
20,2027-01-05,Everton,Aston Villa,38.03,26.45,35.52,1-1,"• **Team Strength (Elo)**: Aston Villa is favored due to a higher Elo rating (differential of 51 points).
• **Squad Market Value**: Aston Villa has a squad value advantage of €125.0M.
• **Transfer Activity**: Everton boosted by signing Iliman Ndiaye; Aston Villa boosted by signing Amadou Onana.
• **Injuries & Availability**: Everton is healthier with 100% availability vs. 85% for the opponent.
• **Fatigue**: Aston Villa is on short rest (midweek match congestion) while Everton is fully rested.
• **Home Advantage**: Everton benefits from playing at home (statistically boosts goal-scoring rate by ~22%).

**Prediction Summary**: This matchup is highly contested with a close outcome probability. A Draw (26.5%) is a very strong possibility.",2026-09-13 12:32:37,37
20,2027-01-05,Nott'm Forest,Hull,42.35,40.32,17.33,0-0,"• **Team Strength (Elo)**: Nott'm Forest is favored due to a higher Elo rating (differential of 122 points).
• **Squad Market Value**: Nott'm Forest has a squad value advantage of €437.0M.
• **Transfer Activity**: Nott'm Forest boosted by signing Elliot Anderson; Hull boosted by signing Charlie Hughes.
• **Fatigue**: Both teams are facing congested schedules (midweek matches).
• **Home Advantage**: Nott'm Forest benefits from playing at home (statistically boosts goal-scoring rate by ~22%).

**Prediction Summary**: Nott'm Forest is predicted to win this fixture with **42.4%** confidence.",2026-09-13 12:32:37,37
20,2027-01-05,Sunderland,Liverpool,27.66,26.57,45.77,1-1,"• **Team Strength (Elo)**: Liverpool is favored due to a higher Elo rating (differential of 96 points).
• **Squad Market Value**: Liverpool has a squad value advantage of €615.0M.
• **Transfer Activity**: Sunderland boosted by signing Salis Abdul Samed; Liverpool boosted by signing Martin Zubimendi.
• **Injuries & Availability**: Sunderland is healthier with 100% availability vs. 88% for the opponent.
• **Fatigue**: Both teams are facing congested schedules (midweek matches).
• **Home Advantage**: Sunderland benefits from playing at home (statistically boosts goal-scoring rate by ~22%).

**Prediction Summary**: Liverpool is predicted to win this fixture with **45.8%** confidence.",2026-09-13 12:32:37,37
20,2027-01-06,Crystal Palace,Chelsea,38.79,27.68,33.53,1-1,"• **Team Strength (Elo)**: Matchup is evenly balanced on historical Elo (differential of 23 points).
• **Squad Market Value**: Chelsea has a squad value advantage of €935.0M.
• **Transfer Activity**: Crystal Palace boosted by signing Eddie Nketiah; Chelsea boosted by signing Pedro Neto.
• **Fatigue**: Chelsea is on short rest (midweek match congestion) while Crystal Palace is fully rested.
• **Home Advantage**: Crystal Palace benefits from playing at home (statistically boosts goal-scoring rate by ~22%).

**Prediction Summary**: Crystal Palace is predicted to win this fixture with **38.8%** confidence.",2026-09-13 12:32:37,37
20,2027-01-06,Fulham,Tottenham,48.29,26.45,25.26,1-1,"• **Team Strength (Elo)**: Matchup is evenly balanced on historical Elo (differential of 34 points).
• **Squad Market Value**: Tottenham has a squad value advantage of €635.0M.
• **Transfer Activity**: Fulham boosted by signing Emile Smith Rowe; Tottenham boosted by signing Dominic Solanke.
• **Fatigue**: Tottenham is on short rest (midweek match congestion) while Fulham is fully rested.
• **Home Advantage**: Fulham benefits from playing at home (statistically boosts goal-scoring rate by ~22%).

**Prediction Summary**: Fulham is predicted to win this fixture with **48.3%** confidence.",2026-09-13 12:32:37,37
20,2027-01-06,Ipswich,Coventry,36.93,25.72,37.35,1-1,"• **Team Strength (Elo)**: Coventry is favored due to a higher Elo rating (differential of 64 points).
• **Transfer Activity**: Ipswich boosted by signing Omari Hutchinson; Coventry boosted by signing Jack Rudoni.
• **Home Advantage**: Ipswich benefits from playing at home (statistically boosts goal-scoring rate by ~22%).

**Prediction Summary**: This matchup is highly contested with a close outcome probability. A Draw (25.7%) is a very strong possibility.",2026-09-13 12:32:37,37
20,2027-01-06,Leeds,Man City,28.54,28.55,42.91,1-1,"• **Team Strength (Elo)**: Man City is favored due to a higher Elo rating (differential of 125 points).
• **Squad Market Value**: Man City has a squad value advantage of €1090.0M.
• **Transfer Activity**: Leeds boosted by signing Joe Rodon; Man City boosted by signing Tijjani Reijnders.
• **Injuries & Availability**: Leeds is healthier with 100% availability vs. 68% for the opponent.
• **Fatigue**: Man City is on short rest (midweek match congestion) while Leeds is fully rested.
• **Home Advantage**: Leeds benefits from playing at home (statistically boosts goal-scoring rate by ~22%).

**Prediction Summary**: Man City is predicted to win this fixture with **42.9%** confidence.",2026-09-13 12:32:37,37
20,2027-01-07,Man United,Newcastle,54.22,22.47,23.31,1-1,"• **Team Strength (Elo)**: Man United is favored due to a higher Elo rating (differential of 64 points).
• **Squad Market Value**: Man United has a squad value advantage of €345.0M.
• **Transfer Activity**: Man United boosted by signing Leny Yoro; Newcastle boosted by signing Lewis Hall.
• **Fatigue**: Man United is on short rest (midweek match congestion) while Newcastle is fully rested.
• **Home Advantage**: Man United benefits from playing at home (statistically boosts goal-scoring rate by ~22%).

**Prediction Summary**: Man United is predicted to win this fixture with **54.2%** confidence.",2026-09-13 12:32:37,37
21,2027-01-16,Bournemouth,Ipswich,78.63,12.98,8.39,3-0,"• **Team Strength (Elo)**: Bournemouth is favored due to a higher Elo rating (differential of 200 points).
• **Squad Market Value**: Bournemouth has a squad value advantage of €280.0M.
• **Transfer Activity**: Bournemouth boosted by signing Evanilson; Ipswich boosted by signing Omari Hutchinson.
• **Home Advantage**: Bournemouth benefits from playing at home (statistically boosts goal-scoring rate by ~22%).

**Prediction Summary**: Bournemouth is predicted to win this fixture with **78.6%** confidence.",2026-09-13 12:32:37,37
21,2027-01-16,Aston Villa,Man United,33.06,22.9,44.04,1-1,"• **Team Strength (Elo)**: Matchup is evenly balanced on historical Elo (differential of 43 points).
• **Squad Market Value**: Man United has a squad value advantage of €365.0M.
• **Transfer Activity**: Aston Villa boosted by signing Amadou Onana; Man United boosted by signing Leny Yoro.
• **Injuries & Availability**: Man United is healthier with 100% availability vs. 85% for the opponent.
• **Home Advantage**: Aston Villa benefits from playing at home (statistically boosts goal-scoring rate by ~22%).

**Prediction Summary**: Man United is predicted to win this fixture with **44.0%** confidence.",2026-09-13 12:32:37,37
21,2027-01-16,Brentford,Brighton,45.56,23.84,30.6,1-1,"• **Team Strength (Elo)**: Matchup is evenly balanced on historical Elo (differential of 13 points).
• **Transfer Activity**: Brentford boosted by signing Igor Thiago; Brighton boosted by signing Georginio Rutter.
• **Injuries & Availability**: Brentford is healthier with 100% availability vs. 88% for the opponent.
• **Home Advantage**: Brentford benefits from playing at home (statistically boosts goal-scoring rate by ~22%).

**Prediction Summary**: Brentford is predicted to win this fixture with **45.6%** confidence.",2026-09-13 12:32:37,37
21,2027-01-16,Chelsea,Sunderland,46.26,26.97,26.77,1-1,"• **Team Strength (Elo)**: Matchup is evenly balanced on historical Elo (differential of 17 points).
• **Squad Market Value**: Chelsea has a squad value advantage of €1050.0M.
• **Transfer Activity**: Chelsea boosted by signing Pedro Neto; Sunderland boosted by signing Salis Abdul Samed.
• **Home Advantage**: Chelsea benefits from playing at home (statistically boosts goal-scoring rate by ~22%).

**Prediction Summary**: Chelsea is predicted to win this fixture with **46.3%** confidence.",2026-09-13 12:32:37,37
21,2027-01-16,Coventry,Everton,40.91,23.52,35.57,1-1,"• **Team Strength (Elo)**: Everton is favored due to a higher Elo rating (differential of 77 points).
• **Squad Market Value**: Everton has a squad value advantage of €180.0M.
• **Transfer Activity**: Coventry boosted by signing Jack Rudoni; Everton boosted by signing Iliman Ndiaye.
• **Home Advantage**: Coventry benefits from playing at home (statistically boosts goal-scoring rate by ~22%).

**Prediction Summary**: Coventry is predicted to win this fixture with **40.9%** confidence.",2026-09-13 12:32:37,37
21,2027-01-16,Hull,Arsenal,14.49,22.8,62.71,0-1,"• **Team Strength (Elo)**: Arsenal is favored due to a higher Elo rating (differential of 265 points).
• **Squad Market Value**: Arsenal has a squad value advantage of €1352.0M.
• **Transfer Activity**: Hull boosted by signing Charlie Hughes; Arsenal boosted by signing Viktor Gyökeres.
• **Home Advantage**: Hull benefits from playing at home (statistically boosts goal-scoring rate by ~22%).

**Prediction Summary**: Arsenal is predicted to win this fixture with **62.7%** confidence.",2026-09-13 12:32:37,37
21,2027-01-16,Liverpool,Crystal Palace,68.02,19.8,12.17,1-1,"• **Team Strength (Elo)**: Liverpool is favored due to a higher Elo rating (differential of 105 points).
• **Squad Market Value**: Liverpool has a squad value advantage of €500.0M.
• **Transfer Activity**: Liverpool boosted by signing Martin Zubimendi; Crystal Palace boosted by signing Eddie Nketiah.
• **Home Advantage**: Liverpool benefits from playing at home (statistically boosts goal-scoring rate by ~22%).

**Prediction Summary**: Liverpool is predicted to win this fixture with **68.0%** confidence.",2026-09-13 12:32:37,37
21,2027-01-16,Man City,Nott'm Forest,58.34,21.79,19.88,1-1,"• **Team Strength (Elo)**: Man City is favored due to a higher Elo rating (differential of 97 points).
• **Squad Market Value**: Man City has a squad value advantage of €955.0M.
• **Transfer Activity**: Man City boosted by signing Tijjani Reijnders; Nott'm Forest boosted by signing Elliot Anderson.
• **Injuries & Availability**: Nott'm Forest is healthier with 100% availability vs. 82% for the opponent.
• **Home Advantage**: Man City benefits from playing at home (statistically boosts goal-scoring rate by ~22%).

**Prediction Summary**: Man City is predicted to win this fixture with **58.3%** confidence.",2026-09-13 12:32:37,37
21,2027-01-16,Newcastle,Fulham,48.7,24.68,26.62,1-1,"• **Team Strength (Elo)**: Matchup is evenly balanced on historical Elo (differential of 18 points).
• **Squad Market Value**: Newcastle has a squad value advantage of €255.0M.
• **Transfer Activity**: Newcastle boosted by signing Lewis Hall; Fulham boosted by signing Emile Smith Rowe.
• **Home Advantage**: Newcastle benefits from playing at home (statistically boosts goal-scoring rate by ~22%).

**Prediction Summary**: Newcastle is predicted to win this fixture with **48.7%** confidence.",2026-09-13 12:32:37,37
21,2027-01-16,Tottenham,Leeds,43.27,24.96,31.76,1-1,"• **Team Strength (Elo)**: Matchup is evenly balanced on historical Elo (differential of 27 points).
• **Squad Market Value**: Tottenham has a squad value advantage of €555.0M.
• **Transfer Activity**: Tottenham boosted by signing Dominic Solanke; Leeds boosted by signing Joe Rodon.
• **Home Advantage**: Tottenham benefits from playing at home (statistically boosts goal-scoring rate by ~22%).

**Prediction Summary**: Tottenham is predicted to win this fixture with **43.3%** confidence.",2026-09-13 12:32:37,37
22,2027-01-23,Arsenal,Newcastle,67.63,17.66,14.71,2-0,"• **Team Strength (Elo)**: Arsenal is favored due to a higher Elo rating (differential of 141 points).
• **Squad Market Value**: Arsenal has a squad value advantage of €875.0M.
• **Transfer Activity**: Arsenal boosted by signing Viktor Gyökeres; Newcastle boosted by signing Lewis Hall.
• **Fatigue**: Arsenal is on short rest (midweek match congestion) while Newcastle is fully rested.
• **Home Advantage**: Arsenal benefits from playing at home (statistically boosts goal-scoring rate by ~22%).

**Prediction Summary**: Arsenal is predicted to win this fixture with **67.6%** confidence.",2026-09-13 12:32:37,37
22,2027-01-23,Brighton,Man City,30.94,27.44,41.63,1-1,"• **Team Strength (Elo)**: Man City is favored due to a higher Elo rating (differential of 76 points).
• **Squad Market Value**: Man City has a squad value advantage of €825.0M.
• **Transfer Activity**: Brighton boosted by signing Georginio Rutter; Man City boosted by signing Tijjani Reijnders.
• **Injuries & Availability**: Brighton is healthier with 88% availability vs. 82% for the opponent.
• **Fatigue**: Man City is on short rest (midweek match congestion) while Brighton is fully rested.
• **Home Advantage**: Brighton benefits from playing at home (statistically boosts goal-scoring rate by ~22%).

**Prediction Summary**: Man City is predicted to win this fixture with **41.6%** confidence.",2026-09-13 12:32:37,37
22,2027-01-23,Crystal Palace,Tottenham,41.88,27.2,30.92,1-1,"• **Team Strength (Elo)**: Matchup is evenly balanced on historical Elo (differential of 7 points).
• **Squad Market Value**: Tottenham has a squad value advantage of €455.0M.
• **Transfer Activity**: Crystal Palace boosted by signing Eddie Nketiah; Tottenham boosted by signing Dominic Solanke.
• **Fatigue**: Tottenham is on short rest (midweek match congestion) while Crystal Palace is fully rested.
• **Home Advantage**: Crystal Palace benefits from playing at home (statistically boosts goal-scoring rate by ~22%).

**Prediction Summary**: Crystal Palace is predicted to win this fixture with **41.9%** confidence.",2026-09-13 12:32:37,37
22,2027-01-23,Everton,Brentford,35.24,26.34,38.42,1-1,"• **Team Strength (Elo)**: Matchup is evenly balanced on historical Elo (differential of 40 points).
• **Squad Market Value**: Brentford has a squad value advantage of €140.0M.
• **Transfer Activity**: Everton boosted by signing Iliman Ndiaye; Brentford boosted by signing Igor Thiago.
• **Home Advantage**: Everton benefits from playing at home (statistically boosts goal-scoring rate by ~22%).

**Prediction Summary**: This matchup is highly contested with a close outcome probability. A Draw (26.3%) is a very strong possibility.",2026-09-13 12:32:37,37
22,2027-01-23,Fulham,Aston Villa,34.73,27.7,37.57,1-1,"• **Team Strength (Elo)**: Matchup is evenly balanced on historical Elo (differential of 48 points).
• **Squad Market Value**: Aston Villa has a squad value advantage of €235.0M.
• **Transfer Activity**: Fulham boosted by signing Emile Smith Rowe; Aston Villa boosted by signing Amadou Onana.
• **Fatigue**: Aston Villa is on short rest (midweek match congestion) while Fulham is fully rested.
• **Home Advantage**: Fulham benefits from playing at home (statistically boosts goal-scoring rate by ~22%).

**Prediction Summary**: This matchup is highly contested with a close outcome probability. A Draw (27.7%) is a very strong possibility.",2026-09-13 12:32:37,37
22,2027-01-23,Ipswich,Hull,32.01,42.33,25.66,0-0,"• **Team Strength (Elo)**: Matchup is evenly balanced on historical Elo (differential of 42 points).
• **Squad Market Value**: Ipswich has a squad value advantage of €207.0M.
• **Transfer Activity**: Ipswich boosted by signing Omari Hutchinson; Hull boosted by signing Charlie Hughes.
• **Home Advantage**: Ipswich benefits from playing at home (statistically boosts goal-scoring rate by ~22%).

**Prediction Summary**: Ipswich is predicted to win this fixture with **32.0%** confidence.",2026-09-13 12:32:37,37
22,2027-01-23,Leeds,Chelsea,38.69,27.68,33.63,1-1,"• **Team Strength (Elo)**: Matchup is evenly balanced on historical Elo (differential of 12 points).
• **Squad Market Value**: Chelsea has a squad value advantage of €1035.0M.
• **Transfer Activity**: Leeds boosted by signing Joe Rodon; Chelsea boosted by signing Pedro Neto.
• **Fatigue**: Chelsea is on short rest (midweek match congestion) while Leeds is fully rested.
• **Home Advantage**: Leeds benefits from playing at home (statistically boosts goal-scoring rate by ~22%).

**Prediction Summary**: Leeds is predicted to win this fixture with **38.7%** confidence.",2026-09-13 12:32:37,37
22,2027-01-23,Man United,Liverpool,41.66,23.94,34.4,1-1,"• **Team Strength (Elo)**: Matchup is evenly balanced on historical Elo (differential of 2 points).
• **Transfer Activity**: Man United boosted by signing Leny Yoro; Liverpool boosted by signing Martin Zubimendi.
• **Fatigue**: Both teams are facing congested schedules (midweek matches).
• **Home Advantage**: Man United benefits from playing at home (statistically boosts goal-scoring rate by ~22%).

**Prediction Summary**: Man United is predicted to win this fixture with **41.7%** confidence.",2026-09-13 12:32:37,37
22,2027-01-23,Nott'm Forest,Bournemouth,40.11,26.21,33.68,1-1,"• **Team Strength (Elo)**: Matchup is evenly balanced on historical Elo (differential of 38 points).
• **Transfer Activity**: Nott'm Forest boosted by signing Elliot Anderson; Bournemouth boosted by signing Evanilson.
• **Home Advantage**: Nott'm Forest benefits from playing at home (statistically boosts goal-scoring rate by ~22%).

**Prediction Summary**: Nott'm Forest is predicted to win this fixture with **40.1%** confidence.",2026-09-13 12:32:37,37
22,2027-01-23,Sunderland,Coventry,47.39,23.73,28.87,1-1,"• **Team Strength (Elo)**: Sunderland is favored due to a higher Elo rating (differential of 57 points).
• **Squad Market Value**: Sunderland has a squad value advantage of €135.0M.
• **Transfer Activity**: Sunderland boosted by signing Salis Abdul Samed; Coventry boosted by signing Jack Rudoni.
• **Home Advantage**: Sunderland benefits from playing at home (statistically boosts goal-scoring rate by ~22%).

**Prediction Summary**: Sunderland is predicted to win this fixture with **47.4%** confidence.",2026-09-13 12:32:37,37
23,2027-01-30,Bournemouth,Fulham,51.81,25.57,22.61,1-1,"• **Team Strength (Elo)**: Bournemouth is favored due to a higher Elo rating (differential of 54 points).
• **Squad Market Value**: Bournemouth has a squad value advantage of €265.0M.
• **Transfer Activity**: Bournemouth boosted by signing Evanilson; Fulham boosted by signing Emile Smith Rowe.
• **Home Advantage**: Bournemouth benefits from playing at home (statistically boosts goal-scoring rate by ~22%).

**Prediction Summary**: Bournemouth is predicted to win this fixture with **51.8%** confidence.",2026-09-13 12:32:37,37
23,2027-01-30,Aston Villa,Ipswich,76.1,16.43,7.47,2-0,"• **Team Strength (Elo)**: Aston Villa is favored due to a higher Elo rating (differential of 196 points).
• **Squad Market Value**: Aston Villa has a squad value advantage of €250.0M.
• **Transfer Activity**: Aston Villa boosted by signing Amadou Onana; Ipswich boosted by signing Omari Hutchinson.
• **Fatigue**: Aston Villa is on short rest (midweek match congestion) while Ipswich is fully rested.
• **Home Advantage**: Aston Villa benefits from playing at home (statistically boosts goal-scoring rate by ~22%).

**Prediction Summary**: Aston Villa is predicted to win this fixture with **76.1%** confidence.",2026-09-13 12:32:37,37
23,2027-01-30,Brentford,Man United,37.06,23.57,39.36,1-1,"• **Team Strength (Elo)**: Man United is favored due to a higher Elo rating (differential of 54 points).
• **Squad Market Value**: Man United has a squad value advantage of €350.0M.
• **Transfer Activity**: Brentford boosted by signing Igor Thiago; Man United boosted by signing Leny Yoro.
• **Fatigue**: Man United is on short rest (midweek match congestion) while Brentford is fully rested.
• **Home Advantage**: Brentford benefits from playing at home (statistically boosts goal-scoring rate by ~22%).

**Prediction Summary**: This matchup is highly contested with a close outcome probability. A Draw (23.6%) is a very strong possibility.",2026-09-13 12:32:37,37
23,2027-01-30,Chelsea,Nott'm Forest,37.54,26.1,36.36,1-1,"• **Team Strength (Elo)**: Matchup is evenly balanced on historical Elo (differential of 21 points).
• **Squad Market Value**: Chelsea has a squad value advantage of €900.0M.
• **Transfer Activity**: Chelsea boosted by signing Pedro Neto; Nott'm Forest boosted by signing Elliot Anderson.
• **Fatigue**: Chelsea is on short rest (midweek match congestion) while Nott'm Forest is fully rested.
• **Home Advantage**: Chelsea benefits from playing at home (statistically boosts goal-scoring rate by ~22%).

**Prediction Summary**: This matchup is highly contested with a close outcome probability. A Draw (26.1%) is a very strong possibility.",2026-09-13 12:32:37,37
23,2027-01-30,Coventry,Leeds,41.31,25.04,33.65,1-1,"• **Team Strength (Elo)**: Leeds is favored due to a higher Elo rating (differential of 66 points).
• **Squad Market Value**: Leeds has a squad value advantage of €150.0M.
• **Transfer Activity**: Coventry boosted by signing Jack Rudoni; Leeds boosted by signing Joe Rodon.
• **Home Advantage**: Coventry benefits from playing at home (statistically boosts goal-scoring rate by ~22%).

**Prediction Summary**: Coventry is predicted to win this fixture with **41.3%** confidence.",2026-09-13 12:32:37,37
23,2027-01-30,Hull,Crystal Palace,13.49,36.35,50.16,0-1,"• **Team Strength (Elo)**: Crystal Palace is favored due to a higher Elo rating (differential of 89 points).
• **Squad Market Value**: Crystal Palace has a squad value advantage of €402.0M.
• **Transfer Activity**: Hull boosted by signing Charlie Hughes; Crystal Palace boosted by signing Eddie Nketiah.
• **Home Advantage**: Hull benefits from playing at home (statistically boosts goal-scoring rate by ~22%).

**Prediction Summary**: Crystal Palace is predicted to win this fixture with **50.2%** confidence.",2026-09-13 12:32:37,37
23,2027-01-30,Liverpool,Everton,59.38,22.58,18.05,1-1,"• **Team Strength (Elo)**: Liverpool is favored due to a higher Elo rating (differential of 89 points).
• **Squad Market Value**: Liverpool has a squad value advantage of €570.0M.
• **Transfer Activity**: Liverpool boosted by signing Martin Zubimendi; Everton boosted by signing Iliman Ndiaye.
• **Fatigue**: Liverpool is on short rest (midweek match congestion) while Everton is fully rested.
• **Home Advantage**: Liverpool benefits from playing at home (statistically boosts goal-scoring rate by ~22%).

**Prediction Summary**: Liverpool is predicted to win this fixture with **59.4%** confidence.",2026-09-13 12:32:37,37
23,2027-01-30,Man City,Arsenal,32.23,27.13,40.64,1-1,"• **Team Strength (Elo)**: Matchup is evenly balanced on historical Elo (differential of 48 points).
• **Transfer Activity**: Man City boosted by signing Tijjani Reijnders; Arsenal boosted by signing Viktor Gyökeres.
• **Injuries & Availability**: Arsenal is healthier with 100% availability vs. 82% for the opponent.
• **Fatigue**: Both teams are facing congested schedules (midweek matches).
• **Home Advantage**: Man City benefits from playing at home (statistically boosts goal-scoring rate by ~22%).

**Prediction Summary**: Arsenal is predicted to win this fixture with **40.6%** confidence.",2026-09-13 12:32:37,37
23,2027-01-30,Newcastle,Brighton,43.7,24.67,31.63,1-1,"• **Team Strength (Elo)**: Matchup is evenly balanced on historical Elo (differential of 25 points).
• **Transfer Activity**: Newcastle boosted by signing Lewis Hall; Brighton boosted by signing Georginio Rutter.
• **Injuries & Availability**: Newcastle is healthier with 100% availability vs. 88% for the opponent.
• **Home Advantage**: Newcastle benefits from playing at home (statistically boosts goal-scoring rate by ~22%).

**Prediction Summary**: Newcastle is predicted to win this fixture with **43.7%** confidence.",2026-09-13 12:32:37,37
23,2027-01-30,Tottenham,Sunderland,40.63,27.54,31.84,1-1,"• **Team Strength (Elo)**: Matchup is evenly balanced on historical Elo (differential of 16 points).
• **Squad Market Value**: Tottenham has a squad value advantage of €570.0M.
• **Transfer Activity**: Tottenham boosted by signing Dominic Solanke; Sunderland boosted by signing Salis Abdul Samed.
• **Fatigue**: Tottenham is on short rest (midweek match congestion) while Sunderland is fully rested.
• **Home Advantage**: Tottenham benefits from playing at home (statistically boosts goal-scoring rate by ~22%).

**Prediction Summary**: Tottenham is predicted to win this fixture with **40.6%** confidence.",2026-09-13 12:32:37,37
24,2027-02-06,Arsenal,Liverpool,51.8,23.96,24.23,1-1,"• **Team Strength (Elo)**: Arsenal is favored due to a higher Elo rating (differential of 76 points).
• **Squad Market Value**: Arsenal has a squad value advantage of €450.0M.
• **Transfer Activity**: Arsenal boosted by signing Viktor Gyökeres; Liverpool boosted by signing Martin Zubimendi.
• **Injuries & Availability**: Liverpool is healthier with 100% availability vs. 88% for the opponent.
• **Home Advantage**: Arsenal benefits from playing at home (statistically boosts goal-scoring rate by ~22%).

**Prediction Summary**: Arsenal is predicted to win this fixture with **51.8%** confidence.",2026-09-13 12:32:37,37
24,2027-02-06,Brighton,Hull,50.81,33.2,15.99,0-0,"• **Team Strength (Elo)**: Brighton is favored due to a higher Elo rating (differential of 148 points).
• **Squad Market Value**: Brighton has a squad value advantage of €567.0M.
• **Transfer Activity**: Brighton boosted by signing Georginio Rutter; Hull boosted by signing Charlie Hughes.
• **Home Advantage**: Brighton benefits from playing at home (statistically boosts goal-scoring rate by ~22%).

**Prediction Summary**: Brighton is predicted to win this fixture with **50.8%** confidence.",2026-09-13 12:32:37,37
24,2027-02-06,Crystal Palace,Coventry,46.24,23.53,30.23,1-1,"• **Team Strength (Elo)**: Matchup is evenly balanced on historical Elo (differential of 49 points).
• **Squad Market Value**: Crystal Palace has a squad value advantage of €250.0M.
• **Transfer Activity**: Crystal Palace boosted by signing Eddie Nketiah; Coventry boosted by signing Jack Rudoni.
• **Home Advantage**: Crystal Palace benefits from playing at home (statistically boosts goal-scoring rate by ~22%).

**Prediction Summary**: Crystal Palace is predicted to win this fixture with **46.2%** confidence.",2026-09-13 12:32:37,37
24,2027-02-06,Everton,Newcastle,35.63,25.98,38.39,1-1,"• **Team Strength (Elo)**: Matchup is evenly balanced on historical Elo (differential of 30 points).
• **Squad Market Value**: Newcastle has a squad value advantage of €145.0M.
• **Transfer Activity**: Everton boosted by signing Iliman Ndiaye; Newcastle boosted by signing Lewis Hall.
• **Home Advantage**: Everton benefits from playing at home (statistically boosts goal-scoring rate by ~22%).

**Prediction Summary**: This matchup is highly contested with a close outcome probability. A Draw (26.0%) is a very strong possibility.",2026-09-13 12:32:37,37
24,2027-02-06,Fulham,Man City,24.7,27.07,48.23,1-1,"• **Team Strength (Elo)**: Man City is favored due to a higher Elo rating (differential of 122 points).
• **Squad Market Value**: Man City has a squad value advantage of €1170.0M.
• **Transfer Activity**: Fulham boosted by signing Emile Smith Rowe; Man City boosted by signing Tijjani Reijnders.
• **Injuries & Availability**: Fulham is healthier with 100% availability vs. 82% for the opponent.
• **Home Advantage**: Fulham benefits from playing at home (statistically boosts goal-scoring rate by ~22%).

**Prediction Summary**: Man City is predicted to win this fixture with **48.2%** confidence.",2026-09-13 12:32:37,37
24,2027-02-06,Ipswich,Tottenham,22.44,21.47,56.08,1-1,"• **Team Strength (Elo)**: Tottenham is favored due to a higher Elo rating (differential of 124 points).
• **Squad Market Value**: Tottenham has a squad value advantage of €650.0M.
• **Transfer Activity**: Ipswich boosted by signing Omari Hutchinson; Tottenham boosted by signing Dominic Solanke.
• **Home Advantage**: Ipswich benefits from playing at home (statistically boosts goal-scoring rate by ~22%).

**Prediction Summary**: Tottenham is predicted to win this fixture with **56.1%** confidence.",2026-09-13 12:32:37,37
24,2027-02-06,Leeds,Bournemouth,30.5,24.93,44.57,1-1,"• **Team Strength (Elo)**: Bournemouth is favored due to a higher Elo rating (differential of 71 points).
• **Squad Market Value**: Bournemouth has a squad value advantage of €185.0M.
• **Transfer Activity**: Leeds boosted by signing Joe Rodon; Bournemouth boosted by signing Evanilson.
• **Home Advantage**: Leeds benefits from playing at home (statistically boosts goal-scoring rate by ~22%).

**Prediction Summary**: Bournemouth is predicted to win this fixture with **44.6%** confidence.",2026-09-13 12:32:37,37
24,2027-02-06,Man United,Chelsea,56.23,23.31,20.46,1-1,"• **Team Strength (Elo)**: Man United is favored due to a higher Elo rating (differential of 86 points).
• **Squad Market Value**: Chelsea has a squad value advantage of €515.0M.
• **Transfer Activity**: Man United boosted by signing Leny Yoro; Chelsea boosted by signing Pedro Neto.
• **Home Advantage**: Man United benefits from playing at home (statistically boosts goal-scoring rate by ~22%).

**Prediction Summary**: Man United is predicted to win this fixture with **56.2%** confidence.",2026-09-13 12:32:37,37
24,2027-02-06,Nott'm Forest,Brentford,41.14,25.33,33.53,1-1,"• **Team Strength (Elo)**: Matchup is evenly balanced on historical Elo (differential of 16 points).
• **Transfer Activity**: Nott'm Forest boosted by signing Elliot Anderson; Brentford boosted by signing Igor Thiago.
• **Home Advantage**: Nott'm Forest benefits from playing at home (statistically boosts goal-scoring rate by ~22%).

**Prediction Summary**: Nott'm Forest is predicted to win this fixture with **41.1%** confidence.",2026-09-13 12:32:37,37
24,2027-02-06,Sunderland,Aston Villa,29.34,28.06,42.6,1-1,"• **Team Strength (Elo)**: Aston Villa is favored due to a higher Elo rating (differential of 72 points).
• **Squad Market Value**: Aston Villa has a squad value advantage of €170.0M.
• **Transfer Activity**: Sunderland boosted by signing Salis Abdul Samed; Aston Villa boosted by signing Amadou Onana.
• **Home Advantage**: Sunderland benefits from playing at home (statistically boosts goal-scoring rate by ~22%).

**Prediction Summary**: Aston Villa is predicted to win this fixture with **42.6%** confidence.",2026-09-13 12:32:37,37
25,2027-02-10,Aston Villa,Bournemouth,41.59,25.49,32.92,1-1,"• **Team Strength (Elo)**: Matchup is evenly balanced on historical Elo (differential of 11 points).
• **Transfer Activity**: Aston Villa boosted by signing Amadou Onana; Bournemouth boosted by signing Evanilson.
• **Home Advantage**: Aston Villa benefits from playing at home (statistically boosts goal-scoring rate by ~22%).

**Prediction Summary**: Aston Villa is predicted to win this fixture with **41.6%** confidence.",2026-09-13 12:32:37,37
25,2027-02-10,Coventry,Liverpool,29.13,19.66,51.2,1-2,"• **Team Strength (Elo)**: Liverpool is favored due to a higher Elo rating (differential of 160 points).
• **Squad Market Value**: Liverpool has a squad value advantage of €750.0M.
• **Transfer Activity**: Coventry boosted by signing Jack Rudoni; Liverpool boosted by signing Martin Zubimendi.
• **Home Advantage**: Coventry benefits from playing at home (statistically boosts goal-scoring rate by ~22%).

**Prediction Summary**: Liverpool is predicted to win this fixture with **51.2%** confidence.",2026-09-13 12:32:37,37
25,2027-02-10,Crystal Palace,Brentford,33.87,25.18,40.95,1-1,"• **Team Strength (Elo)**: Brentford is favored due to a higher Elo rating (differential of 64 points).
• **Transfer Activity**: Crystal Palace boosted by signing Eddie Nketiah; Brentford boosted by signing Igor Thiago.
• **Home Advantage**: Crystal Palace benefits from playing at home (statistically boosts goal-scoring rate by ~22%).

**Prediction Summary**: Brentford is predicted to win this fixture with **40.9%** confidence.",2026-09-13 12:32:37,37
25,2027-02-10,Everton,Leeds,42.82,27.34,29.84,1-1,"• **Team Strength (Elo)**: Matchup is evenly balanced on historical Elo (differential of 2 points).
• **Transfer Activity**: Everton boosted by signing Iliman Ndiaye; Leeds boosted by signing Joe Rodon.
• **Home Advantage**: Everton benefits from playing at home (statistically boosts goal-scoring rate by ~22%).

**Prediction Summary**: Everton is predicted to win this fixture with **42.8%** confidence.",2026-09-13 12:32:37,37
25,2027-02-10,Fulham,Nott'm Forest,35.52,26.91,37.56,1-1,"• **Team Strength (Elo)**: Matchup is evenly balanced on historical Elo (differential of 28 points).
• **Squad Market Value**: Nott'm Forest has a squad value advantage of €215.0M.
• **Transfer Activity**: Fulham boosted by signing Emile Smith Rowe; Nott'm Forest boosted by signing Elliot Anderson.
• **Home Advantage**: Fulham benefits from playing at home (statistically boosts goal-scoring rate by ~22%).

**Prediction Summary**: This matchup is highly contested with a close outcome probability. A Draw (26.9%) is a very strong possibility.",2026-09-13 12:32:37,37
25,2027-02-10,Hull,Sunderland,13.33,39.18,47.49,0-0,"• **Team Strength (Elo)**: Sunderland is favored due to a higher Elo rating (differential of 95 points).
• **Squad Market Value**: Sunderland has a squad value advantage of €287.0M.
• **Transfer Activity**: Hull boosted by signing Charlie Hughes; Sunderland boosted by signing Salis Abdul Samed.
• **Home Advantage**: Hull benefits from playing at home (statistically boosts goal-scoring rate by ~22%).

**Prediction Summary**: Sunderland is predicted to win this fixture with **47.5%** confidence.",2026-09-13 12:32:37,37
25,2027-02-10,Ipswich,Arsenal,6.56,11.13,82.31,0-3,"• **Team Strength (Elo)**: Arsenal is favored due to a higher Elo rating (differential of 325 points).
• **Squad Market Value**: Arsenal has a squad value advantage of €1145.0M.
• **Transfer Activity**: Ipswich boosted by signing Omari Hutchinson; Arsenal boosted by signing Viktor Gyökeres.
• **Injuries & Availability**: Ipswich is healthier with 100% availability vs. 88% for the opponent.
• **Home Advantage**: Ipswich benefits from playing at home (statistically boosts goal-scoring rate by ~22%).

**Prediction Summary**: Arsenal is predicted to win this fixture with **82.3%** confidence.",2026-09-13 12:32:37,37
25,2027-02-10,Man United,Brighton,50.79,23.44,25.77,1-1,"• **Team Strength (Elo)**: Matchup is evenly balanced on historical Elo (differential of 44 points).
• **Squad Market Value**: Man United has a squad value advantage of €255.0M.
• **Transfer Activity**: Man United boosted by signing Leny Yoro; Brighton boosted by signing Georginio Rutter.
• **Home Advantage**: Man United benefits from playing at home (statistically boosts goal-scoring rate by ~22%).

**Prediction Summary**: Man United is predicted to win this fixture with **50.8%** confidence.",2026-09-13 12:32:37,37
25,2027-02-10,Newcastle,Chelsea,47.46,23.77,28.77,1-1,"• **Team Strength (Elo)**: Matchup is evenly balanced on historical Elo (differential of 19 points).
• **Squad Market Value**: Chelsea has a squad value advantage of €860.0M.
• **Transfer Activity**: Newcastle boosted by signing Lewis Hall; Chelsea boosted by signing Pedro Neto.
• **Home Advantage**: Newcastle benefits from playing at home (statistically boosts goal-scoring rate by ~22%).

**Prediction Summary**: Newcastle is predicted to win this fixture with **47.5%** confidence.",2026-09-13 12:32:37,37
25,2027-02-10,Tottenham,Man City,22.9,19.94,57.16,1-1,"• **Team Strength (Elo)**: Man City is favored due to a higher Elo rating (differential of 154 points).
• **Squad Market Value**: Man City has a squad value advantage of €535.0M.
• **Transfer Activity**: Tottenham boosted by signing Dominic Solanke; Man City boosted by signing Tijjani Reijnders.
• **Injuries & Availability**: Tottenham is healthier with 100% availability vs. 82% for the opponent.
• **Home Advantage**: Tottenham benefits from playing at home (statistically boosts goal-scoring rate by ~22%).

**Prediction Summary**: Man City is predicted to win this fixture with **57.2%** confidence.",2026-09-13 12:32:37,37
26,2027-02-20,Bournemouth,Crystal Palace,56.47,24.22,19.31,1-1,"• **Team Strength (Elo)**: Bournemouth is favored due to a higher Elo rating (differential of 86 points).
• **Transfer Activity**: Bournemouth boosted by signing Evanilson; Crystal Palace boosted by signing Eddie Nketiah.
• **Home Advantage**: Bournemouth benefits from playing at home (statistically boosts goal-scoring rate by ~22%).

**Prediction Summary**: Bournemouth is predicted to win this fixture with **56.5%** confidence.",2026-09-13 12:32:37,37
26,2027-02-20,Arsenal,Fulham,68.73,18.23,13.04,2-0,"• **Team Strength (Elo)**: Arsenal is favored due to a higher Elo rating (differential of 172 points).
• **Squad Market Value**: Arsenal has a squad value advantage of €1130.0M.
• **Transfer Activity**: Arsenal boosted by signing Viktor Gyökeres; Fulham boosted by signing Emile Smith Rowe.
• **Injuries & Availability**: Fulham is healthier with 100% availability vs. 88% for the opponent.
• **Fatigue**: Arsenal is on short rest (midweek match congestion) while Fulham is fully rested.
• **Home Advantage**: Arsenal benefits from playing at home (statistically boosts goal-scoring rate by ~22%).

**Prediction Summary**: Arsenal is predicted to win this fixture with **68.7%** confidence.",2026-09-13 12:32:37,37
26,2027-02-20,Brentford,Coventry,52.39,21.63,25.98,2-1,"• **Team Strength (Elo)**: Brentford is favored due to a higher Elo rating (differential of 106 points).
• **Squad Market Value**: Brentford has a squad value advantage of €320.0M.
• **Transfer Activity**: Brentford boosted by signing Igor Thiago; Coventry boosted by signing Jack Rudoni.
• **Home Advantage**: Brentford benefits from playing at home (statistically boosts goal-scoring rate by ~22%).

**Prediction Summary**: Brentford is predicted to win this fixture with **52.4%** confidence.",2026-09-13 12:32:37,37
26,2027-02-20,Brighton,Tottenham,57.45,23.56,18.99,1-1,"• **Team Strength (Elo)**: Brighton is favored due to a higher Elo rating (differential of 75 points).
• **Squad Market Value**: Tottenham has a squad value advantage of €290.0M.
• **Transfer Activity**: Brighton boosted by signing Georginio Rutter; Tottenham boosted by signing Dominic Solanke.
• **Fatigue**: Tottenham is on short rest (midweek match congestion) while Brighton is fully rested.
• **Home Advantage**: Brighton benefits from playing at home (statistically boosts goal-scoring rate by ~22%).

**Prediction Summary**: Brighton is predicted to win this fixture with **57.4%** confidence.",2026-09-13 12:32:37,37
26,2027-02-20,Chelsea,Ipswich,73.66,16.37,9.97,2-0,"• **Team Strength (Elo)**: Chelsea is favored due to a higher Elo rating (differential of 163 points).
• **Squad Market Value**: Chelsea has a squad value advantage of €1130.0M.
• **Transfer Activity**: Chelsea boosted by signing Pedro Neto; Ipswich boosted by signing Omari Hutchinson.
• **Fatigue**: Chelsea is on short rest (midweek match congestion) while Ipswich is fully rested.
• **Home Advantage**: Chelsea benefits from playing at home (statistically boosts goal-scoring rate by ~22%).

**Prediction Summary**: Chelsea is predicted to win this fixture with **73.7%** confidence.",2026-09-13 12:32:37,37
26,2027-02-20,Leeds,Aston Villa,31.93,27.38,40.69,1-1,"• **Team Strength (Elo)**: Aston Villa is favored due to a higher Elo rating (differential of 66 points).
• **Squad Market Value**: Aston Villa has a squad value advantage of €155.0M.
• **Transfer Activity**: Leeds boosted by signing Joe Rodon; Aston Villa boosted by signing Amadou Onana.
• **Fatigue**: Aston Villa is on short rest (midweek match congestion) while Leeds is fully rested.
• **Home Advantage**: Leeds benefits from playing at home (statistically boosts goal-scoring rate by ~22%).

**Prediction Summary**: Aston Villa is predicted to win this fixture with **40.7%** confidence.",2026-09-13 12:32:37,37
26,2027-02-20,Liverpool,Hull,57.2,25.51,17.28,1-0,"• **Team Strength (Elo)**: Liverpool is favored due to a higher Elo rating (differential of 193 points).
• **Squad Market Value**: Liverpool has a squad value advantage of €902.0M.
• **Transfer Activity**: Liverpool boosted by signing Martin Zubimendi; Hull boosted by signing Charlie Hughes.
• **Fatigue**: Liverpool is on short rest (midweek match congestion) while Hull is fully rested.
• **Home Advantage**: Liverpool benefits from playing at home (statistically boosts goal-scoring rate by ~22%).

**Prediction Summary**: Liverpool is predicted to win this fixture with **57.2%** confidence.",2026-09-13 12:32:37,37
26,2027-02-20,Man City,Newcastle,58.25,20.51,21.24,2-1,"• **Team Strength (Elo)**: Man City is favored due to a higher Elo rating (differential of 99 points).
• **Squad Market Value**: Man City has a squad value advantage of €915.0M.
• **Transfer Activity**: Man City boosted by signing Tijjani Reijnders; Newcastle boosted by signing Lewis Hall.
• **Injuries & Availability**: Newcastle is healthier with 100% availability vs. 82% for the opponent.
• **Fatigue**: Man City is on short rest (midweek match congestion) while Newcastle is fully rested.
• **Home Advantage**: Man City benefits from playing at home (statistically boosts goal-scoring rate by ~22%).

**Prediction Summary**: Man City is predicted to win this fixture with **58.2%** confidence.",2026-09-13 12:32:37,37
26,2027-02-20,Nott'm Forest,Man United,33.58,24.75,41.66,1-1,"• **Team Strength (Elo)**: Man United is favored due to a higher Elo rating (differential of 69 points).
• **Squad Market Value**: Man United has a squad value advantage of €385.0M.
• **Transfer Activity**: Nott'm Forest boosted by signing Elliot Anderson; Man United boosted by signing Leny Yoro.
• **Fatigue**: Man United is on short rest (midweek match congestion) while Nott'm Forest is fully rested.
• **Home Advantage**: Nott'm Forest benefits from playing at home (statistically boosts goal-scoring rate by ~22%).

**Prediction Summary**: Man United is predicted to win this fixture with **41.7%** confidence.",2026-09-13 12:32:37,37
26,2027-02-20,Sunderland,Everton,37.92,28.04,34.04,0-0,"• **Team Strength (Elo)**: Matchup is evenly balanced on historical Elo (differential of 11 points).
• **Transfer Activity**: Sunderland boosted by signing Salis Abdul Samed; Everton boosted by signing Iliman Ndiaye.
• **Home Advantage**: Sunderland benefits from playing at home (statistically boosts goal-scoring rate by ~22%).

**Prediction Summary**: This matchup is highly contested with a close outcome probability. A Draw (28.0%) is a very strong possibility.",2026-09-13 12:32:37,37
27,2027-02-27,Aston Villa,Chelsea,48.92,26.53,24.55,1-1,"• **Team Strength (Elo)**: Matchup is evenly balanced on historical Elo (differential of 46 points).
• **Squad Market Value**: Chelsea has a squad value advantage of €880.0M.
• **Transfer Activity**: Aston Villa boosted by signing Amadou Onana; Chelsea boosted by signing Pedro Neto.
• **Fatigue**: Both teams are facing congested schedules (midweek matches).
• **Home Advantage**: Aston Villa benefits from playing at home (statistically boosts goal-scoring rate by ~22%).

**Prediction Summary**: Aston Villa is predicted to win this fixture with **48.9%** confidence.",2026-09-13 12:32:37,37
27,2027-02-27,Coventry,Bournemouth,34.56,23.09,42.35,1-1,"• **Team Strength (Elo)**: Bournemouth is favored due to a higher Elo rating (differential of 131 points).
• **Squad Market Value**: Bournemouth has a squad value advantage of €335.0M.
• **Transfer Activity**: Coventry boosted by signing Jack Rudoni; Bournemouth boosted by signing Evanilson.
• **Home Advantage**: Coventry benefits from playing at home (statistically boosts goal-scoring rate by ~22%).

**Prediction Summary**: Bournemouth is predicted to win this fixture with **42.3%** confidence.",2026-09-13 12:32:37,37
27,2027-02-27,Crystal Palace,Sunderland,38.33,29.29,32.38,0-0,"• **Team Strength (Elo)**: Matchup is evenly balanced on historical Elo (differential of 12 points).
• **Squad Market Value**: Crystal Palace has a squad value advantage of €115.0M.
• **Transfer Activity**: Crystal Palace boosted by signing Eddie Nketiah; Sunderland boosted by signing Salis Abdul Samed.
• **Home Advantage**: Crystal Palace benefits from playing at home (statistically boosts goal-scoring rate by ~22%).

**Prediction Summary**: Crystal Palace is predicted to win this fixture with **38.3%** confidence.",2026-09-13 12:32:37,37
27,2027-02-27,Everton,Nott'm Forest,35.36,26.92,37.71,1-1,"• **Team Strength (Elo)**: Matchup is evenly balanced on historical Elo (differential of 33 points).
• **Squad Market Value**: Nott'm Forest has a squad value advantage of €105.0M.
• **Transfer Activity**: Everton boosted by signing Iliman Ndiaye; Nott'm Forest boosted by signing Elliot Anderson.
• **Home Advantage**: Everton benefits from playing at home (statistically boosts goal-scoring rate by ~22%).

**Prediction Summary**: This matchup is highly contested with a close outcome probability. A Draw (26.9%) is a very strong possibility.",2026-09-13 12:32:37,37
27,2027-02-27,Fulham,Leeds,40.58,27.84,31.58,1-1,"• **Team Strength (Elo)**: Matchup is evenly balanced on historical Elo (differential of 4 points).
• **Transfer Activity**: Fulham boosted by signing Emile Smith Rowe; Leeds boosted by signing Joe Rodon.
• **Home Advantage**: Fulham benefits from playing at home (statistically boosts goal-scoring rate by ~22%).

**Prediction Summary**: Fulham is predicted to win this fixture with **40.6%** confidence.",2026-09-13 12:32:37,37
27,2027-02-27,Hull,Man City,11.71,28.77,59.52,0-1,"• **Team Strength (Elo)**: Man City is favored due to a higher Elo rating (differential of 234 points).
• **Squad Market Value**: Man City has a squad value advantage of €1392.0M.
• **Transfer Activity**: Hull boosted by signing Charlie Hughes; Man City boosted by signing Tijjani Reijnders.
• **Injuries & Availability**: Hull is healthier with 100% availability vs. 82% for the opponent.
• **Fatigue**: Man City is on short rest (midweek match congestion) while Hull is fully rested.
• **Home Advantage**: Hull benefits from playing at home (statistically boosts goal-scoring rate by ~22%).

**Prediction Summary**: Man City is predicted to win this fixture with **59.5%** confidence.",2026-09-13 12:32:37,37
27,2027-02-27,Ipswich,Brighton,10.89,18.73,70.38,0-2,"• **Team Strength (Elo)**: Brighton is favored due to a higher Elo rating (differential of 214 points).
• **Squad Market Value**: Brighton has a squad value advantage of €360.0M.
• **Transfer Activity**: Ipswich boosted by signing Omari Hutchinson; Brighton boosted by signing Georginio Rutter.
• **Home Advantage**: Ipswich benefits from playing at home (statistically boosts goal-scoring rate by ~22%).

**Prediction Summary**: Brighton is predicted to win this fixture with **70.4%** confidence.",2026-09-13 12:32:37,37
27,2027-02-27,Man United,Arsenal,32.91,25.2,41.89,1-1,"• **Team Strength (Elo)**: Arsenal is favored due to a higher Elo rating (differential of 83 points).
• **Squad Market Value**: Arsenal has a squad value advantage of €530.0M.
• **Transfer Activity**: Man United boosted by signing Leny Yoro; Arsenal boosted by signing Viktor Gyökeres.
• **Injuries & Availability**: Man United is healthier with 100% availability vs. 88% for the opponent.
• **Fatigue**: Both teams are facing congested schedules (midweek matches).
• **Home Advantage**: Man United benefits from playing at home (statistically boosts goal-scoring rate by ~22%).

**Prediction Summary**: Arsenal is predicted to win this fixture with **41.9%** confidence.",2026-09-13 12:32:37,37
27,2027-02-27,Newcastle,Brentford,41.73,23.73,34.54,1-1,"• **Team Strength (Elo)**: Matchup is evenly balanced on historical Elo (differential of 17 points).
• **Transfer Activity**: Newcastle boosted by signing Lewis Hall; Brentford boosted by signing Igor Thiago.
• **Home Advantage**: Newcastle benefits from playing at home (statistically boosts goal-scoring rate by ~22%).

**Prediction Summary**: Newcastle is predicted to win this fixture with **41.7%** confidence.",2026-09-13 12:32:37,37
27,2027-02-27,Tottenham,Liverpool,25.72,21.97,52.31,1-1,"• **Team Strength (Elo)**: Liverpool is favored due to a higher Elo rating (differential of 124 points).
• **Transfer Activity**: Tottenham boosted by signing Dominic Solanke; Liverpool boosted by signing Martin Zubimendi.
• **Fatigue**: Both teams are facing congested schedules (midweek matches).
• **Home Advantage**: Tottenham benefits from playing at home (statistically boosts goal-scoring rate by ~22%).

**Prediction Summary**: Liverpool is predicted to win this fixture with **52.3%** confidence.",2026-09-13 12:32:37,37
28,2027-03-03,Bournemouth,Tottenham,61.78,19.54,18.68,1-1,"• **Team Strength (Elo)**: Bournemouth is favored due to a higher Elo rating (differential of 96 points).
• **Squad Market Value**: Tottenham has a squad value advantage of €370.0M.
• **Transfer Activity**: Bournemouth boosted by signing Evanilson; Tottenham boosted by signing Dominic Solanke.
• **Home Advantage**: Bournemouth benefits from playing at home (statistically boosts goal-scoring rate by ~22%).

**Prediction Summary**: Bournemouth is predicted to win this fixture with **61.8%** confidence.",2026-09-13 12:32:37,37
28,2027-03-03,Arsenal,Crystal Palace,73.08,16.55,10.37,2-0,"• **Team Strength (Elo)**: Arsenal is favored due to a higher Elo rating (differential of 198 points).
• **Squad Market Value**: Arsenal has a squad value advantage of €950.0M.
• **Transfer Activity**: Arsenal boosted by signing Viktor Gyökeres; Crystal Palace boosted by signing Eddie Nketiah.
• **Injuries & Availability**: Crystal Palace is healthier with 100% availability vs. 88% for the opponent.
• **Home Advantage**: Arsenal benefits from playing at home (statistically boosts goal-scoring rate by ~22%).

**Prediction Summary**: Arsenal is predicted to win this fixture with **73.1%** confidence.",2026-09-13 12:32:37,37
28,2027-03-03,Brentford,Ipswich,77.63,12.49,9.89,3-0,"• **Team Strength (Elo)**: Brentford is favored due to a higher Elo rating (differential of 205 points).
• **Squad Market Value**: Brentford has a squad value advantage of €265.0M.
• **Transfer Activity**: Brentford boosted by signing Igor Thiago; Ipswich boosted by signing Omari Hutchinson.
• **Home Advantage**: Brentford benefits from playing at home (statistically boosts goal-scoring rate by ~22%).

**Prediction Summary**: Brentford is predicted to win this fixture with **77.6%** confidence.",2026-09-13 12:32:37,37
28,2027-03-03,Brighton,Fulham,52.78,23.99,23.23,1-1,"• **Team Strength (Elo)**: Brighton is favored due to a higher Elo rating (differential of 55 points).
• **Squad Market Value**: Brighton has a squad value advantage of €345.0M.
• **Transfer Activity**: Brighton boosted by signing Georginio Rutter; Fulham boosted by signing Emile Smith Rowe.
• **Home Advantage**: Brighton benefits from playing at home (statistically boosts goal-scoring rate by ~22%).

**Prediction Summary**: Brighton is predicted to win this fixture with **52.8%** confidence.",2026-09-13 12:32:37,37
28,2027-03-03,Chelsea,Coventry,47.43,22.75,29.82,1-1,"• **Team Strength (Elo)**: Chelsea is favored due to a higher Elo rating (differential of 68 points).
• **Squad Market Value**: Chelsea has a squad value advantage of €1185.0M.
• **Transfer Activity**: Chelsea boosted by signing Pedro Neto; Coventry boosted by signing Jack Rudoni.
• **Home Advantage**: Chelsea benefits from playing at home (statistically boosts goal-scoring rate by ~22%).

**Prediction Summary**: Chelsea is predicted to win this fixture with **47.4%** confidence.",2026-09-13 12:32:37,37
28,2027-03-03,Leeds,Hull,39.78,42.08,18.14,0-0,"• **Team Strength (Elo)**: Leeds is favored due to a higher Elo rating (differential of 93 points).
• **Squad Market Value**: Leeds has a squad value advantage of €302.0M.
• **Transfer Activity**: Leeds boosted by signing Joe Rodon; Hull boosted by signing Charlie Hughes.
• **Home Advantage**: Leeds benefits from playing at home (statistically boosts goal-scoring rate by ~22%).

**Prediction Summary**: Leeds is predicted to win this fixture with **39.8%** confidence.",2026-09-13 12:32:37,37
28,2027-03-03,Liverpool,Aston Villa,52.73,22.04,25.24,1-1,"• **Team Strength (Elo)**: Matchup is evenly balanced on historical Elo (differential of 37 points).
• **Squad Market Value**: Liverpool has a squad value advantage of €445.0M.
• **Transfer Activity**: Liverpool boosted by signing Martin Zubimendi; Aston Villa boosted by signing Amadou Onana.
• **Home Advantage**: Liverpool benefits from playing at home (statistically boosts goal-scoring rate by ~22%).

**Prediction Summary**: Liverpool is predicted to win this fixture with **52.7%** confidence.",2026-09-13 12:32:37,37
28,2027-03-03,Man City,Everton,71.06,16.99,11.95,2-0,"• **Team Strength (Elo)**: Man City is favored due to a higher Elo rating (differential of 136 points).
• **Squad Market Value**: Man City has a squad value advantage of €1060.0M.
• **Transfer Activity**: Man City boosted by signing Tijjani Reijnders; Everton boosted by signing Iliman Ndiaye.
• **Home Advantage**: Man City benefits from playing at home (statistically boosts goal-scoring rate by ~22%).

**Prediction Summary**: Man City is predicted to win this fixture with **71.1%** confidence.",2026-09-13 12:32:37,37
28,2027-03-03,Nott'm Forest,Newcastle,42.93,23.81,33.26,1-1,"• **Team Strength (Elo)**: Matchup is evenly balanced on historical Elo (differential of 2 points).
• **Transfer Activity**: Nott'm Forest boosted by signing Elliot Anderson; Newcastle boosted by signing Lewis Hall.
• **Home Advantage**: Nott'm Forest benefits from playing at home (statistically boosts goal-scoring rate by ~22%).

**Prediction Summary**: Nott'm Forest is predicted to win this fixture with **42.9%** confidence.",2026-09-13 12:32:37,37
28,2027-03-03,Sunderland,Man United,26.62,24.9,48.48,1-1,"• **Team Strength (Elo)**: Man United is favored due to a higher Elo rating (differential of 109 points).
• **Squad Market Value**: Man United has a squad value advantage of €535.0M.
• **Transfer Activity**: Sunderland boosted by signing Salis Abdul Samed; Man United boosted by signing Leny Yoro.
• **Home Advantage**: Sunderland benefits from playing at home (statistically boosts goal-scoring rate by ~22%).

**Prediction Summary**: Man United is predicted to win this fixture with **48.5%** confidence.",2026-09-13 12:32:37,37
29,2027-03-13,Bournemouth,Newcastle,49.57,23.05,27.37,1-1,"• **Team Strength (Elo)**: Matchup is evenly balanced on historical Elo (differential of 35 points).
• **Transfer Activity**: Bournemouth boosted by signing Evanilson; Newcastle boosted by signing Lewis Hall.
• **Home Advantage**: Bournemouth benefits from playing at home (statistically boosts goal-scoring rate by ~22%).

**Prediction Summary**: Bournemouth is predicted to win this fixture with **49.6%** confidence.",2026-09-13 12:32:37,37
29,2027-03-13,Aston Villa,Hull,39.54,36.94,23.52,0-0,"• **Team Strength (Elo)**: Aston Villa is favored due to a higher Elo rating (differential of 150 points).
• **Squad Market Value**: Aston Villa has a squad value advantage of €457.0M.
• **Transfer Activity**: Aston Villa boosted by signing Amadou Onana; Hull boosted by signing Charlie Hughes.
• **Fatigue**: Aston Villa is on short rest (midweek match congestion) while Hull is fully rested.
• **Home Advantage**: Aston Villa benefits from playing at home (statistically boosts goal-scoring rate by ~22%).

**Prediction Summary**: Aston Villa is predicted to win this fixture with **39.5%** confidence.",2026-09-13 12:32:37,37
29,2027-03-13,Chelsea,Arsenal,21.11,23.61,55.28,1-1,"• **Team Strength (Elo)**: Arsenal is favored due to a higher Elo rating (differential of 175 points).
• **Transfer Activity**: Chelsea boosted by signing Pedro Neto; Arsenal boosted by signing Viktor Gyökeres.
• **Fatigue**: Both teams are facing congested schedules (midweek matches).
• **Home Advantage**: Chelsea benefits from playing at home (statistically boosts goal-scoring rate by ~22%).

**Prediction Summary**: Arsenal is predicted to win this fixture with **55.3%** confidence.",2026-09-13 12:32:37,37
29,2027-03-13,Coventry,Man City,34.1,22.43,43.47,1-1,"• **Team Strength (Elo)**: Man City is favored due to a higher Elo rating (differential of 187 points).
• **Squad Market Value**: Man City has a squad value advantage of €1240.0M.
• **Transfer Activity**: Coventry boosted by signing Jack Rudoni; Man City boosted by signing Tijjani Reijnders.
• **Fatigue**: Man City is on short rest (midweek match congestion) while Coventry is fully rested.
• **Home Advantage**: Coventry benefits from playing at home (statistically boosts goal-scoring rate by ~22%).

**Prediction Summary**: Man City is predicted to win this fixture with **43.5%** confidence.",2026-09-13 12:32:37,37
29,2027-03-13,Crystal Palace,Fulham,38.85,27.38,33.77,1-1,"• **Team Strength (Elo)**: Matchup is evenly balanced on historical Elo (differential of 25 points).
• **Squad Market Value**: Crystal Palace has a squad value advantage of €180.0M.
• **Transfer Activity**: Crystal Palace boosted by signing Eddie Nketiah; Fulham boosted by signing Emile Smith Rowe.
• **Home Advantage**: Crystal Palace benefits from playing at home (statistically boosts goal-scoring rate by ~22%).

**Prediction Summary**: Crystal Palace is predicted to win this fixture with **38.8%** confidence.",2026-09-13 12:32:37,37
29,2027-03-13,Leeds,Brighton,32.47,24.37,43.16,1-1,"• **Team Strength (Elo)**: Brighton is favored due to a higher Elo rating (differential of 69 points).
• **Squad Market Value**: Brighton has a squad value advantage of €265.0M.
• **Transfer Activity**: Leeds boosted by signing Joe Rodon; Brighton boosted by signing Georginio Rutter.
• **Home Advantage**: Leeds benefits from playing at home (statistically boosts goal-scoring rate by ~22%).

**Prediction Summary**: Brighton is predicted to win this fixture with **43.2%** confidence.",2026-09-13 12:32:37,37
29,2027-03-13,Liverpool,Ipswich,87.08,7.06,5.86,4-0,"• **Team Strength (Elo)**: Liverpool is favored due to a higher Elo rating (differential of 259 points).
• **Squad Market Value**: Liverpool has a squad value advantage of €695.0M.
• **Transfer Activity**: Liverpool boosted by signing Martin Zubimendi; Ipswich boosted by signing Omari Hutchinson.
• **Fatigue**: Liverpool is on short rest (midweek match congestion) while Ipswich is fully rested.
• **Home Advantage**: Liverpool benefits from playing at home (statistically boosts goal-scoring rate by ~22%).

**Prediction Summary**: Liverpool is predicted to win this fixture with **87.1%** confidence.",2026-09-13 12:32:37,37
29,2027-03-13,Man United,Everton,59.41,22.02,18.57,1-1,"• **Team Strength (Elo)**: Man United is favored due to a higher Elo rating (differential of 100 points).
• **Squad Market Value**: Man United has a squad value advantage of €490.0M.
• **Transfer Activity**: Man United boosted by signing Leny Yoro; Everton boosted by signing Iliman Ndiaye.
• **Fatigue**: Man United is on short rest (midweek match congestion) while Everton is fully rested.
• **Home Advantage**: Man United benefits from playing at home (statistically boosts goal-scoring rate by ~22%).

**Prediction Summary**: Man United is predicted to win this fixture with **59.4%** confidence.",2026-09-13 12:32:37,37
29,2027-03-13,Sunderland,Brentford,33.23,25.45,41.32,1-1,"• **Team Strength (Elo)**: Brentford is favored due to a higher Elo rating (differential of 64 points).
• **Squad Market Value**: Brentford has a squad value advantage of €185.0M.
• **Transfer Activity**: Sunderland boosted by signing Salis Abdul Samed; Brentford boosted by signing Igor Thiago.
• **Home Advantage**: Sunderland benefits from playing at home (statistically boosts goal-scoring rate by ~22%).

**Prediction Summary**: Brentford is predicted to win this fixture with **41.3%** confidence.",2026-09-13 12:32:37,37
29,2027-03-13,Tottenham,Nott'm Forest,35.11,23.97,40.92,1-1,"• **Team Strength (Elo)**: Nott'm Forest is favored due to a higher Elo rating (differential of 62 points).
• **Squad Market Value**: Tottenham has a squad value advantage of €420.0M.
• **Transfer Activity**: Tottenham boosted by signing Dominic Solanke; Nott'm Forest boosted by signing Elliot Anderson.
• **Fatigue**: Tottenham is on short rest (midweek match congestion) while Nott'm Forest is fully rested.
• **Home Advantage**: Tottenham benefits from playing at home (statistically boosts goal-scoring rate by ~22%).

**Prediction Summary**: Nott'm Forest is predicted to win this fixture with **40.9%** confidence.",2026-09-13 12:32:37,37
30,2027-03-20,Arsenal,Sunderland,72.97,16.81,10.21,2-0,"• **Team Strength (Elo)**: Arsenal is favored due to a higher Elo rating (differential of 197 points).
• **Squad Market Value**: Arsenal has a squad value advantage of €1065.0M.
• **Transfer Activity**: Arsenal boosted by signing Viktor Gyökeres; Sunderland boosted by signing Salis Abdul Samed.
• **Fatigue**: Arsenal is on short rest (midweek match congestion) while Sunderland is fully rested.
• **Home Advantage**: Arsenal benefits from playing at home (statistically boosts goal-scoring rate by ~22%).

**Prediction Summary**: Arsenal is predicted to win this fixture with **73.0%** confidence.",2026-09-13 12:32:37,37
30,2027-03-20,Brentford,Bournemouth,42.76,24.14,33.09,1-1,"• **Team Strength (Elo)**: Matchup is evenly balanced on historical Elo (differential of 20 points).
• **Transfer Activity**: Brentford boosted by signing Igor Thiago; Bournemouth boosted by signing Evanilson.
• **Home Advantage**: Brentford benefits from playing at home (statistically boosts goal-scoring rate by ~22%).

**Prediction Summary**: Brentford is predicted to win this fixture with **42.8%** confidence.",2026-09-13 12:32:37,37
30,2027-03-20,Brighton,Coventry,55.65,20.49,23.86,2-1,"• **Team Strength (Elo)**: Brighton is favored due to a higher Elo rating (differential of 111 points).
• **Squad Market Value**: Brighton has a squad value advantage of €415.0M.
• **Transfer Activity**: Brighton boosted by signing Georginio Rutter; Coventry boosted by signing Jack Rudoni.
• **Home Advantage**: Brighton benefits from playing at home (statistically boosts goal-scoring rate by ~22%).

**Prediction Summary**: Brighton is predicted to win this fixture with **55.7%** confidence.",2026-09-13 12:32:37,37
30,2027-03-20,Everton,Tottenham,47.43,26.48,26.09,1-1,"• **Team Strength (Elo)**: Matchup is evenly balanced on historical Elo (differential of 25 points).
• **Squad Market Value**: Tottenham has a squad value advantage of €525.0M.
• **Transfer Activity**: Everton boosted by signing Iliman Ndiaye; Tottenham boosted by signing Dominic Solanke.
• **Fatigue**: Tottenham is on short rest (midweek match congestion) while Everton is fully rested.
• **Home Advantage**: Everton benefits from playing at home (statistically boosts goal-scoring rate by ~22%).

**Prediction Summary**: Everton is predicted to win this fixture with **47.4%** confidence.",2026-09-13 12:32:37,37
30,2027-03-20,Fulham,Liverpool,26.77,22.97,50.27,1-1,"• **Team Strength (Elo)**: Liverpool is favored due to a higher Elo rating (differential of 104 points).
• **Squad Market Value**: Liverpool has a squad value advantage of €680.0M.
• **Transfer Activity**: Fulham boosted by signing Emile Smith Rowe; Liverpool boosted by signing Martin Zubimendi.
• **Fatigue**: Liverpool is on short rest (midweek match congestion) while Fulham is fully rested.
• **Home Advantage**: Fulham benefits from playing at home (statistically boosts goal-scoring rate by ~22%).

**Prediction Summary**: Liverpool is predicted to win this fixture with **50.3%** confidence.",2026-09-13 12:32:37,37
30,2027-03-20,Hull,Chelsea,11.4,34.95,53.65,0-1,"• **Team Strength (Elo)**: Chelsea is favored due to a higher Elo rating (differential of 111 points).
• **Squad Market Value**: Chelsea has a squad value advantage of €1337.0M.
• **Transfer Activity**: Hull boosted by signing Charlie Hughes; Chelsea boosted by signing Pedro Neto.
• **Fatigue**: Chelsea is on short rest (midweek match congestion) while Hull is fully rested.
• **Home Advantage**: Hull benefits from playing at home (statistically boosts goal-scoring rate by ~22%).

**Prediction Summary**: Chelsea is predicted to win this fixture with **53.6%** confidence.",2026-09-13 12:32:37,37
30,2027-03-20,Ipswich,Crystal Palace,22.89,23.97,53.14,1-1,"• **Team Strength (Elo)**: Crystal Palace is favored due to a higher Elo rating (differential of 145 points).
• **Squad Market Value**: Crystal Palace has a squad value advantage of €195.0M.
• **Transfer Activity**: Ipswich boosted by signing Omari Hutchinson; Crystal Palace boosted by signing Eddie Nketiah.
• **Home Advantage**: Ipswich benefits from playing at home (statistically boosts goal-scoring rate by ~22%).

**Prediction Summary**: Crystal Palace is predicted to win this fixture with **53.1%** confidence.",2026-09-13 12:32:37,37
30,2027-03-20,Man City,Man United,53.56,23.83,22.61,1-1,"• **Team Strength (Elo)**: Matchup is evenly balanced on historical Elo (differential of 34 points).
• **Squad Market Value**: Man City has a squad value advantage of €570.0M.
• **Transfer Activity**: Man City boosted by signing Tijjani Reijnders; Man United boosted by signing Leny Yoro.
• **Fatigue**: Both teams are facing congested schedules (midweek matches).
• **Home Advantage**: Man City benefits from playing at home (statistically boosts goal-scoring rate by ~22%).

**Prediction Summary**: Man City is predicted to win this fixture with **53.6%** confidence.",2026-09-13 12:32:37,37
30,2027-03-20,Newcastle,Leeds,49.78,24.03,26.19,1-1,"• **Team Strength (Elo)**: Matchup is evenly balanced on historical Elo (differential of 39 points).
• **Squad Market Value**: Newcastle has a squad value advantage of €175.0M.
• **Transfer Activity**: Newcastle boosted by signing Lewis Hall; Leeds boosted by signing Joe Rodon.
• **Home Advantage**: Newcastle benefits from playing at home (statistically boosts goal-scoring rate by ~22%).

**Prediction Summary**: Newcastle is predicted to win this fixture with **49.8%** confidence.",2026-09-13 12:32:37,37
30,2027-03-20,Nott'm Forest,Aston Villa,38.38,24.92,36.7,1-1,"• **Team Strength (Elo)**: Matchup is evenly balanced on historical Elo (differential of 27 points).
• **Transfer Activity**: Nott'm Forest boosted by signing Elliot Anderson; Aston Villa boosted by signing Amadou Onana.
• **Fatigue**: Aston Villa is on short rest (midweek match congestion) while Nott'm Forest is fully rested.
• **Home Advantage**: Nott'm Forest benefits from playing at home (statistically boosts goal-scoring rate by ~22%).

**Prediction Summary**: This matchup is highly contested with a close outcome probability. A Draw (24.9%) is a very strong possibility.",2026-09-13 12:32:37,37
31,2027-04-10,Bournemouth,Man City,27.0,21.11,51.89,1-1,"• **Team Strength (Elo)**: Man City is favored due to a higher Elo rating (differential of 73 points).
• **Squad Market Value**: Man City has a squad value advantage of €905.0M.
• **Transfer Activity**: Bournemouth boosted by signing Evanilson; Man City boosted by signing Tijjani Reijnders.
• **Home Advantage**: Bournemouth benefits from playing at home (statistically boosts goal-scoring rate by ~22%).

**Prediction Summary**: Man City is predicted to win this fixture with **51.9%** confidence.",2026-09-13 12:32:37,37
31,2027-04-10,Aston Villa,Brighton,39.34,25.86,34.8,1-1,"• **Team Strength (Elo)**: Matchup is evenly balanced on historical Elo (differential of 6 points).
• **Squad Market Value**: Brighton has a squad value advantage of €110.0M.
• **Transfer Activity**: Aston Villa boosted by signing Amadou Onana; Brighton boosted by signing Georginio Rutter.
• **Home Advantage**: Aston Villa benefits from playing at home (statistically boosts goal-scoring rate by ~22%).

**Prediction Summary**: This matchup is highly contested with a close outcome probability. A Draw (25.9%) is a very strong possibility.",2026-09-13 12:32:37,37
31,2027-04-10,Chelsea,Fulham,44.21,25.65,30.14,1-1,"• **Team Strength (Elo)**: Matchup is evenly balanced on historical Elo (differential of 9 points).
• **Squad Market Value**: Chelsea has a squad value advantage of €1115.0M.
• **Transfer Activity**: Chelsea boosted by signing Pedro Neto; Fulham boosted by signing Emile Smith Rowe.
• **Home Advantage**: Chelsea benefits from playing at home (statistically boosts goal-scoring rate by ~22%).

**Prediction Summary**: Chelsea is predicted to win this fixture with **44.2%** confidence.",2026-09-13 12:32:37,37
31,2027-04-10,Coventry,Arsenal,25.71,17.59,56.7,1-2,"• **Team Strength (Elo)**: Arsenal is favored due to a higher Elo rating (differential of 235 points).
• **Squad Market Value**: Arsenal has a squad value advantage of €1200.0M.
• **Transfer Activity**: Coventry boosted by signing Jack Rudoni; Arsenal boosted by signing Viktor Gyökeres.
• **Home Advantage**: Coventry benefits from playing at home (statistically boosts goal-scoring rate by ~22%).

**Prediction Summary**: Arsenal is predicted to win this fixture with **56.7%** confidence.",2026-09-13 12:32:37,37
31,2027-04-10,Crystal Palace,Everton,36.68,26.37,36.94,1-1,"• **Team Strength (Elo)**: Matchup is evenly balanced on historical Elo (differential of 20 points).
• **Transfer Activity**: Crystal Palace boosted by signing Eddie Nketiah; Everton boosted by signing Iliman Ndiaye.
• **Home Advantage**: Crystal Palace benefits from playing at home (statistically boosts goal-scoring rate by ~22%).

**Prediction Summary**: This matchup is highly contested with a close outcome probability. A Draw (26.4%) is a very strong possibility.",2026-09-13 12:32:37,37
31,2027-04-10,Leeds,Nott'm Forest,33.24,24.69,42.07,1-1,"• **Team Strength (Elo)**: Matchup is evenly balanced on historical Elo (differential of 45 points).
• **Squad Market Value**: Nott'm Forest has a squad value advantage of €135.0M.
• **Transfer Activity**: Leeds boosted by signing Joe Rodon; Nott'm Forest boosted by signing Elliot Anderson.
• **Home Advantage**: Leeds benefits from playing at home (statistically boosts goal-scoring rate by ~22%).

**Prediction Summary**: Nott'm Forest is predicted to win this fixture with **42.1%** confidence.",2026-09-13 12:32:37,37
31,2027-04-10,Liverpool,Newcastle,61.58,18.68,19.74,1-1,"• **Team Strength (Elo)**: Liverpool is favored due to a higher Elo rating (differential of 74 points).
• **Squad Market Value**: Liverpool has a squad value advantage of €425.0M.
• **Transfer Activity**: Liverpool boosted by signing Martin Zubimendi; Newcastle boosted by signing Lewis Hall.
• **Home Advantage**: Liverpool benefits from playing at home (statistically boosts goal-scoring rate by ~22%).

**Prediction Summary**: Liverpool is predicted to win this fixture with **61.6%** confidence.",2026-09-13 12:32:37,37
31,2027-04-10,Man United,Hull,62.94,27.6,9.45,1-0,"• **Team Strength (Elo)**: Man United is favored due to a higher Elo rating (differential of 196 points).
• **Squad Market Value**: Man United has a squad value advantage of €822.0M.
• **Transfer Activity**: Man United boosted by signing Leny Yoro; Hull boosted by signing Charlie Hughes.
• **Home Advantage**: Man United benefits from playing at home (statistically boosts goal-scoring rate by ~22%).

**Prediction Summary**: Man United is predicted to win this fixture with **62.9%** confidence.",2026-09-13 12:32:37,37
31,2027-04-10,Sunderland,Ipswich,67.33,19.14,13.53,1-0,"• **Team Strength (Elo)**: Sunderland is favored due to a higher Elo rating (differential of 149 points).
• **Transfer Activity**: Sunderland boosted by signing Salis Abdul Samed; Ipswich boosted by signing Omari Hutchinson.
• **Home Advantage**: Sunderland benefits from playing at home (statistically boosts goal-scoring rate by ~22%).

**Prediction Summary**: Sunderland is predicted to win this fixture with **67.3%** confidence.",2026-09-13 12:32:37,37
31,2027-04-10,Tottenham,Brentford,29.77,19.12,51.11,1-1,"• **Team Strength (Elo)**: Brentford is favored due to a higher Elo rating (differential of 86 points).
• **Squad Market Value**: Tottenham has a squad value advantage of €385.0M.
• **Transfer Activity**: Tottenham boosted by signing Dominic Solanke; Brentford boosted by signing Igor Thiago.
• **Home Advantage**: Tottenham benefits from playing at home (statistically boosts goal-scoring rate by ~22%).

**Prediction Summary**: Brentford is predicted to win this fixture with **51.1%** confidence.",2026-09-13 12:32:37,37
32,2027-04-17,Arsenal,Aston Villa,64.24,21.59,14.17,2-0,"• **Team Strength (Elo)**: Arsenal is favored due to a higher Elo rating (differential of 128 points).
• **Squad Market Value**: Arsenal has a squad value advantage of €895.0M.
• **Transfer Activity**: Arsenal boosted by signing Viktor Gyökeres; Aston Villa boosted by signing Amadou Onana.
• **Fatigue**: Both teams are facing congested schedules (midweek matches).
• **Home Advantage**: Arsenal benefits from playing at home (statistically boosts goal-scoring rate by ~22%).

**Prediction Summary**: Arsenal is predicted to win this fixture with **64.2%** confidence.",2026-09-13 12:32:37,37
32,2027-04-17,Brentford,Leeds,52.59,23.49,23.92,1-1,"• **Team Strength (Elo)**: Brentford is favored due to a higher Elo rating (differential of 63 points).
• **Squad Market Value**: Brentford has a squad value advantage of €170.0M.
• **Transfer Activity**: Brentford boosted by signing Igor Thiago; Leeds boosted by signing Joe Rodon.
• **Home Advantage**: Brentford benefits from playing at home (statistically boosts goal-scoring rate by ~22%).

**Prediction Summary**: Brentford is predicted to win this fixture with **52.6%** confidence.",2026-09-13 12:32:37,37
32,2027-04-17,Brighton,Chelsea,50.37,24.51,25.12,1-1,"• **Team Strength (Elo)**: Matchup is evenly balanced on historical Elo (differential of 49 points).
• **Squad Market Value**: Chelsea has a squad value advantage of €770.0M.
• **Transfer Activity**: Brighton boosted by signing Georginio Rutter; Chelsea boosted by signing Pedro Neto.
• **Fatigue**: Chelsea is on short rest (midweek match congestion) while Brighton is fully rested.
• **Home Advantage**: Brighton benefits from playing at home (statistically boosts goal-scoring rate by ~22%).

**Prediction Summary**: Brighton is predicted to win this fixture with **50.4%** confidence.",2026-09-13 12:32:37,37
32,2027-04-17,Everton,Bournemouth,32.39,24.95,42.66,1-1,"• **Team Strength (Elo)**: Bournemouth is favored due to a higher Elo rating (differential of 70 points).
• **Squad Market Value**: Bournemouth has a squad value advantage of €155.0M.
• **Transfer Activity**: Everton boosted by signing Iliman Ndiaye; Bournemouth boosted by signing Evanilson.
• **Home Advantage**: Everton benefits from playing at home (statistically boosts goal-scoring rate by ~22%).

**Prediction Summary**: Bournemouth is predicted to win this fixture with **42.7%** confidence.",2026-09-13 12:32:37,37
32,2027-04-17,Fulham,Sunderland,39.22,29.52,31.27,0-0,"• **Team Strength (Elo)**: Matchup is evenly balanced on historical Elo (differential of 10 points).
• **Transfer Activity**: Fulham boosted by signing Emile Smith Rowe; Sunderland boosted by signing Salis Abdul Samed.
• **Home Advantage**: Fulham benefits from playing at home (statistically boosts goal-scoring rate by ~22%).

**Prediction Summary**: Fulham is predicted to win this fixture with **39.2%** confidence.",2026-09-13 12:32:37,37
32,2027-04-17,Hull,Coventry,32.85,25.62,41.53,1-1,"• **Team Strength (Elo)**: Coventry is favored due to a higher Elo rating (differential of 52 points).
• **Squad Market Value**: Coventry has a squad value advantage of €152.0M.
• **Transfer Activity**: Hull boosted by signing Charlie Hughes; Coventry boosted by signing Jack Rudoni.
• **Home Advantage**: Hull benefits from playing at home (statistically boosts goal-scoring rate by ~22%).

**Prediction Summary**: Coventry is predicted to win this fixture with **41.5%** confidence.",2026-09-13 12:32:37,37
32,2027-04-17,Ipswich,Man United,8.53,15.22,76.25,0-2,"• **Team Strength (Elo)**: Man United is favored due to a higher Elo rating (differential of 272 points).
• **Squad Market Value**: Man United has a squad value advantage of €615.0M.
• **Transfer Activity**: Ipswich boosted by signing Omari Hutchinson; Man United boosted by signing Leny Yoro.
• **Fatigue**: Man United is on short rest (midweek match congestion) while Ipswich is fully rested.
• **Home Advantage**: Ipswich benefits from playing at home (statistically boosts goal-scoring rate by ~22%).

**Prediction Summary**: Man United is predicted to win this fixture with **76.3%** confidence.",2026-09-13 12:32:37,37
32,2027-04-17,Man City,Crystal Palace,72.37,16.24,11.39,2-0,"• **Team Strength (Elo)**: Man City is favored due to a higher Elo rating (differential of 160 points).
• **Squad Market Value**: Man City has a squad value advantage of €990.0M.
• **Transfer Activity**: Man City boosted by signing Tijjani Reijnders; Crystal Palace boosted by signing Eddie Nketiah.
• **Fatigue**: Man City is on short rest (midweek match congestion) while Crystal Palace is fully rested.
• **Home Advantage**: Man City benefits from playing at home (statistically boosts goal-scoring rate by ~22%).

**Prediction Summary**: Man City is predicted to win this fixture with **72.4%** confidence.",2026-09-13 12:32:37,37
32,2027-04-17,Newcastle,Tottenham,58.07,22.19,19.74,1-1,"• **Team Strength (Elo)**: Newcastle is favored due to a higher Elo rating (differential of 64 points).
• **Squad Market Value**: Tottenham has a squad value advantage of €380.0M.
• **Transfer Activity**: Newcastle boosted by signing Lewis Hall; Tottenham boosted by signing Dominic Solanke.
• **Fatigue**: Tottenham is on short rest (midweek match congestion) while Newcastle is fully rested.
• **Home Advantage**: Newcastle benefits from playing at home (statistically boosts goal-scoring rate by ~22%).

**Prediction Summary**: Newcastle is predicted to win this fixture with **58.1%** confidence.",2026-09-13 12:32:37,37
32,2027-04-17,Nott'm Forest,Liverpool,30.74,22.61,46.65,1-1,"• **Team Strength (Elo)**: Liverpool is favored due to a higher Elo rating (differential of 78 points).
• **Squad Market Value**: Liverpool has a squad value advantage of €465.0M.
• **Transfer Activity**: Nott'm Forest boosted by signing Elliot Anderson; Liverpool boosted by signing Martin Zubimendi.
• **Fatigue**: Liverpool is on short rest (midweek match congestion) while Nott'm Forest is fully rested.
• **Home Advantage**: Nott'm Forest benefits from playing at home (statistically boosts goal-scoring rate by ~22%).

**Prediction Summary**: Liverpool is predicted to win this fixture with **46.6%** confidence.",2026-09-13 12:32:37,37
33,2027-04-24,Bournemouth,Arsenal,24.05,22.99,52.96,1-1,"• **Team Strength (Elo)**: Arsenal is favored due to a higher Elo rating (differential of 124 points).
• **Squad Market Value**: Arsenal has a squad value advantage of €865.0M.
• **Transfer Activity**: Bournemouth boosted by signing Evanilson; Arsenal boosted by signing Viktor Gyökeres.
• **Home Advantage**: Bournemouth benefits from playing at home (statistically boosts goal-scoring rate by ~22%).

**Prediction Summary**: Arsenal is predicted to win this fixture with **53.0%** confidence.",2026-09-13 12:32:37,37
33,2027-04-24,Aston Villa,Coventry,50.98,22.87,26.15,2-1,"• **Team Strength (Elo)**: Aston Villa is favored due to a higher Elo rating (differential of 97 points).
• **Squad Market Value**: Aston Villa has a squad value advantage of €305.0M.
• **Transfer Activity**: Aston Villa boosted by signing Amadou Onana; Coventry boosted by signing Jack Rudoni.
• **Home Advantage**: Aston Villa benefits from playing at home (statistically boosts goal-scoring rate by ~22%).

**Prediction Summary**: Aston Villa is predicted to win this fixture with **51.0%** confidence.",2026-09-13 12:32:37,37
33,2027-04-24,Brentford,Fulham,50.86,24.29,24.85,1-1,"• **Team Strength (Elo)**: Brentford is favored due to a higher Elo rating (differential of 52 points).
• **Squad Market Value**: Brentford has a squad value advantage of €250.0M.
• **Transfer Activity**: Brentford boosted by signing Igor Thiago; Fulham boosted by signing Emile Smith Rowe.
• **Home Advantage**: Brentford benefits from playing at home (statistically boosts goal-scoring rate by ~22%).

**Prediction Summary**: Brentford is predicted to win this fixture with **50.9%** confidence.",2026-09-13 12:32:37,37
33,2027-04-24,Chelsea,Man City,23.89,21.76,54.36,1-1,"• **Team Strength (Elo)**: Man City is favored due to a higher Elo rating (differential of 135 points).
• **Transfer Activity**: Chelsea boosted by signing Pedro Neto; Man City boosted by signing Tijjani Reijnders.
• **Home Advantage**: Chelsea benefits from playing at home (statistically boosts goal-scoring rate by ~22%).

**Prediction Summary**: Man City is predicted to win this fixture with **54.4%** confidence.",2026-09-13 12:32:37,37
33,2027-04-24,Everton,Brighton,31.78,25.68,42.54,1-1,"• **Team Strength (Elo)**: Brighton is favored due to a higher Elo rating (differential of 69 points).
• **Squad Market Value**: Brighton has a squad value advantage of €235.0M.
• **Transfer Activity**: Everton boosted by signing Iliman Ndiaye; Brighton boosted by signing Georginio Rutter.
• **Home Advantage**: Everton benefits from playing at home (statistically boosts goal-scoring rate by ~22%).

**Prediction Summary**: Brighton is predicted to win this fixture with **42.5%** confidence.",2026-09-13 12:32:37,37
33,2027-04-24,Leeds,Liverpool,23.3,20.19,56.51,1-1,"• **Team Strength (Elo)**: Liverpool is favored due to a higher Elo rating (differential of 129 points).
• **Squad Market Value**: Liverpool has a squad value advantage of €600.0M.
• **Transfer Activity**: Leeds boosted by signing Joe Rodon; Liverpool boosted by signing Martin Zubimendi.
• **Home Advantage**: Leeds benefits from playing at home (statistically boosts goal-scoring rate by ~22%).

**Prediction Summary**: Liverpool is predicted to win this fixture with **56.5%** confidence.",2026-09-13 12:32:37,37
33,2027-04-24,Man United,Crystal Palace,62.28,21.07,16.65,1-1,"• **Team Strength (Elo)**: Man United is favored due to a higher Elo rating (differential of 125 points).
• **Squad Market Value**: Man United has a squad value advantage of €420.0M.
• **Transfer Activity**: Man United boosted by signing Leny Yoro; Crystal Palace boosted by signing Eddie Nketiah.
• **Home Advantage**: Man United benefits from playing at home (statistically boosts goal-scoring rate by ~22%).

**Prediction Summary**: Man United is predicted to win this fixture with **62.3%** confidence.",2026-09-13 12:32:37,37
33,2027-04-24,Newcastle,Ipswich,75.72,14.02,10.26,2-0,"• **Team Strength (Elo)**: Newcastle is favored due to a higher Elo rating (differential of 203 points).
• **Squad Market Value**: Newcastle has a squad value advantage of €270.0M.
• **Transfer Activity**: Newcastle boosted by signing Lewis Hall; Ipswich boosted by signing Omari Hutchinson.
• **Home Advantage**: Newcastle benefits from playing at home (statistically boosts goal-scoring rate by ~22%).

**Prediction Summary**: Newcastle is predicted to win this fixture with **75.7%** confidence.",2026-09-13 12:32:37,37
33,2027-04-24,Nott'm Forest,Sunderland,46.66,26.62,26.72,1-1,"• **Team Strength (Elo)**: Matchup is evenly balanced on historical Elo (differential of 39 points).
• **Squad Market Value**: Nott'm Forest has a squad value advantage of €150.0M.
• **Transfer Activity**: Nott'm Forest boosted by signing Elliot Anderson; Sunderland boosted by signing Salis Abdul Samed.
• **Home Advantage**: Nott'm Forest benefits from playing at home (statistically boosts goal-scoring rate by ~22%).

**Prediction Summary**: Nott'm Forest is predicted to win this fixture with **46.7%** confidence.",2026-09-13 12:32:37,37
33,2027-04-24,Tottenham,Hull,42.58,38.52,18.9,0-0,"• **Team Strength (Elo)**: Tottenham is favored due to a higher Elo rating (differential of 65 points).
• **Squad Market Value**: Tottenham has a squad value advantage of €857.0M.
• **Transfer Activity**: Tottenham boosted by signing Dominic Solanke; Hull boosted by signing Charlie Hughes.
• **Home Advantage**: Tottenham benefits from playing at home (statistically boosts goal-scoring rate by ~22%).

**Prediction Summary**: Tottenham is predicted to win this fixture with **42.6%** confidence.",2026-09-13 12:32:37,37
34,2027-05-01,Arsenal,Tottenham,78.61,14.41,6.98,3-0,"• **Team Strength (Elo)**: Arsenal is favored due to a higher Elo rating (differential of 224 points).
• **Squad Market Value**: Arsenal has a squad value advantage of €495.0M.
• **Transfer Activity**: Arsenal boosted by signing Viktor Gyökeres; Tottenham boosted by signing Dominic Solanke.
• **Fatigue**: Both teams are facing congested schedules (midweek matches).
• **Home Advantage**: Arsenal benefits from playing at home (statistically boosts goal-scoring rate by ~22%).

**Prediction Summary**: Arsenal is predicted to win this fixture with **78.6%** confidence.",2026-09-13 12:32:37,37
34,2027-05-01,Brighton,Nott'm Forest,47.28,24.41,28.31,1-1,"• **Team Strength (Elo)**: Matchup is evenly balanced on historical Elo (differential of 31 points).
• **Squad Market Value**: Brighton has a squad value advantage of €130.0M.
• **Transfer Activity**: Brighton boosted by signing Georginio Rutter; Nott'm Forest boosted by signing Elliot Anderson.
• **Home Advantage**: Brighton benefits from playing at home (statistically boosts goal-scoring rate by ~22%).

**Prediction Summary**: Brighton is predicted to win this fixture with **47.3%** confidence.",2026-09-13 12:32:37,37
34,2027-05-01,Coventry,Man United,31.06,20.91,48.03,1-2,"• **Team Strength (Elo)**: Man United is favored due to a higher Elo rating (differential of 150 points).
• **Squad Market Value**: Man United has a squad value advantage of €670.0M.
• **Transfer Activity**: Coventry boosted by signing Jack Rudoni; Man United boosted by signing Leny Yoro.
• **Fatigue**: Man United is on short rest (midweek match congestion) while Coventry is fully rested.
• **Home Advantage**: Coventry benefits from playing at home (statistically boosts goal-scoring rate by ~22%).

**Prediction Summary**: Man United is predicted to win this fixture with **48.0%** confidence.",2026-09-13 12:32:37,37
34,2027-05-01,Crystal Palace,Aston Villa,30.36,27.85,41.79,1-1,"• **Team Strength (Elo)**: Aston Villa is favored due to a higher Elo rating (differential of 78 points).
• **Transfer Activity**: Crystal Palace boosted by signing Eddie Nketiah; Aston Villa boosted by signing Amadou Onana.
• **Fatigue**: Aston Villa is on short rest (midweek match congestion) while Crystal Palace is fully rested.
• **Home Advantage**: Crystal Palace benefits from playing at home (statistically boosts goal-scoring rate by ~22%).

**Prediction Summary**: Aston Villa is predicted to win this fixture with **41.8%** confidence.",2026-09-13 12:32:37,37
34,2027-05-01,Fulham,Everton,38.35,28.58,33.07,0-0,"• **Team Strength (Elo)**: Matchup is evenly balanced on historical Elo (differential of 1 points).
• **Squad Market Value**: Everton has a squad value advantage of €110.0M.
• **Transfer Activity**: Fulham boosted by signing Emile Smith Rowe; Everton boosted by signing Iliman Ndiaye.
• **Home Advantage**: Fulham benefits from playing at home (statistically boosts goal-scoring rate by ~22%).

**Prediction Summary**: Fulham is predicted to win this fixture with **38.3%** confidence.",2026-09-13 12:32:37,37
34,2027-05-01,Hull,Bournemouth,12.75,27.77,59.48,0-1,"• **Team Strength (Elo)**: Bournemouth is favored due to a higher Elo rating (differential of 170 points).
• **Squad Market Value**: Bournemouth has a squad value advantage of €487.0M.
• **Transfer Activity**: Hull boosted by signing Charlie Hughes; Bournemouth boosted by signing Evanilson.
• **Home Advantage**: Hull benefits from playing at home (statistically boosts goal-scoring rate by ~22%).

**Prediction Summary**: Bournemouth is predicted to win this fixture with **59.5%** confidence.",2026-09-13 12:32:37,37
34,2027-05-01,Ipswich,Leeds,22.43,23.72,53.85,1-1,"• **Team Strength (Elo)**: Leeds is favored due to a higher Elo rating (differential of 161 points).
• **Transfer Activity**: Ipswich boosted by signing Omari Hutchinson; Leeds boosted by signing Joe Rodon.
• **Home Advantage**: Ipswich benefits from playing at home (statistically boosts goal-scoring rate by ~22%).

**Prediction Summary**: Leeds is predicted to win this fixture with **53.8%** confidence.",2026-09-13 12:32:37,37
34,2027-05-01,Liverpool,Chelsea,61.69,20.59,17.71,1-1,"• **Team Strength (Elo)**: Liverpool is favored due to a higher Elo rating (differential of 107 points).
• **Squad Market Value**: Chelsea has a squad value advantage of €435.0M.
• **Transfer Activity**: Liverpool boosted by signing Martin Zubimendi; Chelsea boosted by signing Pedro Neto.
• **Fatigue**: Both teams are facing congested schedules (midweek matches).
• **Home Advantage**: Liverpool benefits from playing at home (statistically boosts goal-scoring rate by ~22%).

**Prediction Summary**: Liverpool is predicted to win this fixture with **61.7%** confidence.",2026-09-13 12:32:37,37
34,2027-05-01,Man City,Brentford,62.31,19.41,18.28,1-1,"• **Team Strength (Elo)**: Man City is favored due to a higher Elo rating (differential of 91 points).
• **Squad Market Value**: Man City has a squad value advantage of €920.0M.
• **Transfer Activity**: Man City boosted by signing Tijjani Reijnders; Brentford boosted by signing Igor Thiago.
• **Fatigue**: Man City is on short rest (midweek match congestion) while Brentford is fully rested.
• **Home Advantage**: Man City benefits from playing at home (statistically boosts goal-scoring rate by ~22%).

**Prediction Summary**: Man City is predicted to win this fixture with **62.3%** confidence.",2026-09-13 12:32:37,37
34,2027-05-01,Sunderland,Newcastle,32.95,26.08,40.98,1-1,"• **Team Strength (Elo)**: Matchup is evenly balanced on historical Elo (differential of 49 points).
• **Squad Market Value**: Newcastle has a squad value advantage of €190.0M.
• **Transfer Activity**: Sunderland boosted by signing Salis Abdul Samed; Newcastle boosted by signing Lewis Hall.
• **Home Advantage**: Sunderland benefits from playing at home (statistically boosts goal-scoring rate by ~22%).

**Prediction Summary**: Newcastle is predicted to win this fixture with **41.0%** confidence.",2026-09-13 12:32:37,37
35,2027-05-08,Bournemouth,Man United,39.29,24.51,36.2,1-1,"• **Team Strength (Elo)**: Matchup is evenly balanced on historical Elo (differential of 41 points).
• **Squad Market Value**: Man United has a squad value advantage of €335.0M.
• **Transfer Activity**: Bournemouth boosted by signing Evanilson; Man United boosted by signing Leny Yoro.
• **Fatigue**: Man United is on short rest (midweek match congestion) while Bournemouth is fully rested.
• **Home Advantage**: Bournemouth benefits from playing at home (statistically boosts goal-scoring rate by ~22%).

**Prediction Summary**: This matchup is highly contested with a close outcome probability. A Draw (24.5%) is a very strong possibility.",2026-09-13 12:32:37,37
35,2027-05-08,Brentford,Aston Villa,46.1,25.1,28.8,1-1,"• **Team Strength (Elo)**: Matchup is evenly balanced on historical Elo (differential of 3 points).
• **Transfer Activity**: Brentford boosted by signing Igor Thiago; Aston Villa boosted by signing Amadou Onana.
• **Fatigue**: Aston Villa is on short rest (midweek match congestion) while Brentford is fully rested.
• **Home Advantage**: Brentford benefits from playing at home (statistically boosts goal-scoring rate by ~22%).

**Prediction Summary**: Brentford is predicted to win this fixture with **46.1%** confidence.",2026-09-13 12:32:37,37
35,2027-05-08,Brighton,Sunderland,52.92,24.65,22.43,1-1,"• **Team Strength (Elo)**: Brighton is favored due to a higher Elo rating (differential of 73 points).
• **Squad Market Value**: Brighton has a squad value advantage of €280.0M.
• **Transfer Activity**: Brighton boosted by signing Georginio Rutter; Sunderland boosted by signing Salis Abdul Samed.
• **Home Advantage**: Brighton benefits from playing at home (statistically boosts goal-scoring rate by ~22%).

**Prediction Summary**: Brighton is predicted to win this fixture with **52.9%** confidence.",2026-09-13 12:32:37,37
35,2027-05-08,Everton,Hull,41.29,40.52,18.18,0-0,"• **Team Strength (Elo)**: Everton is favored due to a higher Elo rating (differential of 96 points).
• **Squad Market Value**: Everton has a squad value advantage of €332.0M.
• **Transfer Activity**: Everton boosted by signing Iliman Ndiaye; Hull boosted by signing Charlie Hughes.
• **Home Advantage**: Everton benefits from playing at home (statistically boosts goal-scoring rate by ~22%).

**Prediction Summary**: Everton is predicted to win this fixture with **41.3%** confidence.",2026-09-13 12:32:37,37
35,2027-05-08,Fulham,Ipswich,70.42,17.89,11.69,1-0,"• **Team Strength (Elo)**: Fulham is favored due to a higher Elo rating (differential of 171 points).
• **Transfer Activity**: Fulham boosted by signing Emile Smith Rowe; Ipswich boosted by signing Omari Hutchinson.
• **Home Advantage**: Fulham benefits from playing at home (statistically boosts goal-scoring rate by ~22%).

**Prediction Summary**: Fulham is predicted to win this fixture with **70.4%** confidence.",2026-09-13 12:32:37,37
35,2027-05-08,Leeds,Arsenal,15.26,21.5,63.25,0-2,"• **Team Strength (Elo)**: Arsenal is favored due to a higher Elo rating (differential of 209 points).
• **Squad Market Value**: Arsenal has a squad value advantage of €1050.0M.
• **Transfer Activity**: Leeds boosted by signing Joe Rodon; Arsenal boosted by signing Viktor Gyökeres.
• **Fatigue**: Arsenal is on short rest (midweek match congestion) while Leeds is fully rested.
• **Home Advantage**: Leeds benefits from playing at home (statistically boosts goal-scoring rate by ~22%).

**Prediction Summary**: Arsenal is predicted to win this fixture with **63.2%** confidence.",2026-09-13 12:32:37,37
35,2027-05-08,Man City,Liverpool,51.51,23.47,25.02,1-1,"• **Team Strength (Elo)**: Matchup is evenly balanced on historical Elo (differential of 28 points).
• **Squad Market Value**: Man City has a squad value advantage of €490.0M.
• **Transfer Activity**: Man City boosted by signing Tijjani Reijnders; Liverpool boosted by signing Martin Zubimendi.
• **Fatigue**: Both teams are facing congested schedules (midweek matches).
• **Home Advantage**: Man City benefits from playing at home (statistically boosts goal-scoring rate by ~22%).

**Prediction Summary**: Man City is predicted to win this fixture with **51.5%** confidence.",2026-09-13 12:32:37,37
35,2027-05-08,Newcastle,Coventry,50.75,21.1,28.15,2-1,"• **Team Strength (Elo)**: Newcastle is favored due to a higher Elo rating (differential of 77 points).
• **Squad Market Value**: Newcastle has a squad value advantage of €325.0M.
• **Transfer Activity**: Newcastle boosted by signing Lewis Hall; Coventry boosted by signing Jack Rudoni.
• **Home Advantage**: Newcastle benefits from playing at home (statistically boosts goal-scoring rate by ~22%).

**Prediction Summary**: Newcastle is predicted to win this fixture with **50.8%** confidence.",2026-09-13 12:32:37,37
35,2027-05-08,Nott'm Forest,Crystal Palace,49.78,25.08,25.14,1-1,"• **Team Strength (Elo)**: Nott'm Forest is favored due to a higher Elo rating (differential of 53 points).
• **Transfer Activity**: Nott'm Forest boosted by signing Elliot Anderson; Crystal Palace boosted by signing Eddie Nketiah.
• **Home Advantage**: Nott'm Forest benefits from playing at home (statistically boosts goal-scoring rate by ~22%).

**Prediction Summary**: Nott'm Forest is predicted to win this fixture with **49.8%** confidence.",2026-09-13 12:32:37,37
35,2027-05-08,Tottenham,Chelsea,34.8,25.04,40.16,1-1,"• **Team Strength (Elo)**: Matchup is evenly balanced on historical Elo (differential of 48 points).
• **Squad Market Value**: Chelsea has a squad value advantage of €480.0M.
• **Transfer Activity**: Tottenham boosted by signing Dominic Solanke; Chelsea boosted by signing Pedro Neto.
• **Fatigue**: Both teams are facing congested schedules (midweek matches).
• **Home Advantage**: Tottenham benefits from playing at home (statistically boosts goal-scoring rate by ~22%).

**Prediction Summary**: Chelsea is predicted to win this fixture with **40.2%** confidence.",2026-09-13 12:32:37,37
36,2027-05-15,Arsenal,Nott'm Forest,71.4,15.72,12.88,2-0,"• **Team Strength (Elo)**: Arsenal is favored due to a higher Elo rating (differential of 165 points).
• **Squad Market Value**: Arsenal has a squad value advantage of €915.0M.
• **Transfer Activity**: Arsenal boosted by signing Viktor Gyökeres; Nott'm Forest boosted by signing Elliot Anderson.
• **Home Advantage**: Arsenal benefits from playing at home (statistically boosts goal-scoring rate by ~22%).

**Prediction Summary**: Arsenal is predicted to win this fixture with **71.4%** confidence.",2026-09-13 12:32:37,37
36,2027-05-15,Aston Villa,Newcastle,44.9,24.53,30.58,1-1,"• **Team Strength (Elo)**: Matchup is evenly balanced on historical Elo (differential of 17 points).
• **Transfer Activity**: Aston Villa boosted by signing Amadou Onana; Newcastle boosted by signing Lewis Hall.
• **Home Advantage**: Aston Villa benefits from playing at home (statistically boosts goal-scoring rate by ~22%).

**Prediction Summary**: Aston Villa is predicted to win this fixture with **44.9%** confidence.",2026-09-13 12:32:37,37
36,2027-05-15,Chelsea,Everton,43.63,26.43,29.94,1-1,"• **Team Strength (Elo)**: Matchup is evenly balanced on historical Elo (differential of 12 points).
• **Squad Market Value**: Chelsea has a squad value advantage of €1005.0M.
• **Transfer Activity**: Chelsea boosted by signing Pedro Neto; Everton boosted by signing Iliman Ndiaye.
• **Home Advantage**: Chelsea benefits from playing at home (statistically boosts goal-scoring rate by ~22%).

**Prediction Summary**: Chelsea is predicted to win this fixture with **43.6%** confidence.",2026-09-13 12:32:37,37
36,2027-05-15,Coventry,Tottenham,42.57,22.89,34.54,1-1,"• **Team Strength (Elo)**: Matchup is evenly balanced on historical Elo (differential of 8 points).
• **Squad Market Value**: Tottenham has a squad value advantage of €705.0M.
• **Transfer Activity**: Coventry boosted by signing Jack Rudoni; Tottenham boosted by signing Dominic Solanke.
• **Home Advantage**: Coventry benefits from playing at home (statistically boosts goal-scoring rate by ~22%).

**Prediction Summary**: Coventry is predicted to win this fixture with **42.6%** confidence.",2026-09-13 12:32:37,37
36,2027-05-15,Crystal Palace,Brighton,29.48,24.77,45.75,1-1,"• **Team Strength (Elo)**: Brighton is favored due to a higher Elo rating (differential of 91 points).
• **Squad Market Value**: Brighton has a squad value advantage of €165.0M.
• **Transfer Activity**: Crystal Palace boosted by signing Eddie Nketiah; Brighton boosted by signing Georginio Rutter.
• **Home Advantage**: Crystal Palace benefits from playing at home (statistically boosts goal-scoring rate by ~22%).

**Prediction Summary**: Brighton is predicted to win this fixture with **45.8%** confidence.",2026-09-13 12:32:37,37
36,2027-05-15,Hull,Fulham,14.31,35.97,49.72,0-1,"• **Team Strength (Elo)**: Fulham is favored due to a higher Elo rating (differential of 108 points).
• **Squad Market Value**: Fulham has a squad value advantage of €222.0M.
• **Transfer Activity**: Hull boosted by signing Charlie Hughes; Fulham boosted by signing Emile Smith Rowe.
• **Home Advantage**: Hull benefits from playing at home (statistically boosts goal-scoring rate by ~22%).

**Prediction Summary**: Fulham is predicted to win this fixture with **49.7%** confidence.",2026-09-13 12:32:37,37
36,2027-05-15,Ipswich,Man City,6.42,14.1,79.48,0-4,"• **Team Strength (Elo)**: Man City is favored due to a higher Elo rating (differential of 326 points).
• **Squad Market Value**: Man City has a squad value advantage of €1185.0M.
• **Transfer Activity**: Ipswich boosted by signing Omari Hutchinson; Man City boosted by signing Tijjani Reijnders.
• **Home Advantage**: Ipswich benefits from playing at home (statistically boosts goal-scoring rate by ~22%).

**Prediction Summary**: Man City is predicted to win this fixture with **79.5%** confidence.",2026-09-13 12:32:37,37
36,2027-05-15,Liverpool,Brentford,59.7,20.02,20.27,1-1,"• **Team Strength (Elo)**: Liverpool is favored due to a higher Elo rating (differential of 64 points).
• **Squad Market Value**: Liverpool has a squad value advantage of €430.0M.
• **Transfer Activity**: Liverpool boosted by signing Martin Zubimendi; Brentford boosted by signing Igor Thiago.
• **Home Advantage**: Liverpool benefits from playing at home (statistically boosts goal-scoring rate by ~22%).

**Prediction Summary**: Liverpool is predicted to win this fixture with **59.7%** confidence.",2026-09-13 12:32:37,37
36,2027-05-15,Man United,Leeds,64.48,19.85,15.67,1-1,"• **Team Strength (Elo)**: Man United is favored due to a higher Elo rating (differential of 123 points).
• **Squad Market Value**: Man United has a squad value advantage of €520.0M.
• **Transfer Activity**: Man United boosted by signing Leny Yoro; Leeds boosted by signing Joe Rodon.
• **Home Advantage**: Man United benefits from playing at home (statistically boosts goal-scoring rate by ~22%).

**Prediction Summary**: Man United is predicted to win this fixture with **64.5%** confidence.",2026-09-13 12:32:37,37
36,2027-05-15,Sunderland,Bournemouth,29.33,25.88,44.79,1-1,"• **Team Strength (Elo)**: Bournemouth is favored due to a higher Elo rating (differential of 83 points).
• **Squad Market Value**: Bournemouth has a squad value advantage of €200.0M.
• **Transfer Activity**: Sunderland boosted by signing Salis Abdul Samed; Bournemouth boosted by signing Evanilson.
• **Home Advantage**: Sunderland benefits from playing at home (statistically boosts goal-scoring rate by ~22%).

**Prediction Summary**: Bournemouth is predicted to win this fixture with **44.8%** confidence.",2026-09-13 12:32:37,37
37,2027-05-23,Bournemouth,Chelsea,50.02,23.63,26.35,1-1,"• **Team Strength (Elo)**: Bournemouth is favored due to a higher Elo rating (differential of 57 points).
• **Squad Market Value**: Chelsea has a squad value advantage of €850.0M.
• **Transfer Activity**: Bournemouth boosted by signing Evanilson; Chelsea boosted by signing Pedro Neto.
• **Home Advantage**: Bournemouth benefits from playing at home (statistically boosts goal-scoring rate by ~22%).

**Prediction Summary**: Bournemouth is predicted to win this fixture with **50.0%** confidence.",2026-09-13 12:32:37,37
37,2027-05-23,Brentford,Hull,54.18,30.75,15.08,0-0,"• **Team Strength (Elo)**: Brentford is favored due to a higher Elo rating (differential of 153 points).
• **Squad Market Value**: Brentford has a squad value advantage of €472.0M.
• **Transfer Activity**: Brentford boosted by signing Igor Thiago; Hull boosted by signing Charlie Hughes.
• **Home Advantage**: Brentford benefits from playing at home (statistically boosts goal-scoring rate by ~22%).

**Prediction Summary**: Brentford is predicted to win this fixture with **54.2%** confidence.",2026-09-13 12:32:37,37
37,2027-05-23,Brighton,Liverpool,38.04,21.8,40.16,1-1,"• **Team Strength (Elo)**: Liverpool is favored due to a higher Elo rating (differential of 55 points).
• **Squad Market Value**: Liverpool has a squad value advantage of €335.0M.
• **Transfer Activity**: Brighton boosted by signing Georginio Rutter; Liverpool boosted by signing Martin Zubimendi.
• **Home Advantage**: Brighton benefits from playing at home (statistically boosts goal-scoring rate by ~22%).

**Prediction Summary**: This matchup is highly contested with a close outcome probability. A Draw (21.8%) is a very strong possibility.",2026-09-13 12:32:37,37
37,2027-05-23,Everton,Arsenal,17.84,19.71,62.45,0-2,"• **Team Strength (Elo)**: Arsenal is favored due to a higher Elo rating (differential of 205 points).
• **Squad Market Value**: Arsenal has a squad value advantage of €1020.0M.
• **Transfer Activity**: Everton boosted by signing Iliman Ndiaye; Arsenal boosted by signing Viktor Gyökeres.
• **Home Advantage**: Everton benefits from playing at home (statistically boosts goal-scoring rate by ~22%).

**Prediction Summary**: Arsenal is predicted to win this fixture with **62.5%** confidence.",2026-09-13 12:32:37,37
37,2027-05-23,Fulham,Coventry,48.01,21.2,30.8,2-1,"• **Team Strength (Elo)**: Matchup is evenly balanced on historical Elo (differential of 41 points).
• **Transfer Activity**: Fulham boosted by signing Emile Smith Rowe; Coventry boosted by signing Jack Rudoni.
• **Home Advantage**: Fulham benefits from playing at home (statistically boosts goal-scoring rate by ~22%).

**Prediction Summary**: Fulham is predicted to win this fixture with **48.0%** confidence.",2026-09-13 12:32:37,37
37,2027-05-23,Leeds,Sunderland,39.52,28.05,32.43,0-0,"• **Team Strength (Elo)**: Matchup is evenly balanced on historical Elo (differential of 6 points).
• **Transfer Activity**: Leeds boosted by signing Joe Rodon; Sunderland boosted by signing Salis Abdul Samed.
• **Home Advantage**: Leeds benefits from playing at home (statistically boosts goal-scoring rate by ~22%).

**Prediction Summary**: Leeds is predicted to win this fixture with **39.5%** confidence.",2026-09-13 12:32:37,37
37,2027-05-23,Man City,Aston Villa,61.05,21.8,17.15,1-1,"• **Team Strength (Elo)**: Man City is favored due to a higher Elo rating (differential of 96 points).
• **Squad Market Value**: Man City has a squad value advantage of €935.0M.
• **Transfer Activity**: Man City boosted by signing Tijjani Reijnders; Aston Villa boosted by signing Amadou Onana.
• **Home Advantage**: Man City benefits from playing at home (statistically boosts goal-scoring rate by ~22%).

**Prediction Summary**: Man City is predicted to win this fixture with **61.0%** confidence.",2026-09-13 12:32:37,37
37,2027-05-23,Newcastle,Crystal Palace,52.96,22.71,24.33,1-1,"• **Team Strength (Elo)**: Newcastle is favored due to a higher Elo rating (differential of 60 points).
• **Transfer Activity**: Newcastle boosted by signing Lewis Hall; Crystal Palace boosted by signing Eddie Nketiah.
• **Home Advantage**: Newcastle benefits from playing at home (statistically boosts goal-scoring rate by ~22%).

**Prediction Summary**: Newcastle is predicted to win this fixture with **53.0%** confidence.",2026-09-13 12:32:37,37
37,2027-05-23,Nott'm Forest,Ipswich,78.64,13.57,7.79,2-0,"• **Team Strength (Elo)**: Nott'm Forest is favored due to a higher Elo rating (differential of 210 points).
• **Squad Market Value**: Nott'm Forest has a squad value advantage of €230.0M.
• **Transfer Activity**: Nott'm Forest boosted by signing Elliot Anderson; Ipswich boosted by signing Omari Hutchinson.
• **Home Advantage**: Nott'm Forest benefits from playing at home (statistically boosts goal-scoring rate by ~22%).

**Prediction Summary**: Nott'm Forest is predicted to win this fixture with **78.6%** confidence.",2026-09-13 12:32:37,37
37,2027-05-23,Tottenham,Man United,24.86,19.32,55.81,1-1,"• **Team Strength (Elo)**: Man United is favored due to a higher Elo rating (differential of 151 points).
• **Transfer Activity**: Tottenham boosted by signing Dominic Solanke; Man United boosted by signing Leny Yoro.
• **Home Advantage**: Tottenham benefits from playing at home (statistically boosts goal-scoring rate by ~22%).

**Prediction Summary**: Man United is predicted to win this fixture with **55.8%** confidence.",2026-09-13 12:32:37,37
38,2027-05-30,Arsenal,Brighton,68.07,16.81,15.12,2-0,"• **Team Strength (Elo)**: Arsenal is favored due to a higher Elo rating (differential of 136 points).
• **Squad Market Value**: Arsenal has a squad value advantage of €785.0M.
• **Transfer Activity**: Arsenal boosted by signing Viktor Gyökeres; Brighton boosted by signing Georginio Rutter.
• **Home Advantage**: Arsenal benefits from playing at home (statistically boosts goal-scoring rate by ~22%).

**Prediction Summary**: Arsenal is predicted to win this fixture with **68.1%** confidence.",2026-09-13 12:32:37,37
38,2027-05-30,Aston Villa,Tottenham,59.47,21.02,19.51,1-1,"• **Team Strength (Elo)**: Aston Villa is favored due to a higher Elo rating (differential of 92 points).
• **Squad Market Value**: Tottenham has a squad value advantage of €400.0M.
• **Transfer Activity**: Aston Villa boosted by signing Amadou Onana; Tottenham boosted by signing Dominic Solanke.
• **Home Advantage**: Aston Villa benefits from playing at home (statistically boosts goal-scoring rate by ~22%).

**Prediction Summary**: Aston Villa is predicted to win this fixture with **59.5%** confidence.",2026-09-13 12:32:37,37
38,2027-05-30,Chelsea,Brentford,36.96,24.3,38.74,1-1,"• **Team Strength (Elo)**: Matchup is evenly balanced on historical Elo (differential of 44 points).
• **Squad Market Value**: Chelsea has a squad value advantage of €865.0M.
• **Transfer Activity**: Chelsea boosted by signing Pedro Neto; Brentford boosted by signing Igor Thiago.
• **Home Advantage**: Chelsea benefits from playing at home (statistically boosts goal-scoring rate by ~22%).

**Prediction Summary**: This matchup is highly contested with a close outcome probability. A Draw (24.3%) is a very strong possibility.",2026-09-13 12:32:37,37
38,2027-05-30,Coventry,Nott'm Forest,37.75,23.05,39.2,1-1,"• **Team Strength (Elo)**: Nott'm Forest is favored due to a higher Elo rating (differential of 74 points).
• **Squad Market Value**: Nott'm Forest has a squad value advantage of €285.0M.
• **Transfer Activity**: Coventry boosted by signing Jack Rudoni; Nott'm Forest boosted by signing Elliot Anderson.
• **Home Advantage**: Coventry benefits from playing at home (statistically boosts goal-scoring rate by ~22%).

**Prediction Summary**: This matchup is highly contested with a close outcome probability. A Draw (23.1%) is a very strong possibility.",2026-09-13 12:32:37,37
38,2027-05-30,Crystal Palace,Leeds,39.43,27.94,32.63,1-1,"• **Team Strength (Elo)**: Matchup is evenly balanced on historical Elo (differential of 11 points).
• **Transfer Activity**: Crystal Palace boosted by signing Eddie Nketiah; Leeds boosted by signing Joe Rodon.
• **Home Advantage**: Crystal Palace benefits from playing at home (statistically boosts goal-scoring rate by ~22%).

**Prediction Summary**: Crystal Palace is predicted to win this fixture with **39.4%** confidence.",2026-09-13 12:32:37,37
38,2027-05-30,Hull,Newcastle,11.65,28.39,59.96,0-1,"• **Team Strength (Elo)**: Newcastle is favored due to a higher Elo rating (differential of 148 points).
• **Squad Market Value**: Newcastle has a squad value advantage of €477.0M.
• **Transfer Activity**: Hull boosted by signing Charlie Hughes; Newcastle boosted by signing Lewis Hall.
• **Home Advantage**: Hull benefits from playing at home (statistically boosts goal-scoring rate by ~22%).

**Prediction Summary**: Newcastle is predicted to win this fixture with **60.0%** confidence.",2026-09-13 12:32:37,37
38,2027-05-30,Ipswich,Everton,21.19,23.34,55.47,0-1,"• **Team Strength (Elo)**: Everton is favored due to a higher Elo rating (differential of 178 points).
• **Squad Market Value**: Everton has a squad value advantage of €125.0M.
• **Transfer Activity**: Ipswich boosted by signing Omari Hutchinson; Everton boosted by signing Iliman Ndiaye.
• **Home Advantage**: Ipswich benefits from playing at home (statistically boosts goal-scoring rate by ~22%).

**Prediction Summary**: Everton is predicted to win this fixture with **55.5%** confidence.",2026-09-13 12:32:37,37
38,2027-05-30,Liverpool,Bournemouth,55.28,21.4,23.32,1-1,"• **Team Strength (Elo)**: Liverpool is favored due to a higher Elo rating (differential of 51 points).
• **Squad Market Value**: Liverpool has a squad value advantage of €415.0M.
• **Transfer Activity**: Liverpool boosted by signing Martin Zubimendi; Bournemouth boosted by signing Evanilson.
• **Home Advantage**: Liverpool benefits from playing at home (statistically boosts goal-scoring rate by ~22%).

**Prediction Summary**: Liverpool is predicted to win this fixture with **55.3%** confidence.",2026-09-13 12:32:37,37
38,2027-05-30,Man United,Fulham,61.12,21.66,17.22,1-1,"• **Team Strength (Elo)**: Man United is favored due to a higher Elo rating (differential of 111 points).
• **Squad Market Value**: Man United has a squad value advantage of €600.0M.
• **Transfer Activity**: Man United boosted by signing Leny Yoro; Fulham boosted by signing Emile Smith Rowe.
• **Home Advantage**: Man United benefits from playing at home (statistically boosts goal-scoring rate by ~22%).

**Prediction Summary**: Man United is predicted to win this fixture with **61.1%** confidence.",2026-09-13 12:32:37,37
38,2027-05-30,Sunderland,Man City,18.26,21.8,59.94,0-2,"• **Team Strength (Elo)**: Man City is favored due to a higher Elo rating (differential of 170 points).
• **Squad Market Value**: Man City has a squad value advantage of €1105.0M.
• **Transfer Activity**: Sunderland boosted by signing Salis Abdul Samed; Man City boosted by signing Tijjani Reijnders.
• **Home Advantage**: Sunderland benefits from playing at home (statistically boosts goal-scoring rate by ~22%).

**Prediction Summary**: Man City is predicted to win this fixture with **59.9%** confidence.",2026-09-13 12:32:37,37
1,2026-08-21,Arsenal,Coventry,63.8,24.18,12.02,1-1,"• **Team Strength (Elo)**: Arsenal is favored due to a higher Elo rating (differential of 235 points).
• **Squad Market Value**: Arsenal has a squad value advantage of €1200.0M.
• **Transfer Activity**: Arsenal boosted by signing Viktor Gyökeres; Coventry boosted by signing Jack Rudoni.
• **Home Advantage**: Arsenal benefits from playing at home (statistically boosts goal-scoring rate by ~22%).

**Prediction Summary**: Arsenal is predicted to win this fixture with **63.8%** confidence.",2026-09-13 12:33:55,0
1,2026-08-22,Hull,Man United,24.55,18.55,56.9,1-2,"• **Team Strength (Elo)**: Man United is favored due to a higher Elo rating (differential of 182 points).
• **Squad Market Value**: Man United has a squad value advantage of €822.0M.
• **Transfer Activity**: Hull boosted by signing Charlie Hughes; Man United boosted by signing Leny Yoro.
• **Injuries & Availability**: Hull is healthier with 100% availability vs. 90% for the opponent.
• **Home Advantage**: Hull benefits from playing at home (statistically boosts goal-scoring rate by ~22%).

**Prediction Summary**: Man United is predicted to win this fixture with **56.9%** confidence.",2026-09-13 12:33:55,0
1,2026-08-22,Everton,Crystal Palace,41.72,28.18,30.09,1-1,"• **Team Strength (Elo)**: Matchup is evenly balanced on historical Elo (differential of 3 points).
• **Transfer Activity**: Everton boosted by signing Iliman Ndiaye; Crystal Palace boosted by signing Eddie Nketiah.
• **Home Advantage**: Everton benefits from playing at home (statistically boosts goal-scoring rate by ~22%).

**Prediction Summary**: Everton is predicted to win this fixture with **41.7%** confidence.",2026-09-13 12:33:55,0
1,2026-08-22,Ipswich,Sunderland,30.97,25.31,43.72,1-1,"• **Team Strength (Elo)**: Sunderland is favored due to a higher Elo rating (differential of 105 points).
• **Transfer Activity**: Ipswich boosted by signing Omari Hutchinson; Sunderland boosted by signing Salis Abdul Samed.
• **Home Advantage**: Ipswich benefits from playing at home (statistically boosts goal-scoring rate by ~22%).

**Prediction Summary**: Sunderland is predicted to win this fixture with **43.7%** confidence.",2026-09-13 12:33:55,0
1,2026-08-22,Nott'm Forest,Leeds,46.29,27.13,26.57,1-1,"• **Team Strength (Elo)**: Matchup is evenly balanced on historical Elo (differential of 8 points).
• **Squad Market Value**: Nott'm Forest has a squad value advantage of €135.0M.
• **Transfer Activity**: Nott'm Forest boosted by signing Elliot Anderson; Leeds boosted by signing Joe Rodon.
• **Home Advantage**: Nott'm Forest benefits from playing at home (statistically boosts goal-scoring rate by ~22%).

**Prediction Summary**: Nott'm Forest is predicted to win this fixture with **46.3%** confidence.",2026-09-13 12:33:55,0
1,2026-08-22,Brentford,Tottenham,53.25,25.36,21.39,1-1,"• **Team Strength (Elo)**: Brentford is favored due to a higher Elo rating (differential of 55 points).
• **Squad Market Value**: Tottenham has a squad value advantage of €385.0M.
• **Transfer Activity**: Brentford boosted by signing Igor Thiago; Tottenham boosted by signing Dominic Solanke.
• **Home Advantage**: Brentford benefits from playing at home (statistically boosts goal-scoring rate by ~22%).

**Prediction Summary**: Brentford is predicted to win this fixture with **53.2%** confidence.",2026-09-13 12:33:55,0
1,2026-08-23,Brighton,Aston Villa,42.6,27.3,30.11,1-1,"• **Team Strength (Elo)**: Matchup is evenly balanced on historical Elo (differential of 36 points).
• **Squad Market Value**: Brighton has a squad value advantage of €110.0M.
• **Transfer Activity**: Brighton boosted by signing Georginio Rutter; Aston Villa boosted by signing Amadou Onana.
• **Home Advantage**: Brighton benefits from playing at home (statistically boosts goal-scoring rate by ~22%).

**Prediction Summary**: Brighton is predicted to win this fixture with **42.6%** confidence.",2026-09-13 12:33:55,0
1,2026-08-23,Man City,Bournemouth,53.88,25.53,20.59,1-1,"• **Team Strength (Elo)**: Man City is favored due to a higher Elo rating (differential of 64 points).
• **Squad Market Value**: Man City has a squad value advantage of €905.0M.
• **Transfer Activity**: Man City boosted by signing Tijjani Reijnders; Bournemouth boosted by signing Evanilson.
• **Injuries & Availability**: Bournemouth is healthier with 100% availability vs. 85% for the opponent.
• **Home Advantage**: Man City benefits from playing at home (statistically boosts goal-scoring rate by ~22%).

**Prediction Summary**: Man City is predicted to win this fixture with **53.9%** confidence.",2026-09-13 12:33:55,0
1,2026-08-23,Newcastle,Liverpool,34.04,21.83,44.12,1-1,"• **Team Strength (Elo)**: Liverpool is favored due to a higher Elo rating (differential of 55 points).
• **Squad Market Value**: Liverpool has a squad value advantage of €425.0M.
• **Transfer Activity**: Newcastle boosted by signing Lewis Hall; Liverpool boosted by signing Martin Zubimendi.
• **Home Advantage**: Newcastle benefits from playing at home (statistically boosts goal-scoring rate by ~22%).

**Prediction Summary**: Liverpool is predicted to win this fixture with **44.1%** confidence.",2026-09-13 12:33:55,0
1,2026-08-24,Fulham,Chelsea,37.71,27.66,34.64,1-1,"• **Team Strength (Elo)**: Matchup is evenly balanced on historical Elo (differential of 15 points).
• **Squad Market Value**: Chelsea has a squad value advantage of €1115.0M.
• **Transfer Activity**: Fulham boosted by signing Emile Smith Rowe; Chelsea boosted by signing Pedro Neto.
• **Home Advantage**: Fulham benefits from playing at home (statistically boosts goal-scoring rate by ~22%).

**Prediction Summary**: This matchup is highly contested with a close outcome probability. A Draw (27.7%) is a very strong possibility.",2026-09-13 12:33:55,0
2,2026-08-28,Crystal Palace,Man City,23.38,28.27,48.34,1-1,"• **Team Strength (Elo)**: Man City is favored due to a higher Elo rating (differential of 126 points).
• **Squad Market Value**: Man City has a squad value advantage of €990.0M.
• **Transfer Activity**: Crystal Palace boosted by signing Eddie Nketiah; Man City boosted by signing Tijjani Reijnders.
• **Injuries & Availability**: Crystal Palace is healthier with 100% availability vs. 85% for the opponent.
• **Home Advantage**: Crystal Palace benefits from playing at home (statistically boosts goal-scoring rate by ~22%).

**Prediction Summary**: Man City is predicted to win this fixture with **48.3%** confidence.",2026-09-13 12:33:55,0
2,2026-08-29,Bournemouth,Everton,49.33,27.14,23.54,1-1,"• **Team Strength (Elo)**: Bournemouth is favored due to a higher Elo rating (differential of 51 points).
• **Squad Market Value**: Bournemouth has a squad value advantage of €155.0M.
• **Transfer Activity**: Bournemouth boosted by signing Evanilson; Everton boosted by signing Iliman Ndiaye.
• **Home Advantage**: Bournemouth benefits from playing at home (statistically boosts goal-scoring rate by ~22%).

**Prediction Summary**: Bournemouth is predicted to win this fixture with **49.3%** confidence.",2026-09-13 12:33:55,0
2,2026-08-29,Coventry,Hull,50.65,25.48,23.87,1-1,"• **Team Strength (Elo)**: Matchup is evenly balanced on historical Elo (differential of 5 points).
• **Squad Market Value**: Coventry has a squad value advantage of €152.0M.
• **Transfer Activity**: Coventry boosted by signing Jack Rudoni; Hull boosted by signing Charlie Hughes.
• **Home Advantage**: Coventry benefits from playing at home (statistically boosts goal-scoring rate by ~22%).

**Prediction Summary**: Coventry is predicted to win this fixture with **50.6%** confidence.",2026-09-13 12:33:55,0
2,2026-08-29,Liverpool,Nott'm Forest,54.21,25.29,20.5,1-1,"• **Team Strength (Elo)**: Liverpool is favored due to a higher Elo rating (differential of 58 points).
• **Squad Market Value**: Liverpool has a squad value advantage of €465.0M.
• **Transfer Activity**: Liverpool boosted by signing Martin Zubimendi; Nott'm Forest boosted by signing Elliot Anderson.
• **Home Advantage**: Liverpool benefits from playing at home (statistically boosts goal-scoring rate by ~22%).

**Prediction Summary**: Liverpool is predicted to win this fixture with **54.2%** confidence.",2026-09-13 12:33:55,0
2,2026-08-29,Tottenham,Newcastle,37.85,25.66,36.49,1-1,"• **Team Strength (Elo)**: Matchup is evenly balanced on historical Elo (differential of 45 points).
• **Squad Market Value**: Tottenham has a squad value advantage of €380.0M.
• **Transfer Activity**: Tottenham boosted by signing Dominic Solanke; Newcastle boosted by signing Lewis Hall.
• **Home Advantage**: Tottenham benefits from playing at home (statistically boosts goal-scoring rate by ~22%).

**Prediction Summary**: This matchup is highly contested with a close outcome probability. A Draw (25.7%) is a very strong possibility.",2026-09-13 12:33:55,0
2,2026-08-30,Chelsea,Brighton,38.76,27.41,33.83,1-1,"• **Team Strength (Elo)**: Matchup is evenly balanced on historical Elo (differential of 8 points).
• **Squad Market Value**: Chelsea has a squad value advantage of €770.0M.
• **Transfer Activity**: Chelsea boosted by signing Pedro Neto; Brighton boosted by signing Georginio Rutter.
• **Home Advantage**: Chelsea benefits from playing at home (statistically boosts goal-scoring rate by ~22%).

**Prediction Summary**: This matchup is highly contested with a close outcome probability. A Draw (27.4%) is a very strong possibility.",2026-09-13 12:33:55,0
2,2026-08-30,Leeds,Brentford,35.55,27.02,37.43,1-1,"• **Team Strength (Elo)**: Matchup is evenly balanced on historical Elo (differential of 31 points).
• **Squad Market Value**: Brentford has a squad value advantage of €170.0M.
• **Transfer Activity**: Leeds boosted by signing Joe Rodon; Brentford boosted by signing Igor Thiago.
• **Home Advantage**: Leeds benefits from playing at home (statistically boosts goal-scoring rate by ~22%).

**Prediction Summary**: This matchup is highly contested with a close outcome probability. A Draw (27.0%) is a very strong possibility.",2026-09-13 12:33:55,0
2,2026-08-30,Man United,Ipswich,67.71,19.68,12.61,2-1,"• **Team Strength (Elo)**: Man United is favored due to a higher Elo rating (differential of 181 points).
• **Squad Market Value**: Man United has a squad value advantage of €615.0M.
• **Transfer Activity**: Man United boosted by signing Leny Yoro; Ipswich boosted by signing Omari Hutchinson.
• **Injuries & Availability**: Ipswich is healthier with 100% availability vs. 90% for the opponent.
• **Home Advantage**: Man United benefits from playing at home (statistically boosts goal-scoring rate by ~22%).

**Prediction Summary**: Man United is predicted to win this fixture with **67.7%** confidence.",2026-09-13 12:33:55,0
2,2026-08-30,Sunderland,Fulham,38.29,30.37,31.34,1-1,"• **Team Strength (Elo)**: Matchup is evenly balanced on historical Elo (differential of 12 points).
• **Transfer Activity**: Sunderland boosted by signing Salis Abdul Samed; Fulham boosted by signing Emile Smith Rowe.
• **Home Advantage**: Sunderland benefits from playing at home (statistically boosts goal-scoring rate by ~22%).

**Prediction Summary**: Sunderland is predicted to win this fixture with **38.3%** confidence.",2026-09-13 12:33:55,0
2,2026-08-31,Aston Villa,Arsenal,27.1,26.01,46.89,1-1,"• **Team Strength (Elo)**: Arsenal is favored due to a higher Elo rating (differential of 82 points).
• **Squad Market Value**: Arsenal has a squad value advantage of €895.0M.
• **Transfer Activity**: Aston Villa boosted by signing Amadou Onana; Arsenal boosted by signing Viktor Gyökeres.
• **Home Advantage**: Aston Villa benefits from playing at home (statistically boosts goal-scoring rate by ~22%).

**Prediction Summary**: Arsenal is predicted to win this fixture with **46.9%** confidence.",2026-09-13 12:33:55,0
3,2026-09-04,Ipswich,Liverpool,15.51,23.97,60.52,1-1,"• **Team Strength (Elo)**: Liverpool is favored due to a higher Elo rating (differential of 176 points).
• **Squad Market Value**: Liverpool has a squad value advantage of €695.0M.
• **Transfer Activity**: Ipswich boosted by signing Omari Hutchinson; Liverpool boosted by signing Martin Zubimendi.
• **Home Advantage**: Ipswich benefits from playing at home (statistically boosts goal-scoring rate by ~22%).

**Prediction Summary**: Liverpool is predicted to win this fixture with **60.5%** confidence.",2026-09-13 12:33:55,0
3,2026-09-05,Brentford,Sunderland,47.38,27.59,25.02,1-1,"• **Team Strength (Elo)**: Matchup is evenly balanced on historical Elo (differential of 25 points).
• **Squad Market Value**: Brentford has a squad value advantage of €185.0M.
• **Transfer Activity**: Brentford boosted by signing Igor Thiago; Sunderland boosted by signing Salis Abdul Samed.
• **Home Advantage**: Brentford benefits from playing at home (statistically boosts goal-scoring rate by ~22%).

**Prediction Summary**: Brentford is predicted to win this fixture with **47.4%** confidence.",2026-09-13 12:33:55,0
3,2026-09-05,Brighton,Leeds,49.33,26.72,23.95,1-1,"• **Team Strength (Elo)**: Matchup is evenly balanced on historical Elo (differential of 33 points).
• **Squad Market Value**: Brighton has a squad value advantage of €265.0M.
• **Transfer Activity**: Brighton boosted by signing Georginio Rutter; Leeds boosted by signing Joe Rodon.
• **Home Advantage**: Brighton benefits from playing at home (statistically boosts goal-scoring rate by ~22%).

**Prediction Summary**: Brighton is predicted to win this fixture with **49.3%** confidence.",2026-09-13 12:33:55,0
3,2026-09-05,Fulham,Crystal Palace,41.96,28.04,30.01,1-1,"• **Team Strength (Elo)**: Matchup is evenly balanced on historical Elo (differential of 11 points).
• **Squad Market Value**: Crystal Palace has a squad value advantage of €180.0M.
• **Transfer Activity**: Fulham boosted by signing Emile Smith Rowe; Crystal Palace boosted by signing Eddie Nketiah.
• **Home Advantage**: Fulham benefits from playing at home (statistically boosts goal-scoring rate by ~22%).

**Prediction Summary**: Fulham is predicted to win this fixture with **42.0%** confidence.",2026-09-13 12:33:55,0
3,2026-09-05,Hull,Aston Villa,25.43,20.05,54.52,0-1,"• **Team Strength (Elo)**: Aston Villa is favored due to a higher Elo rating (differential of 165 points).
• **Squad Market Value**: Aston Villa has a squad value advantage of €457.0M.
• **Transfer Activity**: Hull boosted by signing Charlie Hughes; Aston Villa boosted by signing Amadou Onana.
• **Home Advantage**: Hull benefits from playing at home (statistically boosts goal-scoring rate by ~22%).

**Prediction Summary**: Aston Villa is predicted to win this fixture with **54.5%** confidence.",2026-09-13 12:33:55,0
3,2026-09-05,Man City,Coventry,59.16,24.46,16.38,1-1,"• **Team Strength (Elo)**: Man City is favored due to a higher Elo rating (differential of 216 points).
• **Squad Market Value**: Man City has a squad value advantage of €1240.0M.
• **Transfer Activity**: Man City boosted by signing Tijjani Reijnders; Coventry boosted by signing Jack Rudoni.
• **Injuries & Availability**: Coventry is healthier with 100% availability vs. 85% for the opponent.
• **Home Advantage**: Man City benefits from playing at home (statistically boosts goal-scoring rate by ~22%).

**Prediction Summary**: Man City is predicted to win this fixture with **59.2%** confidence.",2026-09-13 12:33:55,0
3,2026-09-05,Newcastle,Bournemouth,35.73,26.0,38.27,1-1,"• **Team Strength (Elo)**: Matchup is evenly balanced on historical Elo (differential of 48 points).
• **Transfer Activity**: Newcastle boosted by signing Lewis Hall; Bournemouth boosted by signing Evanilson.
• **Injuries & Availability**: Bournemouth is healthier with 100% availability vs. 85% for the opponent.
• **Home Advantage**: Newcastle benefits from playing at home (statistically boosts goal-scoring rate by ~22%).

**Prediction Summary**: This matchup is highly contested with a close outcome probability. A Draw (26.0%) is a very strong possibility.",2026-09-13 12:33:55,0
3,2026-09-05,Nott'm Forest,Tottenham,49.97,26.54,23.49,1-1,"• **Team Strength (Elo)**: Matchup is evenly balanced on historical Elo (differential of 38 points).
• **Squad Market Value**: Tottenham has a squad value advantage of €420.0M.
• **Transfer Activity**: Nott'm Forest boosted by signing Elliot Anderson; Tottenham boosted by signing Dominic Solanke.
• **Home Advantage**: Nott'm Forest benefits from playing at home (statistically boosts goal-scoring rate by ~22%).

**Prediction Summary**: Nott'm Forest is predicted to win this fixture with **50.0%** confidence.",2026-09-13 12:33:55,0
3,2026-09-06,Arsenal,Chelsea,61.11,21.51,17.38,2-0,"• **Team Strength (Elo)**: Arsenal is favored due to a higher Elo rating (differential of 117 points).
• **Transfer Activity**: Arsenal boosted by signing Viktor Gyökeres; Chelsea boosted by signing Pedro Neto.
• **Injuries & Availability**: Chelsea is healthier with 100% availability vs. 85% for the opponent.
• **Home Advantage**: Arsenal benefits from playing at home (statistically boosts goal-scoring rate by ~22%).

**Prediction Summary**: Arsenal is predicted to win this fixture with **61.1%** confidence.",2026-09-13 12:33:55,0
3,2026-09-06,Everton,Man United,31.96,26.94,41.11,1-1,"• **Team Strength (Elo)**: Man United is favored due to a higher Elo rating (differential of 79 points).
• **Squad Market Value**: Man United has a squad value advantage of €490.0M.
• **Transfer Activity**: Everton boosted by signing Iliman Ndiaye; Man United boosted by signing Leny Yoro.
• **Injuries & Availability**: Everton is healthier with 100% availability vs. 90% for the opponent.
• **Home Advantage**: Everton benefits from playing at home (statistically boosts goal-scoring rate by ~22%).

**Prediction Summary**: Man United is predicted to win this fixture with **41.1%** confidence.",2026-09-13 12:33:55,0
4,2026-09-12,Bournemouth,Brentford,42.88,26.94,30.18,1-1,"• **Team Strength (Elo)**: Matchup is evenly balanced on historical Elo (differential of 26 points).
• **Transfer Activity**: Bournemouth boosted by signing Evanilson; Brentford boosted by signing Igor Thiago.
• **Home Advantage**: Bournemouth benefits from playing at home (statistically boosts goal-scoring rate by ~22%).

**Prediction Summary**: Bournemouth is predicted to win this fixture with **42.9%** confidence.",2026-09-13 12:33:55,0
4,2026-09-12,Aston Villa,Nott'm Forest,42.0,28.69,29.32,1-1,"• **Team Strength (Elo)**: Matchup is evenly balanced on historical Elo (differential of 48 points).
• **Transfer Activity**: Aston Villa boosted by signing Amadou Onana; Nott'm Forest boosted by signing Elliot Anderson.
• **Injuries & Availability**: Nott'm Forest is healthier with 100% availability vs. 88% for the opponent.
• **Home Advantage**: Aston Villa benefits from playing at home (statistically boosts goal-scoring rate by ~22%).

**Prediction Summary**: Aston Villa is predicted to win this fixture with **42.0%** confidence.",2026-09-13 12:33:55,0
4,2026-09-12,Chelsea,Hull,50.0,27.5,22.51,1-1,"• **Team Strength (Elo)**: Chelsea is favored due to a higher Elo rating (differential of 122 points).
• **Squad Market Value**: Chelsea has a squad value advantage of €1337.0M.
• **Transfer Activity**: Chelsea boosted by signing Pedro Neto; Hull boosted by signing Charlie Hughes.
• **Home Advantage**: Chelsea benefits from playing at home (statistically boosts goal-scoring rate by ~22%).

**Prediction Summary**: Chelsea is predicted to win this fixture with **50.0%** confidence.",2026-09-13 12:33:55,0
4,2026-09-12,Crystal Palace,Ipswich,64.62,20.43,14.94,2-0,"• **Team Strength (Elo)**: Crystal Palace is favored due to a higher Elo rating (differential of 107 points).
• **Squad Market Value**: Crystal Palace has a squad value advantage of €195.0M.
• **Transfer Activity**: Crystal Palace boosted by signing Eddie Nketiah; Ipswich boosted by signing Omari Hutchinson.
• **Home Advantage**: Crystal Palace benefits from playing at home (statistically boosts goal-scoring rate by ~22%).

**Prediction Summary**: Crystal Palace is predicted to win this fixture with **64.6%** confidence.",2026-09-13 12:33:55,0
4,2026-09-12,Liverpool,Fulham,60.07,23.23,16.7,1-1,"• **Team Strength (Elo)**: Liverpool is favored due to a higher Elo rating (differential of 62 points).
• **Squad Market Value**: Liverpool has a squad value advantage of €680.0M.
• **Transfer Activity**: Liverpool boosted by signing Martin Zubimendi; Fulham boosted by signing Emile Smith Rowe.
• **Home Advantage**: Liverpool benefits from playing at home (statistically boosts goal-scoring rate by ~22%).

**Prediction Summary**: Liverpool is predicted to win this fixture with **60.1%** confidence.",2026-09-13 12:33:55,0
4,2026-09-12,Sunderland,Arsenal,20.7,28.57,50.73,0-1,"• **Team Strength (Elo)**: Arsenal is favored due to a higher Elo rating (differential of 145 points).
• **Squad Market Value**: Arsenal has a squad value advantage of €1065.0M.
• **Transfer Activity**: Sunderland boosted by signing Salis Abdul Samed; Arsenal boosted by signing Viktor Gyökeres.
• **Injuries & Availability**: Sunderland is healthier with 100% availability vs. 85% for the opponent.
• **Home Advantage**: Sunderland benefits from playing at home (statistically boosts goal-scoring rate by ~22%).

**Prediction Summary**: Arsenal is predicted to win this fixture with **50.7%** confidence.",2026-09-13 12:33:55,0
4,2026-09-12,Tottenham,Everton,38.95,28.23,32.82,1-1,"• **Team Strength (Elo)**: Matchup is evenly balanced on historical Elo (differential of 37 points).
• **Squad Market Value**: Tottenham has a squad value advantage of €525.0M.
• **Transfer Activity**: Tottenham boosted by signing Dominic Solanke; Everton boosted by signing Iliman Ndiaye.
• **Home Advantage**: Tottenham benefits from playing at home (statistically boosts goal-scoring rate by ~22%).

**Prediction Summary**: Tottenham is predicted to win this fixture with **38.9%** confidence.",2026-09-13 12:33:55,0
4,2026-09-13,Coventry,Brighton,29.22,26.14,44.63,1-1,"• **Team Strength (Elo)**: Brighton is favored due to a higher Elo rating (differential of 128 points).
• **Squad Market Value**: Brighton has a squad value advantage of €415.0M.
• **Transfer Activity**: Coventry boosted by signing Jack Rudoni; Brighton boosted by signing Georginio Rutter.
• **Home Advantage**: Coventry benefits from playing at home (statistically boosts goal-scoring rate by ~22%).

**Prediction Summary**: Brighton is predicted to win this fixture with **44.6%** confidence.",2026-09-13 12:33:55,0
4,2026-09-13,Man United,Man City,34.48,27.15,38.37,1-1,"• **Team Strength (Elo)**: Matchup is evenly balanced on historical Elo (differential of 45 points).
• **Squad Market Value**: Man City has a squad value advantage of €570.0M.
• **Transfer Activity**: Man United boosted by signing Leny Yoro; Man City boosted by signing Tijjani Reijnders.
• **Injuries & Availability**: Man United is healthier with 90% availability vs. 85% for the opponent.
• **Home Advantage**: Man United benefits from playing at home (statistically boosts goal-scoring rate by ~22%).

**Prediction Summary**: This matchup is highly contested with a close outcome probability. A Draw (27.1%) is a very strong possibility.",2026-09-13 12:33:55,0
4,2026-09-14,Leeds,Newcastle,41.38,27.12,31.49,1-1,"• **Team Strength (Elo)**: Matchup is evenly balanced on historical Elo (differential of 16 points).
• **Squad Market Value**: Newcastle has a squad value advantage of €175.0M.
• **Transfer Activity**: Leeds boosted by signing Joe Rodon; Newcastle boosted by signing Lewis Hall.
• **Injuries & Availability**: Leeds is healthier with 100% availability vs. 85% for the opponent.
• **Home Advantage**: Leeds benefits from playing at home (statistically boosts goal-scoring rate by ~22%).

**Prediction Summary**: Leeds is predicted to win this fixture with **41.4%** confidence.",2026-09-13 12:33:55,0
5,2026-09-18,Brentford,Chelsea,46.33,26.6,27.07,1-1,"• **Team Strength (Elo)**: Matchup is evenly balanced on historical Elo (differential of 7 points).
• **Squad Market Value**: Chelsea has a squad value advantage of €865.0M.
• **Transfer Activity**: Brentford boosted by signing Igor Thiago; Chelsea boosted by signing Pedro Neto.
• **Fatigue**: Chelsea is on short rest (midweek match congestion) while Brentford is fully rested.
• **Home Advantage**: Brentford benefits from playing at home (statistically boosts goal-scoring rate by ~22%).

**Prediction Summary**: Brentford is predicted to win this fixture with **46.3%** confidence.",2026-09-13 12:33:55,0
5,2026-09-19,Brighton,Arsenal,30.67,30.34,38.99,1-1,"• **Team Strength (Elo)**: Arsenal is favored due to a higher Elo rating (differential of 113 points).
• **Squad Market Value**: Arsenal has a squad value advantage of €785.0M.
• **Transfer Activity**: Brighton boosted by signing Georginio Rutter; Arsenal boosted by signing Viktor Gyökeres.
• **Injuries & Availability**: Brighton is healthier with 100% availability vs. 85% for the opponent.
• **Fatigue**: Arsenal is on short rest (midweek match congestion) while Brighton is fully rested.
• **Home Advantage**: Brighton benefits from playing at home (statistically boosts goal-scoring rate by ~22%).

**Prediction Summary**: Arsenal is predicted to win this fixture with **39.0%** confidence.",2026-09-13 12:33:55,0
5,2026-09-19,Everton,Ipswich,65.51,19.38,15.11,2-1,"• **Team Strength (Elo)**: Everton is favored due to a higher Elo rating (differential of 112 points).
• **Squad Market Value**: Everton has a squad value advantage of €125.0M.
• **Transfer Activity**: Everton boosted by signing Iliman Ndiaye; Ipswich boosted by signing Omari Hutchinson.
• **Home Advantage**: Everton benefits from playing at home (statistically boosts goal-scoring rate by ~22%).

**Prediction Summary**: Everton is predicted to win this fixture with **65.5%** confidence.",2026-09-13 12:33:55,0
5,2026-09-19,Newcastle,Hull,48.5,28.97,22.53,1-0,"• **Team Strength (Elo)**: Newcastle is favored due to a higher Elo rating (differential of 108 points).
• **Squad Market Value**: Newcastle has a squad value advantage of €477.0M.
• **Transfer Activity**: Newcastle boosted by signing Lewis Hall; Hull boosted by signing Charlie Hughes.
• **Injuries & Availability**: Hull is healthier with 100% availability vs. 85% for the opponent.
• **Home Advantage**: Newcastle benefits from playing at home (statistically boosts goal-scoring rate by ~22%).

**Prediction Summary**: Newcastle is predicted to win this fixture with **48.5%** confidence.",2026-09-13 12:33:55,0
5,2026-09-19,Nott'm Forest,Coventry,56.76,23.55,19.68,1-1,"• **Team Strength (Elo)**: Nott'm Forest is favored due to a higher Elo rating (differential of 104 points).
• **Squad Market Value**: Nott'm Forest has a squad value advantage of €285.0M.
• **Transfer Activity**: Nott'm Forest boosted by signing Elliot Anderson; Coventry boosted by signing Jack Rudoni.
• **Home Advantage**: Nott'm Forest benefits from playing at home (statistically boosts goal-scoring rate by ~22%).

**Prediction Summary**: Nott'm Forest is predicted to win this fixture with **56.8%** confidence.",2026-09-13 12:33:55,0
5,2026-09-19,Tottenham,Aston Villa,35.62,27.56,36.82,1-1,"• **Team Strength (Elo)**: Aston Villa is favored due to a higher Elo rating (differential of 91 points).
• **Squad Market Value**: Tottenham has a squad value advantage of €400.0M.
• **Transfer Activity**: Tottenham boosted by signing Dominic Solanke; Aston Villa boosted by signing Amadou Onana.
• **Injuries & Availability**: Tottenham is healthier with 100% availability vs. 88% for the opponent.
• **Fatigue**: Both teams are facing congested schedules (midweek matches).
• **Home Advantage**: Tottenham benefits from playing at home (statistically boosts goal-scoring rate by ~22%).

**Prediction Summary**: This matchup is highly contested with a close outcome probability. A Draw (27.6%) is a very strong possibility.",2026-09-13 12:33:55,0
5,2026-09-20,Bournemouth,Liverpool,37.08,26.19,36.73,1-1,"• **Team Strength (Elo)**: Matchup is evenly balanced on historical Elo (differential of 22 points).
• **Squad Market Value**: Liverpool has a squad value advantage of €415.0M.
• **Transfer Activity**: Bournemouth boosted by signing Evanilson; Liverpool boosted by signing Martin Zubimendi.
• **Fatigue**: Liverpool is on short rest (midweek match congestion) while Bournemouth is fully rested.
• **Home Advantage**: Bournemouth benefits from playing at home (statistically boosts goal-scoring rate by ~22%).

**Prediction Summary**: This matchup is highly contested with a close outcome probability. A Draw (26.2%) is a very strong possibility.",2026-09-13 12:33:55,0
5,2026-09-20,Fulham,Man United,33.84,28.2,37.96,1-1,"• **Team Strength (Elo)**: Man United is favored due to a higher Elo rating (differential of 72 points).
• **Squad Market Value**: Man United has a squad value advantage of €600.0M.
• **Transfer Activity**: Fulham boosted by signing Emile Smith Rowe; Man United boosted by signing Leny Yoro.
• **Injuries & Availability**: Fulham is healthier with 100% availability vs. 85% for the opponent.
• **Fatigue**: Man United is on short rest (midweek match congestion) while Fulham is fully rested.
• **Home Advantage**: Fulham benefits from playing at home (statistically boosts goal-scoring rate by ~22%).

**Prediction Summary**: This matchup is highly contested with a close outcome probability. A Draw (28.2%) is a very strong possibility.",2026-09-13 12:33:55,0
5,2026-09-20,Leeds,Crystal Palace,39.38,27.63,32.98,1-1,"• **Team Strength (Elo)**: Matchup is evenly balanced on historical Elo (differential of 9 points).
• **Transfer Activity**: Leeds boosted by signing Joe Rodon; Crystal Palace boosted by signing Eddie Nketiah.
• **Home Advantage**: Leeds benefits from playing at home (statistically boosts goal-scoring rate by ~22%).

**Prediction Summary**: Leeds is predicted to win this fixture with **39.4%** confidence.",2026-09-13 12:33:55,0
5,2026-09-20,Man City,Sunderland,61.38,22.11,16.51,1-0,"• **Team Strength (Elo)**: Man City is favored due to a higher Elo rating (differential of 124 points).
• **Squad Market Value**: Man City has a squad value advantage of €1105.0M.
• **Transfer Activity**: Man City boosted by signing Tijjani Reijnders; Sunderland boosted by signing Salis Abdul Samed.
• **Injuries & Availability**: Sunderland is healthier with 100% availability vs. 85% for the opponent.
• **Fatigue**: Man City is on short rest (midweek match congestion) while Sunderland is fully rested.
• **Home Advantage**: Man City benefits from playing at home (statistically boosts goal-scoring rate by ~22%).

**Prediction Summary**: Man City is predicted to win this fixture with **61.4%** confidence.",2026-09-13 12:33:55,0
6,2026-10-10,Arsenal,Leeds,66.6,20.08,13.32,2-0,"• **Team Strength (Elo)**: Arsenal is favored due to a higher Elo rating (differential of 150 points).
• **Squad Market Value**: Arsenal has a squad value advantage of €1050.0M.
• **Transfer Activity**: Arsenal boosted by signing Viktor Gyökeres; Leeds boosted by signing Joe Rodon.
• **Injuries & Availability**: Leeds is healthier with 100% availability vs. 85% for the opponent.
• **Home Advantage**: Arsenal benefits from playing at home (statistically boosts goal-scoring rate by ~22%).

**Prediction Summary**: Arsenal is predicted to win this fixture with **66.6%** confidence.",2026-09-13 12:33:55,0
6,2026-10-10,Aston Villa,Brentford,44.26,26.28,29.46,1-1,"• **Team Strength (Elo)**: Matchup is evenly balanced on historical Elo (differential of 24 points).
• **Transfer Activity**: Aston Villa boosted by signing Amadou Onana; Brentford boosted by signing Igor Thiago.
• **Injuries & Availability**: Both squads are dealing with minor availability losses (~12% out).
• **Home Advantage**: Aston Villa benefits from playing at home (statistically boosts goal-scoring rate by ~22%).

**Prediction Summary**: Aston Villa is predicted to win this fixture with **44.3%** confidence.",2026-09-13 12:33:55,0
6,2026-10-10,Chelsea,Bournemouth,32.79,24.51,42.7,1-1,"• **Team Strength (Elo)**: Matchup is evenly balanced on historical Elo (differential of 39 points).
• **Squad Market Value**: Chelsea has a squad value advantage of €850.0M.
• **Transfer Activity**: Chelsea boosted by signing Pedro Neto; Bournemouth boosted by signing Evanilson.
• **Injuries & Availability**: Bournemouth is healthier with 100% availability vs. 82% for the opponent.
• **Home Advantage**: Chelsea benefits from playing at home (statistically boosts goal-scoring rate by ~22%).

**Prediction Summary**: Bournemouth is predicted to win this fixture with **42.7%** confidence.",2026-09-13 12:33:55,0
6,2026-10-10,Ipswich,Fulham,25.83,24.33,49.84,1-1,"• **Team Strength (Elo)**: Fulham is favored due to a higher Elo rating (differential of 121 points).
• **Transfer Activity**: Ipswich boosted by signing Omari Hutchinson; Fulham boosted by signing Emile Smith Rowe.
• **Home Advantage**: Ipswich benefits from playing at home (statistically boosts goal-scoring rate by ~22%).

**Prediction Summary**: Fulham is predicted to win this fixture with **49.8%** confidence.",2026-09-13 12:33:55,0
6,2026-10-10,Man United,Tottenham,58.52,20.91,20.57,2-1,"• **Team Strength (Elo)**: Man United is favored due to a higher Elo rating (differential of 111 points).
• **Transfer Activity**: Man United boosted by signing Leny Yoro; Tottenham boosted by signing Dominic Solanke.
• **Injuries & Availability**: Tottenham is healthier with 100% availability vs. 85% for the opponent.
• **Home Advantage**: Man United benefits from playing at home (statistically boosts goal-scoring rate by ~22%).

**Prediction Summary**: Man United is predicted to win this fixture with **58.5%** confidence.",2026-09-13 12:33:55,0
6,2026-10-10,Sunderland,Brighton,32.58,28.05,39.37,1-1,"• **Team Strength (Elo)**: Matchup is evenly balanced on historical Elo (differential of 38 points).
• **Squad Market Value**: Brighton has a squad value advantage of €280.0M.
• **Transfer Activity**: Sunderland boosted by signing Salis Abdul Samed; Brighton boosted by signing Georginio Rutter.
• **Home Advantage**: Sunderland benefits from playing at home (statistically boosts goal-scoring rate by ~22%).

**Prediction Summary**: Brighton is predicted to win this fixture with **39.4%** confidence.",2026-09-13 12:33:55,0
6,2026-10-11,Crystal Palace,Nott'm Forest,35.45,27.55,37.0,1-1,"• **Team Strength (Elo)**: Matchup is evenly balanced on historical Elo (differential of 14 points).
• **Transfer Activity**: Crystal Palace boosted by signing Eddie Nketiah; Nott'm Forest boosted by signing Elliot Anderson.
• **Injuries & Availability**: Nott'm Forest is healthier with 88% availability vs. 85% for the opponent.
• **Home Advantage**: Crystal Palace benefits from playing at home (statistically boosts goal-scoring rate by ~22%).

**Prediction Summary**: This matchup is highly contested with a close outcome probability. A Draw (27.5%) is a very strong possibility.",2026-09-13 12:33:55,0
6,2026-10-11,Hull,Everton,22.31,23.64,54.05,0-1,"• **Team Strength (Elo)**: Everton is favored due to a higher Elo rating (differential of 112 points).
• **Squad Market Value**: Everton has a squad value advantage of €332.0M.
• **Transfer Activity**: Hull boosted by signing Charlie Hughes; Everton boosted by signing Iliman Ndiaye.
• **Home Advantage**: Hull benefits from playing at home (statistically boosts goal-scoring rate by ~22%).

**Prediction Summary**: Everton is predicted to win this fixture with **54.1%** confidence.",2026-09-13 12:33:55,0
6,2026-10-11,Liverpool,Man City,32.16,22.24,45.6,1-1,"• **Team Strength (Elo)**: Man City is favored due to a higher Elo rating (differential of 56 points).
• **Squad Market Value**: Man City has a squad value advantage of €490.0M.
• **Transfer Activity**: Liverpool boosted by signing Martin Zubimendi; Man City boosted by signing Tijjani Reijnders.
• **Injuries & Availability**: Both squads are dealing with minor availability losses (~20% out).
• **Home Advantage**: Liverpool benefits from playing at home (statistically boosts goal-scoring rate by ~22%).

**Prediction Summary**: Man City is predicted to win this fixture with **45.6%** confidence.",2026-09-13 12:33:55,0
6,2026-10-12,Coventry,Newcastle,32.27,25.79,41.94,1-1,"• **Team Strength (Elo)**: Newcastle is favored due to a higher Elo rating (differential of 106 points).
• **Squad Market Value**: Newcastle has a squad value advantage of €325.0M.
• **Transfer Activity**: Coventry boosted by signing Jack Rudoni; Newcastle boosted by signing Lewis Hall.
• **Home Advantage**: Coventry benefits from playing at home (statistically boosts goal-scoring rate by ~22%).

**Prediction Summary**: Newcastle is predicted to win this fixture with **41.9%** confidence.",2026-09-13 12:33:55,0
7,2026-10-17,Brentford,Liverpool,38.13,25.19,36.68,1-1,"• **Team Strength (Elo)**: Matchup is evenly balanced on historical Elo (differential of 44 points).
• **Squad Market Value**: Liverpool has a squad value advantage of €430.0M.
• **Transfer Activity**: Brentford boosted by signing Igor Thiago; Liverpool boosted by signing Martin Zubimendi.
• **Injuries & Availability**: Brentford is healthier with 88% availability vs. 82% for the opponent.
• **Home Advantage**: Brentford benefits from playing at home (statistically boosts goal-scoring rate by ~22%).

**Prediction Summary**: This matchup is highly contested with a close outcome probability. A Draw (25.2%) is a very strong possibility.",2026-09-13 12:33:55,0
7,2026-10-17,Everton,Chelsea,45.88,27.29,26.82,1-1,"• **Team Strength (Elo)**: Matchup is evenly balanced on historical Elo (differential of 9 points).
• **Squad Market Value**: Chelsea has a squad value advantage of €1005.0M.
• **Transfer Activity**: Everton boosted by signing Iliman Ndiaye; Chelsea boosted by signing Pedro Neto.
• **Injuries & Availability**: Everton is healthier with 100% availability vs. 82% for the opponent.
• **Home Advantage**: Everton benefits from playing at home (statistically boosts goal-scoring rate by ~22%).

**Prediction Summary**: Everton is predicted to win this fixture with **45.9%** confidence.",2026-09-13 12:33:55,0
7,2026-10-17,Fulham,Hull,47.37,30.53,22.1,1-0,"• **Team Strength (Elo)**: Fulham is favored due to a higher Elo rating (differential of 109 points).
• **Squad Market Value**: Fulham has a squad value advantage of €222.0M.
• **Transfer Activity**: Fulham boosted by signing Emile Smith Rowe; Hull boosted by signing Charlie Hughes.
• **Home Advantage**: Fulham benefits from playing at home (statistically boosts goal-scoring rate by ~22%).

**Prediction Summary**: Fulham is predicted to win this fixture with **47.4%** confidence.",2026-09-13 12:33:55,0
7,2026-10-17,Man City,Ipswich,80.08,11.36,8.56,2-0,"• **Team Strength (Elo)**: Man City is favored due to a higher Elo rating (differential of 239 points).
• **Squad Market Value**: Man City has a squad value advantage of €1185.0M.
• **Transfer Activity**: Man City boosted by signing Tijjani Reijnders; Ipswich boosted by signing Omari Hutchinson.
• **Injuries & Availability**: Ipswich is healthier with 100% availability vs. 80% for the opponent.
• **Home Advantage**: Man City benefits from playing at home (statistically boosts goal-scoring rate by ~22%).

**Prediction Summary**: Man City is predicted to win this fixture with **80.1%** confidence.",2026-09-13 12:33:55,0
7,2026-10-17,Newcastle,Aston Villa,39.83,25.06,35.11,1-1,"• **Team Strength (Elo)**: Matchup is evenly balanced on historical Elo (differential of 47 points).
• **Transfer Activity**: Newcastle boosted by signing Lewis Hall; Aston Villa boosted by signing Amadou Onana.
• **Home Advantage**: Newcastle benefits from playing at home (statistically boosts goal-scoring rate by ~22%).

**Prediction Summary**: This matchup is highly contested with a close outcome probability. A Draw (25.1%) is a very strong possibility.",2026-09-13 12:33:55,0
7,2026-10-18,Bournemouth,Sunderland,52.72,26.78,20.5,1-1,"• **Team Strength (Elo)**: Bournemouth is favored due to a higher Elo rating (differential of 59 points).
• **Squad Market Value**: Bournemouth has a squad value advantage of €200.0M.
• **Transfer Activity**: Bournemouth boosted by signing Evanilson; Sunderland boosted by signing Salis Abdul Samed.
• **Home Advantage**: Bournemouth benefits from playing at home (statistically boosts goal-scoring rate by ~22%).

**Prediction Summary**: Bournemouth is predicted to win this fixture with **52.7%** confidence.",2026-09-13 12:33:55,0
7,2026-10-18,Brighton,Crystal Palace,52.63,25.08,22.28,1-1,"• **Team Strength (Elo)**: Matchup is evenly balanced on historical Elo (differential of 36 points).
• **Squad Market Value**: Brighton has a squad value advantage of €165.0M.
• **Transfer Activity**: Brighton boosted by signing Georginio Rutter; Crystal Palace boosted by signing Eddie Nketiah.
• **Injuries & Availability**: Brighton is healthier with 100% availability vs. 85% for the opponent.
• **Home Advantage**: Brighton benefits from playing at home (statistically boosts goal-scoring rate by ~22%).

**Prediction Summary**: Brighton is predicted to win this fixture with **52.6%** confidence.",2026-09-13 12:33:55,0
7,2026-10-18,Leeds,Man United,31.26,25.71,43.03,1-1,"• **Team Strength (Elo)**: Man United is favored due to a higher Elo rating (differential of 89 points).
• **Squad Market Value**: Man United has a squad value advantage of €520.0M.
• **Transfer Activity**: Leeds boosted by signing Joe Rodon; Man United boosted by signing Leny Yoro.
• **Injuries & Availability**: Leeds is healthier with 100% availability vs. 85% for the opponent.
• **Home Advantage**: Leeds benefits from playing at home (statistically boosts goal-scoring rate by ~22%).

**Prediction Summary**: Man United is predicted to win this fixture with **43.0%** confidence.",2026-09-13 12:33:55,0
7,2026-10-18,Nott'm Forest,Arsenal,20.29,23.08,56.63,1-1,"• **Team Strength (Elo)**: Arsenal is favored due to a higher Elo rating (differential of 140 points).
• **Squad Market Value**: Arsenal has a squad value advantage of €915.0M.
• **Transfer Activity**: Nott'm Forest boosted by signing Elliot Anderson; Arsenal boosted by signing Viktor Gyökeres.
• **Injuries & Availability**: Arsenal is healthier with 100% availability vs. 88% for the opponent.
• **Home Advantage**: Nott'm Forest benefits from playing at home (statistically boosts goal-scoring rate by ~22%).

**Prediction Summary**: Arsenal is predicted to win this fixture with **56.6%** confidence.",2026-09-13 12:33:55,0
7,2026-10-19,Tottenham,Coventry,50.71,26.29,23.0,1-1,"• **Team Strength (Elo)**: Tottenham is favored due to a higher Elo rating (differential of 61 points).
• **Squad Market Value**: Tottenham has a squad value advantage of €705.0M.
• **Transfer Activity**: Tottenham boosted by signing Dominic Solanke; Coventry boosted by signing Jack Rudoni.
• **Fatigue**: Tottenham is on short rest (midweek match congestion) while Coventry is fully rested.
• **Home Advantage**: Tottenham benefits from playing at home (statistically boosts goal-scoring rate by ~22%).

**Prediction Summary**: Tottenham is predicted to win this fixture with **50.7%** confidence.",2026-09-13 12:33:55,0
8,2026-10-23,Ipswich,Nott'm Forest,25.48,24.73,49.79,1-1,"• **Team Strength (Elo)**: Nott'm Forest is favored due to a higher Elo rating (differential of 125 points).
• **Squad Market Value**: Nott'm Forest has a squad value advantage of €230.0M.
• **Transfer Activity**: Ipswich boosted by signing Omari Hutchinson; Nott'm Forest boosted by signing Elliot Anderson.
• **Injuries & Availability**: Ipswich is healthier with 100% availability vs. 88% for the opponent.
• **Home Advantage**: Ipswich benefits from playing at home (statistically boosts goal-scoring rate by ~22%).

**Prediction Summary**: Nott'm Forest is predicted to win this fixture with **49.8%** confidence.",2026-09-13 12:33:55,0
8,2026-10-24,Arsenal,Everton,66.09,19.97,13.94,2-0,"• **Team Strength (Elo)**: Arsenal is favored due to a higher Elo rating (differential of 139 points).
• **Squad Market Value**: Arsenal has a squad value advantage of €1020.0M.
• **Transfer Activity**: Arsenal boosted by signing Viktor Gyökeres; Everton boosted by signing Iliman Ndiaye.
• **Fatigue**: Arsenal is on short rest (midweek match congestion) while Everton is fully rested.
• **Home Advantage**: Arsenal benefits from playing at home (statistically boosts goal-scoring rate by ~22%).

**Prediction Summary**: Arsenal is predicted to win this fixture with **66.1%** confidence.",2026-09-13 12:33:55,0
8,2026-10-24,Aston Villa,Man City,31.55,28.41,40.04,1-1,"• **Team Strength (Elo)**: Man City is favored due to a higher Elo rating (differential of 76 points).
• **Squad Market Value**: Man City has a squad value advantage of €935.0M.
• **Transfer Activity**: Aston Villa boosted by signing Amadou Onana; Man City boosted by signing Tijjani Reijnders.
• **Injuries & Availability**: Aston Villa is healthier with 100% availability vs. 80% for the opponent.
• **Fatigue**: Both teams are facing congested schedules (midweek matches).
• **Home Advantage**: Aston Villa benefits from playing at home (statistically boosts goal-scoring rate by ~22%).

**Prediction Summary**: Man City is predicted to win this fixture with **40.0%** confidence.",2026-09-13 12:33:55,0
8,2026-10-24,Chelsea,Tottenham,43.76,27.6,28.64,1-1,"• **Team Strength (Elo)**: Matchup is evenly balanced on historical Elo (differential of 45 points).
• **Squad Market Value**: Chelsea has a squad value advantage of €480.0M.
• **Transfer Activity**: Chelsea boosted by signing Pedro Neto; Tottenham boosted by signing Dominic Solanke.
• **Injuries & Availability**: Tottenham is healthier with 100% availability vs. 82% for the opponent.
• **Fatigue**: Both teams are facing congested schedules (midweek matches).
• **Home Advantage**: Chelsea benefits from playing at home (statistically boosts goal-scoring rate by ~22%).

**Prediction Summary**: Chelsea is predicted to win this fixture with **43.8%** confidence.",2026-09-13 12:33:55,0
8,2026-10-24,Coventry,Fulham,33.99,27.33,38.68,1-1,"• **Team Strength (Elo)**: Fulham is favored due to a higher Elo rating (differential of 104 points).
• **Transfer Activity**: Coventry boosted by signing Jack Rudoni; Fulham boosted by signing Emile Smith Rowe.
• **Home Advantage**: Coventry benefits from playing at home (statistically boosts goal-scoring rate by ~22%).

**Prediction Summary**: This matchup is highly contested with a close outcome probability. A Draw (27.3%) is a very strong possibility.",2026-09-13 12:33:55,0
8,2026-10-25,Crystal Palace,Newcastle,32.42,24.91,42.67,1-1,"• **Team Strength (Elo)**: Matchup is evenly balanced on historical Elo (differential of 21 points).
• **Transfer Activity**: Crystal Palace boosted by signing Eddie Nketiah; Newcastle boosted by signing Lewis Hall.
• **Injuries & Availability**: Newcastle is healthier with 100% availability vs. 85% for the opponent.
• **Home Advantage**: Crystal Palace benefits from playing at home (statistically boosts goal-scoring rate by ~22%).

**Prediction Summary**: Newcastle is predicted to win this fixture with **42.7%** confidence.",2026-09-13 12:33:55,0
8,2026-10-25,Hull,Brentford,17.64,25.5,56.87,0-1,"• **Team Strength (Elo)**: Brentford is favored due to a higher Elo rating (differential of 137 points).
• **Squad Market Value**: Brentford has a squad value advantage of €472.0M.
• **Transfer Activity**: Hull boosted by signing Charlie Hughes; Brentford boosted by signing Igor Thiago.
• **Injuries & Availability**: Hull is healthier with 100% availability vs. 88% for the opponent.
• **Home Advantage**: Hull benefits from playing at home (statistically boosts goal-scoring rate by ~22%).

**Prediction Summary**: Brentford is predicted to win this fixture with **56.9%** confidence.",2026-09-13 12:33:55,0
8,2026-10-25,Liverpool,Brighton,41.34,27.13,31.53,1-1,"• **Team Strength (Elo)**: Matchup is evenly balanced on historical Elo (differential of 32 points).
• **Squad Market Value**: Liverpool has a squad value advantage of €335.0M.
• **Transfer Activity**: Liverpool boosted by signing Martin Zubimendi; Brighton boosted by signing Georginio Rutter.
• **Injuries & Availability**: Brighton is healthier with 100% availability vs. 82% for the opponent.
• **Fatigue**: Liverpool is on short rest (midweek match congestion) while Brighton is fully rested.
• **Home Advantage**: Liverpool benefits from playing at home (statistically boosts goal-scoring rate by ~22%).

**Prediction Summary**: Liverpool is predicted to win this fixture with **41.3%** confidence.",2026-09-13 12:33:55,0
8,2026-10-25,Man United,Bournemouth,45.94,26.02,28.04,1-1,"• **Team Strength (Elo)**: Matchup is evenly balanced on historical Elo (differential of 22 points).
• **Squad Market Value**: Man United has a squad value advantage of €335.0M.
• **Transfer Activity**: Man United boosted by signing Leny Yoro; Bournemouth boosted by signing Evanilson.
• **Fatigue**: Man United is on short rest (midweek match congestion) while Bournemouth is fully rested.
• **Home Advantage**: Man United benefits from playing at home (statistically boosts goal-scoring rate by ~22%).

**Prediction Summary**: Man United is predicted to win this fixture with **45.9%** confidence.",2026-09-13 12:33:55,0
8,2026-10-25,Sunderland,Leeds,39.35,29.92,30.74,1-1,"• **Team Strength (Elo)**: Matchup is evenly balanced on historical Elo (differential of 1 points).
• **Transfer Activity**: Sunderland boosted by signing Salis Abdul Samed; Leeds boosted by signing Joe Rodon.
• **Home Advantage**: Sunderland benefits from playing at home (statistically boosts goal-scoring rate by ~22%).

**Prediction Summary**: Sunderland is predicted to win this fixture with **39.3%** confidence.",2026-09-13 12:33:55,0
9,2026-10-31,Bournemouth,Leeds,53.92,25.66,20.41,1-1,"• **Team Strength (Elo)**: Bournemouth is favored due to a higher Elo rating (differential of 63 points).
• **Squad Market Value**: Bournemouth has a squad value advantage of €185.0M.
• **Transfer Activity**: Bournemouth boosted by signing Evanilson; Leeds boosted by signing Joe Rodon.
• **Home Advantage**: Bournemouth benefits from playing at home (statistically boosts goal-scoring rate by ~22%).

**Prediction Summary**: Bournemouth is predicted to win this fixture with **53.9%** confidence.",2026-09-13 12:33:55,0
9,2026-10-31,Aston Villa,Fulham,46.46,28.26,25.28,1-1,"• **Team Strength (Elo)**: Matchup is evenly balanced on historical Elo (differential of 42 points).
• **Squad Market Value**: Aston Villa has a squad value advantage of €235.0M.
• **Transfer Activity**: Aston Villa boosted by signing Amadou Onana; Fulham boosted by signing Emile Smith Rowe.
• **Fatigue**: Aston Villa is on short rest (midweek match congestion) while Fulham is fully rested.
• **Home Advantage**: Aston Villa benefits from playing at home (statistically boosts goal-scoring rate by ~22%).

**Prediction Summary**: Aston Villa is predicted to win this fixture with **46.5%** confidence.",2026-09-13 12:33:55,0
9,2026-10-31,Brentford,Nott'm Forest,40.08,26.04,33.88,1-1,"• **Team Strength (Elo)**: Matchup is evenly balanced on historical Elo (differential of 15 points).
• **Transfer Activity**: Brentford boosted by signing Igor Thiago; Nott'm Forest boosted by signing Elliot Anderson.
• **Injuries & Availability**: Nott'm Forest is healthier with 100% availability vs. 88% for the opponent.
• **Home Advantage**: Brentford benefits from playing at home (statistically boosts goal-scoring rate by ~22%).

**Prediction Summary**: Brentford is predicted to win this fixture with **40.1%** confidence.",2026-09-13 12:33:55,0
9,2026-10-31,Chelsea,Man United,27.42,24.33,48.25,1-1,"• **Team Strength (Elo)**: Man United is favored due to a higher Elo rating (differential of 74 points).
• **Squad Market Value**: Chelsea has a squad value advantage of €515.0M.
• **Transfer Activity**: Chelsea boosted by signing Pedro Neto; Man United boosted by signing Leny Yoro.
• **Injuries & Availability**: Man United is healthier with 100% availability vs. 82% for the opponent.
• **Fatigue**: Both teams are facing congested schedules (midweek matches).
• **Home Advantage**: Chelsea benefits from playing at home (statistically boosts goal-scoring rate by ~22%).

**Prediction Summary**: Man United is predicted to win this fixture with **48.3%** confidence.",2026-09-13 12:33:55,0
9,2026-10-31,Coventry,Sunderland,36.18,26.65,37.17,1-1,"• **Team Strength (Elo)**: Sunderland is favored due to a higher Elo rating (differential of 90 points).
• **Squad Market Value**: Sunderland has a squad value advantage of €135.0M.
• **Transfer Activity**: Coventry boosted by signing Jack Rudoni; Sunderland boosted by signing Salis Abdul Samed.
• **Home Advantage**: Coventry benefits from playing at home (statistically boosts goal-scoring rate by ~22%).

**Prediction Summary**: This matchup is highly contested with a close outcome probability. A Draw (26.7%) is a very strong possibility.",2026-09-13 12:33:55,0
9,2026-10-31,Hull,Ipswich,34.62,31.18,34.2,0-0,"• **Team Strength (Elo)**: Matchup is evenly balanced on historical Elo (differential of 3 points).
• **Squad Market Value**: Ipswich has a squad value advantage of €207.0M.
• **Transfer Activity**: Hull boosted by signing Charlie Hughes; Ipswich boosted by signing Omari Hutchinson.
• **Home Advantage**: Hull benefits from playing at home (statistically boosts goal-scoring rate by ~22%).

**Prediction Summary**: This matchup is highly contested with a close outcome probability. A Draw (31.2%) is a very strong possibility.",2026-09-13 12:33:55,0
9,2026-10-31,Man City,Brighton,52.33,24.69,22.98,1-1,"• **Team Strength (Elo)**: Man City is favored due to a higher Elo rating (differential of 88 points).
• **Squad Market Value**: Man City has a squad value advantage of €825.0M.
• **Transfer Activity**: Man City boosted by signing Tijjani Reijnders; Brighton boosted by signing Georginio Rutter.
• **Injuries & Availability**: Brighton is healthier with 100% availability vs. 80% for the opponent.
• **Fatigue**: Man City is on short rest (midweek match congestion) while Brighton is fully rested.
• **Home Advantage**: Man City benefits from playing at home (statistically boosts goal-scoring rate by ~22%).

**Prediction Summary**: Man City is predicted to win this fixture with **52.3%** confidence.",2026-09-13 12:33:55,0
9,2026-10-31,Tottenham,Crystal Palace,44.53,27.2,28.28,1-1,"• **Team Strength (Elo)**: Matchup is evenly balanced on historical Elo (differential of 24 points).
• **Squad Market Value**: Tottenham has a squad value advantage of €455.0M.
• **Transfer Activity**: Tottenham boosted by signing Dominic Solanke; Crystal Palace boosted by signing Eddie Nketiah.
• **Injuries & Availability**: Tottenham is healthier with 100% availability vs. 85% for the opponent.
• **Fatigue**: Tottenham is on short rest (midweek match congestion) while Crystal Palace is fully rested.
• **Home Advantage**: Tottenham benefits from playing at home (statistically boosts goal-scoring rate by ~22%).

**Prediction Summary**: Tottenham is predicted to win this fixture with **44.5%** confidence.",2026-09-13 12:33:55,0
9,2026-11-01,Liverpool,Arsenal,25.48,25.32,49.2,1-1,"• **Team Strength (Elo)**: Arsenal is favored due to a higher Elo rating (differential of 87 points).
• **Squad Market Value**: Arsenal has a squad value advantage of €450.0M.
• **Transfer Activity**: Liverpool boosted by signing Martin Zubimendi; Arsenal boosted by signing Viktor Gyökeres.
• **Injuries & Availability**: Arsenal is healthier with 100% availability vs. 82% for the opponent.
• **Fatigue**: Both teams are facing congested schedules (midweek matches).
• **Home Advantage**: Liverpool benefits from playing at home (statistically boosts goal-scoring rate by ~22%).

**Prediction Summary**: Arsenal is predicted to win this fixture with **49.2%** confidence.",2026-09-13 12:33:55,0
9,2026-11-02,Newcastle,Everton,45.85,26.04,28.11,1-1,"• **Team Strength (Elo)**: Matchup is evenly balanced on historical Elo (differential of 4 points).
• **Squad Market Value**: Newcastle has a squad value advantage of €145.0M.
• **Transfer Activity**: Newcastle boosted by signing Lewis Hall; Everton boosted by signing Iliman Ndiaye.
• **Home Advantage**: Newcastle benefits from playing at home (statistically boosts goal-scoring rate by ~22%).

**Prediction Summary**: Newcastle is predicted to win this fixture with **45.9%** confidence.",2026-09-13 12:33:55,0
10,2026-11-07,Arsenal,Hull,44.67,25.92,29.41,0-1,"• **Team Strength (Elo)**: Arsenal is favored due to a higher Elo rating (differential of 248 points).
• **Squad Market Value**: Arsenal has a squad value advantage of €1352.0M.
• **Transfer Activity**: Arsenal boosted by signing Viktor Gyökeres; Hull boosted by signing Charlie Hughes.
• **Fatigue**: Arsenal is on short rest (midweek match congestion) while Hull is fully rested.
• **Home Advantage**: Arsenal benefits from playing at home (statistically boosts goal-scoring rate by ~22%).

**Prediction Summary**: Arsenal is predicted to win this fixture with **44.7%** confidence.",2026-09-13 12:33:55,0
10,2026-11-07,Brighton,Brentford,47.68,25.63,26.68,1-1,"• **Team Strength (Elo)**: Matchup is evenly balanced on historical Elo (differential of 9 points).
• **Transfer Activity**: Brighton boosted by signing Georginio Rutter; Brentford boosted by signing Igor Thiago.
• **Injuries & Availability**: Brighton is healthier with 100% availability vs. 88% for the opponent.
• **Home Advantage**: Brighton benefits from playing at home (statistically boosts goal-scoring rate by ~22%).

**Prediction Summary**: Brighton is predicted to win this fixture with **47.7%** confidence.",2026-09-13 12:33:55,0
10,2026-11-07,Crystal Palace,Liverpool,27.28,26.97,45.75,1-1,"• **Team Strength (Elo)**: Liverpool is favored due to a higher Elo rating (differential of 79 points).
• **Squad Market Value**: Liverpool has a squad value advantage of €500.0M.
• **Transfer Activity**: Crystal Palace boosted by signing Eddie Nketiah; Liverpool boosted by signing Martin Zubimendi.
• **Injuries & Availability**: Both squads are dealing with minor availability losses (~18% out).
• **Fatigue**: Liverpool is on short rest (midweek match congestion) while Crystal Palace is fully rested.
• **Home Advantage**: Crystal Palace benefits from playing at home (statistically boosts goal-scoring rate by ~22%).

**Prediction Summary**: Liverpool is predicted to win this fixture with **45.7%** confidence.",2026-09-13 12:33:55,0
10,2026-11-07,Everton,Coventry,52.52,23.91,23.57,1-1,"• **Team Strength (Elo)**: Everton is favored due to a higher Elo rating (differential of 100 points).
• **Squad Market Value**: Everton has a squad value advantage of €180.0M.
• **Transfer Activity**: Everton boosted by signing Iliman Ndiaye; Coventry boosted by signing Jack Rudoni.
• **Home Advantage**: Everton benefits from playing at home (statistically boosts goal-scoring rate by ~22%).

**Prediction Summary**: Everton is predicted to win this fixture with **52.5%** confidence.",2026-09-13 12:33:55,0
10,2026-11-07,Fulham,Newcastle,35.92,27.72,36.36,1-1,"• **Team Strength (Elo)**: Matchup is evenly balanced on historical Elo (differential of 10 points).
• **Squad Market Value**: Newcastle has a squad value advantage of €255.0M.
• **Transfer Activity**: Fulham boosted by signing Emile Smith Rowe; Newcastle boosted by signing Lewis Hall.
• **Home Advantage**: Fulham benefits from playing at home (statistically boosts goal-scoring rate by ~22%).

**Prediction Summary**: This matchup is highly contested with a close outcome probability. A Draw (27.7%) is a very strong possibility.",2026-09-13 12:33:55,0
10,2026-11-07,Ipswich,Bournemouth,14.82,19.48,65.7,1-1,"• **Team Strength (Elo)**: Bournemouth is favored due to a higher Elo rating (differential of 179 points).
• **Squad Market Value**: Bournemouth has a squad value advantage of €280.0M.
• **Transfer Activity**: Ipswich boosted by signing Omari Hutchinson; Bournemouth boosted by signing Evanilson.
• **Home Advantage**: Ipswich benefits from playing at home (statistically boosts goal-scoring rate by ~22%).

**Prediction Summary**: Bournemouth is predicted to win this fixture with **65.7%** confidence.",2026-09-13 12:33:55,0
10,2026-11-07,Leeds,Tottenham,46.55,27.08,26.37,1-1,"• **Team Strength (Elo)**: Matchup is evenly balanced on historical Elo (differential of 22 points).
• **Squad Market Value**: Tottenham has a squad value advantage of €555.0M.
• **Transfer Activity**: Leeds boosted by signing Joe Rodon; Tottenham boosted by signing Dominic Solanke.
• **Injuries & Availability**: Leeds is healthier with 100% availability vs. 88% for the opponent.
• **Fatigue**: Tottenham is on short rest (midweek match congestion) while Leeds is fully rested.
• **Home Advantage**: Leeds benefits from playing at home (statistically boosts goal-scoring rate by ~22%).

**Prediction Summary**: Leeds is predicted to win this fixture with **46.5%** confidence.",2026-09-13 12:33:55,0
10,2026-11-07,Man United,Aston Villa,48.07,26.35,25.58,1-1,"• **Team Strength (Elo)**: Matchup is evenly balanced on historical Elo (differential of 29 points).
• **Squad Market Value**: Man United has a squad value advantage of €365.0M.
• **Transfer Activity**: Man United boosted by signing Leny Yoro; Aston Villa boosted by signing Amadou Onana.
• **Fatigue**: Both teams are facing congested schedules (midweek matches).
• **Home Advantage**: Man United benefits from playing at home (statistically boosts goal-scoring rate by ~22%).

**Prediction Summary**: Man United is predicted to win this fixture with **48.1%** confidence.",2026-09-13 12:33:55,0
10,2026-11-07,Nott'm Forest,Man City,37.91,27.39,34.69,1-1,"• **Team Strength (Elo)**: Man City is favored due to a higher Elo rating (differential of 111 points).
• **Squad Market Value**: Man City has a squad value advantage of €955.0M.
• **Transfer Activity**: Nott'm Forest boosted by signing Elliot Anderson; Man City boosted by signing Tijjani Reijnders.
• **Injuries & Availability**: Nott'm Forest is healthier with 100% availability vs. 62% for the opponent.
• **Fatigue**: Man City is on short rest (midweek match congestion) while Nott'm Forest is fully rested.
• **Home Advantage**: Nott'm Forest benefits from playing at home (statistically boosts goal-scoring rate by ~22%).

**Prediction Summary**: This matchup is highly contested with a close outcome probability. A Draw (27.4%) is a very strong possibility.",2026-09-13 12:33:55,0
10,2026-11-07,Sunderland,Chelsea,42.21,29.88,27.9,1-1,"• **Team Strength (Elo)**: Matchup is evenly balanced on historical Elo (differential of 16 points).
• **Squad Market Value**: Chelsea has a squad value advantage of €1050.0M.
• **Transfer Activity**: Sunderland boosted by signing Salis Abdul Samed; Chelsea boosted by signing Pedro Neto.
• **Injuries & Availability**: Sunderland is healthier with 100% availability vs. 82% for the opponent.
• **Fatigue**: Chelsea is on short rest (midweek match congestion) while Sunderland is fully rested.
• **Home Advantage**: Sunderland benefits from playing at home (statistically boosts goal-scoring rate by ~22%).

**Prediction Summary**: Sunderland is predicted to win this fixture with **42.2%** confidence.",2026-09-13 12:33:55,0
11,2026-11-21,Bournemouth,Nott'm Forest,45.52,25.84,28.64,1-1,"• **Team Strength (Elo)**: Matchup is evenly balanced on historical Elo (differential of 42 points).
• **Transfer Activity**: Bournemouth boosted by signing Evanilson; Nott'm Forest boosted by signing Elliot Anderson.
• **Injuries & Availability**: Nott'm Forest is healthier with 100% availability vs. 90% for the opponent.
• **Home Advantage**: Bournemouth benefits from playing at home (statistically boosts goal-scoring rate by ~22%).

**Prediction Summary**: Bournemouth is predicted to win this fixture with **45.5%** confidence.",2026-09-13 12:33:55,0
11,2026-11-21,Aston Villa,Sunderland,51.18,27.63,21.19,1-0,"• **Team Strength (Elo)**: Aston Villa is favored due to a higher Elo rating (differential of 57 points).
• **Squad Market Value**: Aston Villa has a squad value advantage of €170.0M.
• **Transfer Activity**: Aston Villa boosted by signing Amadou Onana; Sunderland boosted by signing Salis Abdul Samed.
• **Home Advantage**: Aston Villa benefits from playing at home (statistically boosts goal-scoring rate by ~22%).

**Prediction Summary**: Aston Villa is predicted to win this fixture with **51.2%** confidence.",2026-09-13 12:33:55,0
11,2026-11-21,Brentford,Everton,47.63,25.69,26.68,1-1,"• **Team Strength (Elo)**: Matchup is evenly balanced on historical Elo (differential of 21 points).
• **Squad Market Value**: Brentford has a squad value advantage of €140.0M.
• **Transfer Activity**: Brentford boosted by signing Igor Thiago; Everton boosted by signing Iliman Ndiaye.
• **Home Advantage**: Brentford benefits from playing at home (statistically boosts goal-scoring rate by ~22%).

**Prediction Summary**: Brentford is predicted to win this fixture with **47.6%** confidence.",2026-09-13 12:33:55,0
11,2026-11-21,Chelsea,Leeds,42.04,26.73,31.23,1-1,"• **Team Strength (Elo)**: Matchup is evenly balanced on historical Elo (differential of 13 points).
• **Squad Market Value**: Chelsea has a squad value advantage of €1035.0M.
• **Transfer Activity**: Chelsea boosted by signing Pedro Neto; Leeds boosted by signing Joe Rodon.
• **Injuries & Availability**: Leeds is healthier with 100% availability vs. 85% for the opponent.
• **Home Advantage**: Chelsea benefits from playing at home (statistically boosts goal-scoring rate by ~22%).

**Prediction Summary**: Chelsea is predicted to win this fixture with **42.0%** confidence.",2026-09-13 12:33:55,0
11,2026-11-21,Coventry,Crystal Palace,39.27,24.61,36.12,1-1,"• **Team Strength (Elo)**: Crystal Palace is favored due to a higher Elo rating (differential of 83 points).
• **Squad Market Value**: Crystal Palace has a squad value advantage of €250.0M.
• **Transfer Activity**: Coventry boosted by signing Jack Rudoni; Crystal Palace boosted by signing Eddie Nketiah.
• **Home Advantage**: Coventry benefits from playing at home (statistically boosts goal-scoring rate by ~22%).

**Prediction Summary**: This matchup is highly contested with a close outcome probability. A Draw (24.6%) is a very strong possibility.",2026-09-13 12:33:55,0
11,2026-11-21,Hull,Brighton,16.04,30.3,53.66,0-1,"• **Team Strength (Elo)**: Brighton is favored due to a higher Elo rating (differential of 147 points).
• **Squad Market Value**: Brighton has a squad value advantage of €567.0M.
• **Transfer Activity**: Hull boosted by signing Charlie Hughes; Brighton boosted by signing Georginio Rutter.
• **Home Advantage**: Hull benefits from playing at home (statistically boosts goal-scoring rate by ~22%).

**Prediction Summary**: Brighton is predicted to win this fixture with **53.7%** confidence.",2026-09-13 12:33:55,0
11,2026-11-21,Liverpool,Man United,46.57,23.03,30.39,1-1,"• **Team Strength (Elo)**: Matchup is evenly balanced on historical Elo (differential of 15 points).
• **Transfer Activity**: Liverpool boosted by signing Martin Zubimendi; Man United boosted by signing Leny Yoro.
• **Home Advantage**: Liverpool benefits from playing at home (statistically boosts goal-scoring rate by ~22%).

**Prediction Summary**: Liverpool is predicted to win this fixture with **46.6%** confidence.",2026-09-13 12:33:55,0
11,2026-11-21,Man City,Fulham,65.78,19.43,14.79,2-0,"• **Team Strength (Elo)**: Man City is favored due to a higher Elo rating (differential of 120 points).
• **Squad Market Value**: Man City has a squad value advantage of €1170.0M.
• **Transfer Activity**: Man City boosted by signing Tijjani Reijnders; Fulham boosted by signing Emile Smith Rowe.
• **Injuries & Availability**: Fulham is healthier with 100% availability vs. 82% for the opponent.
• **Home Advantage**: Man City benefits from playing at home (statistically boosts goal-scoring rate by ~22%).

**Prediction Summary**: Man City is predicted to win this fixture with **65.8%** confidence.",2026-09-13 12:33:55,0
11,2026-11-21,Newcastle,Arsenal,26.54,25.72,47.74,1-1,"• **Team Strength (Elo)**: Arsenal is favored due to a higher Elo rating (differential of 133 points).
• **Squad Market Value**: Arsenal has a squad value advantage of €875.0M.
• **Transfer Activity**: Newcastle boosted by signing Lewis Hall; Arsenal boosted by signing Viktor Gyökeres.
• **Injuries & Availability**: Newcastle is healthier with 100% availability vs. 85% for the opponent.
• **Home Advantage**: Newcastle benefits from playing at home (statistically boosts goal-scoring rate by ~22%).

**Prediction Summary**: Arsenal is predicted to win this fixture with **47.7%** confidence.",2026-09-13 12:33:55,0
11,2026-11-21,Tottenham,Ipswich,63.11,20.67,16.23,1-1,"• **Team Strength (Elo)**: Tottenham is favored due to a higher Elo rating (differential of 88 points).
• **Squad Market Value**: Tottenham has a squad value advantage of €650.0M.
• **Transfer Activity**: Tottenham boosted by signing Dominic Solanke; Ipswich boosted by signing Omari Hutchinson.
• **Injuries & Availability**: Ipswich is healthier with 100% availability vs. 88% for the opponent.
• **Home Advantage**: Tottenham benefits from playing at home (statistically boosts goal-scoring rate by ~22%).

**Prediction Summary**: Tottenham is predicted to win this fixture with **63.1%** confidence.",2026-09-13 12:33:55,0
12,2026-11-28,Arsenal,Man City,41.48,29.08,29.44,1-1,"• **Team Strength (Elo)**: Matchup is evenly balanced on historical Elo (differential of 17 points).
• **Transfer Activity**: Arsenal boosted by signing Viktor Gyökeres; Man City boosted by signing Tijjani Reijnders.
• **Injuries & Availability**: Both squads are dealing with minor availability losses (~18% out).
• **Fatigue**: Both teams are facing congested schedules (midweek matches).
• **Home Advantage**: Arsenal benefits from playing at home (statistically boosts goal-scoring rate by ~22%).

**Prediction Summary**: Arsenal is predicted to win this fixture with **41.5%** confidence.",2026-09-13 12:33:55,0
12,2026-11-28,Brighton,Newcastle,45.45,25.69,28.85,1-1,"• **Team Strength (Elo)**: Matchup is evenly balanced on historical Elo (differential of 24 points).
• **Transfer Activity**: Brighton boosted by signing Georginio Rutter; Newcastle boosted by signing Lewis Hall.
• **Home Advantage**: Brighton benefits from playing at home (statistically boosts goal-scoring rate by ~22%).

**Prediction Summary**: Brighton is predicted to win this fixture with **45.5%** confidence.",2026-09-13 12:33:55,0
12,2026-11-28,Crystal Palace,Hull,39.8,40.69,19.52,0-0,"• **Team Strength (Elo)**: Crystal Palace is favored due to a higher Elo rating (differential of 89 points).
• **Squad Market Value**: Crystal Palace has a squad value advantage of €402.0M.
• **Transfer Activity**: Crystal Palace boosted by signing Eddie Nketiah; Hull boosted by signing Charlie Hughes.
• **Home Advantage**: Crystal Palace benefits from playing at home (statistically boosts goal-scoring rate by ~22%).

**Prediction Summary**: Crystal Palace is predicted to win this fixture with **39.8%** confidence.",2026-09-13 12:33:55,0
12,2026-11-28,Everton,Liverpool,30.49,26.12,43.39,1-1,"• **Team Strength (Elo)**: Liverpool is favored due to a higher Elo rating (differential of 67 points).
• **Squad Market Value**: Liverpool has a squad value advantage of €570.0M.
• **Transfer Activity**: Everton boosted by signing Iliman Ndiaye; Liverpool boosted by signing Martin Zubimendi.
• **Fatigue**: Liverpool is on short rest (midweek match congestion) while Everton is fully rested.
• **Home Advantage**: Everton benefits from playing at home (statistically boosts goal-scoring rate by ~22%).

**Prediction Summary**: Liverpool is predicted to win this fixture with **43.4%** confidence.",2026-09-13 12:33:55,0
12,2026-11-28,Fulham,Bournemouth,36.95,28.07,34.99,1-1,"• **Team Strength (Elo)**: Bournemouth is favored due to a higher Elo rating (differential of 56 points).
• **Squad Market Value**: Bournemouth has a squad value advantage of €265.0M.
• **Transfer Activity**: Fulham boosted by signing Emile Smith Rowe; Bournemouth boosted by signing Evanilson.
• **Injuries & Availability**: Fulham is healthier with 100% availability vs. 90% for the opponent.
• **Home Advantage**: Fulham benefits from playing at home (statistically boosts goal-scoring rate by ~22%).

**Prediction Summary**: This matchup is highly contested with a close outcome probability. A Draw (28.1%) is a very strong possibility.",2026-09-13 12:33:55,0
12,2026-11-28,Ipswich,Aston Villa,17.43,20.49,62.08,0-2,"• **Team Strength (Elo)**: Aston Villa is favored due to a higher Elo rating (differential of 178 points).
• **Squad Market Value**: Aston Villa has a squad value advantage of €250.0M.
• **Transfer Activity**: Ipswich boosted by signing Omari Hutchinson; Aston Villa boosted by signing Amadou Onana.
• **Fatigue**: Aston Villa is on short rest (midweek match congestion) while Ipswich is fully rested.
• **Home Advantage**: Ipswich benefits from playing at home (statistically boosts goal-scoring rate by ~22%).

**Prediction Summary**: Aston Villa is predicted to win this fixture with **62.1%** confidence.",2026-09-13 12:33:55,0
12,2026-11-28,Leeds,Coventry,46.7,25.27,28.03,1-1,"• **Team Strength (Elo)**: Leeds is favored due to a higher Elo rating (differential of 81 points).
• **Squad Market Value**: Leeds has a squad value advantage of €150.0M.
• **Transfer Activity**: Leeds boosted by signing Joe Rodon; Coventry boosted by signing Jack Rudoni.
• **Home Advantage**: Leeds benefits from playing at home (statistically boosts goal-scoring rate by ~22%).

**Prediction Summary**: Leeds is predicted to win this fixture with **46.7%** confidence.",2026-09-13 12:33:55,0
12,2026-11-28,Man United,Brentford,49.86,24.87,25.28,1-1,"• **Team Strength (Elo)**: Man United is favored due to a higher Elo rating (differential of 51 points).
• **Squad Market Value**: Man United has a squad value advantage of €350.0M.
• **Transfer Activity**: Man United boosted by signing Leny Yoro; Brentford boosted by signing Igor Thiago.
• **Fatigue**: Man United is on short rest (midweek match congestion) while Brentford is fully rested.
• **Home Advantage**: Man United benefits from playing at home (statistically boosts goal-scoring rate by ~22%).

**Prediction Summary**: Man United is predicted to win this fixture with **49.9%** confidence.",2026-09-13 12:33:55,0
12,2026-11-28,Nott'm Forest,Chelsea,49.17,26.33,24.49,1-1,"• **Team Strength (Elo)**: Matchup is evenly balanced on historical Elo (differential of 11 points).
• **Squad Market Value**: Chelsea has a squad value advantage of €900.0M.
• **Transfer Activity**: Nott'm Forest boosted by signing Elliot Anderson; Chelsea boosted by signing Pedro Neto.
• **Injuries & Availability**: Nott'm Forest is healthier with 100% availability vs. 85% for the opponent.
• **Fatigue**: Chelsea is on short rest (midweek match congestion) while Nott'm Forest is fully rested.
• **Home Advantage**: Nott'm Forest benefits from playing at home (statistically boosts goal-scoring rate by ~22%).

**Prediction Summary**: Nott'm Forest is predicted to win this fixture with **49.2%** confidence.",2026-09-13 12:33:55,0
12,2026-11-28,Sunderland,Tottenham,45.68,28.05,26.27,1-1,"• **Team Strength (Elo)**: Matchup is evenly balanced on historical Elo (differential of 22 points).
• **Squad Market Value**: Tottenham has a squad value advantage of €570.0M.
• **Transfer Activity**: Sunderland boosted by signing Salis Abdul Samed; Tottenham boosted by signing Dominic Solanke.
• **Injuries & Availability**: Sunderland is healthier with 100% availability vs. 88% for the opponent.
• **Fatigue**: Tottenham is on short rest (midweek match congestion) while Sunderland is fully rested.
• **Home Advantage**: Sunderland benefits from playing at home (statistically boosts goal-scoring rate by ~22%).

**Prediction Summary**: Sunderland is predicted to win this fixture with **45.7%** confidence.",2026-09-13 12:33:55,0
13,2026-12-02,Bournemouth,Brighton,38.58,26.06,35.36,1-1,"• **Team Strength (Elo)**: Matchup is evenly balanced on historical Elo (differential of 13 points).
• **Transfer Activity**: Bournemouth boosted by signing Evanilson; Brighton boosted by signing Georginio Rutter.
• **Injuries & Availability**: Brighton is healthier with 100% availability vs. 90% for the opponent.
• **Home Advantage**: Bournemouth benefits from playing at home (statistically boosts goal-scoring rate by ~22%).

**Prediction Summary**: This matchup is highly contested with a close outcome probability. A Draw (26.1%) is a very strong possibility.",2026-09-13 12:33:55,0
13,2026-12-02,Aston Villa,Everton,54.09,25.88,20.03,1-1,"• **Team Strength (Elo)**: Aston Villa is favored due to a higher Elo rating (differential of 52 points).
• **Squad Market Value**: Aston Villa has a squad value advantage of €125.0M.
• **Transfer Activity**: Aston Villa boosted by signing Amadou Onana; Everton boosted by signing Iliman Ndiaye.
• **Injuries & Availability**: Aston Villa is healthier with 100% availability vs. 88% for the opponent.
• **Home Advantage**: Aston Villa benefits from playing at home (statistically boosts goal-scoring rate by ~22%).

**Prediction Summary**: Aston Villa is predicted to win this fixture with **54.1%** confidence.",2026-09-13 12:33:55,0
13,2026-12-02,Brentford,Arsenal,28.22,27.24,44.54,1-1,"• **Team Strength (Elo)**: Arsenal is favored due to a higher Elo rating (differential of 120 points).
• **Squad Market Value**: Arsenal has a squad value advantage of €880.0M.
• **Transfer Activity**: Brentford boosted by signing Igor Thiago; Arsenal boosted by signing Viktor Gyökeres.
• **Injuries & Availability**: Brentford is healthier with 100% availability vs. 85% for the opponent.
• **Home Advantage**: Brentford benefits from playing at home (statistically boosts goal-scoring rate by ~22%).

**Prediction Summary**: Arsenal is predicted to win this fixture with **44.5%** confidence.",2026-09-13 12:33:55,0
13,2026-12-02,Chelsea,Crystal Palace,40.61,27.48,31.91,1-1,"• **Team Strength (Elo)**: Matchup is evenly balanced on historical Elo (differential of 15 points).
• **Squad Market Value**: Chelsea has a squad value advantage of €935.0M.
• **Transfer Activity**: Chelsea boosted by signing Pedro Neto; Crystal Palace boosted by signing Eddie Nketiah.
• **Injuries & Availability**: Crystal Palace is healthier with 100% availability vs. 85% for the opponent.
• **Home Advantage**: Chelsea benefits from playing at home (statistically boosts goal-scoring rate by ~22%).

**Prediction Summary**: Chelsea is predicted to win this fixture with **40.6%** confidence.",2026-09-13 12:33:55,0
13,2026-12-02,Coventry,Ipswich,44.62,26.18,29.2,1-1,"• **Team Strength (Elo)**: Matchup is evenly balanced on historical Elo (differential of 28 points).
• **Transfer Activity**: Coventry boosted by signing Jack Rudoni; Ipswich boosted by signing Omari Hutchinson.
• **Home Advantage**: Coventry benefits from playing at home (statistically boosts goal-scoring rate by ~22%).

**Prediction Summary**: Coventry is predicted to win this fixture with **44.6%** confidence.",2026-09-13 12:33:55,0
13,2026-12-02,Hull,Nott'm Forest,14.03,33.84,52.13,0-1,"• **Team Strength (Elo)**: Nott'm Forest is favored due to a higher Elo rating (differential of 128 points).
• **Squad Market Value**: Nott'm Forest has a squad value advantage of €437.0M.
• **Transfer Activity**: Hull boosted by signing Charlie Hughes; Nott'm Forest boosted by signing Elliot Anderson.
• **Home Advantage**: Hull benefits from playing at home (statistically boosts goal-scoring rate by ~22%).

**Prediction Summary**: Nott'm Forest is predicted to win this fixture with **52.1%** confidence.",2026-09-13 12:33:55,0
13,2026-12-02,Liverpool,Sunderland,55.33,25.08,19.59,1-1,"• **Team Strength (Elo)**: Liverpool is favored due to a higher Elo rating (differential of 77 points).
• **Squad Market Value**: Liverpool has a squad value advantage of €615.0M.
• **Transfer Activity**: Liverpool boosted by signing Martin Zubimendi; Sunderland boosted by signing Salis Abdul Samed.
• **Injuries & Availability**: Sunderland is healthier with 100% availability vs. 88% for the opponent.
• **Home Advantage**: Liverpool benefits from playing at home (statistically boosts goal-scoring rate by ~22%).

**Prediction Summary**: Liverpool is predicted to win this fixture with **55.3%** confidence.",2026-09-13 12:33:55,0
13,2026-12-02,Man City,Leeds,58.72,22.73,18.55,1-1,"• **Team Strength (Elo)**: Man City is favored due to a higher Elo rating (differential of 134 points).
• **Squad Market Value**: Man City has a squad value advantage of €1090.0M.
• **Transfer Activity**: Man City boosted by signing Tijjani Reijnders; Leeds boosted by signing Joe Rodon.
• **Injuries & Availability**: Leeds is healthier with 100% availability vs. 68% for the opponent.
• **Home Advantage**: Man City benefits from playing at home (statistically boosts goal-scoring rate by ~22%).

**Prediction Summary**: Man City is predicted to win this fixture with **58.7%** confidence.",2026-09-13 12:33:55,0
13,2026-12-02,Newcastle,Man United,34.2,22.66,43.14,1-1,"• **Team Strength (Elo)**: Man United is favored due to a higher Elo rating (differential of 71 points).
• **Squad Market Value**: Man United has a squad value advantage of €345.0M.
• **Transfer Activity**: Newcastle boosted by signing Lewis Hall; Man United boosted by signing Leny Yoro.
• **Home Advantage**: Newcastle benefits from playing at home (statistically boosts goal-scoring rate by ~22%).

**Prediction Summary**: Man United is predicted to win this fixture with **43.1%** confidence.",2026-09-13 12:33:55,0
13,2026-12-02,Tottenham,Fulham,37.45,27.06,35.49,1-1,"• **Team Strength (Elo)**: Matchup is evenly balanced on historical Elo (differential of 37 points).
• **Squad Market Value**: Tottenham has a squad value advantage of €635.0M.
• **Transfer Activity**: Tottenham boosted by signing Dominic Solanke; Fulham boosted by signing Emile Smith Rowe.
• **Injuries & Availability**: Fulham is healthier with 100% availability vs. 88% for the opponent.
• **Home Advantage**: Tottenham benefits from playing at home (statistically boosts goal-scoring rate by ~22%).

**Prediction Summary**: This matchup is highly contested with a close outcome probability. A Draw (27.1%) is a very strong possibility.",2026-09-13 12:33:55,0
14,2026-12-05,Bournemouth,Hull,36.56,38.13,25.31,0-0,"• **Team Strength (Elo)**: Bournemouth is favored due to a higher Elo rating (differential of 154 points).
• **Squad Market Value**: Bournemouth has a squad value advantage of €487.0M.
• **Transfer Activity**: Bournemouth boosted by signing Evanilson; Hull boosted by signing Charlie Hughes.
• **Injuries & Availability**: Hull is healthier with 100% availability vs. 90% for the opponent.
• **Fatigue**: Both teams are facing congested schedules (midweek matches).
• **Home Advantage**: Bournemouth benefits from playing at home (statistically boosts goal-scoring rate by ~22%).

**Prediction Summary**: Bournemouth is predicted to win this fixture with **36.6%** confidence.",2026-09-13 12:33:55,0
14,2026-12-05,Aston Villa,Crystal Palace,53.4,26.4,20.2,1-0,"• **Team Strength (Elo)**: Aston Villa is favored due to a higher Elo rating (differential of 66 points).
• **Transfer Activity**: Aston Villa boosted by signing Amadou Onana; Crystal Palace boosted by signing Eddie Nketiah.
• **Fatigue**: Both teams are facing congested schedules (midweek matches).
• **Home Advantage**: Aston Villa benefits from playing at home (statistically boosts goal-scoring rate by ~22%).

**Prediction Summary**: Aston Villa is predicted to win this fixture with **53.4%** confidence.",2026-09-13 12:33:55,0
14,2026-12-05,Brentford,Man City,36.28,26.96,36.77,1-1,"• **Team Strength (Elo)**: Man City is favored due to a higher Elo rating (differential of 99 points).
• **Squad Market Value**: Man City has a squad value advantage of €920.0M.
• **Transfer Activity**: Brentford boosted by signing Igor Thiago; Man City boosted by signing Tijjani Reijnders.
• **Injuries & Availability**: Brentford is healthier with 100% availability vs. 68% for the opponent.
• **Fatigue**: Both teams are facing congested schedules (midweek matches).
• **Home Advantage**: Brentford benefits from playing at home (statistically boosts goal-scoring rate by ~22%).

**Prediction Summary**: This matchup is highly contested with a close outcome probability. A Draw (27.0%) is a very strong possibility.",2026-09-13 12:33:55,0
14,2026-12-05,Chelsea,Liverpool,31.82,24.88,43.3,1-1,"• **Team Strength (Elo)**: Liverpool is favored due to a higher Elo rating (differential of 73 points).
• **Squad Market Value**: Chelsea has a squad value advantage of €435.0M.
• **Transfer Activity**: Chelsea boosted by signing Pedro Neto; Liverpool boosted by signing Martin Zubimendi.
• **Injuries & Availability**: Liverpool is healthier with 88% availability vs. 85% for the opponent.
• **Fatigue**: Both teams are facing congested schedules (midweek matches).
• **Home Advantage**: Chelsea benefits from playing at home (statistically boosts goal-scoring rate by ~22%).

**Prediction Summary**: Liverpool is predicted to win this fixture with **43.3%** confidence.",2026-09-13 12:33:55,0
14,2026-12-05,Everton,Fulham,36.48,29.57,33.95,1-1,"• **Team Strength (Elo)**: Matchup is evenly balanced on historical Elo (differential of 9 points).
• **Squad Market Value**: Everton has a squad value advantage of €110.0M.
• **Transfer Activity**: Everton boosted by signing Iliman Ndiaye; Fulham boosted by signing Emile Smith Rowe.
• **Injuries & Availability**: Fulham is healthier with 100% availability vs. 88% for the opponent.
• **Fatigue**: Both teams are facing congested schedules (midweek matches).
• **Home Advantage**: Everton benefits from playing at home (statistically boosts goal-scoring rate by ~22%).

**Prediction Summary**: This matchup is highly contested with a close outcome probability. A Draw (29.6%) is a very strong possibility.",2026-09-13 12:33:55,0
14,2026-12-05,Leeds,Ipswich,65.42,20.18,14.4,2-0,"• **Team Strength (Elo)**: Leeds is favored due to a higher Elo rating (differential of 114 points).
• **Transfer Activity**: Leeds boosted by signing Joe Rodon; Ipswich boosted by signing Omari Hutchinson.
• **Fatigue**: Both teams are facing congested schedules (midweek matches).
• **Home Advantage**: Leeds benefits from playing at home (statistically boosts goal-scoring rate by ~22%).

**Prediction Summary**: Leeds is predicted to win this fixture with **65.4%** confidence.",2026-09-13 12:33:55,0
14,2026-12-05,Man United,Coventry,55.84,24.99,19.17,1-1,"• **Team Strength (Elo)**: Man United is favored due to a higher Elo rating (differential of 170 points).
• **Squad Market Value**: Man United has a squad value advantage of €670.0M.
• **Transfer Activity**: Man United boosted by signing Leny Yoro; Coventry boosted by signing Jack Rudoni.
• **Fatigue**: Both teams are facing congested schedules (midweek matches).
• **Home Advantage**: Man United benefits from playing at home (statistically boosts goal-scoring rate by ~22%).

**Prediction Summary**: Man United is predicted to win this fixture with **55.8%** confidence.",2026-09-13 12:33:55,0
14,2026-12-05,Newcastle,Sunderland,46.91,27.71,25.37,1-1,"• **Team Strength (Elo)**: Matchup is evenly balanced on historical Elo (differential of 18 points).
• **Squad Market Value**: Newcastle has a squad value advantage of €190.0M.
• **Transfer Activity**: Newcastle boosted by signing Lewis Hall; Sunderland boosted by signing Salis Abdul Samed.
• **Fatigue**: Both teams are facing congested schedules (midweek matches).
• **Home Advantage**: Newcastle benefits from playing at home (statistically boosts goal-scoring rate by ~22%).

**Prediction Summary**: Newcastle is predicted to win this fixture with **46.9%** confidence.",2026-09-13 12:33:55,0
14,2026-12-05,Nott'm Forest,Brighton,38.53,27.76,33.71,1-1,"• **Team Strength (Elo)**: Matchup is evenly balanced on historical Elo (differential of 27 points).
• **Squad Market Value**: Brighton has a squad value advantage of €130.0M.
• **Transfer Activity**: Nott'm Forest boosted by signing Elliot Anderson; Brighton boosted by signing Georginio Rutter.
• **Fatigue**: Both teams are facing congested schedules (midweek matches).
• **Home Advantage**: Nott'm Forest benefits from playing at home (statistically boosts goal-scoring rate by ~22%).

**Prediction Summary**: This matchup is highly contested with a close outcome probability. A Draw (27.8%) is a very strong possibility.",2026-09-13 12:33:55,0
14,2026-12-05,Tottenham,Arsenal,16.44,20.75,62.81,0-2,"• **Team Strength (Elo)**: Arsenal is favored due to a higher Elo rating (differential of 187 points).
• **Squad Market Value**: Arsenal has a squad value advantage of €495.0M.
• **Transfer Activity**: Tottenham boosted by signing Dominic Solanke; Arsenal boosted by signing Viktor Gyökeres.
• **Injuries & Availability**: Tottenham is healthier with 88% availability vs. 85% for the opponent.
• **Fatigue**: Both teams are facing congested schedules (midweek matches).
• **Home Advantage**: Tottenham benefits from playing at home (statistically boosts goal-scoring rate by ~22%).

**Prediction Summary**: Arsenal is predicted to win this fixture with **62.8%** confidence.",2026-09-13 12:33:55,0
15,2026-12-12,Arsenal,Bournemouth,62.71,20.6,16.69,2-0,"• **Team Strength (Elo)**: Arsenal is favored due to a higher Elo rating (differential of 100 points).
• **Squad Market Value**: Arsenal has a squad value advantage of €865.0M.
• **Transfer Activity**: Arsenal boosted by signing Viktor Gyökeres; Bournemouth boosted by signing Evanilson.
• **Injuries & Availability**: Bournemouth is healthier with 90% availability vs. 85% for the opponent.
• **Fatigue**: Arsenal is on short rest (midweek match congestion) while Bournemouth is fully rested.
• **Home Advantage**: Arsenal benefits from playing at home (statistically boosts goal-scoring rate by ~22%).

**Prediction Summary**: Arsenal is predicted to win this fixture with **62.7%** confidence.",2026-09-13 12:33:55,0
15,2026-12-12,Brighton,Everton,52.9,24.85,22.25,1-1,"• **Team Strength (Elo)**: Matchup is evenly balanced on historical Elo (differential of 45 points).
• **Squad Market Value**: Brighton has a squad value advantage of €235.0M.
• **Transfer Activity**: Brighton boosted by signing Georginio Rutter; Everton boosted by signing Iliman Ndiaye.
• **Injuries & Availability**: Brighton is healthier with 100% availability vs. 88% for the opponent.
• **Home Advantage**: Brighton benefits from playing at home (statistically boosts goal-scoring rate by ~22%).

**Prediction Summary**: Brighton is predicted to win this fixture with **52.9%** confidence.",2026-09-13 12:33:55,0
15,2026-12-12,Coventry,Aston Villa,38.03,23.16,38.81,1-1,"• **Team Strength (Elo)**: Aston Villa is favored due to a higher Elo rating (differential of 140 points).
• **Squad Market Value**: Aston Villa has a squad value advantage of €305.0M.
• **Transfer Activity**: Coventry boosted by signing Jack Rudoni; Aston Villa boosted by signing Amadou Onana.
• **Injuries & Availability**: Coventry is healthier with 100% availability vs. 85% for the opponent.
• **Fatigue**: Aston Villa is on short rest (midweek match congestion) while Coventry is fully rested.
• **Home Advantage**: Coventry benefits from playing at home (statistically boosts goal-scoring rate by ~22%).

**Prediction Summary**: This matchup is highly contested with a close outcome probability. A Draw (23.2%) is a very strong possibility.",2026-09-13 12:33:55,0
15,2026-12-12,Crystal Palace,Man United,27.97,26.57,45.46,1-1,"• **Team Strength (Elo)**: Man United is favored due to a higher Elo rating (differential of 97 points).
• **Squad Market Value**: Man United has a squad value advantage of €420.0M.
• **Transfer Activity**: Crystal Palace boosted by signing Eddie Nketiah; Man United boosted by signing Leny Yoro.
• **Fatigue**: Man United is on short rest (midweek match congestion) while Crystal Palace is fully rested.
• **Home Advantage**: Crystal Palace benefits from playing at home (statistically boosts goal-scoring rate by ~22%).

**Prediction Summary**: Man United is predicted to win this fixture with **45.5%** confidence.",2026-09-13 12:33:55,0
15,2026-12-12,Fulham,Brentford,35.26,27.24,37.5,1-1,"• **Team Strength (Elo)**: Matchup is evenly balanced on historical Elo (differential of 24 points).
• **Squad Market Value**: Brentford has a squad value advantage of €250.0M.
• **Transfer Activity**: Fulham boosted by signing Emile Smith Rowe; Brentford boosted by signing Igor Thiago.
• **Home Advantage**: Fulham benefits from playing at home (statistically boosts goal-scoring rate by ~22%).

**Prediction Summary**: This matchup is highly contested with a close outcome probability. A Draw (27.2%) is a very strong possibility.",2026-09-13 12:33:55,0
15,2026-12-12,Hull,Tottenham,17.07,37.3,45.63,0-0,"• **Team Strength (Elo)**: Tottenham is favored due to a higher Elo rating (differential of 75 points).
• **Squad Market Value**: Tottenham has a squad value advantage of €857.0M.
• **Transfer Activity**: Hull boosted by signing Charlie Hughes; Tottenham boosted by signing Dominic Solanke.
• **Fatigue**: Tottenham is on short rest (midweek match congestion) while Hull is fully rested.
• **Home Advantage**: Hull benefits from playing at home (statistically boosts goal-scoring rate by ~22%).

**Prediction Summary**: Tottenham is predicted to win this fixture with **45.6%** confidence.",2026-09-13 12:33:55,0
15,2026-12-12,Ipswich,Newcastle,16.55,20.72,62.73,1-1,"• **Team Strength (Elo)**: Newcastle is favored due to a higher Elo rating (differential of 146 points).
• **Squad Market Value**: Newcastle has a squad value advantage of €270.0M.
• **Transfer Activity**: Ipswich boosted by signing Omari Hutchinson; Newcastle boosted by signing Lewis Hall.
• **Home Advantage**: Ipswich benefits from playing at home (statistically boosts goal-scoring rate by ~22%).

**Prediction Summary**: Newcastle is predicted to win this fixture with **62.7%** confidence.",2026-09-13 12:33:55,0
15,2026-12-12,Liverpool,Leeds,57.97,22.89,19.13,1-1,"• **Team Strength (Elo)**: Liverpool is favored due to a higher Elo rating (differential of 80 points).
• **Squad Market Value**: Liverpool has a squad value advantage of €600.0M.
• **Transfer Activity**: Liverpool boosted by signing Martin Zubimendi; Leeds boosted by signing Joe Rodon.
• **Injuries & Availability**: Leeds is healthier with 100% availability vs. 88% for the opponent.
• **Fatigue**: Liverpool is on short rest (midweek match congestion) while Leeds is fully rested.
• **Home Advantage**: Liverpool benefits from playing at home (statistically boosts goal-scoring rate by ~22%).

**Prediction Summary**: Liverpool is predicted to win this fixture with **58.0%** confidence.",2026-09-13 12:33:55,0
15,2026-12-12,Man City,Chelsea,58.47,23.66,17.87,1-1,"• **Team Strength (Elo)**: Man City is favored due to a higher Elo rating (differential of 123 points).
• **Transfer Activity**: Man City boosted by signing Tijjani Reijnders; Chelsea boosted by signing Pedro Neto.
• **Injuries & Availability**: Chelsea is healthier with 85% availability vs. 68% for the opponent.
• **Fatigue**: Both teams are facing congested schedules (midweek matches).
• **Home Advantage**: Man City benefits from playing at home (statistically boosts goal-scoring rate by ~22%).

**Prediction Summary**: Man City is predicted to win this fixture with **58.5%** confidence.",2026-09-13 12:33:55,0
15,2026-12-12,Sunderland,Nott'm Forest,32.91,28.22,38.87,1-1,"• **Team Strength (Elo)**: Matchup is evenly balanced on historical Elo (differential of 32 points).
• **Squad Market Value**: Nott'm Forest has a squad value advantage of €150.0M.
• **Transfer Activity**: Sunderland boosted by signing Salis Abdul Samed; Nott'm Forest boosted by signing Elliot Anderson.
• **Home Advantage**: Sunderland benefits from playing at home (statistically boosts goal-scoring rate by ~22%).

**Prediction Summary**: Nott'm Forest is predicted to win this fixture with **38.9%** confidence.",2026-09-13 12:33:55,0
16,2026-12-19,Bournemouth,Coventry,48.02,24.18,27.8,1-1,"• **Team Strength (Elo)**: Bournemouth is favored due to a higher Elo rating (differential of 129 points).
• **Squad Market Value**: Bournemouth has a squad value advantage of €335.0M.
• **Transfer Activity**: Bournemouth boosted by signing Evanilson; Coventry boosted by signing Jack Rudoni.
• **Injuries & Availability**: Coventry is healthier with 100% availability vs. 90% for the opponent.
• **Home Advantage**: Bournemouth benefits from playing at home (statistically boosts goal-scoring rate by ~22%).

**Prediction Summary**: Bournemouth is predicted to win this fixture with **48.0%** confidence.",2026-09-13 12:33:55,0
16,2026-12-19,Arsenal,Man United,49.77,27.04,23.19,1-1,"• **Team Strength (Elo)**: Arsenal is favored due to a higher Elo rating (differential of 65 points).
• **Squad Market Value**: Arsenal has a squad value advantage of €530.0M.
• **Transfer Activity**: Arsenal boosted by signing Viktor Gyökeres; Man United boosted by signing Leny Yoro.
• **Injuries & Availability**: Man United is healthier with 100% availability vs. 85% for the opponent.
• **Fatigue**: Both teams are facing congested schedules (midweek matches).
• **Home Advantage**: Arsenal benefits from playing at home (statistically boosts goal-scoring rate by ~22%).

**Prediction Summary**: Arsenal is predicted to win this fixture with **49.8%** confidence.",2026-09-13 12:33:55,0
16,2026-12-19,Brentford,Newcastle,42.88,25.23,31.88,1-1,"• **Team Strength (Elo)**: Matchup is evenly balanced on historical Elo (differential of 8 points).
• **Transfer Activity**: Brentford boosted by signing Igor Thiago; Newcastle boosted by signing Lewis Hall.
• **Home Advantage**: Brentford benefits from playing at home (statistically boosts goal-scoring rate by ~22%).

**Prediction Summary**: Brentford is predicted to win this fixture with **42.9%** confidence.",2026-09-13 12:33:55,0
16,2026-12-19,Brighton,Ipswich,75.4,15.16,9.44,2-0,"• **Team Strength (Elo)**: Brighton is favored due to a higher Elo rating (differential of 176 points).
• **Squad Market Value**: Brighton has a squad value advantage of €360.0M.
• **Transfer Activity**: Brighton boosted by signing Georginio Rutter; Ipswich boosted by signing Omari Hutchinson.
• **Injuries & Availability**: Ipswich is healthier with 100% availability vs. 88% for the opponent.
• **Home Advantage**: Brighton benefits from playing at home (statistically boosts goal-scoring rate by ~22%).

**Prediction Summary**: Brighton is predicted to win this fixture with **75.4%** confidence.",2026-09-13 12:33:55,0
16,2026-12-19,Chelsea,Aston Villa,35.44,28.9,35.66,1-1,"• **Team Strength (Elo)**: Aston Villa is favored due to a higher Elo rating (differential of 54 points).
• **Squad Market Value**: Chelsea has a squad value advantage of €880.0M.
• **Transfer Activity**: Chelsea boosted by signing Pedro Neto; Aston Villa boosted by signing Amadou Onana.
• **Injuries & Availability**: Both squads are dealing with minor availability losses (~15% out).
• **Fatigue**: Both teams are facing congested schedules (midweek matches).
• **Home Advantage**: Chelsea benefits from playing at home (statistically boosts goal-scoring rate by ~22%).

**Prediction Summary**: This matchup is highly contested with a close outcome probability. A Draw (28.9%) is a very strong possibility.",2026-09-13 12:33:55,0
16,2026-12-19,Leeds,Fulham,37.91,28.54,33.54,1-1,"• **Team Strength (Elo)**: Matchup is evenly balanced on historical Elo (differential of 18 points).
• **Transfer Activity**: Leeds boosted by signing Joe Rodon; Fulham boosted by signing Emile Smith Rowe.
• **Home Advantage**: Leeds benefits from playing at home (statistically boosts goal-scoring rate by ~22%).

**Prediction Summary**: This matchup is highly contested with a close outcome probability. A Draw (28.5%) is a very strong possibility.",2026-09-13 12:33:55,0
16,2026-12-19,Liverpool,Tottenham,61.71,20.4,17.89,1-1,"• **Team Strength (Elo)**: Liverpool is favored due to a higher Elo rating (differential of 104 points).
• **Transfer Activity**: Liverpool boosted by signing Martin Zubimendi; Tottenham boosted by signing Dominic Solanke.
• **Injuries & Availability**: Tottenham is healthier with 100% availability vs. 88% for the opponent.
• **Fatigue**: Both teams are facing congested schedules (midweek matches).
• **Home Advantage**: Liverpool benefits from playing at home (statistically boosts goal-scoring rate by ~22%).

**Prediction Summary**: Liverpool is predicted to win this fixture with **61.7%** confidence.",2026-09-13 12:33:55,0
16,2026-12-19,Man City,Hull,36.9,32.76,30.34,0-0,"• **Team Strength (Elo)**: Man City is favored due to a higher Elo rating (differential of 218 points).
• **Squad Market Value**: Man City has a squad value advantage of €1392.0M.
• **Transfer Activity**: Man City boosted by signing Tijjani Reijnders; Hull boosted by signing Charlie Hughes.
• **Injuries & Availability**: Hull is healthier with 100% availability vs. 68% for the opponent.
• **Fatigue**: Man City is on short rest (midweek match congestion) while Hull is fully rested.
• **Home Advantage**: Man City benefits from playing at home (statistically boosts goal-scoring rate by ~22%).

**Prediction Summary**: Man City is predicted to win this fixture with **36.9%** confidence.",2026-09-13 12:33:55,0
16,2026-12-19,Nott'm Forest,Everton,49.71,25.82,24.46,1-1,"• **Team Strength (Elo)**: Matchup is evenly balanced on historical Elo (differential of 22 points).
• **Squad Market Value**: Nott'm Forest has a squad value advantage of €105.0M.
• **Transfer Activity**: Nott'm Forest boosted by signing Elliot Anderson; Everton boosted by signing Iliman Ndiaye.
• **Injuries & Availability**: Nott'm Forest is healthier with 100% availability vs. 88% for the opponent.
• **Home Advantage**: Nott'm Forest benefits from playing at home (statistically boosts goal-scoring rate by ~22%).

**Prediction Summary**: Nott'm Forest is predicted to win this fixture with **49.7%** confidence.",2026-09-13 12:33:55,0
16,2026-12-19,Sunderland,Crystal Palace,38.81,29.6,31.59,1-1,"• **Team Strength (Elo)**: Matchup is evenly balanced on historical Elo (differential of 0 points).
• **Squad Market Value**: Crystal Palace has a squad value advantage of €115.0M.
• **Transfer Activity**: Sunderland boosted by signing Salis Abdul Samed; Crystal Palace boosted by signing Eddie Nketiah.
• **Home Advantage**: Sunderland benefits from playing at home (statistically boosts goal-scoring rate by ~22%).

**Prediction Summary**: Sunderland is predicted to win this fixture with **38.8%** confidence.",2026-09-13 12:33:55,0
17,2026-12-26,Aston Villa,Leeds,47.8,27.32,24.88,1-1,"• **Team Strength (Elo)**: Aston Villa is favored due to a higher Elo rating (differential of 60 points).
• **Squad Market Value**: Aston Villa has a squad value advantage of €155.0M.
• **Transfer Activity**: Aston Villa boosted by signing Amadou Onana; Leeds boosted by signing Joe Rodon.
• **Injuries & Availability**: Leeds is healthier with 100% availability vs. 85% for the opponent.
• **Home Advantage**: Aston Villa benefits from playing at home (statistically boosts goal-scoring rate by ~22%).

**Prediction Summary**: Aston Villa is predicted to win this fixture with **47.8%** confidence.",2026-09-13 12:33:55,0
17,2026-12-26,Everton,Sunderland,41.04,29.41,29.55,1-1,"• **Team Strength (Elo)**: Matchup is evenly balanced on historical Elo (differential of 8 points).
• **Transfer Activity**: Everton boosted by signing Iliman Ndiaye; Sunderland boosted by signing Salis Abdul Samed.
• **Home Advantage**: Everton benefits from playing at home (statistically boosts goal-scoring rate by ~22%).

**Prediction Summary**: Everton is predicted to win this fixture with **41.0%** confidence.",2026-09-13 12:33:55,0
17,2026-12-26,Fulham,Brighton,35.91,27.59,36.49,1-1,"• **Team Strength (Elo)**: Matchup is evenly balanced on historical Elo (differential of 43 points).
• **Squad Market Value**: Brighton has a squad value advantage of €345.0M.
• **Transfer Activity**: Fulham boosted by signing Emile Smith Rowe; Brighton boosted by signing Georginio Rutter.
• **Injuries & Availability**: Fulham is healthier with 100% availability vs. 88% for the opponent.
• **Home Advantage**: Fulham benefits from playing at home (statistically boosts goal-scoring rate by ~22%).

**Prediction Summary**: This matchup is highly contested with a close outcome probability. A Draw (27.6%) is a very strong possibility.",2026-09-13 12:33:55,0
17,2026-12-26,Hull,Liverpool,9.51,26.74,63.75,0-1,"• **Team Strength (Elo)**: Liverpool is favored due to a higher Elo rating (differential of 182 points).
• **Squad Market Value**: Liverpool has a squad value advantage of €902.0M.
• **Transfer Activity**: Hull boosted by signing Charlie Hughes; Liverpool boosted by signing Martin Zubimendi.
• **Injuries & Availability**: Hull is healthier with 100% availability vs. 88% for the opponent.
• **Home Advantage**: Hull benefits from playing at home (statistically boosts goal-scoring rate by ~22%).

**Prediction Summary**: Liverpool is predicted to win this fixture with **63.8%** confidence.",2026-09-13 12:33:55,0
17,2026-12-26,Ipswich,Brentford,13.67,19.87,66.46,1-1,"• **Team Strength (Elo)**: Brentford is favored due to a higher Elo rating (differential of 170 points).
• **Squad Market Value**: Brentford has a squad value advantage of €265.0M.
• **Transfer Activity**: Ipswich boosted by signing Omari Hutchinson; Brentford boosted by signing Igor Thiago.
• **Home Advantage**: Ipswich benefits from playing at home (statistically boosts goal-scoring rate by ~22%).

**Prediction Summary**: Brentford is predicted to win this fixture with **66.5%** confidence.",2026-09-13 12:33:55,0
17,2026-12-26,Newcastle,Man City,36.17,25.44,38.39,1-1,"• **Team Strength (Elo)**: Man City is favored due to a higher Elo rating (differential of 99 points).
• **Squad Market Value**: Man City has a squad value advantage of €915.0M.
• **Transfer Activity**: Newcastle boosted by signing Lewis Hall; Man City boosted by signing Tijjani Reijnders.
• **Injuries & Availability**: Newcastle is healthier with 100% availability vs. 68% for the opponent.
• **Home Advantage**: Newcastle benefits from playing at home (statistically boosts goal-scoring rate by ~22%).

**Prediction Summary**: This matchup is highly contested with a close outcome probability. A Draw (25.4%) is a very strong possibility.",2026-09-13 12:33:55,0
17,2026-12-26,Tottenham,Bournemouth,31.88,23.44,44.68,1-1,"• **Team Strength (Elo)**: Bournemouth is favored due to a higher Elo rating (differential of 83 points).
• **Squad Market Value**: Tottenham has a squad value advantage of €370.0M.
• **Transfer Activity**: Tottenham boosted by signing Dominic Solanke; Bournemouth boosted by signing Evanilson.
• **Home Advantage**: Tottenham benefits from playing at home (statistically boosts goal-scoring rate by ~22%).

**Prediction Summary**: Bournemouth is predicted to win this fixture with **44.7%** confidence.",2026-09-13 12:33:55,0
17,2026-12-27,Coventry,Chelsea,39.17,25.84,34.99,1-1,"• **Team Strength (Elo)**: Chelsea is favored due to a higher Elo rating (differential of 82 points).
• **Squad Market Value**: Chelsea has a squad value advantage of €1185.0M.
• **Transfer Activity**: Coventry boosted by signing Jack Rudoni; Chelsea boosted by signing Pedro Neto.
• **Home Advantage**: Coventry benefits from playing at home (statistically boosts goal-scoring rate by ~22%).

**Prediction Summary**: This matchup is highly contested with a close outcome probability. A Draw (25.8%) is a very strong possibility.",2026-09-13 12:33:55,0
17,2026-12-27,Crystal Palace,Arsenal,19.41,21.39,59.2,0-2,"• **Team Strength (Elo)**: Arsenal is favored due to a higher Elo rating (differential of 170 points).
• **Squad Market Value**: Arsenal has a squad value advantage of €950.0M.
• **Transfer Activity**: Crystal Palace boosted by signing Eddie Nketiah; Arsenal boosted by signing Viktor Gyökeres.
• **Home Advantage**: Crystal Palace benefits from playing at home (statistically boosts goal-scoring rate by ~22%).

**Prediction Summary**: Arsenal is predicted to win this fixture with **59.2%** confidence.",2026-09-13 12:33:55,0
17,2026-12-27,Man United,Nott'm Forest,53.54,23.96,22.5,1-1,"• **Team Strength (Elo)**: Man United is favored due to a higher Elo rating (differential of 61 points).
• **Squad Market Value**: Man United has a squad value advantage of €385.0M.
• **Transfer Activity**: Man United boosted by signing Leny Yoro; Nott'm Forest boosted by signing Elliot Anderson.
• **Home Advantage**: Man United benefits from playing at home (statistically boosts goal-scoring rate by ~22%).

**Prediction Summary**: Man United is predicted to win this fixture with **53.5%** confidence.",2026-09-13 12:33:55,0
18,2026-12-29,Everton,Man City,30.39,29.75,39.86,1-1,"• **Team Strength (Elo)**: Man City is favored due to a higher Elo rating (differential of 121 points).
• **Squad Market Value**: Man City has a squad value advantage of €1060.0M.
• **Transfer Activity**: Everton boosted by signing Iliman Ndiaye; Man City boosted by signing Tijjani Reijnders.
• **Injuries & Availability**: Everton is healthier with 100% availability vs. 68% for the opponent.
• **Fatigue**: Both teams are facing congested schedules (midweek matches).
• **Home Advantage**: Everton benefits from playing at home (statistically boosts goal-scoring rate by ~22%).

**Prediction Summary**: Man City is predicted to win this fixture with **39.9%** confidence.",2026-09-13 12:33:55,0
18,2026-12-29,Hull,Leeds,13.29,38.68,48.03,0-0,"• **Team Strength (Elo)**: Leeds is favored due to a higher Elo rating (differential of 105 points).
• **Squad Market Value**: Leeds has a squad value advantage of €302.0M.
• **Transfer Activity**: Hull boosted by signing Charlie Hughes; Leeds boosted by signing Joe Rodon.
• **Fatigue**: Both teams are facing congested schedules (midweek matches).
• **Home Advantage**: Hull benefits from playing at home (statistically boosts goal-scoring rate by ~22%).

**Prediction Summary**: Leeds is predicted to win this fixture with **48.0%** confidence.",2026-09-13 12:33:55,0
18,2026-12-29,Tottenham,Brighton,32.97,25.28,41.75,1-1,"• **Team Strength (Elo)**: Brighton is favored due to a higher Elo rating (differential of 86 points).
• **Squad Market Value**: Tottenham has a squad value advantage of €290.0M.
• **Transfer Activity**: Tottenham boosted by signing Dominic Solanke; Brighton boosted by signing Georginio Rutter.
• **Injuries & Availability**: Tottenham is healthier with 100% availability vs. 88% for the opponent.
• **Fatigue**: Both teams are facing congested schedules (midweek matches).
• **Home Advantage**: Tottenham benefits from playing at home (statistically boosts goal-scoring rate by ~22%).

**Prediction Summary**: Brighton is predicted to win this fixture with **41.8%** confidence.",2026-09-13 12:33:55,0
18,2026-12-30,Aston Villa,Liverpool,35.04,23.52,41.44,1-1,"• **Team Strength (Elo)**: Matchup is evenly balanced on historical Elo (differential of 32 points).
• **Squad Market Value**: Liverpool has a squad value advantage of €445.0M.
• **Transfer Activity**: Aston Villa boosted by signing Amadou Onana; Liverpool boosted by signing Martin Zubimendi.
• **Injuries & Availability**: Liverpool is healthier with 88% availability vs. 85% for the opponent.
• **Home Advantage**: Aston Villa benefits from playing at home (statistically boosts goal-scoring rate by ~22%).

**Prediction Summary**: Liverpool is predicted to win this fixture with **41.4%** confidence.",2026-09-13 12:33:55,0
18,2026-12-30,Coventry,Brentford,30.49,24.6,44.91,1-1,"• **Team Strength (Elo)**: Brentford is favored due to a higher Elo rating (differential of 119 points).
• **Squad Market Value**: Brentford has a squad value advantage of €320.0M.
• **Transfer Activity**: Coventry boosted by signing Jack Rudoni; Brentford boosted by signing Igor Thiago.
• **Fatigue**: Coventry is on short rest (midweek match congestion) while Brentford is fully rested.
• **Home Advantage**: Coventry benefits from playing at home (statistically boosts goal-scoring rate by ~22%).

**Prediction Summary**: Brentford is predicted to win this fixture with **44.9%** confidence.",2026-09-13 12:33:55,0
18,2026-12-30,Crystal Palace,Bournemouth,30.44,25.94,43.62,1-1,"• **Team Strength (Elo)**: Bournemouth is favored due to a higher Elo rating (differential of 71 points).
• **Transfer Activity**: Crystal Palace boosted by signing Eddie Nketiah; Bournemouth boosted by signing Evanilson.
• **Fatigue**: Crystal Palace is on short rest (midweek match congestion) while Bournemouth is fully rested.
• **Home Advantage**: Crystal Palace benefits from playing at home (statistically boosts goal-scoring rate by ~22%).

**Prediction Summary**: Bournemouth is predicted to win this fixture with **43.6%** confidence.",2026-09-13 12:33:55,0
18,2026-12-30,Fulham,Arsenal,19.84,24.94,55.22,0-1,"• **Team Strength (Elo)**: Arsenal is favored due to a higher Elo rating (differential of 155 points).
• **Squad Market Value**: Arsenal has a squad value advantage of €1130.0M.
• **Transfer Activity**: Fulham boosted by signing Emile Smith Rowe; Arsenal boosted by signing Viktor Gyökeres.
• **Fatigue**: Arsenal is on short rest (midweek match congestion) while Fulham is fully rested.
• **Home Advantage**: Fulham benefits from playing at home (statistically boosts goal-scoring rate by ~22%).

**Prediction Summary**: Arsenal is predicted to win this fixture with **55.2%** confidence.",2026-09-13 12:33:55,0
18,2026-12-30,Ipswich,Chelsea,21.57,25.72,52.71,1-1,"• **Team Strength (Elo)**: Chelsea is favored due to a higher Elo rating (differential of 142 points).
• **Squad Market Value**: Chelsea has a squad value advantage of €1130.0M.
• **Transfer Activity**: Ipswich boosted by signing Omari Hutchinson; Chelsea boosted by signing Pedro Neto.
• **Fatigue**: Chelsea is on short rest (midweek match congestion) while Ipswich is fully rested.
• **Home Advantage**: Ipswich benefits from playing at home (statistically boosts goal-scoring rate by ~22%).

**Prediction Summary**: Chelsea is predicted to win this fixture with **52.7%** confidence.",2026-09-13 12:33:55,0
18,2026-12-30,Man United,Sunderland,57.88,24.09,18.04,1-1,"• **Team Strength (Elo)**: Man United is favored due to a higher Elo rating (differential of 93 points).
• **Squad Market Value**: Man United has a squad value advantage of €535.0M.
• **Transfer Activity**: Man United boosted by signing Leny Yoro; Sunderland boosted by signing Salis Abdul Samed.
• **Fatigue**: Man United is on short rest (midweek match congestion) while Sunderland is fully rested.
• **Home Advantage**: Man United benefits from playing at home (statistically boosts goal-scoring rate by ~22%).

**Prediction Summary**: Man United is predicted to win this fixture with **57.9%** confidence.",2026-09-13 12:33:55,0
18,2026-12-30,Newcastle,Nott'm Forest,44.55,25.81,29.64,1-1,"• **Team Strength (Elo)**: Matchup is evenly balanced on historical Elo (differential of 5 points).
• **Transfer Activity**: Newcastle boosted by signing Lewis Hall; Nott'm Forest boosted by signing Elliot Anderson.
• **Fatigue**: Nott'm Forest is on short rest (midweek match congestion) while Newcastle is fully rested.
• **Home Advantage**: Newcastle benefits from playing at home (statistically boosts goal-scoring rate by ~22%).

**Prediction Summary**: Newcastle is predicted to win this fixture with **44.6%** confidence.",2026-09-13 12:33:55,0
19,2027-01-01,Leeds,Everton,38.24,28.56,33.2,1-1,"• **Team Strength (Elo)**: Matchup is evenly balanced on historical Elo (differential of 6 points).
• **Transfer Activity**: Leeds boosted by signing Joe Rodon; Everton boosted by signing Iliman Ndiaye.
• **Fatigue**: Both teams are facing congested schedules (midweek matches).
• **Home Advantage**: Leeds benefits from playing at home (statistically boosts goal-scoring rate by ~22%).

**Prediction Summary**: Leeds is predicted to win this fixture with **38.2%** confidence.",2026-09-13 12:33:55,0
19,2027-01-02,Bournemouth,Aston Villa,45.56,26.76,27.68,1-1,"• **Team Strength (Elo)**: Matchup is evenly balanced on historical Elo (differential of 2 points).
• **Transfer Activity**: Bournemouth boosted by signing Evanilson; Aston Villa boosted by signing Amadou Onana.
• **Injuries & Availability**: Bournemouth is healthier with 100% availability vs. 85% for the opponent.
• **Fatigue**: Both teams are facing congested schedules (midweek matches).
• **Home Advantage**: Bournemouth benefits from playing at home (statistically boosts goal-scoring rate by ~22%).

**Prediction Summary**: Bournemouth is predicted to win this fixture with **45.6%** confidence.",2026-09-13 12:33:55,0
19,2027-01-02,Arsenal,Ipswich,88.71,5.84,5.45,4-0,"• **Team Strength (Elo)**: Arsenal is favored due to a higher Elo rating (differential of 300 points).
• **Squad Market Value**: Arsenal has a squad value advantage of €1145.0M.
• **Transfer Activity**: Arsenal boosted by signing Viktor Gyökeres; Ipswich boosted by signing Omari Hutchinson.
• **Fatigue**: Both teams are facing congested schedules (midweek matches).
• **Home Advantage**: Arsenal benefits from playing at home (statistically boosts goal-scoring rate by ~22%).

**Prediction Summary**: Arsenal is predicted to win this fixture with **88.7%** confidence.",2026-09-13 12:33:55,0
19,2027-01-02,Brentford,Crystal Palace,51.32,25.59,23.09,1-1,"• **Team Strength (Elo)**: Brentford is favored due to a higher Elo rating (differential of 53 points).
• **Transfer Activity**: Brentford boosted by signing Igor Thiago; Crystal Palace boosted by signing Eddie Nketiah.
• **Fatigue**: Both teams are facing congested schedules (midweek matches).
• **Home Advantage**: Brentford benefits from playing at home (statistically boosts goal-scoring rate by ~22%).

**Prediction Summary**: Brentford is predicted to win this fixture with **51.3%** confidence.",2026-09-13 12:33:55,0
19,2027-01-02,Brighton,Man United,36.44,24.23,39.33,1-1,"• **Team Strength (Elo)**: Matchup is evenly balanced on historical Elo (differential of 38 points).
• **Squad Market Value**: Man United has a squad value advantage of €255.0M.
• **Transfer Activity**: Brighton boosted by signing Georginio Rutter; Man United boosted by signing Leny Yoro.
• **Injuries & Availability**: Man United is healthier with 100% availability vs. 88% for the opponent.
• **Fatigue**: Man United is on short rest (midweek match congestion) while Brighton is fully rested.
• **Home Advantage**: Brighton benefits from playing at home (statistically boosts goal-scoring rate by ~22%).

**Prediction Summary**: This matchup is highly contested with a close outcome probability. A Draw (24.2%) is a very strong possibility.",2026-09-13 12:33:55,0
19,2027-01-02,Liverpool,Coventry,52.99,24.59,22.42,1-1,"• **Team Strength (Elo)**: Liverpool is favored due to a higher Elo rating (differential of 157 points).
• **Squad Market Value**: Liverpool has a squad value advantage of €750.0M.
• **Transfer Activity**: Liverpool boosted by signing Martin Zubimendi; Coventry boosted by signing Jack Rudoni.
• **Injuries & Availability**: Coventry is healthier with 100% availability vs. 88% for the opponent.
• **Fatigue**: Both teams are facing congested schedules (midweek matches).
• **Home Advantage**: Liverpool benefits from playing at home (statistically boosts goal-scoring rate by ~22%).

**Prediction Summary**: Liverpool is predicted to win this fixture with **53.0%** confidence.",2026-09-13 12:33:55,0
19,2027-01-02,Nott'm Forest,Fulham,45.06,27.34,27.59,1-1,"• **Team Strength (Elo)**: Matchup is evenly balanced on historical Elo (differential of 19 points).
• **Squad Market Value**: Nott'm Forest has a squad value advantage of €215.0M.
• **Transfer Activity**: Nott'm Forest boosted by signing Elliot Anderson; Fulham boosted by signing Emile Smith Rowe.
• **Fatigue**: Both teams are facing congested schedules (midweek matches).
• **Home Advantage**: Nott'm Forest benefits from playing at home (statistically boosts goal-scoring rate by ~22%).

**Prediction Summary**: Nott'm Forest is predicted to win this fixture with **45.1%** confidence.",2026-09-13 12:33:55,0
19,2027-01-02,Sunderland,Hull,35.64,46.08,18.28,0-0,"• **Team Strength (Elo)**: Sunderland is favored due to a higher Elo rating (differential of 93 points).
• **Squad Market Value**: Sunderland has a squad value advantage of €287.0M.
• **Transfer Activity**: Sunderland boosted by signing Salis Abdul Samed; Hull boosted by signing Charlie Hughes.
• **Fatigue**: Sunderland is on short rest (midweek match congestion) while Hull is fully rested.
• **Home Advantage**: Sunderland benefits from playing at home (statistically boosts goal-scoring rate by ~22%).

**Prediction Summary**: Sunderland is predicted to win this fixture with **35.6%** confidence.",2026-09-13 12:33:55,0
19,2027-01-03,Chelsea,Newcastle,39.32,25.3,35.37,1-1,"• **Team Strength (Elo)**: Matchup is evenly balanced on historical Elo (differential of 20 points).
• **Squad Market Value**: Chelsea has a squad value advantage of €860.0M.
• **Transfer Activity**: Chelsea boosted by signing Pedro Neto; Newcastle boosted by signing Lewis Hall.
• **Home Advantage**: Chelsea benefits from playing at home (statistically boosts goal-scoring rate by ~22%).

**Prediction Summary**: This matchup is highly contested with a close outcome probability. A Draw (25.3%) is a very strong possibility.",2026-09-13 12:33:55,0
19,2027-01-03,Man City,Tottenham,60.29,21.44,18.27,2-1,"• **Team Strength (Elo)**: Man City is favored due to a higher Elo rating (differential of 151 points).
• **Squad Market Value**: Man City has a squad value advantage of €535.0M.
• **Transfer Activity**: Man City boosted by signing Tijjani Reijnders; Tottenham boosted by signing Dominic Solanke.
• **Injuries & Availability**: Tottenham is healthier with 100% availability vs. 68% for the opponent.
• **Home Advantage**: Man City benefits from playing at home (statistically boosts goal-scoring rate by ~22%).

**Prediction Summary**: Man City is predicted to win this fixture with **60.3%** confidence.",2026-09-13 12:33:55,0
20,2027-01-05,Arsenal,Brentford,66.62,18.92,14.45,2-0,"• **Team Strength (Elo)**: Arsenal is favored due to a higher Elo rating (differential of 125 points).
• **Squad Market Value**: Arsenal has a squad value advantage of €880.0M.
• **Transfer Activity**: Arsenal boosted by signing Viktor Gyökeres; Brentford boosted by signing Igor Thiago.
• **Fatigue**: Both teams are facing congested schedules (midweek matches).
• **Home Advantage**: Arsenal benefits from playing at home (statistically boosts goal-scoring rate by ~22%).

**Prediction Summary**: Arsenal is predicted to win this fixture with **66.6%** confidence.",2026-09-13 12:33:55,0
20,2027-01-05,Brighton,Bournemouth,40.24,26.65,33.11,1-1,"• **Team Strength (Elo)**: Matchup is evenly balanced on historical Elo (differential of 8 points).
• **Transfer Activity**: Brighton boosted by signing Georginio Rutter; Bournemouth boosted by signing Evanilson.
• **Injuries & Availability**: Bournemouth is healthier with 100% availability vs. 88% for the opponent.
• **Fatigue**: Both teams are facing congested schedules (midweek matches).
• **Home Advantage**: Brighton benefits from playing at home (statistically boosts goal-scoring rate by ~22%).

**Prediction Summary**: Brighton is predicted to win this fixture with **40.2%** confidence.",2026-09-13 12:33:55,0
20,2027-01-05,Everton,Aston Villa,38.03,26.45,35.52,1-1,"• **Team Strength (Elo)**: Aston Villa is favored due to a higher Elo rating (differential of 51 points).
• **Squad Market Value**: Aston Villa has a squad value advantage of €125.0M.
• **Transfer Activity**: Everton boosted by signing Iliman Ndiaye; Aston Villa boosted by signing Amadou Onana.
• **Injuries & Availability**: Everton is healthier with 100% availability vs. 85% for the opponent.
• **Fatigue**: Aston Villa is on short rest (midweek match congestion) while Everton is fully rested.
• **Home Advantage**: Everton benefits from playing at home (statistically boosts goal-scoring rate by ~22%).

**Prediction Summary**: This matchup is highly contested with a close outcome probability. A Draw (26.5%) is a very strong possibility.",2026-09-13 12:33:55,0
20,2027-01-05,Nott'm Forest,Hull,42.35,40.32,17.33,0-0,"• **Team Strength (Elo)**: Nott'm Forest is favored due to a higher Elo rating (differential of 122 points).
• **Squad Market Value**: Nott'm Forest has a squad value advantage of €437.0M.
• **Transfer Activity**: Nott'm Forest boosted by signing Elliot Anderson; Hull boosted by signing Charlie Hughes.
• **Fatigue**: Both teams are facing congested schedules (midweek matches).
• **Home Advantage**: Nott'm Forest benefits from playing at home (statistically boosts goal-scoring rate by ~22%).

**Prediction Summary**: Nott'm Forest is predicted to win this fixture with **42.4%** confidence.",2026-09-13 12:33:55,0
20,2027-01-05,Sunderland,Liverpool,27.66,26.57,45.77,1-1,"• **Team Strength (Elo)**: Liverpool is favored due to a higher Elo rating (differential of 96 points).
• **Squad Market Value**: Liverpool has a squad value advantage of €615.0M.
• **Transfer Activity**: Sunderland boosted by signing Salis Abdul Samed; Liverpool boosted by signing Martin Zubimendi.
• **Injuries & Availability**: Sunderland is healthier with 100% availability vs. 88% for the opponent.
• **Fatigue**: Both teams are facing congested schedules (midweek matches).
• **Home Advantage**: Sunderland benefits from playing at home (statistically boosts goal-scoring rate by ~22%).

**Prediction Summary**: Liverpool is predicted to win this fixture with **45.8%** confidence.",2026-09-13 12:33:55,0
20,2027-01-06,Crystal Palace,Chelsea,38.79,27.68,33.53,1-1,"• **Team Strength (Elo)**: Matchup is evenly balanced on historical Elo (differential of 23 points).
• **Squad Market Value**: Chelsea has a squad value advantage of €935.0M.
• **Transfer Activity**: Crystal Palace boosted by signing Eddie Nketiah; Chelsea boosted by signing Pedro Neto.
• **Fatigue**: Chelsea is on short rest (midweek match congestion) while Crystal Palace is fully rested.
• **Home Advantage**: Crystal Palace benefits from playing at home (statistically boosts goal-scoring rate by ~22%).

**Prediction Summary**: Crystal Palace is predicted to win this fixture with **38.8%** confidence.",2026-09-13 12:33:55,0
20,2027-01-06,Fulham,Tottenham,48.29,26.45,25.26,1-1,"• **Team Strength (Elo)**: Matchup is evenly balanced on historical Elo (differential of 34 points).
• **Squad Market Value**: Tottenham has a squad value advantage of €635.0M.
• **Transfer Activity**: Fulham boosted by signing Emile Smith Rowe; Tottenham boosted by signing Dominic Solanke.
• **Fatigue**: Tottenham is on short rest (midweek match congestion) while Fulham is fully rested.
• **Home Advantage**: Fulham benefits from playing at home (statistically boosts goal-scoring rate by ~22%).

**Prediction Summary**: Fulham is predicted to win this fixture with **48.3%** confidence.",2026-09-13 12:33:55,0
20,2027-01-06,Ipswich,Coventry,36.93,25.72,37.35,1-1,"• **Team Strength (Elo)**: Coventry is favored due to a higher Elo rating (differential of 64 points).
• **Transfer Activity**: Ipswich boosted by signing Omari Hutchinson; Coventry boosted by signing Jack Rudoni.
• **Home Advantage**: Ipswich benefits from playing at home (statistically boosts goal-scoring rate by ~22%).

**Prediction Summary**: This matchup is highly contested with a close outcome probability. A Draw (25.7%) is a very strong possibility.",2026-09-13 12:33:55,0
20,2027-01-06,Leeds,Man City,28.54,28.55,42.91,1-1,"• **Team Strength (Elo)**: Man City is favored due to a higher Elo rating (differential of 125 points).
• **Squad Market Value**: Man City has a squad value advantage of €1090.0M.
• **Transfer Activity**: Leeds boosted by signing Joe Rodon; Man City boosted by signing Tijjani Reijnders.
• **Injuries & Availability**: Leeds is healthier with 100% availability vs. 68% for the opponent.
• **Fatigue**: Man City is on short rest (midweek match congestion) while Leeds is fully rested.
• **Home Advantage**: Leeds benefits from playing at home (statistically boosts goal-scoring rate by ~22%).

**Prediction Summary**: Man City is predicted to win this fixture with **42.9%** confidence.",2026-09-13 12:33:55,0
20,2027-01-07,Man United,Newcastle,54.22,22.47,23.31,1-1,"• **Team Strength (Elo)**: Man United is favored due to a higher Elo rating (differential of 64 points).
• **Squad Market Value**: Man United has a squad value advantage of €345.0M.
• **Transfer Activity**: Man United boosted by signing Leny Yoro; Newcastle boosted by signing Lewis Hall.
• **Fatigue**: Man United is on short rest (midweek match congestion) while Newcastle is fully rested.
• **Home Advantage**: Man United benefits from playing at home (statistically boosts goal-scoring rate by ~22%).

**Prediction Summary**: Man United is predicted to win this fixture with **54.2%** confidence.",2026-09-13 12:33:55,0
21,2027-01-16,Bournemouth,Ipswich,78.63,12.98,8.39,3-0,"• **Team Strength (Elo)**: Bournemouth is favored due to a higher Elo rating (differential of 200 points).
• **Squad Market Value**: Bournemouth has a squad value advantage of €280.0M.
• **Transfer Activity**: Bournemouth boosted by signing Evanilson; Ipswich boosted by signing Omari Hutchinson.
• **Home Advantage**: Bournemouth benefits from playing at home (statistically boosts goal-scoring rate by ~22%).

**Prediction Summary**: Bournemouth is predicted to win this fixture with **78.6%** confidence.",2026-09-13 12:33:55,0
21,2027-01-16,Aston Villa,Man United,33.06,22.9,44.04,1-1,"• **Team Strength (Elo)**: Matchup is evenly balanced on historical Elo (differential of 43 points).
• **Squad Market Value**: Man United has a squad value advantage of €365.0M.
• **Transfer Activity**: Aston Villa boosted by signing Amadou Onana; Man United boosted by signing Leny Yoro.
• **Injuries & Availability**: Man United is healthier with 100% availability vs. 85% for the opponent.
• **Home Advantage**: Aston Villa benefits from playing at home (statistically boosts goal-scoring rate by ~22%).

**Prediction Summary**: Man United is predicted to win this fixture with **44.0%** confidence.",2026-09-13 12:33:55,0
21,2027-01-16,Brentford,Brighton,45.56,23.84,30.6,1-1,"• **Team Strength (Elo)**: Matchup is evenly balanced on historical Elo (differential of 13 points).
• **Transfer Activity**: Brentford boosted by signing Igor Thiago; Brighton boosted by signing Georginio Rutter.
• **Injuries & Availability**: Brentford is healthier with 100% availability vs. 88% for the opponent.
• **Home Advantage**: Brentford benefits from playing at home (statistically boosts goal-scoring rate by ~22%).

**Prediction Summary**: Brentford is predicted to win this fixture with **45.6%** confidence.",2026-09-13 12:33:55,0
21,2027-01-16,Chelsea,Sunderland,46.26,26.97,26.77,1-1,"• **Team Strength (Elo)**: Matchup is evenly balanced on historical Elo (differential of 17 points).
• **Squad Market Value**: Chelsea has a squad value advantage of €1050.0M.
• **Transfer Activity**: Chelsea boosted by signing Pedro Neto; Sunderland boosted by signing Salis Abdul Samed.
• **Home Advantage**: Chelsea benefits from playing at home (statistically boosts goal-scoring rate by ~22%).

**Prediction Summary**: Chelsea is predicted to win this fixture with **46.3%** confidence.",2026-09-13 12:33:55,0
21,2027-01-16,Coventry,Everton,40.91,23.52,35.57,1-1,"• **Team Strength (Elo)**: Everton is favored due to a higher Elo rating (differential of 77 points).
• **Squad Market Value**: Everton has a squad value advantage of €180.0M.
• **Transfer Activity**: Coventry boosted by signing Jack Rudoni; Everton boosted by signing Iliman Ndiaye.
• **Home Advantage**: Coventry benefits from playing at home (statistically boosts goal-scoring rate by ~22%).

**Prediction Summary**: Coventry is predicted to win this fixture with **40.9%** confidence.",2026-09-13 12:33:55,0
21,2027-01-16,Hull,Arsenal,14.49,22.8,62.71,0-1,"• **Team Strength (Elo)**: Arsenal is favored due to a higher Elo rating (differential of 265 points).
• **Squad Market Value**: Arsenal has a squad value advantage of €1352.0M.
• **Transfer Activity**: Hull boosted by signing Charlie Hughes; Arsenal boosted by signing Viktor Gyökeres.
• **Home Advantage**: Hull benefits from playing at home (statistically boosts goal-scoring rate by ~22%).

**Prediction Summary**: Arsenal is predicted to win this fixture with **62.7%** confidence.",2026-09-13 12:33:55,0
21,2027-01-16,Liverpool,Crystal Palace,68.02,19.8,12.17,1-1,"• **Team Strength (Elo)**: Liverpool is favored due to a higher Elo rating (differential of 105 points).
• **Squad Market Value**: Liverpool has a squad value advantage of €500.0M.
• **Transfer Activity**: Liverpool boosted by signing Martin Zubimendi; Crystal Palace boosted by signing Eddie Nketiah.
• **Home Advantage**: Liverpool benefits from playing at home (statistically boosts goal-scoring rate by ~22%).

**Prediction Summary**: Liverpool is predicted to win this fixture with **68.0%** confidence.",2026-09-13 12:33:55,0
21,2027-01-16,Man City,Nott'm Forest,58.34,21.79,19.88,1-1,"• **Team Strength (Elo)**: Man City is favored due to a higher Elo rating (differential of 97 points).
• **Squad Market Value**: Man City has a squad value advantage of €955.0M.
• **Transfer Activity**: Man City boosted by signing Tijjani Reijnders; Nott'm Forest boosted by signing Elliot Anderson.
• **Injuries & Availability**: Nott'm Forest is healthier with 100% availability vs. 82% for the opponent.
• **Home Advantage**: Man City benefits from playing at home (statistically boosts goal-scoring rate by ~22%).

**Prediction Summary**: Man City is predicted to win this fixture with **58.3%** confidence.",2026-09-13 12:33:55,0
21,2027-01-16,Newcastle,Fulham,48.7,24.68,26.62,1-1,"• **Team Strength (Elo)**: Matchup is evenly balanced on historical Elo (differential of 18 points).
• **Squad Market Value**: Newcastle has a squad value advantage of €255.0M.
• **Transfer Activity**: Newcastle boosted by signing Lewis Hall; Fulham boosted by signing Emile Smith Rowe.
• **Home Advantage**: Newcastle benefits from playing at home (statistically boosts goal-scoring rate by ~22%).

**Prediction Summary**: Newcastle is predicted to win this fixture with **48.7%** confidence.",2026-09-13 12:33:55,0
21,2027-01-16,Tottenham,Leeds,43.27,24.96,31.76,1-1,"• **Team Strength (Elo)**: Matchup is evenly balanced on historical Elo (differential of 27 points).
• **Squad Market Value**: Tottenham has a squad value advantage of €555.0M.
• **Transfer Activity**: Tottenham boosted by signing Dominic Solanke; Leeds boosted by signing Joe Rodon.
• **Home Advantage**: Tottenham benefits from playing at home (statistically boosts goal-scoring rate by ~22%).

**Prediction Summary**: Tottenham is predicted to win this fixture with **43.3%** confidence.",2026-09-13 12:33:55,0
22,2027-01-23,Arsenal,Newcastle,67.63,17.66,14.71,2-0,"• **Team Strength (Elo)**: Arsenal is favored due to a higher Elo rating (differential of 141 points).
• **Squad Market Value**: Arsenal has a squad value advantage of €875.0M.
• **Transfer Activity**: Arsenal boosted by signing Viktor Gyökeres; Newcastle boosted by signing Lewis Hall.
• **Fatigue**: Arsenal is on short rest (midweek match congestion) while Newcastle is fully rested.
• **Home Advantage**: Arsenal benefits from playing at home (statistically boosts goal-scoring rate by ~22%).

**Prediction Summary**: Arsenal is predicted to win this fixture with **67.6%** confidence.",2026-09-13 12:33:55,0
22,2027-01-23,Brighton,Man City,30.94,27.44,41.63,1-1,"• **Team Strength (Elo)**: Man City is favored due to a higher Elo rating (differential of 76 points).
• **Squad Market Value**: Man City has a squad value advantage of €825.0M.
• **Transfer Activity**: Brighton boosted by signing Georginio Rutter; Man City boosted by signing Tijjani Reijnders.
• **Injuries & Availability**: Brighton is healthier with 88% availability vs. 82% for the opponent.
• **Fatigue**: Man City is on short rest (midweek match congestion) while Brighton is fully rested.
• **Home Advantage**: Brighton benefits from playing at home (statistically boosts goal-scoring rate by ~22%).

**Prediction Summary**: Man City is predicted to win this fixture with **41.6%** confidence.",2026-09-13 12:33:55,0
22,2027-01-23,Crystal Palace,Tottenham,41.88,27.2,30.92,1-1,"• **Team Strength (Elo)**: Matchup is evenly balanced on historical Elo (differential of 7 points).
• **Squad Market Value**: Tottenham has a squad value advantage of €455.0M.
• **Transfer Activity**: Crystal Palace boosted by signing Eddie Nketiah; Tottenham boosted by signing Dominic Solanke.
• **Fatigue**: Tottenham is on short rest (midweek match congestion) while Crystal Palace is fully rested.
• **Home Advantage**: Crystal Palace benefits from playing at home (statistically boosts goal-scoring rate by ~22%).

**Prediction Summary**: Crystal Palace is predicted to win this fixture with **41.9%** confidence.",2026-09-13 12:33:55,0
22,2027-01-23,Everton,Brentford,35.24,26.34,38.42,1-1,"• **Team Strength (Elo)**: Matchup is evenly balanced on historical Elo (differential of 40 points).
• **Squad Market Value**: Brentford has a squad value advantage of €140.0M.
• **Transfer Activity**: Everton boosted by signing Iliman Ndiaye; Brentford boosted by signing Igor Thiago.
• **Home Advantage**: Everton benefits from playing at home (statistically boosts goal-scoring rate by ~22%).

**Prediction Summary**: This matchup is highly contested with a close outcome probability. A Draw (26.3%) is a very strong possibility.",2026-09-13 12:33:55,0
22,2027-01-23,Fulham,Aston Villa,34.73,27.7,37.57,1-1,"• **Team Strength (Elo)**: Matchup is evenly balanced on historical Elo (differential of 48 points).
• **Squad Market Value**: Aston Villa has a squad value advantage of €235.0M.
• **Transfer Activity**: Fulham boosted by signing Emile Smith Rowe; Aston Villa boosted by signing Amadou Onana.
• **Fatigue**: Aston Villa is on short rest (midweek match congestion) while Fulham is fully rested.
• **Home Advantage**: Fulham benefits from playing at home (statistically boosts goal-scoring rate by ~22%).

**Prediction Summary**: This matchup is highly contested with a close outcome probability. A Draw (27.7%) is a very strong possibility.",2026-09-13 12:33:55,0
22,2027-01-23,Ipswich,Hull,32.01,42.33,25.66,0-0,"• **Team Strength (Elo)**: Matchup is evenly balanced on historical Elo (differential of 42 points).
• **Squad Market Value**: Ipswich has a squad value advantage of €207.0M.
• **Transfer Activity**: Ipswich boosted by signing Omari Hutchinson; Hull boosted by signing Charlie Hughes.
• **Home Advantage**: Ipswich benefits from playing at home (statistically boosts goal-scoring rate by ~22%).

**Prediction Summary**: Ipswich is predicted to win this fixture with **32.0%** confidence.",2026-09-13 12:33:55,0
22,2027-01-23,Leeds,Chelsea,38.69,27.68,33.63,1-1,"• **Team Strength (Elo)**: Matchup is evenly balanced on historical Elo (differential of 12 points).
• **Squad Market Value**: Chelsea has a squad value advantage of €1035.0M.
• **Transfer Activity**: Leeds boosted by signing Joe Rodon; Chelsea boosted by signing Pedro Neto.
• **Fatigue**: Chelsea is on short rest (midweek match congestion) while Leeds is fully rested.
• **Home Advantage**: Leeds benefits from playing at home (statistically boosts goal-scoring rate by ~22%).

**Prediction Summary**: Leeds is predicted to win this fixture with **38.7%** confidence.",2026-09-13 12:33:55,0
22,2027-01-23,Man United,Liverpool,41.66,23.94,34.4,1-1,"• **Team Strength (Elo)**: Matchup is evenly balanced on historical Elo (differential of 2 points).
• **Transfer Activity**: Man United boosted by signing Leny Yoro; Liverpool boosted by signing Martin Zubimendi.
• **Fatigue**: Both teams are facing congested schedules (midweek matches).
• **Home Advantage**: Man United benefits from playing at home (statistically boosts goal-scoring rate by ~22%).

**Prediction Summary**: Man United is predicted to win this fixture with **41.7%** confidence.",2026-09-13 12:33:55,0
22,2027-01-23,Nott'm Forest,Bournemouth,40.11,26.21,33.68,1-1,"• **Team Strength (Elo)**: Matchup is evenly balanced on historical Elo (differential of 38 points).
• **Transfer Activity**: Nott'm Forest boosted by signing Elliot Anderson; Bournemouth boosted by signing Evanilson.
• **Home Advantage**: Nott'm Forest benefits from playing at home (statistically boosts goal-scoring rate by ~22%).

**Prediction Summary**: Nott'm Forest is predicted to win this fixture with **40.1%** confidence.",2026-09-13 12:33:55,0
22,2027-01-23,Sunderland,Coventry,47.39,23.73,28.87,1-1,"• **Team Strength (Elo)**: Sunderland is favored due to a higher Elo rating (differential of 57 points).
• **Squad Market Value**: Sunderland has a squad value advantage of €135.0M.
• **Transfer Activity**: Sunderland boosted by signing Salis Abdul Samed; Coventry boosted by signing Jack Rudoni.
• **Home Advantage**: Sunderland benefits from playing at home (statistically boosts goal-scoring rate by ~22%).

**Prediction Summary**: Sunderland is predicted to win this fixture with **47.4%** confidence.",2026-09-13 12:33:55,0
23,2027-01-30,Bournemouth,Fulham,51.81,25.57,22.61,1-1,"• **Team Strength (Elo)**: Bournemouth is favored due to a higher Elo rating (differential of 54 points).
• **Squad Market Value**: Bournemouth has a squad value advantage of €265.0M.
• **Transfer Activity**: Bournemouth boosted by signing Evanilson; Fulham boosted by signing Emile Smith Rowe.
• **Home Advantage**: Bournemouth benefits from playing at home (statistically boosts goal-scoring rate by ~22%).

**Prediction Summary**: Bournemouth is predicted to win this fixture with **51.8%** confidence.",2026-09-13 12:33:55,0
23,2027-01-30,Aston Villa,Ipswich,76.1,16.43,7.47,2-0,"• **Team Strength (Elo)**: Aston Villa is favored due to a higher Elo rating (differential of 196 points).
• **Squad Market Value**: Aston Villa has a squad value advantage of €250.0M.
• **Transfer Activity**: Aston Villa boosted by signing Amadou Onana; Ipswich boosted by signing Omari Hutchinson.
• **Fatigue**: Aston Villa is on short rest (midweek match congestion) while Ipswich is fully rested.
• **Home Advantage**: Aston Villa benefits from playing at home (statistically boosts goal-scoring rate by ~22%).

**Prediction Summary**: Aston Villa is predicted to win this fixture with **76.1%** confidence.",2026-09-13 12:33:55,0
23,2027-01-30,Brentford,Man United,37.06,23.57,39.36,1-1,"• **Team Strength (Elo)**: Man United is favored due to a higher Elo rating (differential of 54 points).
• **Squad Market Value**: Man United has a squad value advantage of €350.0M.
• **Transfer Activity**: Brentford boosted by signing Igor Thiago; Man United boosted by signing Leny Yoro.
• **Fatigue**: Man United is on short rest (midweek match congestion) while Brentford is fully rested.
• **Home Advantage**: Brentford benefits from playing at home (statistically boosts goal-scoring rate by ~22%).

**Prediction Summary**: This matchup is highly contested with a close outcome probability. A Draw (23.6%) is a very strong possibility.",2026-09-13 12:33:55,0
23,2027-01-30,Chelsea,Nott'm Forest,37.54,26.1,36.36,1-1,"• **Team Strength (Elo)**: Matchup is evenly balanced on historical Elo (differential of 21 points).
• **Squad Market Value**: Chelsea has a squad value advantage of €900.0M.
• **Transfer Activity**: Chelsea boosted by signing Pedro Neto; Nott'm Forest boosted by signing Elliot Anderson.
• **Fatigue**: Chelsea is on short rest (midweek match congestion) while Nott'm Forest is fully rested.
• **Home Advantage**: Chelsea benefits from playing at home (statistically boosts goal-scoring rate by ~22%).

**Prediction Summary**: This matchup is highly contested with a close outcome probability. A Draw (26.1%) is a very strong possibility.",2026-09-13 12:33:55,0
23,2027-01-30,Coventry,Leeds,41.31,25.04,33.65,1-1,"• **Team Strength (Elo)**: Leeds is favored due to a higher Elo rating (differential of 66 points).
• **Squad Market Value**: Leeds has a squad value advantage of €150.0M.
• **Transfer Activity**: Coventry boosted by signing Jack Rudoni; Leeds boosted by signing Joe Rodon.
• **Home Advantage**: Coventry benefits from playing at home (statistically boosts goal-scoring rate by ~22%).

**Prediction Summary**: Coventry is predicted to win this fixture with **41.3%** confidence.",2026-09-13 12:33:55,0
23,2027-01-30,Hull,Crystal Palace,13.49,36.35,50.16,0-1,"• **Team Strength (Elo)**: Crystal Palace is favored due to a higher Elo rating (differential of 89 points).
• **Squad Market Value**: Crystal Palace has a squad value advantage of €402.0M.
• **Transfer Activity**: Hull boosted by signing Charlie Hughes; Crystal Palace boosted by signing Eddie Nketiah.
• **Home Advantage**: Hull benefits from playing at home (statistically boosts goal-scoring rate by ~22%).

**Prediction Summary**: Crystal Palace is predicted to win this fixture with **50.2%** confidence.",2026-09-13 12:33:55,0
23,2027-01-30,Liverpool,Everton,59.38,22.58,18.05,1-1,"• **Team Strength (Elo)**: Liverpool is favored due to a higher Elo rating (differential of 89 points).
• **Squad Market Value**: Liverpool has a squad value advantage of €570.0M.
• **Transfer Activity**: Liverpool boosted by signing Martin Zubimendi; Everton boosted by signing Iliman Ndiaye.
• **Fatigue**: Liverpool is on short rest (midweek match congestion) while Everton is fully rested.
• **Home Advantage**: Liverpool benefits from playing at home (statistically boosts goal-scoring rate by ~22%).

**Prediction Summary**: Liverpool is predicted to win this fixture with **59.4%** confidence.",2026-09-13 12:33:55,0
23,2027-01-30,Man City,Arsenal,32.23,27.13,40.64,1-1,"• **Team Strength (Elo)**: Matchup is evenly balanced on historical Elo (differential of 48 points).
• **Transfer Activity**: Man City boosted by signing Tijjani Reijnders; Arsenal boosted by signing Viktor Gyökeres.
• **Injuries & Availability**: Arsenal is healthier with 100% availability vs. 82% for the opponent.
• **Fatigue**: Both teams are facing congested schedules (midweek matches).
• **Home Advantage**: Man City benefits from playing at home (statistically boosts goal-scoring rate by ~22%).

**Prediction Summary**: Arsenal is predicted to win this fixture with **40.6%** confidence.",2026-09-13 12:33:55,0
23,2027-01-30,Newcastle,Brighton,43.7,24.67,31.63,1-1,"• **Team Strength (Elo)**: Matchup is evenly balanced on historical Elo (differential of 25 points).
• **Transfer Activity**: Newcastle boosted by signing Lewis Hall; Brighton boosted by signing Georginio Rutter.
• **Injuries & Availability**: Newcastle is healthier with 100% availability vs. 88% for the opponent.
• **Home Advantage**: Newcastle benefits from playing at home (statistically boosts goal-scoring rate by ~22%).

**Prediction Summary**: Newcastle is predicted to win this fixture with **43.7%** confidence.",2026-09-13 12:33:55,0
23,2027-01-30,Tottenham,Sunderland,40.63,27.54,31.84,1-1,"• **Team Strength (Elo)**: Matchup is evenly balanced on historical Elo (differential of 16 points).
• **Squad Market Value**: Tottenham has a squad value advantage of €570.0M.
• **Transfer Activity**: Tottenham boosted by signing Dominic Solanke; Sunderland boosted by signing Salis Abdul Samed.
• **Fatigue**: Tottenham is on short rest (midweek match congestion) while Sunderland is fully rested.
• **Home Advantage**: Tottenham benefits from playing at home (statistically boosts goal-scoring rate by ~22%).

**Prediction Summary**: Tottenham is predicted to win this fixture with **40.6%** confidence.",2026-09-13 12:33:55,0
24,2027-02-06,Arsenal,Liverpool,51.8,23.96,24.23,1-1,"• **Team Strength (Elo)**: Arsenal is favored due to a higher Elo rating (differential of 76 points).
• **Squad Market Value**: Arsenal has a squad value advantage of €450.0M.
• **Transfer Activity**: Arsenal boosted by signing Viktor Gyökeres; Liverpool boosted by signing Martin Zubimendi.
• **Injuries & Availability**: Liverpool is healthier with 100% availability vs. 88% for the opponent.
• **Home Advantage**: Arsenal benefits from playing at home (statistically boosts goal-scoring rate by ~22%).

**Prediction Summary**: Arsenal is predicted to win this fixture with **51.8%** confidence.",2026-09-13 12:33:55,0
24,2027-02-06,Brighton,Hull,50.81,33.2,15.99,0-0,"• **Team Strength (Elo)**: Brighton is favored due to a higher Elo rating (differential of 148 points).
• **Squad Market Value**: Brighton has a squad value advantage of €567.0M.
• **Transfer Activity**: Brighton boosted by signing Georginio Rutter; Hull boosted by signing Charlie Hughes.
• **Home Advantage**: Brighton benefits from playing at home (statistically boosts goal-scoring rate by ~22%).

**Prediction Summary**: Brighton is predicted to win this fixture with **50.8%** confidence.",2026-09-13 12:33:55,0
24,2027-02-06,Crystal Palace,Coventry,46.24,23.53,30.23,1-1,"• **Team Strength (Elo)**: Matchup is evenly balanced on historical Elo (differential of 49 points).
• **Squad Market Value**: Crystal Palace has a squad value advantage of €250.0M.
• **Transfer Activity**: Crystal Palace boosted by signing Eddie Nketiah; Coventry boosted by signing Jack Rudoni.
• **Home Advantage**: Crystal Palace benefits from playing at home (statistically boosts goal-scoring rate by ~22%).

**Prediction Summary**: Crystal Palace is predicted to win this fixture with **46.2%** confidence.",2026-09-13 12:33:55,0
24,2027-02-06,Everton,Newcastle,35.63,25.98,38.39,1-1,"• **Team Strength (Elo)**: Matchup is evenly balanced on historical Elo (differential of 30 points).
• **Squad Market Value**: Newcastle has a squad value advantage of €145.0M.
• **Transfer Activity**: Everton boosted by signing Iliman Ndiaye; Newcastle boosted by signing Lewis Hall.
• **Home Advantage**: Everton benefits from playing at home (statistically boosts goal-scoring rate by ~22%).

**Prediction Summary**: This matchup is highly contested with a close outcome probability. A Draw (26.0%) is a very strong possibility.",2026-09-13 12:33:55,0
24,2027-02-06,Fulham,Man City,24.7,27.07,48.23,1-1,"• **Team Strength (Elo)**: Man City is favored due to a higher Elo rating (differential of 122 points).
• **Squad Market Value**: Man City has a squad value advantage of €1170.0M.
• **Transfer Activity**: Fulham boosted by signing Emile Smith Rowe; Man City boosted by signing Tijjani Reijnders.
• **Injuries & Availability**: Fulham is healthier with 100% availability vs. 82% for the opponent.
• **Home Advantage**: Fulham benefits from playing at home (statistically boosts goal-scoring rate by ~22%).

**Prediction Summary**: Man City is predicted to win this fixture with **48.2%** confidence.",2026-09-13 12:33:55,0
24,2027-02-06,Ipswich,Tottenham,22.44,21.47,56.08,1-1,"• **Team Strength (Elo)**: Tottenham is favored due to a higher Elo rating (differential of 124 points).
• **Squad Market Value**: Tottenham has a squad value advantage of €650.0M.
• **Transfer Activity**: Ipswich boosted by signing Omari Hutchinson; Tottenham boosted by signing Dominic Solanke.
• **Home Advantage**: Ipswich benefits from playing at home (statistically boosts goal-scoring rate by ~22%).

**Prediction Summary**: Tottenham is predicted to win this fixture with **56.1%** confidence.",2026-09-13 12:33:55,0
24,2027-02-06,Leeds,Bournemouth,30.5,24.93,44.57,1-1,"• **Team Strength (Elo)**: Bournemouth is favored due to a higher Elo rating (differential of 71 points).
• **Squad Market Value**: Bournemouth has a squad value advantage of €185.0M.
• **Transfer Activity**: Leeds boosted by signing Joe Rodon; Bournemouth boosted by signing Evanilson.
• **Home Advantage**: Leeds benefits from playing at home (statistically boosts goal-scoring rate by ~22%).

**Prediction Summary**: Bournemouth is predicted to win this fixture with **44.6%** confidence.",2026-09-13 12:33:55,0
24,2027-02-06,Man United,Chelsea,56.23,23.31,20.46,1-1,"• **Team Strength (Elo)**: Man United is favored due to a higher Elo rating (differential of 86 points).
• **Squad Market Value**: Chelsea has a squad value advantage of €515.0M.
• **Transfer Activity**: Man United boosted by signing Leny Yoro; Chelsea boosted by signing Pedro Neto.
• **Home Advantage**: Man United benefits from playing at home (statistically boosts goal-scoring rate by ~22%).

**Prediction Summary**: Man United is predicted to win this fixture with **56.2%** confidence.",2026-09-13 12:33:55,0
24,2027-02-06,Nott'm Forest,Brentford,41.14,25.33,33.53,1-1,"• **Team Strength (Elo)**: Matchup is evenly balanced on historical Elo (differential of 16 points).
• **Transfer Activity**: Nott'm Forest boosted by signing Elliot Anderson; Brentford boosted by signing Igor Thiago.
• **Home Advantage**: Nott'm Forest benefits from playing at home (statistically boosts goal-scoring rate by ~22%).

**Prediction Summary**: Nott'm Forest is predicted to win this fixture with **41.1%** confidence.",2026-09-13 12:33:55,0
24,2027-02-06,Sunderland,Aston Villa,29.34,28.06,42.6,1-1,"• **Team Strength (Elo)**: Aston Villa is favored due to a higher Elo rating (differential of 72 points).
• **Squad Market Value**: Aston Villa has a squad value advantage of €170.0M.
• **Transfer Activity**: Sunderland boosted by signing Salis Abdul Samed; Aston Villa boosted by signing Amadou Onana.
• **Home Advantage**: Sunderland benefits from playing at home (statistically boosts goal-scoring rate by ~22%).

**Prediction Summary**: Aston Villa is predicted to win this fixture with **42.6%** confidence.",2026-09-13 12:33:55,0
25,2027-02-10,Aston Villa,Bournemouth,41.59,25.49,32.92,1-1,"• **Team Strength (Elo)**: Matchup is evenly balanced on historical Elo (differential of 11 points).
• **Transfer Activity**: Aston Villa boosted by signing Amadou Onana; Bournemouth boosted by signing Evanilson.
• **Home Advantage**: Aston Villa benefits from playing at home (statistically boosts goal-scoring rate by ~22%).

**Prediction Summary**: Aston Villa is predicted to win this fixture with **41.6%** confidence.",2026-09-13 12:33:55,0
25,2027-02-10,Coventry,Liverpool,29.13,19.66,51.2,1-2,"• **Team Strength (Elo)**: Liverpool is favored due to a higher Elo rating (differential of 160 points).
• **Squad Market Value**: Liverpool has a squad value advantage of €750.0M.
• **Transfer Activity**: Coventry boosted by signing Jack Rudoni; Liverpool boosted by signing Martin Zubimendi.
• **Home Advantage**: Coventry benefits from playing at home (statistically boosts goal-scoring rate by ~22%).

**Prediction Summary**: Liverpool is predicted to win this fixture with **51.2%** confidence.",2026-09-13 12:33:55,0
25,2027-02-10,Crystal Palace,Brentford,33.87,25.18,40.95,1-1,"• **Team Strength (Elo)**: Brentford is favored due to a higher Elo rating (differential of 64 points).
• **Transfer Activity**: Crystal Palace boosted by signing Eddie Nketiah; Brentford boosted by signing Igor Thiago.
• **Home Advantage**: Crystal Palace benefits from playing at home (statistically boosts goal-scoring rate by ~22%).

**Prediction Summary**: Brentford is predicted to win this fixture with **40.9%** confidence.",2026-09-13 12:33:55,0
25,2027-02-10,Everton,Leeds,42.82,27.34,29.84,1-1,"• **Team Strength (Elo)**: Matchup is evenly balanced on historical Elo (differential of 2 points).
• **Transfer Activity**: Everton boosted by signing Iliman Ndiaye; Leeds boosted by signing Joe Rodon.
• **Home Advantage**: Everton benefits from playing at home (statistically boosts goal-scoring rate by ~22%).

**Prediction Summary**: Everton is predicted to win this fixture with **42.8%** confidence.",2026-09-13 12:33:55,0
25,2027-02-10,Fulham,Nott'm Forest,35.52,26.91,37.56,1-1,"• **Team Strength (Elo)**: Matchup is evenly balanced on historical Elo (differential of 28 points).
• **Squad Market Value**: Nott'm Forest has a squad value advantage of €215.0M.
• **Transfer Activity**: Fulham boosted by signing Emile Smith Rowe; Nott'm Forest boosted by signing Elliot Anderson.
• **Home Advantage**: Fulham benefits from playing at home (statistically boosts goal-scoring rate by ~22%).

**Prediction Summary**: This matchup is highly contested with a close outcome probability. A Draw (26.9%) is a very strong possibility.",2026-09-13 12:33:55,0
25,2027-02-10,Hull,Sunderland,13.33,39.18,47.49,0-0,"• **Team Strength (Elo)**: Sunderland is favored due to a higher Elo rating (differential of 95 points).
• **Squad Market Value**: Sunderland has a squad value advantage of €287.0M.
• **Transfer Activity**: Hull boosted by signing Charlie Hughes; Sunderland boosted by signing Salis Abdul Samed.
• **Home Advantage**: Hull benefits from playing at home (statistically boosts goal-scoring rate by ~22%).

**Prediction Summary**: Sunderland is predicted to win this fixture with **47.5%** confidence.",2026-09-13 12:33:55,0
25,2027-02-10,Ipswich,Arsenal,6.56,11.13,82.31,0-3,"• **Team Strength (Elo)**: Arsenal is favored due to a higher Elo rating (differential of 325 points).
• **Squad Market Value**: Arsenal has a squad value advantage of €1145.0M.
• **Transfer Activity**: Ipswich boosted by signing Omari Hutchinson; Arsenal boosted by signing Viktor Gyökeres.
• **Injuries & Availability**: Ipswich is healthier with 100% availability vs. 88% for the opponent.
• **Home Advantage**: Ipswich benefits from playing at home (statistically boosts goal-scoring rate by ~22%).

**Prediction Summary**: Arsenal is predicted to win this fixture with **82.3%** confidence.",2026-09-13 12:33:55,0
25,2027-02-10,Man United,Brighton,50.79,23.44,25.77,1-1,"• **Team Strength (Elo)**: Matchup is evenly balanced on historical Elo (differential of 44 points).
• **Squad Market Value**: Man United has a squad value advantage of €255.0M.
• **Transfer Activity**: Man United boosted by signing Leny Yoro; Brighton boosted by signing Georginio Rutter.
• **Home Advantage**: Man United benefits from playing at home (statistically boosts goal-scoring rate by ~22%).

**Prediction Summary**: Man United is predicted to win this fixture with **50.8%** confidence.",2026-09-13 12:33:55,0
25,2027-02-10,Newcastle,Chelsea,47.46,23.77,28.77,1-1,"• **Team Strength (Elo)**: Matchup is evenly balanced on historical Elo (differential of 19 points).
• **Squad Market Value**: Chelsea has a squad value advantage of €860.0M.
• **Transfer Activity**: Newcastle boosted by signing Lewis Hall; Chelsea boosted by signing Pedro Neto.
• **Home Advantage**: Newcastle benefits from playing at home (statistically boosts goal-scoring rate by ~22%).

**Prediction Summary**: Newcastle is predicted to win this fixture with **47.5%** confidence.",2026-09-13 12:33:55,0
25,2027-02-10,Tottenham,Man City,22.9,19.94,57.16,1-1,"• **Team Strength (Elo)**: Man City is favored due to a higher Elo rating (differential of 154 points).
• **Squad Market Value**: Man City has a squad value advantage of €535.0M.
• **Transfer Activity**: Tottenham boosted by signing Dominic Solanke; Man City boosted by signing Tijjani Reijnders.
• **Injuries & Availability**: Tottenham is healthier with 100% availability vs. 82% for the opponent.
• **Home Advantage**: Tottenham benefits from playing at home (statistically boosts goal-scoring rate by ~22%).

**Prediction Summary**: Man City is predicted to win this fixture with **57.2%** confidence.",2026-09-13 12:33:55,0
26,2027-02-20,Bournemouth,Crystal Palace,56.47,24.22,19.31,1-1,"• **Team Strength (Elo)**: Bournemouth is favored due to a higher Elo rating (differential of 86 points).
• **Transfer Activity**: Bournemouth boosted by signing Evanilson; Crystal Palace boosted by signing Eddie Nketiah.
• **Home Advantage**: Bournemouth benefits from playing at home (statistically boosts goal-scoring rate by ~22%).

**Prediction Summary**: Bournemouth is predicted to win this fixture with **56.5%** confidence.",2026-09-13 12:33:55,0
26,2027-02-20,Arsenal,Fulham,68.73,18.23,13.04,2-0,"• **Team Strength (Elo)**: Arsenal is favored due to a higher Elo rating (differential of 172 points).
• **Squad Market Value**: Arsenal has a squad value advantage of €1130.0M.
• **Transfer Activity**: Arsenal boosted by signing Viktor Gyökeres; Fulham boosted by signing Emile Smith Rowe.
• **Injuries & Availability**: Fulham is healthier with 100% availability vs. 88% for the opponent.
• **Fatigue**: Arsenal is on short rest (midweek match congestion) while Fulham is fully rested.
• **Home Advantage**: Arsenal benefits from playing at home (statistically boosts goal-scoring rate by ~22%).

**Prediction Summary**: Arsenal is predicted to win this fixture with **68.7%** confidence.",2026-09-13 12:33:55,0
26,2027-02-20,Brentford,Coventry,52.39,21.63,25.98,2-1,"• **Team Strength (Elo)**: Brentford is favored due to a higher Elo rating (differential of 106 points).
• **Squad Market Value**: Brentford has a squad value advantage of €320.0M.
• **Transfer Activity**: Brentford boosted by signing Igor Thiago; Coventry boosted by signing Jack Rudoni.
• **Home Advantage**: Brentford benefits from playing at home (statistically boosts goal-scoring rate by ~22%).

**Prediction Summary**: Brentford is predicted to win this fixture with **52.4%** confidence.",2026-09-13 12:33:55,0
26,2027-02-20,Brighton,Tottenham,57.45,23.56,18.99,1-1,"• **Team Strength (Elo)**: Brighton is favored due to a higher Elo rating (differential of 75 points).
• **Squad Market Value**: Tottenham has a squad value advantage of €290.0M.
• **Transfer Activity**: Brighton boosted by signing Georginio Rutter; Tottenham boosted by signing Dominic Solanke.
• **Fatigue**: Tottenham is on short rest (midweek match congestion) while Brighton is fully rested.
• **Home Advantage**: Brighton benefits from playing at home (statistically boosts goal-scoring rate by ~22%).

**Prediction Summary**: Brighton is predicted to win this fixture with **57.4%** confidence.",2026-09-13 12:33:55,0
26,2027-02-20,Chelsea,Ipswich,73.66,16.37,9.97,2-0,"• **Team Strength (Elo)**: Chelsea is favored due to a higher Elo rating (differential of 163 points).
• **Squad Market Value**: Chelsea has a squad value advantage of €1130.0M.
• **Transfer Activity**: Chelsea boosted by signing Pedro Neto; Ipswich boosted by signing Omari Hutchinson.
• **Fatigue**: Chelsea is on short rest (midweek match congestion) while Ipswich is fully rested.
• **Home Advantage**: Chelsea benefits from playing at home (statistically boosts goal-scoring rate by ~22%).

**Prediction Summary**: Chelsea is predicted to win this fixture with **73.7%** confidence.",2026-09-13 12:33:55,0
26,2027-02-20,Leeds,Aston Villa,31.93,27.38,40.69,1-1,"• **Team Strength (Elo)**: Aston Villa is favored due to a higher Elo rating (differential of 66 points).
• **Squad Market Value**: Aston Villa has a squad value advantage of €155.0M.
• **Transfer Activity**: Leeds boosted by signing Joe Rodon; Aston Villa boosted by signing Amadou Onana.
• **Fatigue**: Aston Villa is on short rest (midweek match congestion) while Leeds is fully rested.
• **Home Advantage**: Leeds benefits from playing at home (statistically boosts goal-scoring rate by ~22%).

**Prediction Summary**: Aston Villa is predicted to win this fixture with **40.7%** confidence.",2026-09-13 12:33:55,0
26,2027-02-20,Liverpool,Hull,57.2,25.51,17.28,1-0,"• **Team Strength (Elo)**: Liverpool is favored due to a higher Elo rating (differential of 193 points).
• **Squad Market Value**: Liverpool has a squad value advantage of €902.0M.
• **Transfer Activity**: Liverpool boosted by signing Martin Zubimendi; Hull boosted by signing Charlie Hughes.
• **Fatigue**: Liverpool is on short rest (midweek match congestion) while Hull is fully rested.
• **Home Advantage**: Liverpool benefits from playing at home (statistically boosts goal-scoring rate by ~22%).

**Prediction Summary**: Liverpool is predicted to win this fixture with **57.2%** confidence.",2026-09-13 12:33:55,0
26,2027-02-20,Man City,Newcastle,58.25,20.51,21.24,2-1,"• **Team Strength (Elo)**: Man City is favored due to a higher Elo rating (differential of 99 points).
• **Squad Market Value**: Man City has a squad value advantage of €915.0M.
• **Transfer Activity**: Man City boosted by signing Tijjani Reijnders; Newcastle boosted by signing Lewis Hall.
• **Injuries & Availability**: Newcastle is healthier with 100% availability vs. 82% for the opponent.
• **Fatigue**: Man City is on short rest (midweek match congestion) while Newcastle is fully rested.
• **Home Advantage**: Man City benefits from playing at home (statistically boosts goal-scoring rate by ~22%).

**Prediction Summary**: Man City is predicted to win this fixture with **58.2%** confidence.",2026-09-13 12:33:55,0
26,2027-02-20,Nott'm Forest,Man United,33.58,24.75,41.66,1-1,"• **Team Strength (Elo)**: Man United is favored due to a higher Elo rating (differential of 69 points).
• **Squad Market Value**: Man United has a squad value advantage of €385.0M.
• **Transfer Activity**: Nott'm Forest boosted by signing Elliot Anderson; Man United boosted by signing Leny Yoro.
• **Fatigue**: Man United is on short rest (midweek match congestion) while Nott'm Forest is fully rested.
• **Home Advantage**: Nott'm Forest benefits from playing at home (statistically boosts goal-scoring rate by ~22%).

**Prediction Summary**: Man United is predicted to win this fixture with **41.7%** confidence.",2026-09-13 12:33:55,0
26,2027-02-20,Sunderland,Everton,37.92,28.04,34.04,0-0,"• **Team Strength (Elo)**: Matchup is evenly balanced on historical Elo (differential of 11 points).
• **Transfer Activity**: Sunderland boosted by signing Salis Abdul Samed; Everton boosted by signing Iliman Ndiaye.
• **Home Advantage**: Sunderland benefits from playing at home (statistically boosts goal-scoring rate by ~22%).

**Prediction Summary**: This matchup is highly contested with a close outcome probability. A Draw (28.0%) is a very strong possibility.",2026-09-13 12:33:55,0
27,2027-02-27,Aston Villa,Chelsea,48.92,26.53,24.55,1-1,"• **Team Strength (Elo)**: Matchup is evenly balanced on historical Elo (differential of 46 points).
• **Squad Market Value**: Chelsea has a squad value advantage of €880.0M.
• **Transfer Activity**: Aston Villa boosted by signing Amadou Onana; Chelsea boosted by signing Pedro Neto.
• **Fatigue**: Both teams are facing congested schedules (midweek matches).
• **Home Advantage**: Aston Villa benefits from playing at home (statistically boosts goal-scoring rate by ~22%).

**Prediction Summary**: Aston Villa is predicted to win this fixture with **48.9%** confidence.",2026-09-13 12:33:55,0
27,2027-02-27,Coventry,Bournemouth,34.56,23.09,42.35,1-1,"• **Team Strength (Elo)**: Bournemouth is favored due to a higher Elo rating (differential of 131 points).
• **Squad Market Value**: Bournemouth has a squad value advantage of €335.0M.
• **Transfer Activity**: Coventry boosted by signing Jack Rudoni; Bournemouth boosted by signing Evanilson.
• **Home Advantage**: Coventry benefits from playing at home (statistically boosts goal-scoring rate by ~22%).

**Prediction Summary**: Bournemouth is predicted to win this fixture with **42.3%** confidence.",2026-09-13 12:33:55,0
27,2027-02-27,Crystal Palace,Sunderland,38.33,29.29,32.38,0-0,"• **Team Strength (Elo)**: Matchup is evenly balanced on historical Elo (differential of 12 points).
• **Squad Market Value**: Crystal Palace has a squad value advantage of €115.0M.
• **Transfer Activity**: Crystal Palace boosted by signing Eddie Nketiah; Sunderland boosted by signing Salis Abdul Samed.
• **Home Advantage**: Crystal Palace benefits from playing at home (statistically boosts goal-scoring rate by ~22%).

**Prediction Summary**: Crystal Palace is predicted to win this fixture with **38.3%** confidence.",2026-09-13 12:33:55,0
27,2027-02-27,Everton,Nott'm Forest,35.36,26.92,37.71,1-1,"• **Team Strength (Elo)**: Matchup is evenly balanced on historical Elo (differential of 33 points).
• **Squad Market Value**: Nott'm Forest has a squad value advantage of €105.0M.
• **Transfer Activity**: Everton boosted by signing Iliman Ndiaye; Nott'm Forest boosted by signing Elliot Anderson.
• **Home Advantage**: Everton benefits from playing at home (statistically boosts goal-scoring rate by ~22%).

**Prediction Summary**: This matchup is highly contested with a close outcome probability. A Draw (26.9%) is a very strong possibility.",2026-09-13 12:33:55,0
27,2027-02-27,Fulham,Leeds,40.58,27.84,31.58,1-1,"• **Team Strength (Elo)**: Matchup is evenly balanced on historical Elo (differential of 4 points).
• **Transfer Activity**: Fulham boosted by signing Emile Smith Rowe; Leeds boosted by signing Joe Rodon.
• **Home Advantage**: Fulham benefits from playing at home (statistically boosts goal-scoring rate by ~22%).

**Prediction Summary**: Fulham is predicted to win this fixture with **40.6%** confidence.",2026-09-13 12:33:55,0
27,2027-02-27,Hull,Man City,11.71,28.77,59.52,0-1,"• **Team Strength (Elo)**: Man City is favored due to a higher Elo rating (differential of 234 points).
• **Squad Market Value**: Man City has a squad value advantage of €1392.0M.
• **Transfer Activity**: Hull boosted by signing Charlie Hughes; Man City boosted by signing Tijjani Reijnders.
• **Injuries & Availability**: Hull is healthier with 100% availability vs. 82% for the opponent.
• **Fatigue**: Man City is on short rest (midweek match congestion) while Hull is fully rested.
• **Home Advantage**: Hull benefits from playing at home (statistically boosts goal-scoring rate by ~22%).

**Prediction Summary**: Man City is predicted to win this fixture with **59.5%** confidence.",2026-09-13 12:33:55,0
27,2027-02-27,Ipswich,Brighton,10.89,18.73,70.38,0-2,"• **Team Strength (Elo)**: Brighton is favored due to a higher Elo rating (differential of 214 points).
• **Squad Market Value**: Brighton has a squad value advantage of €360.0M.
• **Transfer Activity**: Ipswich boosted by signing Omari Hutchinson; Brighton boosted by signing Georginio Rutter.
• **Home Advantage**: Ipswich benefits from playing at home (statistically boosts goal-scoring rate by ~22%).

**Prediction Summary**: Brighton is predicted to win this fixture with **70.4%** confidence.",2026-09-13 12:33:55,0
27,2027-02-27,Man United,Arsenal,32.91,25.2,41.89,1-1,"• **Team Strength (Elo)**: Arsenal is favored due to a higher Elo rating (differential of 83 points).
• **Squad Market Value**: Arsenal has a squad value advantage of €530.0M.
• **Transfer Activity**: Man United boosted by signing Leny Yoro; Arsenal boosted by signing Viktor Gyökeres.
• **Injuries & Availability**: Man United is healthier with 100% availability vs. 88% for the opponent.
• **Fatigue**: Both teams are facing congested schedules (midweek matches).
• **Home Advantage**: Man United benefits from playing at home (statistically boosts goal-scoring rate by ~22%).

**Prediction Summary**: Arsenal is predicted to win this fixture with **41.9%** confidence.",2026-09-13 12:33:55,0
27,2027-02-27,Newcastle,Brentford,41.73,23.73,34.54,1-1,"• **Team Strength (Elo)**: Matchup is evenly balanced on historical Elo (differential of 17 points).
• **Transfer Activity**: Newcastle boosted by signing Lewis Hall; Brentford boosted by signing Igor Thiago.
• **Home Advantage**: Newcastle benefits from playing at home (statistically boosts goal-scoring rate by ~22%).

**Prediction Summary**: Newcastle is predicted to win this fixture with **41.7%** confidence.",2026-09-13 12:33:55,0
27,2027-02-27,Tottenham,Liverpool,25.72,21.97,52.31,1-1,"• **Team Strength (Elo)**: Liverpool is favored due to a higher Elo rating (differential of 124 points).
• **Transfer Activity**: Tottenham boosted by signing Dominic Solanke; Liverpool boosted by signing Martin Zubimendi.
• **Fatigue**: Both teams are facing congested schedules (midweek matches).
• **Home Advantage**: Tottenham benefits from playing at home (statistically boosts goal-scoring rate by ~22%).

**Prediction Summary**: Liverpool is predicted to win this fixture with **52.3%** confidence.",2026-09-13 12:33:55,0
28,2027-03-03,Bournemouth,Tottenham,61.78,19.54,18.68,1-1,"• **Team Strength (Elo)**: Bournemouth is favored due to a higher Elo rating (differential of 96 points).
• **Squad Market Value**: Tottenham has a squad value advantage of €370.0M.
• **Transfer Activity**: Bournemouth boosted by signing Evanilson; Tottenham boosted by signing Dominic Solanke.
• **Home Advantage**: Bournemouth benefits from playing at home (statistically boosts goal-scoring rate by ~22%).

**Prediction Summary**: Bournemouth is predicted to win this fixture with **61.8%** confidence.",2026-09-13 12:33:55,0
28,2027-03-03,Arsenal,Crystal Palace,73.08,16.55,10.37,2-0,"• **Team Strength (Elo)**: Arsenal is favored due to a higher Elo rating (differential of 198 points).
• **Squad Market Value**: Arsenal has a squad value advantage of €950.0M.
• **Transfer Activity**: Arsenal boosted by signing Viktor Gyökeres; Crystal Palace boosted by signing Eddie Nketiah.
• **Injuries & Availability**: Crystal Palace is healthier with 100% availability vs. 88% for the opponent.
• **Home Advantage**: Arsenal benefits from playing at home (statistically boosts goal-scoring rate by ~22%).

**Prediction Summary**: Arsenal is predicted to win this fixture with **73.1%** confidence.",2026-09-13 12:33:55,0
28,2027-03-03,Brentford,Ipswich,77.63,12.49,9.89,3-0,"• **Team Strength (Elo)**: Brentford is favored due to a higher Elo rating (differential of 205 points).
• **Squad Market Value**: Brentford has a squad value advantage of €265.0M.
• **Transfer Activity**: Brentford boosted by signing Igor Thiago; Ipswich boosted by signing Omari Hutchinson.
• **Home Advantage**: Brentford benefits from playing at home (statistically boosts goal-scoring rate by ~22%).

**Prediction Summary**: Brentford is predicted to win this fixture with **77.6%** confidence.",2026-09-13 12:33:55,0
28,2027-03-03,Brighton,Fulham,52.78,23.99,23.23,1-1,"• **Team Strength (Elo)**: Brighton is favored due to a higher Elo rating (differential of 55 points).
• **Squad Market Value**: Brighton has a squad value advantage of €345.0M.
• **Transfer Activity**: Brighton boosted by signing Georginio Rutter; Fulham boosted by signing Emile Smith Rowe.
• **Home Advantage**: Brighton benefits from playing at home (statistically boosts goal-scoring rate by ~22%).

**Prediction Summary**: Brighton is predicted to win this fixture with **52.8%** confidence.",2026-09-13 12:33:55,0
28,2027-03-03,Chelsea,Coventry,47.43,22.75,29.82,1-1,"• **Team Strength (Elo)**: Chelsea is favored due to a higher Elo rating (differential of 68 points).
• **Squad Market Value**: Chelsea has a squad value advantage of €1185.0M.
• **Transfer Activity**: Chelsea boosted by signing Pedro Neto; Coventry boosted by signing Jack Rudoni.
• **Home Advantage**: Chelsea benefits from playing at home (statistically boosts goal-scoring rate by ~22%).

**Prediction Summary**: Chelsea is predicted to win this fixture with **47.4%** confidence.",2026-09-13 12:33:55,0
28,2027-03-03,Leeds,Hull,39.78,42.08,18.14,0-0,"• **Team Strength (Elo)**: Leeds is favored due to a higher Elo rating (differential of 93 points).
• **Squad Market Value**: Leeds has a squad value advantage of €302.0M.
• **Transfer Activity**: Leeds boosted by signing Joe Rodon; Hull boosted by signing Charlie Hughes.
• **Home Advantage**: Leeds benefits from playing at home (statistically boosts goal-scoring rate by ~22%).

**Prediction Summary**: Leeds is predicted to win this fixture with **39.8%** confidence.",2026-09-13 12:33:55,0
28,2027-03-03,Liverpool,Aston Villa,52.73,22.04,25.24,1-1,"• **Team Strength (Elo)**: Matchup is evenly balanced on historical Elo (differential of 37 points).
• **Squad Market Value**: Liverpool has a squad value advantage of €445.0M.
• **Transfer Activity**: Liverpool boosted by signing Martin Zubimendi; Aston Villa boosted by signing Amadou Onana.
• **Home Advantage**: Liverpool benefits from playing at home (statistically boosts goal-scoring rate by ~22%).

**Prediction Summary**: Liverpool is predicted to win this fixture with **52.7%** confidence.",2026-09-13 12:33:55,0
28,2027-03-03,Man City,Everton,71.06,16.99,11.95,2-0,"• **Team Strength (Elo)**: Man City is favored due to a higher Elo rating (differential of 136 points).
• **Squad Market Value**: Man City has a squad value advantage of €1060.0M.
• **Transfer Activity**: Man City boosted by signing Tijjani Reijnders; Everton boosted by signing Iliman Ndiaye.
• **Home Advantage**: Man City benefits from playing at home (statistically boosts goal-scoring rate by ~22%).

**Prediction Summary**: Man City is predicted to win this fixture with **71.1%** confidence.",2026-09-13 12:33:55,0
28,2027-03-03,Nott'm Forest,Newcastle,42.93,23.81,33.26,1-1,"• **Team Strength (Elo)**: Matchup is evenly balanced on historical Elo (differential of 2 points).
• **Transfer Activity**: Nott'm Forest boosted by signing Elliot Anderson; Newcastle boosted by signing Lewis Hall.
• **Home Advantage**: Nott'm Forest benefits from playing at home (statistically boosts goal-scoring rate by ~22%).

**Prediction Summary**: Nott'm Forest is predicted to win this fixture with **42.9%** confidence.",2026-09-13 12:33:55,0
28,2027-03-03,Sunderland,Man United,26.62,24.9,48.48,1-1,"• **Team Strength (Elo)**: Man United is favored due to a higher Elo rating (differential of 109 points).
• **Squad Market Value**: Man United has a squad value advantage of €535.0M.
• **Transfer Activity**: Sunderland boosted by signing Salis Abdul Samed; Man United boosted by signing Leny Yoro.
• **Home Advantage**: Sunderland benefits from playing at home (statistically boosts goal-scoring rate by ~22%).

**Prediction Summary**: Man United is predicted to win this fixture with **48.5%** confidence.",2026-09-13 12:33:55,0
29,2027-03-13,Bournemouth,Newcastle,49.57,23.05,27.37,1-1,"• **Team Strength (Elo)**: Matchup is evenly balanced on historical Elo (differential of 35 points).
• **Transfer Activity**: Bournemouth boosted by signing Evanilson; Newcastle boosted by signing Lewis Hall.
• **Home Advantage**: Bournemouth benefits from playing at home (statistically boosts goal-scoring rate by ~22%).

**Prediction Summary**: Bournemouth is predicted to win this fixture with **49.6%** confidence.",2026-09-13 12:33:55,0
29,2027-03-13,Aston Villa,Hull,39.54,36.94,23.52,0-0,"• **Team Strength (Elo)**: Aston Villa is favored due to a higher Elo rating (differential of 150 points).
• **Squad Market Value**: Aston Villa has a squad value advantage of €457.0M.
• **Transfer Activity**: Aston Villa boosted by signing Amadou Onana; Hull boosted by signing Charlie Hughes.
• **Fatigue**: Aston Villa is on short rest (midweek match congestion) while Hull is fully rested.
• **Home Advantage**: Aston Villa benefits from playing at home (statistically boosts goal-scoring rate by ~22%).

**Prediction Summary**: Aston Villa is predicted to win this fixture with **39.5%** confidence.",2026-09-13 12:33:55,0
29,2027-03-13,Chelsea,Arsenal,21.11,23.61,55.28,1-1,"• **Team Strength (Elo)**: Arsenal is favored due to a higher Elo rating (differential of 175 points).
• **Transfer Activity**: Chelsea boosted by signing Pedro Neto; Arsenal boosted by signing Viktor Gyökeres.
• **Fatigue**: Both teams are facing congested schedules (midweek matches).
• **Home Advantage**: Chelsea benefits from playing at home (statistically boosts goal-scoring rate by ~22%).

**Prediction Summary**: Arsenal is predicted to win this fixture with **55.3%** confidence.",2026-09-13 12:33:55,0
29,2027-03-13,Coventry,Man City,34.1,22.43,43.47,1-1,"• **Team Strength (Elo)**: Man City is favored due to a higher Elo rating (differential of 187 points).
• **Squad Market Value**: Man City has a squad value advantage of €1240.0M.
• **Transfer Activity**: Coventry boosted by signing Jack Rudoni; Man City boosted by signing Tijjani Reijnders.
• **Fatigue**: Man City is on short rest (midweek match congestion) while Coventry is fully rested.
• **Home Advantage**: Coventry benefits from playing at home (statistically boosts goal-scoring rate by ~22%).

**Prediction Summary**: Man City is predicted to win this fixture with **43.5%** confidence.",2026-09-13 12:33:55,0
29,2027-03-13,Crystal Palace,Fulham,38.85,27.38,33.77,1-1,"• **Team Strength (Elo)**: Matchup is evenly balanced on historical Elo (differential of 25 points).
• **Squad Market Value**: Crystal Palace has a squad value advantage of €180.0M.
• **Transfer Activity**: Crystal Palace boosted by signing Eddie Nketiah; Fulham boosted by signing Emile Smith Rowe.
• **Home Advantage**: Crystal Palace benefits from playing at home (statistically boosts goal-scoring rate by ~22%).

**Prediction Summary**: Crystal Palace is predicted to win this fixture with **38.8%** confidence.",2026-09-13 12:33:55,0
29,2027-03-13,Leeds,Brighton,32.47,24.37,43.16,1-1,"• **Team Strength (Elo)**: Brighton is favored due to a higher Elo rating (differential of 69 points).
• **Squad Market Value**: Brighton has a squad value advantage of €265.0M.
• **Transfer Activity**: Leeds boosted by signing Joe Rodon; Brighton boosted by signing Georginio Rutter.
• **Home Advantage**: Leeds benefits from playing at home (statistically boosts goal-scoring rate by ~22%).

**Prediction Summary**: Brighton is predicted to win this fixture with **43.2%** confidence.",2026-09-13 12:33:55,0
29,2027-03-13,Liverpool,Ipswich,87.08,7.06,5.86,4-0,"• **Team Strength (Elo)**: Liverpool is favored due to a higher Elo rating (differential of 259 points).
• **Squad Market Value**: Liverpool has a squad value advantage of €695.0M.
• **Transfer Activity**: Liverpool boosted by signing Martin Zubimendi; Ipswich boosted by signing Omari Hutchinson.
• **Fatigue**: Liverpool is on short rest (midweek match congestion) while Ipswich is fully rested.
• **Home Advantage**: Liverpool benefits from playing at home (statistically boosts goal-scoring rate by ~22%).

**Prediction Summary**: Liverpool is predicted to win this fixture with **87.1%** confidence.",2026-09-13 12:33:55,0
29,2027-03-13,Man United,Everton,59.41,22.02,18.57,1-1,"• **Team Strength (Elo)**: Man United is favored due to a higher Elo rating (differential of 100 points).
• **Squad Market Value**: Man United has a squad value advantage of €490.0M.
• **Transfer Activity**: Man United boosted by signing Leny Yoro; Everton boosted by signing Iliman Ndiaye.
• **Fatigue**: Man United is on short rest (midweek match congestion) while Everton is fully rested.
• **Home Advantage**: Man United benefits from playing at home (statistically boosts goal-scoring rate by ~22%).

**Prediction Summary**: Man United is predicted to win this fixture with **59.4%** confidence.",2026-09-13 12:33:55,0
29,2027-03-13,Sunderland,Brentford,33.23,25.45,41.32,1-1,"• **Team Strength (Elo)**: Brentford is favored due to a higher Elo rating (differential of 64 points).
• **Squad Market Value**: Brentford has a squad value advantage of €185.0M.
• **Transfer Activity**: Sunderland boosted by signing Salis Abdul Samed; Brentford boosted by signing Igor Thiago.
• **Home Advantage**: Sunderland benefits from playing at home (statistically boosts goal-scoring rate by ~22%).

**Prediction Summary**: Brentford is predicted to win this fixture with **41.3%** confidence.",2026-09-13 12:33:55,0
29,2027-03-13,Tottenham,Nott'm Forest,35.11,23.97,40.92,1-1,"• **Team Strength (Elo)**: Nott'm Forest is favored due to a higher Elo rating (differential of 62 points).
• **Squad Market Value**: Tottenham has a squad value advantage of €420.0M.
• **Transfer Activity**: Tottenham boosted by signing Dominic Solanke; Nott'm Forest boosted by signing Elliot Anderson.
• **Fatigue**: Tottenham is on short rest (midweek match congestion) while Nott'm Forest is fully rested.
• **Home Advantage**: Tottenham benefits from playing at home (statistically boosts goal-scoring rate by ~22%).

**Prediction Summary**: Nott'm Forest is predicted to win this fixture with **40.9%** confidence.",2026-09-13 12:33:55,0
30,2027-03-20,Arsenal,Sunderland,72.97,16.81,10.21,2-0,"• **Team Strength (Elo)**: Arsenal is favored due to a higher Elo rating (differential of 197 points).
• **Squad Market Value**: Arsenal has a squad value advantage of €1065.0M.
• **Transfer Activity**: Arsenal boosted by signing Viktor Gyökeres; Sunderland boosted by signing Salis Abdul Samed.
• **Fatigue**: Arsenal is on short rest (midweek match congestion) while Sunderland is fully rested.
• **Home Advantage**: Arsenal benefits from playing at home (statistically boosts goal-scoring rate by ~22%).

**Prediction Summary**: Arsenal is predicted to win this fixture with **73.0%** confidence.",2026-09-13 12:33:55,0
30,2027-03-20,Brentford,Bournemouth,42.76,24.14,33.09,1-1,"• **Team Strength (Elo)**: Matchup is evenly balanced on historical Elo (differential of 20 points).
• **Transfer Activity**: Brentford boosted by signing Igor Thiago; Bournemouth boosted by signing Evanilson.
• **Home Advantage**: Brentford benefits from playing at home (statistically boosts goal-scoring rate by ~22%).

**Prediction Summary**: Brentford is predicted to win this fixture with **42.8%** confidence.",2026-09-13 12:33:55,0
30,2027-03-20,Brighton,Coventry,55.65,20.49,23.86,2-1,"• **Team Strength (Elo)**: Brighton is favored due to a higher Elo rating (differential of 111 points).
• **Squad Market Value**: Brighton has a squad value advantage of €415.0M.
• **Transfer Activity**: Brighton boosted by signing Georginio Rutter; Coventry boosted by signing Jack Rudoni.
• **Home Advantage**: Brighton benefits from playing at home (statistically boosts goal-scoring rate by ~22%).

**Prediction Summary**: Brighton is predicted to win this fixture with **55.7%** confidence.",2026-09-13 12:33:55,0
30,2027-03-20,Everton,Tottenham,47.43,26.48,26.09,1-1,"• **Team Strength (Elo)**: Matchup is evenly balanced on historical Elo (differential of 25 points).
• **Squad Market Value**: Tottenham has a squad value advantage of €525.0M.
• **Transfer Activity**: Everton boosted by signing Iliman Ndiaye; Tottenham boosted by signing Dominic Solanke.
• **Fatigue**: Tottenham is on short rest (midweek match congestion) while Everton is fully rested.
• **Home Advantage**: Everton benefits from playing at home (statistically boosts goal-scoring rate by ~22%).

**Prediction Summary**: Everton is predicted to win this fixture with **47.4%** confidence.",2026-09-13 12:33:55,0
30,2027-03-20,Fulham,Liverpool,26.77,22.97,50.27,1-1,"• **Team Strength (Elo)**: Liverpool is favored due to a higher Elo rating (differential of 104 points).
• **Squad Market Value**: Liverpool has a squad value advantage of €680.0M.
• **Transfer Activity**: Fulham boosted by signing Emile Smith Rowe; Liverpool boosted by signing Martin Zubimendi.
• **Fatigue**: Liverpool is on short rest (midweek match congestion) while Fulham is fully rested.
• **Home Advantage**: Fulham benefits from playing at home (statistically boosts goal-scoring rate by ~22%).

**Prediction Summary**: Liverpool is predicted to win this fixture with **50.3%** confidence.",2026-09-13 12:33:55,0
30,2027-03-20,Hull,Chelsea,11.4,34.95,53.65,0-1,"• **Team Strength (Elo)**: Chelsea is favored due to a higher Elo rating (differential of 111 points).
• **Squad Market Value**: Chelsea has a squad value advantage of €1337.0M.
• **Transfer Activity**: Hull boosted by signing Charlie Hughes; Chelsea boosted by signing Pedro Neto.
• **Fatigue**: Chelsea is on short rest (midweek match congestion) while Hull is fully rested.
• **Home Advantage**: Hull benefits from playing at home (statistically boosts goal-scoring rate by ~22%).

**Prediction Summary**: Chelsea is predicted to win this fixture with **53.6%** confidence.",2026-09-13 12:33:55,0
30,2027-03-20,Ipswich,Crystal Palace,22.89,23.97,53.14,1-1,"• **Team Strength (Elo)**: Crystal Palace is favored due to a higher Elo rating (differential of 145 points).
• **Squad Market Value**: Crystal Palace has a squad value advantage of €195.0M.
• **Transfer Activity**: Ipswich boosted by signing Omari Hutchinson; Crystal Palace boosted by signing Eddie Nketiah.
• **Home Advantage**: Ipswich benefits from playing at home (statistically boosts goal-scoring rate by ~22%).

**Prediction Summary**: Crystal Palace is predicted to win this fixture with **53.1%** confidence.",2026-09-13 12:33:55,0
30,2027-03-20,Man City,Man United,53.56,23.83,22.61,1-1,"• **Team Strength (Elo)**: Matchup is evenly balanced on historical Elo (differential of 34 points).
• **Squad Market Value**: Man City has a squad value advantage of €570.0M.
• **Transfer Activity**: Man City boosted by signing Tijjani Reijnders; Man United boosted by signing Leny Yoro.
• **Fatigue**: Both teams are facing congested schedules (midweek matches).
• **Home Advantage**: Man City benefits from playing at home (statistically boosts goal-scoring rate by ~22%).

**Prediction Summary**: Man City is predicted to win this fixture with **53.6%** confidence.",2026-09-13 12:33:55,0
30,2027-03-20,Newcastle,Leeds,49.78,24.03,26.19,1-1,"• **Team Strength (Elo)**: Matchup is evenly balanced on historical Elo (differential of 39 points).
• **Squad Market Value**: Newcastle has a squad value advantage of €175.0M.
• **Transfer Activity**: Newcastle boosted by signing Lewis Hall; Leeds boosted by signing Joe Rodon.
• **Home Advantage**: Newcastle benefits from playing at home (statistically boosts goal-scoring rate by ~22%).

**Prediction Summary**: Newcastle is predicted to win this fixture with **49.8%** confidence.",2026-09-13 12:33:55,0
30,2027-03-20,Nott'm Forest,Aston Villa,38.38,24.92,36.7,1-1,"• **Team Strength (Elo)**: Matchup is evenly balanced on historical Elo (differential of 27 points).
• **Transfer Activity**: Nott'm Forest boosted by signing Elliot Anderson; Aston Villa boosted by signing Amadou Onana.
• **Fatigue**: Aston Villa is on short rest (midweek match congestion) while Nott'm Forest is fully rested.
• **Home Advantage**: Nott'm Forest benefits from playing at home (statistically boosts goal-scoring rate by ~22%).

**Prediction Summary**: This matchup is highly contested with a close outcome probability. A Draw (24.9%) is a very strong possibility.",2026-09-13 12:33:55,0
31,2027-04-10,Bournemouth,Man City,27.0,21.11,51.89,1-1,"• **Team Strength (Elo)**: Man City is favored due to a higher Elo rating (differential of 73 points).
• **Squad Market Value**: Man City has a squad value advantage of €905.0M.
• **Transfer Activity**: Bournemouth boosted by signing Evanilson; Man City boosted by signing Tijjani Reijnders.
• **Home Advantage**: Bournemouth benefits from playing at home (statistically boosts goal-scoring rate by ~22%).

**Prediction Summary**: Man City is predicted to win this fixture with **51.9%** confidence.",2026-09-13 12:33:55,0
31,2027-04-10,Aston Villa,Brighton,39.34,25.86,34.8,1-1,"• **Team Strength (Elo)**: Matchup is evenly balanced on historical Elo (differential of 6 points).
• **Squad Market Value**: Brighton has a squad value advantage of €110.0M.
• **Transfer Activity**: Aston Villa boosted by signing Amadou Onana; Brighton boosted by signing Georginio Rutter.
• **Home Advantage**: Aston Villa benefits from playing at home (statistically boosts goal-scoring rate by ~22%).

**Prediction Summary**: This matchup is highly contested with a close outcome probability. A Draw (25.9%) is a very strong possibility.",2026-09-13 12:33:55,0
31,2027-04-10,Chelsea,Fulham,44.21,25.65,30.14,1-1,"• **Team Strength (Elo)**: Matchup is evenly balanced on historical Elo (differential of 9 points).
• **Squad Market Value**: Chelsea has a squad value advantage of €1115.0M.
• **Transfer Activity**: Chelsea boosted by signing Pedro Neto; Fulham boosted by signing Emile Smith Rowe.
• **Home Advantage**: Chelsea benefits from playing at home (statistically boosts goal-scoring rate by ~22%).

**Prediction Summary**: Chelsea is predicted to win this fixture with **44.2%** confidence.",2026-09-13 12:33:55,0
31,2027-04-10,Coventry,Arsenal,25.71,17.59,56.7,1-2,"• **Team Strength (Elo)**: Arsenal is favored due to a higher Elo rating (differential of 235 points).
• **Squad Market Value**: Arsenal has a squad value advantage of €1200.0M.
• **Transfer Activity**: Coventry boosted by signing Jack Rudoni; Arsenal boosted by signing Viktor Gyökeres.
• **Home Advantage**: Coventry benefits from playing at home (statistically boosts goal-scoring rate by ~22%).

**Prediction Summary**: Arsenal is predicted to win this fixture with **56.7%** confidence.",2026-09-13 12:33:55,0
31,2027-04-10,Crystal Palace,Everton,36.68,26.37,36.94,1-1,"• **Team Strength (Elo)**: Matchup is evenly balanced on historical Elo (differential of 20 points).
• **Transfer Activity**: Crystal Palace boosted by signing Eddie Nketiah; Everton boosted by signing Iliman Ndiaye.
• **Home Advantage**: Crystal Palace benefits from playing at home (statistically boosts goal-scoring rate by ~22%).

**Prediction Summary**: This matchup is highly contested with a close outcome probability. A Draw (26.4%) is a very strong possibility.",2026-09-13 12:33:55,0
31,2027-04-10,Leeds,Nott'm Forest,33.24,24.69,42.07,1-1,"• **Team Strength (Elo)**: Matchup is evenly balanced on historical Elo (differential of 45 points).
• **Squad Market Value**: Nott'm Forest has a squad value advantage of €135.0M.
• **Transfer Activity**: Leeds boosted by signing Joe Rodon; Nott'm Forest boosted by signing Elliot Anderson.
• **Home Advantage**: Leeds benefits from playing at home (statistically boosts goal-scoring rate by ~22%).

**Prediction Summary**: Nott'm Forest is predicted to win this fixture with **42.1%** confidence.",2026-09-13 12:33:55,0
31,2027-04-10,Liverpool,Newcastle,61.58,18.68,19.74,1-1,"• **Team Strength (Elo)**: Liverpool is favored due to a higher Elo rating (differential of 74 points).
• **Squad Market Value**: Liverpool has a squad value advantage of €425.0M.
• **Transfer Activity**: Liverpool boosted by signing Martin Zubimendi; Newcastle boosted by signing Lewis Hall.
• **Home Advantage**: Liverpool benefits from playing at home (statistically boosts goal-scoring rate by ~22%).

**Prediction Summary**: Liverpool is predicted to win this fixture with **61.6%** confidence.",2026-09-13 12:33:55,0
31,2027-04-10,Man United,Hull,62.94,27.6,9.45,1-0,"• **Team Strength (Elo)**: Man United is favored due to a higher Elo rating (differential of 196 points).
• **Squad Market Value**: Man United has a squad value advantage of €822.0M.
• **Transfer Activity**: Man United boosted by signing Leny Yoro; Hull boosted by signing Charlie Hughes.
• **Home Advantage**: Man United benefits from playing at home (statistically boosts goal-scoring rate by ~22%).

**Prediction Summary**: Man United is predicted to win this fixture with **62.9%** confidence.",2026-09-13 12:33:55,0
31,2027-04-10,Sunderland,Ipswich,67.33,19.14,13.53,1-0,"• **Team Strength (Elo)**: Sunderland is favored due to a higher Elo rating (differential of 149 points).
• **Transfer Activity**: Sunderland boosted by signing Salis Abdul Samed; Ipswich boosted by signing Omari Hutchinson.
• **Home Advantage**: Sunderland benefits from playing at home (statistically boosts goal-scoring rate by ~22%).

**Prediction Summary**: Sunderland is predicted to win this fixture with **67.3%** confidence.",2026-09-13 12:33:55,0
31,2027-04-10,Tottenham,Brentford,29.77,19.12,51.11,1-1,"• **Team Strength (Elo)**: Brentford is favored due to a higher Elo rating (differential of 86 points).
• **Squad Market Value**: Tottenham has a squad value advantage of €385.0M.
• **Transfer Activity**: Tottenham boosted by signing Dominic Solanke; Brentford boosted by signing Igor Thiago.
• **Home Advantage**: Tottenham benefits from playing at home (statistically boosts goal-scoring rate by ~22%).

**Prediction Summary**: Brentford is predicted to win this fixture with **51.1%** confidence.",2026-09-13 12:33:55,0
32,2027-04-17,Arsenal,Aston Villa,64.24,21.59,14.17,2-0,"• **Team Strength (Elo)**: Arsenal is favored due to a higher Elo rating (differential of 128 points).
• **Squad Market Value**: Arsenal has a squad value advantage of €895.0M.
• **Transfer Activity**: Arsenal boosted by signing Viktor Gyökeres; Aston Villa boosted by signing Amadou Onana.
• **Fatigue**: Both teams are facing congested schedules (midweek matches).
• **Home Advantage**: Arsenal benefits from playing at home (statistically boosts goal-scoring rate by ~22%).

**Prediction Summary**: Arsenal is predicted to win this fixture with **64.2%** confidence.",2026-09-13 12:33:55,0
32,2027-04-17,Brentford,Leeds,52.59,23.49,23.92,1-1,"• **Team Strength (Elo)**: Brentford is favored due to a higher Elo rating (differential of 63 points).
• **Squad Market Value**: Brentford has a squad value advantage of €170.0M.
• **Transfer Activity**: Brentford boosted by signing Igor Thiago; Leeds boosted by signing Joe Rodon.
• **Home Advantage**: Brentford benefits from playing at home (statistically boosts goal-scoring rate by ~22%).

**Prediction Summary**: Brentford is predicted to win this fixture with **52.6%** confidence.",2026-09-13 12:33:55,0
32,2027-04-17,Brighton,Chelsea,50.37,24.51,25.12,1-1,"• **Team Strength (Elo)**: Matchup is evenly balanced on historical Elo (differential of 49 points).
• **Squad Market Value**: Chelsea has a squad value advantage of €770.0M.
• **Transfer Activity**: Brighton boosted by signing Georginio Rutter; Chelsea boosted by signing Pedro Neto.
• **Fatigue**: Chelsea is on short rest (midweek match congestion) while Brighton is fully rested.
• **Home Advantage**: Brighton benefits from playing at home (statistically boosts goal-scoring rate by ~22%).

**Prediction Summary**: Brighton is predicted to win this fixture with **50.4%** confidence.",2026-09-13 12:33:55,0
32,2027-04-17,Everton,Bournemouth,32.39,24.95,42.66,1-1,"• **Team Strength (Elo)**: Bournemouth is favored due to a higher Elo rating (differential of 70 points).
• **Squad Market Value**: Bournemouth has a squad value advantage of €155.0M.
• **Transfer Activity**: Everton boosted by signing Iliman Ndiaye; Bournemouth boosted by signing Evanilson.
• **Home Advantage**: Everton benefits from playing at home (statistically boosts goal-scoring rate by ~22%).

**Prediction Summary**: Bournemouth is predicted to win this fixture with **42.7%** confidence.",2026-09-13 12:33:55,0
32,2027-04-17,Fulham,Sunderland,39.22,29.52,31.27,0-0,"• **Team Strength (Elo)**: Matchup is evenly balanced on historical Elo (differential of 10 points).
• **Transfer Activity**: Fulham boosted by signing Emile Smith Rowe; Sunderland boosted by signing Salis Abdul Samed.
• **Home Advantage**: Fulham benefits from playing at home (statistically boosts goal-scoring rate by ~22%).

**Prediction Summary**: Fulham is predicted to win this fixture with **39.2%** confidence.",2026-09-13 12:33:55,0
32,2027-04-17,Hull,Coventry,32.85,25.62,41.53,1-1,"• **Team Strength (Elo)**: Coventry is favored due to a higher Elo rating (differential of 52 points).
• **Squad Market Value**: Coventry has a squad value advantage of €152.0M.
• **Transfer Activity**: Hull boosted by signing Charlie Hughes; Coventry boosted by signing Jack Rudoni.
• **Home Advantage**: Hull benefits from playing at home (statistically boosts goal-scoring rate by ~22%).

**Prediction Summary**: Coventry is predicted to win this fixture with **41.5%** confidence.",2026-09-13 12:33:55,0
32,2027-04-17,Ipswich,Man United,8.53,15.22,76.25,0-2,"• **Team Strength (Elo)**: Man United is favored due to a higher Elo rating (differential of 272 points).
• **Squad Market Value**: Man United has a squad value advantage of €615.0M.
• **Transfer Activity**: Ipswich boosted by signing Omari Hutchinson; Man United boosted by signing Leny Yoro.
• **Fatigue**: Man United is on short rest (midweek match congestion) while Ipswich is fully rested.
• **Home Advantage**: Ipswich benefits from playing at home (statistically boosts goal-scoring rate by ~22%).

**Prediction Summary**: Man United is predicted to win this fixture with **76.3%** confidence.",2026-09-13 12:33:55,0
32,2027-04-17,Man City,Crystal Palace,72.37,16.24,11.39,2-0,"• **Team Strength (Elo)**: Man City is favored due to a higher Elo rating (differential of 160 points).
• **Squad Market Value**: Man City has a squad value advantage of €990.0M.
• **Transfer Activity**: Man City boosted by signing Tijjani Reijnders; Crystal Palace boosted by signing Eddie Nketiah.
• **Fatigue**: Man City is on short rest (midweek match congestion) while Crystal Palace is fully rested.
• **Home Advantage**: Man City benefits from playing at home (statistically boosts goal-scoring rate by ~22%).

**Prediction Summary**: Man City is predicted to win this fixture with **72.4%** confidence.",2026-09-13 12:33:55,0
32,2027-04-17,Newcastle,Tottenham,58.07,22.19,19.74,1-1,"• **Team Strength (Elo)**: Newcastle is favored due to a higher Elo rating (differential of 64 points).
• **Squad Market Value**: Tottenham has a squad value advantage of €380.0M.
• **Transfer Activity**: Newcastle boosted by signing Lewis Hall; Tottenham boosted by signing Dominic Solanke.
• **Fatigue**: Tottenham is on short rest (midweek match congestion) while Newcastle is fully rested.
• **Home Advantage**: Newcastle benefits from playing at home (statistically boosts goal-scoring rate by ~22%).

**Prediction Summary**: Newcastle is predicted to win this fixture with **58.1%** confidence.",2026-09-13 12:33:55,0
32,2027-04-17,Nott'm Forest,Liverpool,30.74,22.61,46.65,1-1,"• **Team Strength (Elo)**: Liverpool is favored due to a higher Elo rating (differential of 78 points).
• **Squad Market Value**: Liverpool has a squad value advantage of €465.0M.
• **Transfer Activity**: Nott'm Forest boosted by signing Elliot Anderson; Liverpool boosted by signing Martin Zubimendi.
• **Fatigue**: Liverpool is on short rest (midweek match congestion) while Nott'm Forest is fully rested.
• **Home Advantage**: Nott'm Forest benefits from playing at home (statistically boosts goal-scoring rate by ~22%).

**Prediction Summary**: Liverpool is predicted to win this fixture with **46.6%** confidence.",2026-09-13 12:33:55,0
33,2027-04-24,Bournemouth,Arsenal,24.05,22.99,52.96,1-1,"• **Team Strength (Elo)**: Arsenal is favored due to a higher Elo rating (differential of 124 points).
• **Squad Market Value**: Arsenal has a squad value advantage of €865.0M.
• **Transfer Activity**: Bournemouth boosted by signing Evanilson; Arsenal boosted by signing Viktor Gyökeres.
• **Home Advantage**: Bournemouth benefits from playing at home (statistically boosts goal-scoring rate by ~22%).

**Prediction Summary**: Arsenal is predicted to win this fixture with **53.0%** confidence.",2026-09-13 12:33:55,0
33,2027-04-24,Aston Villa,Coventry,50.98,22.87,26.15,2-1,"• **Team Strength (Elo)**: Aston Villa is favored due to a higher Elo rating (differential of 97 points).
• **Squad Market Value**: Aston Villa has a squad value advantage of €305.0M.
• **Transfer Activity**: Aston Villa boosted by signing Amadou Onana; Coventry boosted by signing Jack Rudoni.
• **Home Advantage**: Aston Villa benefits from playing at home (statistically boosts goal-scoring rate by ~22%).

**Prediction Summary**: Aston Villa is predicted to win this fixture with **51.0%** confidence.",2026-09-13 12:33:55,0
33,2027-04-24,Brentford,Fulham,50.86,24.29,24.85,1-1,"• **Team Strength (Elo)**: Brentford is favored due to a higher Elo rating (differential of 52 points).
• **Squad Market Value**: Brentford has a squad value advantage of €250.0M.
• **Transfer Activity**: Brentford boosted by signing Igor Thiago; Fulham boosted by signing Emile Smith Rowe.
• **Home Advantage**: Brentford benefits from playing at home (statistically boosts goal-scoring rate by ~22%).

**Prediction Summary**: Brentford is predicted to win this fixture with **50.9%** confidence.",2026-09-13 12:33:55,0
33,2027-04-24,Chelsea,Man City,23.89,21.76,54.36,1-1,"• **Team Strength (Elo)**: Man City is favored due to a higher Elo rating (differential of 135 points).
• **Transfer Activity**: Chelsea boosted by signing Pedro Neto; Man City boosted by signing Tijjani Reijnders.
• **Home Advantage**: Chelsea benefits from playing at home (statistically boosts goal-scoring rate by ~22%).

**Prediction Summary**: Man City is predicted to win this fixture with **54.4%** confidence.",2026-09-13 12:33:55,0
33,2027-04-24,Everton,Brighton,31.78,25.68,42.54,1-1,"• **Team Strength (Elo)**: Brighton is favored due to a higher Elo rating (differential of 69 points).
• **Squad Market Value**: Brighton has a squad value advantage of €235.0M.
• **Transfer Activity**: Everton boosted by signing Iliman Ndiaye; Brighton boosted by signing Georginio Rutter.
• **Home Advantage**: Everton benefits from playing at home (statistically boosts goal-scoring rate by ~22%).

**Prediction Summary**: Brighton is predicted to win this fixture with **42.5%** confidence.",2026-09-13 12:33:55,0
33,2027-04-24,Leeds,Liverpool,23.3,20.19,56.51,1-1,"• **Team Strength (Elo)**: Liverpool is favored due to a higher Elo rating (differential of 129 points).
• **Squad Market Value**: Liverpool has a squad value advantage of €600.0M.
• **Transfer Activity**: Leeds boosted by signing Joe Rodon; Liverpool boosted by signing Martin Zubimendi.
• **Home Advantage**: Leeds benefits from playing at home (statistically boosts goal-scoring rate by ~22%).

**Prediction Summary**: Liverpool is predicted to win this fixture with **56.5%** confidence.",2026-09-13 12:33:55,0
33,2027-04-24,Man United,Crystal Palace,62.28,21.07,16.65,1-1,"• **Team Strength (Elo)**: Man United is favored due to a higher Elo rating (differential of 125 points).
• **Squad Market Value**: Man United has a squad value advantage of €420.0M.
• **Transfer Activity**: Man United boosted by signing Leny Yoro; Crystal Palace boosted by signing Eddie Nketiah.
• **Home Advantage**: Man United benefits from playing at home (statistically boosts goal-scoring rate by ~22%).

**Prediction Summary**: Man United is predicted to win this fixture with **62.3%** confidence.",2026-09-13 12:33:55,0
33,2027-04-24,Newcastle,Ipswich,75.72,14.02,10.26,2-0,"• **Team Strength (Elo)**: Newcastle is favored due to a higher Elo rating (differential of 203 points).
• **Squad Market Value**: Newcastle has a squad value advantage of €270.0M.
• **Transfer Activity**: Newcastle boosted by signing Lewis Hall; Ipswich boosted by signing Omari Hutchinson.
• **Home Advantage**: Newcastle benefits from playing at home (statistically boosts goal-scoring rate by ~22%).

**Prediction Summary**: Newcastle is predicted to win this fixture with **75.7%** confidence.",2026-09-13 12:33:55,0
33,2027-04-24,Nott'm Forest,Sunderland,46.66,26.62,26.72,1-1,"• **Team Strength (Elo)**: Matchup is evenly balanced on historical Elo (differential of 39 points).
• **Squad Market Value**: Nott'm Forest has a squad value advantage of €150.0M.
• **Transfer Activity**: Nott'm Forest boosted by signing Elliot Anderson; Sunderland boosted by signing Salis Abdul Samed.
• **Home Advantage**: Nott'm Forest benefits from playing at home (statistically boosts goal-scoring rate by ~22%).

**Prediction Summary**: Nott'm Forest is predicted to win this fixture with **46.7%** confidence.",2026-09-13 12:33:55,0
33,2027-04-24,Tottenham,Hull,42.58,38.52,18.9,0-0,"• **Team Strength (Elo)**: Tottenham is favored due to a higher Elo rating (differential of 65 points).
• **Squad Market Value**: Tottenham has a squad value advantage of €857.0M.
• **Transfer Activity**: Tottenham boosted by signing Dominic Solanke; Hull boosted by signing Charlie Hughes.
• **Home Advantage**: Tottenham benefits from playing at home (statistically boosts goal-scoring rate by ~22%).

**Prediction Summary**: Tottenham is predicted to win this fixture with **42.6%** confidence.",2026-09-13 12:33:55,0
34,2027-05-01,Arsenal,Tottenham,78.61,14.41,6.98,3-0,"• **Team Strength (Elo)**: Arsenal is favored due to a higher Elo rating (differential of 224 points).
• **Squad Market Value**: Arsenal has a squad value advantage of €495.0M.
• **Transfer Activity**: Arsenal boosted by signing Viktor Gyökeres; Tottenham boosted by signing Dominic Solanke.
• **Fatigue**: Both teams are facing congested schedules (midweek matches).
• **Home Advantage**: Arsenal benefits from playing at home (statistically boosts goal-scoring rate by ~22%).

**Prediction Summary**: Arsenal is predicted to win this fixture with **78.6%** confidence.",2026-09-13 12:33:55,0
34,2027-05-01,Brighton,Nott'm Forest,47.28,24.41,28.31,1-1,"• **Team Strength (Elo)**: Matchup is evenly balanced on historical Elo (differential of 31 points).
• **Squad Market Value**: Brighton has a squad value advantage of €130.0M.
• **Transfer Activity**: Brighton boosted by signing Georginio Rutter; Nott'm Forest boosted by signing Elliot Anderson.
• **Home Advantage**: Brighton benefits from playing at home (statistically boosts goal-scoring rate by ~22%).

**Prediction Summary**: Brighton is predicted to win this fixture with **47.3%** confidence.",2026-09-13 12:33:55,0
34,2027-05-01,Coventry,Man United,31.06,20.91,48.03,1-2,"• **Team Strength (Elo)**: Man United is favored due to a higher Elo rating (differential of 150 points).
• **Squad Market Value**: Man United has a squad value advantage of €670.0M.
• **Transfer Activity**: Coventry boosted by signing Jack Rudoni; Man United boosted by signing Leny Yoro.
• **Fatigue**: Man United is on short rest (midweek match congestion) while Coventry is fully rested.
• **Home Advantage**: Coventry benefits from playing at home (statistically boosts goal-scoring rate by ~22%).

**Prediction Summary**: Man United is predicted to win this fixture with **48.0%** confidence.",2026-09-13 12:33:55,0
34,2027-05-01,Crystal Palace,Aston Villa,30.36,27.85,41.79,1-1,"• **Team Strength (Elo)**: Aston Villa is favored due to a higher Elo rating (differential of 78 points).
• **Transfer Activity**: Crystal Palace boosted by signing Eddie Nketiah; Aston Villa boosted by signing Amadou Onana.
• **Fatigue**: Aston Villa is on short rest (midweek match congestion) while Crystal Palace is fully rested.
• **Home Advantage**: Crystal Palace benefits from playing at home (statistically boosts goal-scoring rate by ~22%).

**Prediction Summary**: Aston Villa is predicted to win this fixture with **41.8%** confidence.",2026-09-13 12:33:55,0
34,2027-05-01,Fulham,Everton,38.35,28.58,33.07,0-0,"• **Team Strength (Elo)**: Matchup is evenly balanced on historical Elo (differential of 1 points).
• **Squad Market Value**: Everton has a squad value advantage of €110.0M.
• **Transfer Activity**: Fulham boosted by signing Emile Smith Rowe; Everton boosted by signing Iliman Ndiaye.
• **Home Advantage**: Fulham benefits from playing at home (statistically boosts goal-scoring rate by ~22%).

**Prediction Summary**: Fulham is predicted to win this fixture with **38.3%** confidence.",2026-09-13 12:33:55,0
34,2027-05-01,Hull,Bournemouth,12.75,27.77,59.48,0-1,"• **Team Strength (Elo)**: Bournemouth is favored due to a higher Elo rating (differential of 170 points).
• **Squad Market Value**: Bournemouth has a squad value advantage of €487.0M.
• **Transfer Activity**: Hull boosted by signing Charlie Hughes; Bournemouth boosted by signing Evanilson.
• **Home Advantage**: Hull benefits from playing at home (statistically boosts goal-scoring rate by ~22%).

**Prediction Summary**: Bournemouth is predicted to win this fixture with **59.5%** confidence.",2026-09-13 12:33:55,0
34,2027-05-01,Ipswich,Leeds,22.43,23.72,53.85,1-1,"• **Team Strength (Elo)**: Leeds is favored due to a higher Elo rating (differential of 161 points).
• **Transfer Activity**: Ipswich boosted by signing Omari Hutchinson; Leeds boosted by signing Joe Rodon.
• **Home Advantage**: Ipswich benefits from playing at home (statistically boosts goal-scoring rate by ~22%).

**Prediction Summary**: Leeds is predicted to win this fixture with **53.8%** confidence.",2026-09-13 12:33:55,0
34,2027-05-01,Liverpool,Chelsea,61.69,20.59,17.71,1-1,"• **Team Strength (Elo)**: Liverpool is favored due to a higher Elo rating (differential of 107 points).
• **Squad Market Value**: Chelsea has a squad value advantage of €435.0M.
• **Transfer Activity**: Liverpool boosted by signing Martin Zubimendi; Chelsea boosted by signing Pedro Neto.
• **Fatigue**: Both teams are facing congested schedules (midweek matches).
• **Home Advantage**: Liverpool benefits from playing at home (statistically boosts goal-scoring rate by ~22%).

**Prediction Summary**: Liverpool is predicted to win this fixture with **61.7%** confidence.",2026-09-13 12:33:55,0
34,2027-05-01,Man City,Brentford,62.31,19.41,18.28,1-1,"• **Team Strength (Elo)**: Man City is favored due to a higher Elo rating (differential of 91 points).
• **Squad Market Value**: Man City has a squad value advantage of €920.0M.
• **Transfer Activity**: Man City boosted by signing Tijjani Reijnders; Brentford boosted by signing Igor Thiago.
• **Fatigue**: Man City is on short rest (midweek match congestion) while Brentford is fully rested.
• **Home Advantage**: Man City benefits from playing at home (statistically boosts goal-scoring rate by ~22%).

**Prediction Summary**: Man City is predicted to win this fixture with **62.3%** confidence.",2026-09-13 12:33:55,0
34,2027-05-01,Sunderland,Newcastle,32.95,26.08,40.98,1-1,"• **Team Strength (Elo)**: Matchup is evenly balanced on historical Elo (differential of 49 points).
• **Squad Market Value**: Newcastle has a squad value advantage of €190.0M.
• **Transfer Activity**: Sunderland boosted by signing Salis Abdul Samed; Newcastle boosted by signing Lewis Hall.
• **Home Advantage**: Sunderland benefits from playing at home (statistically boosts goal-scoring rate by ~22%).

**Prediction Summary**: Newcastle is predicted to win this fixture with **41.0%** confidence.",2026-09-13 12:33:55,0
35,2027-05-08,Bournemouth,Man United,39.29,24.51,36.2,1-1,"• **Team Strength (Elo)**: Matchup is evenly balanced on historical Elo (differential of 41 points).
• **Squad Market Value**: Man United has a squad value advantage of €335.0M.
• **Transfer Activity**: Bournemouth boosted by signing Evanilson; Man United boosted by signing Leny Yoro.
• **Fatigue**: Man United is on short rest (midweek match congestion) while Bournemouth is fully rested.
• **Home Advantage**: Bournemouth benefits from playing at home (statistically boosts goal-scoring rate by ~22%).

**Prediction Summary**: This matchup is highly contested with a close outcome probability. A Draw (24.5%) is a very strong possibility.",2026-09-13 12:33:55,0
35,2027-05-08,Brentford,Aston Villa,46.1,25.1,28.8,1-1,"• **Team Strength (Elo)**: Matchup is evenly balanced on historical Elo (differential of 3 points).
• **Transfer Activity**: Brentford boosted by signing Igor Thiago; Aston Villa boosted by signing Amadou Onana.
• **Fatigue**: Aston Villa is on short rest (midweek match congestion) while Brentford is fully rested.
• **Home Advantage**: Brentford benefits from playing at home (statistically boosts goal-scoring rate by ~22%).

**Prediction Summary**: Brentford is predicted to win this fixture with **46.1%** confidence.",2026-09-13 12:33:55,0
35,2027-05-08,Brighton,Sunderland,52.92,24.65,22.43,1-1,"• **Team Strength (Elo)**: Brighton is favored due to a higher Elo rating (differential of 73 points).
• **Squad Market Value**: Brighton has a squad value advantage of €280.0M.
• **Transfer Activity**: Brighton boosted by signing Georginio Rutter; Sunderland boosted by signing Salis Abdul Samed.
• **Home Advantage**: Brighton benefits from playing at home (statistically boosts goal-scoring rate by ~22%).

**Prediction Summary**: Brighton is predicted to win this fixture with **52.9%** confidence.",2026-09-13 12:33:55,0
35,2027-05-08,Everton,Hull,41.29,40.52,18.18,0-0,"• **Team Strength (Elo)**: Everton is favored due to a higher Elo rating (differential of 96 points).
• **Squad Market Value**: Everton has a squad value advantage of €332.0M.
• **Transfer Activity**: Everton boosted by signing Iliman Ndiaye; Hull boosted by signing Charlie Hughes.
• **Home Advantage**: Everton benefits from playing at home (statistically boosts goal-scoring rate by ~22%).

**Prediction Summary**: Everton is predicted to win this fixture with **41.3%** confidence.",2026-09-13 12:33:55,0
35,2027-05-08,Fulham,Ipswich,70.42,17.89,11.69,1-0,"• **Team Strength (Elo)**: Fulham is favored due to a higher Elo rating (differential of 171 points).
• **Transfer Activity**: Fulham boosted by signing Emile Smith Rowe; Ipswich boosted by signing Omari Hutchinson.
• **Home Advantage**: Fulham benefits from playing at home (statistically boosts goal-scoring rate by ~22%).

**Prediction Summary**: Fulham is predicted to win this fixture with **70.4%** confidence.",2026-09-13 12:33:55,0
35,2027-05-08,Leeds,Arsenal,15.26,21.5,63.25,0-2,"• **Team Strength (Elo)**: Arsenal is favored due to a higher Elo rating (differential of 209 points).
• **Squad Market Value**: Arsenal has a squad value advantage of €1050.0M.
• **Transfer Activity**: Leeds boosted by signing Joe Rodon; Arsenal boosted by signing Viktor Gyökeres.
• **Fatigue**: Arsenal is on short rest (midweek match congestion) while Leeds is fully rested.
• **Home Advantage**: Leeds benefits from playing at home (statistically boosts goal-scoring rate by ~22%).

**Prediction Summary**: Arsenal is predicted to win this fixture with **63.2%** confidence.",2026-09-13 12:33:55,0
35,2027-05-08,Man City,Liverpool,51.51,23.47,25.02,1-1,"• **Team Strength (Elo)**: Matchup is evenly balanced on historical Elo (differential of 28 points).
• **Squad Market Value**: Man City has a squad value advantage of €490.0M.
• **Transfer Activity**: Man City boosted by signing Tijjani Reijnders; Liverpool boosted by signing Martin Zubimendi.
• **Fatigue**: Both teams are facing congested schedules (midweek matches).
• **Home Advantage**: Man City benefits from playing at home (statistically boosts goal-scoring rate by ~22%).

**Prediction Summary**: Man City is predicted to win this fixture with **51.5%** confidence.",2026-09-13 12:33:55,0
35,2027-05-08,Newcastle,Coventry,50.75,21.1,28.15,2-1,"• **Team Strength (Elo)**: Newcastle is favored due to a higher Elo rating (differential of 77 points).
• **Squad Market Value**: Newcastle has a squad value advantage of €325.0M.
• **Transfer Activity**: Newcastle boosted by signing Lewis Hall; Coventry boosted by signing Jack Rudoni.
• **Home Advantage**: Newcastle benefits from playing at home (statistically boosts goal-scoring rate by ~22%).

**Prediction Summary**: Newcastle is predicted to win this fixture with **50.8%** confidence.",2026-09-13 12:33:55,0
35,2027-05-08,Nott'm Forest,Crystal Palace,49.78,25.08,25.14,1-1,"• **Team Strength (Elo)**: Nott'm Forest is favored due to a higher Elo rating (differential of 53 points).
• **Transfer Activity**: Nott'm Forest boosted by signing Elliot Anderson; Crystal Palace boosted by signing Eddie Nketiah.
• **Home Advantage**: Nott'm Forest benefits from playing at home (statistically boosts goal-scoring rate by ~22%).

**Prediction Summary**: Nott'm Forest is predicted to win this fixture with **49.8%** confidence.",2026-09-13 12:33:55,0
35,2027-05-08,Tottenham,Chelsea,34.8,25.04,40.16,1-1,"• **Team Strength (Elo)**: Matchup is evenly balanced on historical Elo (differential of 48 points).
• **Squad Market Value**: Chelsea has a squad value advantage of €480.0M.
• **Transfer Activity**: Tottenham boosted by signing Dominic Solanke; Chelsea boosted by signing Pedro Neto.
• **Fatigue**: Both teams are facing congested schedules (midweek matches).
• **Home Advantage**: Tottenham benefits from playing at home (statistically boosts goal-scoring rate by ~22%).

**Prediction Summary**: Chelsea is predicted to win this fixture with **40.2%** confidence.",2026-09-13 12:33:55,0
36,2027-05-15,Arsenal,Nott'm Forest,71.4,15.72,12.88,2-0,"• **Team Strength (Elo)**: Arsenal is favored due to a higher Elo rating (differential of 165 points).
• **Squad Market Value**: Arsenal has a squad value advantage of €915.0M.
• **Transfer Activity**: Arsenal boosted by signing Viktor Gyökeres; Nott'm Forest boosted by signing Elliot Anderson.
• **Home Advantage**: Arsenal benefits from playing at home (statistically boosts goal-scoring rate by ~22%).

**Prediction Summary**: Arsenal is predicted to win this fixture with **71.4%** confidence.",2026-09-13 12:33:55,0
36,2027-05-15,Aston Villa,Newcastle,44.9,24.53,30.58,1-1,"• **Team Strength (Elo)**: Matchup is evenly balanced on historical Elo (differential of 17 points).
• **Transfer Activity**: Aston Villa boosted by signing Amadou Onana; Newcastle boosted by signing Lewis Hall.
• **Home Advantage**: Aston Villa benefits from playing at home (statistically boosts goal-scoring rate by ~22%).

**Prediction Summary**: Aston Villa is predicted to win this fixture with **44.9%** confidence.",2026-09-13 12:33:55,0
36,2027-05-15,Chelsea,Everton,43.63,26.43,29.94,1-1,"• **Team Strength (Elo)**: Matchup is evenly balanced on historical Elo (differential of 12 points).
• **Squad Market Value**: Chelsea has a squad value advantage of €1005.0M.
• **Transfer Activity**: Chelsea boosted by signing Pedro Neto; Everton boosted by signing Iliman Ndiaye.
• **Home Advantage**: Chelsea benefits from playing at home (statistically boosts goal-scoring rate by ~22%).

**Prediction Summary**: Chelsea is predicted to win this fixture with **43.6%** confidence.",2026-09-13 12:33:55,0
36,2027-05-15,Coventry,Tottenham,42.57,22.89,34.54,1-1,"• **Team Strength (Elo)**: Matchup is evenly balanced on historical Elo (differential of 8 points).
• **Squad Market Value**: Tottenham has a squad value advantage of €705.0M.
• **Transfer Activity**: Coventry boosted by signing Jack Rudoni; Tottenham boosted by signing Dominic Solanke.
• **Home Advantage**: Coventry benefits from playing at home (statistically boosts goal-scoring rate by ~22%).

**Prediction Summary**: Coventry is predicted to win this fixture with **42.6%** confidence.",2026-09-13 12:33:55,0
36,2027-05-15,Crystal Palace,Brighton,29.48,24.77,45.75,1-1,"• **Team Strength (Elo)**: Brighton is favored due to a higher Elo rating (differential of 91 points).
• **Squad Market Value**: Brighton has a squad value advantage of €165.0M.
• **Transfer Activity**: Crystal Palace boosted by signing Eddie Nketiah; Brighton boosted by signing Georginio Rutter.
• **Home Advantage**: Crystal Palace benefits from playing at home (statistically boosts goal-scoring rate by ~22%).

**Prediction Summary**: Brighton is predicted to win this fixture with **45.8%** confidence.",2026-09-13 12:33:55,0
36,2027-05-15,Hull,Fulham,14.31,35.97,49.72,0-1,"• **Team Strength (Elo)**: Fulham is favored due to a higher Elo rating (differential of 108 points).
• **Squad Market Value**: Fulham has a squad value advantage of €222.0M.
• **Transfer Activity**: Hull boosted by signing Charlie Hughes; Fulham boosted by signing Emile Smith Rowe.
• **Home Advantage**: Hull benefits from playing at home (statistically boosts goal-scoring rate by ~22%).

**Prediction Summary**: Fulham is predicted to win this fixture with **49.7%** confidence.",2026-09-13 12:33:55,0
36,2027-05-15,Ipswich,Man City,6.42,14.1,79.48,0-4,"• **Team Strength (Elo)**: Man City is favored due to a higher Elo rating (differential of 326 points).
• **Squad Market Value**: Man City has a squad value advantage of €1185.0M.
• **Transfer Activity**: Ipswich boosted by signing Omari Hutchinson; Man City boosted by signing Tijjani Reijnders.
• **Home Advantage**: Ipswich benefits from playing at home (statistically boosts goal-scoring rate by ~22%).

**Prediction Summary**: Man City is predicted to win this fixture with **79.5%** confidence.",2026-09-13 12:33:55,0
36,2027-05-15,Liverpool,Brentford,59.7,20.02,20.27,1-1,"• **Team Strength (Elo)**: Liverpool is favored due to a higher Elo rating (differential of 64 points).
• **Squad Market Value**: Liverpool has a squad value advantage of €430.0M.
• **Transfer Activity**: Liverpool boosted by signing Martin Zubimendi; Brentford boosted by signing Igor Thiago.
• **Home Advantage**: Liverpool benefits from playing at home (statistically boosts goal-scoring rate by ~22%).

**Prediction Summary**: Liverpool is predicted to win this fixture with **59.7%** confidence.",2026-09-13 12:33:55,0
36,2027-05-15,Man United,Leeds,64.48,19.85,15.67,1-1,"• **Team Strength (Elo)**: Man United is favored due to a higher Elo rating (differential of 123 points).
• **Squad Market Value**: Man United has a squad value advantage of €520.0M.
• **Transfer Activity**: Man United boosted by signing Leny Yoro; Leeds boosted by signing Joe Rodon.
• **Home Advantage**: Man United benefits from playing at home (statistically boosts goal-scoring rate by ~22%).

**Prediction Summary**: Man United is predicted to win this fixture with **64.5%** confidence.",2026-09-13 12:33:55,0
36,2027-05-15,Sunderland,Bournemouth,29.33,25.88,44.79,1-1,"• **Team Strength (Elo)**: Bournemouth is favored due to a higher Elo rating (differential of 83 points).
• **Squad Market Value**: Bournemouth has a squad value advantage of €200.0M.
• **Transfer Activity**: Sunderland boosted by signing Salis Abdul Samed; Bournemouth boosted by signing Evanilson.
• **Home Advantage**: Sunderland benefits from playing at home (statistically boosts goal-scoring rate by ~22%).

**Prediction Summary**: Bournemouth is predicted to win this fixture with **44.8%** confidence.",2026-09-13 12:33:55,0
37,2027-05-23,Bournemouth,Chelsea,50.02,23.63,26.35,1-1,"• **Team Strength (Elo)**: Bournemouth is favored due to a higher Elo rating (differential of 57 points).
• **Squad Market Value**: Chelsea has a squad value advantage of €850.0M.
• **Transfer Activity**: Bournemouth boosted by signing Evanilson; Chelsea boosted by signing Pedro Neto.
• **Home Advantage**: Bournemouth benefits from playing at home (statistically boosts goal-scoring rate by ~22%).

**Prediction Summary**: Bournemouth is predicted to win this fixture with **50.0%** confidence.",2026-09-13 12:33:55,0
37,2027-05-23,Brentford,Hull,54.18,30.75,15.08,0-0,"• **Team Strength (Elo)**: Brentford is favored due to a higher Elo rating (differential of 153 points).
• **Squad Market Value**: Brentford has a squad value advantage of €472.0M.
• **Transfer Activity**: Brentford boosted by signing Igor Thiago; Hull boosted by signing Charlie Hughes.
• **Home Advantage**: Brentford benefits from playing at home (statistically boosts goal-scoring rate by ~22%).

**Prediction Summary**: Brentford is predicted to win this fixture with **54.2%** confidence.",2026-09-13 12:33:55,0
37,2027-05-23,Brighton,Liverpool,38.04,21.8,40.16,1-1,"• **Team Strength (Elo)**: Liverpool is favored due to a higher Elo rating (differential of 55 points).
• **Squad Market Value**: Liverpool has a squad value advantage of €335.0M.
• **Transfer Activity**: Brighton boosted by signing Georginio Rutter; Liverpool boosted by signing Martin Zubimendi.
• **Home Advantage**: Brighton benefits from playing at home (statistically boosts goal-scoring rate by ~22%).

**Prediction Summary**: This matchup is highly contested with a close outcome probability. A Draw (21.8%) is a very strong possibility.",2026-09-13 12:33:55,0
37,2027-05-23,Everton,Arsenal,17.84,19.71,62.45,0-2,"• **Team Strength (Elo)**: Arsenal is favored due to a higher Elo rating (differential of 205 points).
• **Squad Market Value**: Arsenal has a squad value advantage of €1020.0M.
• **Transfer Activity**: Everton boosted by signing Iliman Ndiaye; Arsenal boosted by signing Viktor Gyökeres.
• **Home Advantage**: Everton benefits from playing at home (statistically boosts goal-scoring rate by ~22%).

**Prediction Summary**: Arsenal is predicted to win this fixture with **62.5%** confidence.",2026-09-13 12:33:55,0
37,2027-05-23,Fulham,Coventry,48.01,21.2,30.8,2-1,"• **Team Strength (Elo)**: Matchup is evenly balanced on historical Elo (differential of 41 points).
• **Transfer Activity**: Fulham boosted by signing Emile Smith Rowe; Coventry boosted by signing Jack Rudoni.
• **Home Advantage**: Fulham benefits from playing at home (statistically boosts goal-scoring rate by ~22%).

**Prediction Summary**: Fulham is predicted to win this fixture with **48.0%** confidence.",2026-09-13 12:33:55,0
37,2027-05-23,Leeds,Sunderland,39.52,28.05,32.43,0-0,"• **Team Strength (Elo)**: Matchup is evenly balanced on historical Elo (differential of 6 points).
• **Transfer Activity**: Leeds boosted by signing Joe Rodon; Sunderland boosted by signing Salis Abdul Samed.
• **Home Advantage**: Leeds benefits from playing at home (statistically boosts goal-scoring rate by ~22%).

**Prediction Summary**: Leeds is predicted to win this fixture with **39.5%** confidence.",2026-09-13 12:33:55,0
37,2027-05-23,Man City,Aston Villa,61.05,21.8,17.15,1-1,"• **Team Strength (Elo)**: Man City is favored due to a higher Elo rating (differential of 96 points).
• **Squad Market Value**: Man City has a squad value advantage of €935.0M.
• **Transfer Activity**: Man City boosted by signing Tijjani Reijnders; Aston Villa boosted by signing Amadou Onana.
• **Home Advantage**: Man City benefits from playing at home (statistically boosts goal-scoring rate by ~22%).

**Prediction Summary**: Man City is predicted to win this fixture with **61.0%** confidence.",2026-09-13 12:33:55,0
37,2027-05-23,Newcastle,Crystal Palace,52.96,22.71,24.33,1-1,"• **Team Strength (Elo)**: Newcastle is favored due to a higher Elo rating (differential of 60 points).
• **Transfer Activity**: Newcastle boosted by signing Lewis Hall; Crystal Palace boosted by signing Eddie Nketiah.
• **Home Advantage**: Newcastle benefits from playing at home (statistically boosts goal-scoring rate by ~22%).

**Prediction Summary**: Newcastle is predicted to win this fixture with **53.0%** confidence.",2026-09-13 12:33:55,0
37,2027-05-23,Nott'm Forest,Ipswich,78.64,13.57,7.79,2-0,"• **Team Strength (Elo)**: Nott'm Forest is favored due to a higher Elo rating (differential of 210 points).
• **Squad Market Value**: Nott'm Forest has a squad value advantage of €230.0M.
• **Transfer Activity**: Nott'm Forest boosted by signing Elliot Anderson; Ipswich boosted by signing Omari Hutchinson.
• **Home Advantage**: Nott'm Forest benefits from playing at home (statistically boosts goal-scoring rate by ~22%).

**Prediction Summary**: Nott'm Forest is predicted to win this fixture with **78.6%** confidence.",2026-09-13 12:33:55,0
37,2027-05-23,Tottenham,Man United,24.86,19.32,55.81,1-1,"• **Team Strength (Elo)**: Man United is favored due to a higher Elo rating (differential of 151 points).
• **Transfer Activity**: Tottenham boosted by signing Dominic Solanke; Man United boosted by signing Leny Yoro.
• **Home Advantage**: Tottenham benefits from playing at home (statistically boosts goal-scoring rate by ~22%).

**Prediction Summary**: Man United is predicted to win this fixture with **55.8%** confidence.",2026-09-13 12:33:55,0
38,2027-05-30,Arsenal,Brighton,68.07,16.81,15.12,2-0,"• **Team Strength (Elo)**: Arsenal is favored due to a higher Elo rating (differential of 136 points).
• **Squad Market Value**: Arsenal has a squad value advantage of €785.0M.
• **Transfer Activity**: Arsenal boosted by signing Viktor Gyökeres; Brighton boosted by signing Georginio Rutter.
• **Home Advantage**: Arsenal benefits from playing at home (statistically boosts goal-scoring rate by ~22%).

**Prediction Summary**: Arsenal is predicted to win this fixture with **68.1%** confidence.",2026-09-13 12:33:55,0
38,2027-05-30,Aston Villa,Tottenham,59.47,21.02,19.51,1-1,"• **Team Strength (Elo)**: Aston Villa is favored due to a higher Elo rating (differential of 92 points).
• **Squad Market Value**: Tottenham has a squad value advantage of €400.0M.
• **Transfer Activity**: Aston Villa boosted by signing Amadou Onana; Tottenham boosted by signing Dominic Solanke.
• **Home Advantage**: Aston Villa benefits from playing at home (statistically boosts goal-scoring rate by ~22%).

**Prediction Summary**: Aston Villa is predicted to win this fixture with **59.5%** confidence.",2026-09-13 12:33:55,0
38,2027-05-30,Chelsea,Brentford,36.96,24.3,38.74,1-1,"• **Team Strength (Elo)**: Matchup is evenly balanced on historical Elo (differential of 44 points).
• **Squad Market Value**: Chelsea has a squad value advantage of €865.0M.
• **Transfer Activity**: Chelsea boosted by signing Pedro Neto; Brentford boosted by signing Igor Thiago.
• **Home Advantage**: Chelsea benefits from playing at home (statistically boosts goal-scoring rate by ~22%).

**Prediction Summary**: This matchup is highly contested with a close outcome probability. A Draw (24.3%) is a very strong possibility.",2026-09-13 12:33:55,0
38,2027-05-30,Coventry,Nott'm Forest,37.75,23.05,39.2,1-1,"• **Team Strength (Elo)**: Nott'm Forest is favored due to a higher Elo rating (differential of 74 points).
• **Squad Market Value**: Nott'm Forest has a squad value advantage of €285.0M.
• **Transfer Activity**: Coventry boosted by signing Jack Rudoni; Nott'm Forest boosted by signing Elliot Anderson.
• **Home Advantage**: Coventry benefits from playing at home (statistically boosts goal-scoring rate by ~22%).

**Prediction Summary**: This matchup is highly contested with a close outcome probability. A Draw (23.1%) is a very strong possibility.",2026-09-13 12:33:55,0
38,2027-05-30,Crystal Palace,Leeds,39.43,27.94,32.63,1-1,"• **Team Strength (Elo)**: Matchup is evenly balanced on historical Elo (differential of 11 points).
• **Transfer Activity**: Crystal Palace boosted by signing Eddie Nketiah; Leeds boosted by signing Joe Rodon.
• **Home Advantage**: Crystal Palace benefits from playing at home (statistically boosts goal-scoring rate by ~22%).

**Prediction Summary**: Crystal Palace is predicted to win this fixture with **39.4%** confidence.",2026-09-13 12:33:55,0
38,2027-05-30,Hull,Newcastle,11.65,28.39,59.96,0-1,"• **Team Strength (Elo)**: Newcastle is favored due to a higher Elo rating (differential of 148 points).
• **Squad Market Value**: Newcastle has a squad value advantage of €477.0M.
• **Transfer Activity**: Hull boosted by signing Charlie Hughes; Newcastle boosted by signing Lewis Hall.
• **Home Advantage**: Hull benefits from playing at home (statistically boosts goal-scoring rate by ~22%).

**Prediction Summary**: Newcastle is predicted to win this fixture with **60.0%** confidence.",2026-09-13 12:33:55,0
38,2027-05-30,Ipswich,Everton,21.19,23.34,55.47,0-1,"• **Team Strength (Elo)**: Everton is favored due to a higher Elo rating (differential of 178 points).
• **Squad Market Value**: Everton has a squad value advantage of €125.0M.
• **Transfer Activity**: Ipswich boosted by signing Omari Hutchinson; Everton boosted by signing Iliman Ndiaye.
• **Home Advantage**: Ipswich benefits from playing at home (statistically boosts goal-scoring rate by ~22%).

**Prediction Summary**: Everton is predicted to win this fixture with **55.5%** confidence.",2026-09-13 12:33:55,0
38,2027-05-30,Liverpool,Bournemouth,55.28,21.4,23.32,1-1,"• **Team Strength (Elo)**: Liverpool is favored due to a higher Elo rating (differential of 51 points).
• **Squad Market Value**: Liverpool has a squad value advantage of €415.0M.
• **Transfer Activity**: Liverpool boosted by signing Martin Zubimendi; Bournemouth boosted by signing Evanilson.
• **Home Advantage**: Liverpool benefits from playing at home (statistically boosts goal-scoring rate by ~22%).

**Prediction Summary**: Liverpool is predicted to win this fixture with **55.3%** confidence.",2026-09-13 12:33:55,0
38,2027-05-30,Man United,Fulham,61.12,21.66,17.22,1-1,"• **Team Strength (Elo)**: Man United is favored due to a higher Elo rating (differential of 111 points).
• **Squad Market Value**: Man United has a squad value advantage of €600.0M.
• **Transfer Activity**: Man United boosted by signing Leny Yoro; Fulham boosted by signing Emile Smith Rowe.
• **Home Advantage**: Man United benefits from playing at home (statistically boosts goal-scoring rate by ~22%).

**Prediction Summary**: Man United is predicted to win this fixture with **61.1%** confidence.",2026-09-13 12:33:55,0
38,2027-05-30,Sunderland,Man City,18.26,21.8,59.94,0-2,"• **Team Strength (Elo)**: Man City is favored due to a higher Elo rating (differential of 170 points).
• **Squad Market Value**: Man City has a squad value advantage of €1105.0M.
• **Transfer Activity**: Sunderland boosted by signing Salis Abdul Samed; Man City boosted by signing Tijjani Reijnders.
• **Home Advantage**: Sunderland benefits from playing at home (statistically boosts goal-scoring rate by ~22%).

**Prediction Summary**: Man City is predicted to win this fixture with **59.9%** confidence.",2026-09-13 12:33:55,0
1,2026-09-13,Coventry,Brighton,24.88,22.57,52.56,1-1,"• **Team Strength (Elo)**: Brighton is favored due to a higher Elo rating (differential of 75 points).
• **Squad Market Value**: Brighton has a squad value advantage of €415.0M.
• **Transfer Activity**: Coventry boosted by signing Jack Rudoni; Brighton boosted by signing Georginio Rutter.
• **Home Advantage**: Coventry benefits from playing at home (statistically boosts goal-scoring rate by ~22%).

**Prediction Summary**: Brighton is predicted to win this fixture with **52.6%** confidence.",2026-09-13 12:36:55,0
1,2026-09-13,Man United,Man City,28.02,26.65,45.33,1-1,"• **Team Strength (Elo)**: Matchup is evenly balanced on historical Elo (differential of 29 points).
• **Squad Market Value**: Man City has a squad value advantage of €570.0M.
• **Transfer Activity**: Man United boosted by signing Leny Yoro; Man City boosted by signing Tijjani Reijnders.
• **Injuries & Availability**: Man United is healthier with 90% availability vs. 85% for the opponent.
• **Home Advantage**: Man United benefits from playing at home (statistically boosts goal-scoring rate by ~22%).

**Prediction Summary**: Man City is predicted to win this fixture with **45.3%** confidence.",2026-09-13 12:36:55,0
1,2026-09-14,Leeds,Newcastle,34.03,31.43,34.54,1-1,"• **Team Strength (Elo)**: Matchup is evenly balanced on historical Elo (differential of 3 points).
• **Squad Market Value**: Newcastle has a squad value advantage of €175.0M.
• **Transfer Activity**: Leeds boosted by signing Joe Rodon; Newcastle boosted by signing Lewis Hall.
• **Injuries & Availability**: Leeds is healthier with 100% availability vs. 85% for the opponent.
• **Home Advantage**: Leeds benefits from playing at home (statistically boosts goal-scoring rate by ~22%).

**Prediction Summary**: This matchup is highly contested with a close outcome probability. A Draw (31.4%) is a very strong possibility.",2026-09-13 12:36:55,0
1,2026-09-18,Brentford,Chelsea,40.2,27.65,32.15,1-1,"• **Team Strength (Elo)**: Matchup is evenly balanced on historical Elo (differential of 2 points).
• **Squad Market Value**: Chelsea has a squad value advantage of €865.0M.
• **Transfer Activity**: Brentford boosted by signing Igor Thiago; Chelsea boosted by signing Pedro Neto.
• **Fatigue**: Chelsea is on short rest (midweek match congestion) while Brentford is fully rested.
• **Home Advantage**: Brentford benefits from playing at home (statistically boosts goal-scoring rate by ~22%).

**Prediction Summary**: Brentford is predicted to win this fixture with **40.2%** confidence.",2026-09-13 12:36:55,0
1,2026-09-19,Brighton,Arsenal,24.56,29.23,46.21,1-1,"• **Team Strength (Elo)**: Arsenal is favored due to a higher Elo rating (differential of 60 points).
• **Squad Market Value**: Arsenal has a squad value advantage of €785.0M.
• **Transfer Activity**: Brighton boosted by signing Georginio Rutter; Arsenal boosted by signing Viktor Gyökeres.
• **Injuries & Availability**: Brighton is healthier with 100% availability vs. 85% for the opponent.
• **Fatigue**: Arsenal is on short rest (midweek match congestion) while Brighton is fully rested.
• **Home Advantage**: Brighton benefits from playing at home (statistically boosts goal-scoring rate by ~22%).

**Prediction Summary**: Arsenal is predicted to win this fixture with **46.2%** confidence.",2026-09-13 12:36:55,0
1,2026-09-19,Everton,Ipswich,59.46,25.75,14.79,1-1,"• **Team Strength (Elo)**: Everton is favored due to a higher Elo rating (differential of 66 points).
• **Squad Market Value**: Everton has a squad value advantage of €125.0M.
• **Transfer Activity**: Everton boosted by signing Iliman Ndiaye; Ipswich boosted by signing Omari Hutchinson.
• **Home Advantage**: Everton benefits from playing at home (statistically boosts goal-scoring rate by ~22%).

**Prediction Summary**: Everton is predicted to win this fixture with **59.5%** confidence.",2026-09-13 12:36:55,0
1,2026-09-19,Newcastle,Hull,50.02,32.28,17.7,1-1,"• **Team Strength (Elo)**: Newcastle is favored due to a higher Elo rating (differential of 73 points).
• **Squad Market Value**: Newcastle has a squad value advantage of €477.0M.
• **Transfer Activity**: Newcastle boosted by signing Lewis Hall; Hull boosted by signing Charlie Hughes.
• **Injuries & Availability**: Hull is healthier with 100% availability vs. 85% for the opponent.
• **Home Advantage**: Newcastle benefits from playing at home (statistically boosts goal-scoring rate by ~22%).

**Prediction Summary**: Newcastle is predicted to win this fixture with **50.0%** confidence.",2026-09-13 12:36:55,0
1,2026-09-19,Nott'm Forest,Coventry,54.95,26.49,18.57,1-1,"• **Team Strength (Elo)**: Nott'm Forest is favored due to a higher Elo rating (differential of 71 points).
• **Squad Market Value**: Nott'm Forest has a squad value advantage of €285.0M.
• **Transfer Activity**: Nott'm Forest boosted by signing Elliot Anderson; Coventry boosted by signing Jack Rudoni.
• **Home Advantage**: Nott'm Forest benefits from playing at home (statistically boosts goal-scoring rate by ~22%).

**Prediction Summary**: Nott'm Forest is predicted to win this fixture with **54.9%** confidence.",2026-09-13 12:36:55,0
1,2026-09-19,Tottenham,Aston Villa,35.79,36.3,27.91,1-1,"• **Team Strength (Elo)**: Matchup is evenly balanced on historical Elo (differential of 17 points).
• **Squad Market Value**: Tottenham has a squad value advantage of €400.0M.
• **Transfer Activity**: Tottenham boosted by signing Dominic Solanke; Aston Villa boosted by signing Amadou Onana.
• **Injuries & Availability**: Tottenham is healthier with 100% availability vs. 88% for the opponent.
• **Fatigue**: Both teams are facing congested schedules (midweek matches).
• **Home Advantage**: Tottenham benefits from playing at home (statistically boosts goal-scoring rate by ~22%).

**Prediction Summary**: Tottenham is predicted to win this fixture with **35.8%** confidence.",2026-09-13 12:36:55,0
1,2026-09-20,Bournemouth,Liverpool,37.45,28.94,33.61,1-1,"• **Team Strength (Elo)**: Matchup is evenly balanced on historical Elo (differential of 3 points).
• **Squad Market Value**: Liverpool has a squad value advantage of €415.0M.
• **Transfer Activity**: Bournemouth boosted by signing Evanilson; Liverpool boosted by signing Martin Zubimendi.
• **Fatigue**: Liverpool is on short rest (midweek match congestion) while Bournemouth is fully rested.
• **Home Advantage**: Bournemouth benefits from playing at home (statistically boosts goal-scoring rate by ~22%).

**Prediction Summary**: This matchup is highly contested with a close outcome probability. A Draw (28.9%) is a very strong possibility.",2026-09-13 12:36:55,0
2,2026-09-20,Fulham,Man United,33.23,29.8,36.96,1-1,"• **Team Strength (Elo)**: Matchup is evenly balanced on historical Elo (differential of 36 points).
• **Squad Market Value**: Man United has a squad value advantage of €600.0M.
• **Transfer Activity**: Fulham boosted by signing Emile Smith Rowe; Man United boosted by signing Leny Yoro.
• **Injuries & Availability**: Fulham is healthier with 100% availability vs. 85% for the opponent.
• **Fatigue**: Man United is on short rest (midweek match congestion) while Fulham is fully rested.
• **Home Advantage**: Fulham benefits from playing at home (statistically boosts goal-scoring rate by ~22%).

**Prediction Summary**: This matchup is highly contested with a close outcome probability. A Draw (29.8%) is a very strong possibility.",2026-09-13 12:36:55,0
2,2026-09-20,Leeds,Crystal Palace,39.7,35.25,25.04,1-1,"• **Team Strength (Elo)**: Matchup is evenly balanced on historical Elo (differential of 30 points).
• **Transfer Activity**: Leeds boosted by signing Joe Rodon; Crystal Palace boosted by signing Eddie Nketiah.
• **Home Advantage**: Leeds benefits from playing at home (statistically boosts goal-scoring rate by ~22%).

**Prediction Summary**: Leeds is predicted to win this fixture with **39.7%** confidence.",2026-09-13 12:36:55,0
2,2026-09-20,Man City,Sunderland,51.62,31.49,16.88,1-1,"• **Team Strength (Elo)**: Matchup is evenly balanced on historical Elo (differential of 49 points).
• **Squad Market Value**: Man City has a squad value advantage of €1105.0M.
• **Transfer Activity**: Man City boosted by signing Tijjani Reijnders; Sunderland boosted by signing Salis Abdul Samed.
• **Injuries & Availability**: Sunderland is healthier with 100% availability vs. 85% for the opponent.
• **Fatigue**: Man City is on short rest (midweek match congestion) while Sunderland is fully rested.
• **Home Advantage**: Man City benefits from playing at home (statistically boosts goal-scoring rate by ~22%).

**Prediction Summary**: Man City is predicted to win this fixture with **51.6%** confidence.",2026-09-13 12:36:55,0
2,2026-10-10,Arsenal,Leeds,55.71,25.06,19.23,1-0,"• **Team Strength (Elo)**: Arsenal is favored due to a higher Elo rating (differential of 57 points).
• **Squad Market Value**: Arsenal has a squad value advantage of €1050.0M.
• **Transfer Activity**: Arsenal boosted by signing Viktor Gyökeres; Leeds boosted by signing Joe Rodon.
• **Injuries & Availability**: Leeds is healthier with 100% availability vs. 85% for the opponent.
• **Home Advantage**: Arsenal benefits from playing at home (statistically boosts goal-scoring rate by ~22%).

**Prediction Summary**: Arsenal is predicted to win this fixture with **55.7%** confidence.",2026-09-13 12:36:55,0
2,2026-10-10,Aston Villa,Brentford,35.49,31.58,32.93,1-1,"• **Team Strength (Elo)**: Matchup is evenly balanced on historical Elo (differential of 16 points).
• **Transfer Activity**: Aston Villa boosted by signing Amadou Onana; Brentford boosted by signing Igor Thiago.
• **Injuries & Availability**: Both squads are dealing with minor availability losses (~12% out).
• **Home Advantage**: Aston Villa benefits from playing at home (statistically boosts goal-scoring rate by ~22%).

**Prediction Summary**: This matchup is highly contested with a close outcome probability. A Draw (31.6%) is a very strong possibility.",2026-09-13 12:36:55,0
2,2026-10-10,Chelsea,Bournemouth,35.46,24.81,39.73,1-1,"• **Team Strength (Elo)**: Matchup is evenly balanced on historical Elo (differential of 5 points).
• **Squad Market Value**: Chelsea has a squad value advantage of €850.0M.
• **Transfer Activity**: Chelsea boosted by signing Pedro Neto; Bournemouth boosted by signing Evanilson.
• **Injuries & Availability**: Bournemouth is healthier with 100% availability vs. 82% for the opponent.
• **Home Advantage**: Chelsea benefits from playing at home (statistically boosts goal-scoring rate by ~22%).

**Prediction Summary**: This matchup is highly contested with a close outcome probability. A Draw (24.8%) is a very strong possibility.",2026-09-13 12:36:55,0
2,2026-10-10,Ipswich,Fulham,31.41,21.95,46.64,1-1,"• **Team Strength (Elo)**: Fulham is favored due to a higher Elo rating (differential of 56 points).
• **Transfer Activity**: Ipswich boosted by signing Omari Hutchinson; Fulham boosted by signing Emile Smith Rowe.
• **Home Advantage**: Ipswich benefits from playing at home (statistically boosts goal-scoring rate by ~22%).

**Prediction Summary**: Fulham is predicted to win this fixture with **46.6%** confidence.",2026-09-13 12:36:55,0
2,2026-10-10,Man United,Tottenham,47.35,26.45,26.21,1-1,"• **Team Strength (Elo)**: Matchup is evenly balanced on historical Elo (differential of 36 points).
• **Transfer Activity**: Man United boosted by signing Leny Yoro; Tottenham boosted by signing Dominic Solanke.
• **Injuries & Availability**: Tottenham is healthier with 100% availability vs. 85% for the opponent.
• **Home Advantage**: Man United benefits from playing at home (statistically boosts goal-scoring rate by ~22%).

**Prediction Summary**: Man United is predicted to win this fixture with **47.3%** confidence.",2026-09-13 12:36:55,0
2,2026-10-10,Sunderland,Brighton,31.4,27.21,41.39,1-1,"• **Team Strength (Elo)**: Matchup is evenly balanced on historical Elo (differential of 14 points).
• **Squad Market Value**: Brighton has a squad value advantage of €280.0M.
• **Transfer Activity**: Sunderland boosted by signing Salis Abdul Samed; Brighton boosted by signing Georginio Rutter.
• **Home Advantage**: Sunderland benefits from playing at home (statistically boosts goal-scoring rate by ~22%).

**Prediction Summary**: Brighton is predicted to win this fixture with **41.4%** confidence.",2026-09-13 12:36:55,0
2,2026-10-11,Crystal Palace,Nott'm Forest,34.0,29.75,36.25,1-1,"• **Team Strength (Elo)**: Matchup is evenly balanced on historical Elo (differential of 32 points).
• **Transfer Activity**: Crystal Palace boosted by signing Eddie Nketiah; Nott'm Forest boosted by signing Elliot Anderson.
• **Injuries & Availability**: Nott'm Forest is healthier with 88% availability vs. 85% for the opponent.
• **Home Advantage**: Crystal Palace benefits from playing at home (statistically boosts goal-scoring rate by ~22%).

**Prediction Summary**: This matchup is highly contested with a close outcome probability. A Draw (29.7%) is a very strong possibility.",2026-09-13 12:36:55,0
3,2026-10-11,Hull,Everton,32.39,22.79,44.81,1-1,"• **Team Strength (Elo)**: Everton is favored due to a higher Elo rating (differential of 71 points).
• **Squad Market Value**: Everton has a squad value advantage of €332.0M.
• **Transfer Activity**: Hull boosted by signing Charlie Hughes; Everton boosted by signing Iliman Ndiaye.
• **Home Advantage**: Hull benefits from playing at home (statistically boosts goal-scoring rate by ~22%).

**Prediction Summary**: Everton is predicted to win this fixture with **44.8%** confidence.",2026-09-13 12:36:55,0
3,2026-10-11,Liverpool,Man City,26.7,26.12,47.19,1-1,"• **Team Strength (Elo)**: Matchup is evenly balanced on historical Elo (differential of 47 points).
• **Squad Market Value**: Man City has a squad value advantage of €490.0M.
• **Transfer Activity**: Liverpool boosted by signing Martin Zubimendi; Man City boosted by signing Tijjani Reijnders.
• **Injuries & Availability**: Both squads are dealing with minor availability losses (~20% out).
• **Home Advantage**: Liverpool benefits from playing at home (statistically boosts goal-scoring rate by ~22%).

**Prediction Summary**: Man City is predicted to win this fixture with **47.2%** confidence.",2026-09-13 12:36:55,0
3,2026-10-12,Coventry,Newcastle,25.74,24.18,50.08,1-1,"• **Team Strength (Elo)**: Newcastle is favored due to a higher Elo rating (differential of 88 points).
• **Squad Market Value**: Newcastle has a squad value advantage of €325.0M.
• **Transfer Activity**: Coventry boosted by signing Jack Rudoni; Newcastle boosted by signing Lewis Hall.
• **Home Advantage**: Coventry benefits from playing at home (statistically boosts goal-scoring rate by ~22%).

**Prediction Summary**: Newcastle is predicted to win this fixture with **50.1%** confidence.",2026-09-13 12:36:55,0
3,2026-10-17,Brentford,Liverpool,33.04,31.0,35.96,1-1,"• **Team Strength (Elo)**: Matchup is evenly balanced on historical Elo (differential of 1 points).
• **Squad Market Value**: Liverpool has a squad value advantage of €430.0M.
• **Transfer Activity**: Brentford boosted by signing Igor Thiago; Liverpool boosted by signing Martin Zubimendi.
• **Injuries & Availability**: Brentford is healthier with 88% availability vs. 82% for the opponent.
• **Home Advantage**: Brentford benefits from playing at home (statistically boosts goal-scoring rate by ~22%).

**Prediction Summary**: This matchup is highly contested with a close outcome probability. A Draw (31.0%) is a very strong possibility.",2026-09-13 12:36:55,0
3,2026-10-17,Everton,Chelsea,36.52,29.91,33.57,1-1,"• **Team Strength (Elo)**: Matchup is evenly balanced on historical Elo (differential of 6 points).
• **Squad Market Value**: Chelsea has a squad value advantage of €1005.0M.
• **Transfer Activity**: Everton boosted by signing Iliman Ndiaye; Chelsea boosted by signing Pedro Neto.
• **Injuries & Availability**: Everton is healthier with 100% availability vs. 82% for the opponent.
• **Home Advantage**: Everton benefits from playing at home (statistically boosts goal-scoring rate by ~22%).

**Prediction Summary**: This matchup is highly contested with a close outcome probability. A Draw (29.9%) is a very strong possibility.",2026-09-13 12:36:55,0
3,2026-10-17,Fulham,Hull,51.67,26.75,21.58,1-1,"• **Team Strength (Elo)**: Fulham is favored due to a higher Elo rating (differential of 52 points).
• **Squad Market Value**: Fulham has a squad value advantage of €222.0M.
• **Transfer Activity**: Fulham boosted by signing Emile Smith Rowe; Hull boosted by signing Charlie Hughes.
• **Home Advantage**: Fulham benefits from playing at home (statistically boosts goal-scoring rate by ~22%).

**Prediction Summary**: Fulham is predicted to win this fixture with **51.7%** confidence.",2026-09-13 12:36:55,0
3,2026-10-17,Man City,Ipswich,70.13,16.55,13.32,2-0,"• **Team Strength (Elo)**: Man City is favored due to a higher Elo rating (differential of 122 points).
• **Squad Market Value**: Man City has a squad value advantage of €1185.0M.
• **Transfer Activity**: Man City boosted by signing Tijjani Reijnders; Ipswich boosted by signing Omari Hutchinson.
• **Injuries & Availability**: Ipswich is healthier with 100% availability vs. 80% for the opponent.
• **Home Advantage**: Man City benefits from playing at home (statistically boosts goal-scoring rate by ~22%).

**Prediction Summary**: Man City is predicted to win this fixture with **70.1%** confidence.",2026-09-13 12:36:55,0
3,2026-10-17,Newcastle,Aston Villa,40.62,34.27,25.12,1-1,"• **Team Strength (Elo)**: Matchup is evenly balanced on historical Elo (differential of 17 points).
• **Transfer Activity**: Newcastle boosted by signing Lewis Hall; Aston Villa boosted by signing Amadou Onana.
• **Home Advantage**: Newcastle benefits from playing at home (statistically boosts goal-scoring rate by ~22%).

**Prediction Summary**: Newcastle is predicted to win this fixture with **40.6%** confidence.",2026-09-13 12:36:55,0
3,2026-10-18,Bournemouth,Sunderland,46.51,28.68,24.81,1-1,"• **Team Strength (Elo)**: Matchup is evenly balanced on historical Elo (differential of 17 points).
• **Squad Market Value**: Bournemouth has a squad value advantage of €200.0M.
• **Transfer Activity**: Bournemouth boosted by signing Evanilson; Sunderland boosted by signing Salis Abdul Samed.
• **Home Advantage**: Bournemouth benefits from playing at home (statistically boosts goal-scoring rate by ~22%).

**Prediction Summary**: Bournemouth is predicted to win this fixture with **46.5%** confidence.",2026-09-13 12:36:55,0
3,2026-10-18,Brighton,Crystal Palace,52.94,28.31,18.75,1-1,"• **Team Strength (Elo)**: Matchup is evenly balanced on historical Elo (differential of 35 points).
• **Squad Market Value**: Brighton has a squad value advantage of €165.0M.
• **Transfer Activity**: Brighton boosted by signing Georginio Rutter; Crystal Palace boosted by signing Eddie Nketiah.
• **Injuries & Availability**: Brighton is healthier with 100% availability vs. 85% for the opponent.
• **Home Advantage**: Brighton benefits from playing at home (statistically boosts goal-scoring rate by ~22%).

**Prediction Summary**: Brighton is predicted to win this fixture with **52.9%** confidence.",2026-09-13 12:36:55,0
4,2026-10-18,Leeds,Man United,29.99,32.82,37.19,1-1,"• **Team Strength (Elo)**: Matchup is evenly balanced on historical Elo (differential of 20 points).
• **Squad Market Value**: Man United has a squad value advantage of €520.0M.
• **Transfer Activity**: Leeds boosted by signing Joe Rodon; Man United boosted by signing Leny Yoro.
• **Injuries & Availability**: Leeds is healthier with 100% availability vs. 85% for the opponent.
• **Home Advantage**: Leeds benefits from playing at home (statistically boosts goal-scoring rate by ~22%).

**Prediction Summary**: Man United is predicted to win this fixture with **37.2%** confidence.",2026-09-13 12:36:55,0
4,2026-10-18,Nott'm Forest,Arsenal,19.53,21.15,59.32,0-2,"• **Team Strength (Elo)**: Arsenal is favored due to a higher Elo rating (differential of 72 points).
• **Squad Market Value**: Arsenal has a squad value advantage of €915.0M.
• **Transfer Activity**: Nott'm Forest boosted by signing Elliot Anderson; Arsenal boosted by signing Viktor Gyökeres.
• **Injuries & Availability**: Arsenal is healthier with 100% availability vs. 88% for the opponent.
• **Home Advantage**: Nott'm Forest benefits from playing at home (statistically boosts goal-scoring rate by ~22%).

**Prediction Summary**: Arsenal is predicted to win this fixture with **59.3%** confidence.",2026-09-13 12:36:55,0
4,2026-10-19,Tottenham,Coventry,52.61,29.42,17.96,1-1,"• **Team Strength (Elo)**: Tottenham is favored due to a higher Elo rating (differential of 55 points).
• **Squad Market Value**: Tottenham has a squad value advantage of €705.0M.
• **Transfer Activity**: Tottenham boosted by signing Dominic Solanke; Coventry boosted by signing Jack Rudoni.
• **Fatigue**: Tottenham is on short rest (midweek match congestion) while Coventry is fully rested.
• **Home Advantage**: Tottenham benefits from playing at home (statistically boosts goal-scoring rate by ~22%).

**Prediction Summary**: Tottenham is predicted to win this fixture with **52.6%** confidence.",2026-09-13 12:36:55,0
4,2026-10-23,Ipswich,Nott'm Forest,28.9,28.61,42.49,1-1,"• **Team Strength (Elo)**: Nott'm Forest is favored due to a higher Elo rating (differential of 74 points).
• **Squad Market Value**: Nott'm Forest has a squad value advantage of €230.0M.
• **Transfer Activity**: Ipswich boosted by signing Omari Hutchinson; Nott'm Forest boosted by signing Elliot Anderson.
• **Injuries & Availability**: Ipswich is healthier with 100% availability vs. 88% for the opponent.
• **Home Advantage**: Ipswich benefits from playing at home (statistically boosts goal-scoring rate by ~22%).

**Prediction Summary**: Nott'm Forest is predicted to win this fixture with **42.5%** confidence.",2026-09-13 12:36:55,0
4,2026-10-24,Arsenal,Everton,54.2,32.0,13.8,1-1,"• **Team Strength (Elo)**: Arsenal is favored due to a higher Elo rating (differential of 69 points).
• **Squad Market Value**: Arsenal has a squad value advantage of €1020.0M.
• **Transfer Activity**: Arsenal boosted by signing Viktor Gyökeres; Everton boosted by signing Iliman Ndiaye.
• **Fatigue**: Arsenal is on short rest (midweek match congestion) while Everton is fully rested.
• **Home Advantage**: Arsenal benefits from playing at home (statistically boosts goal-scoring rate by ~22%).

**Prediction Summary**: Arsenal is predicted to win this fixture with **54.2%** confidence.",2026-09-13 12:36:55,0
4,2026-10-24,Aston Villa,Man City,24.73,33.11,42.16,1-1,"• **Team Strength (Elo)**: Man City is favored due to a higher Elo rating (differential of 64 points).
• **Squad Market Value**: Man City has a squad value advantage of €935.0M.
• **Transfer Activity**: Aston Villa boosted by signing Amadou Onana; Man City boosted by signing Tijjani Reijnders.
• **Injuries & Availability**: Aston Villa is healthier with 100% availability vs. 80% for the opponent.
• **Fatigue**: Both teams are facing congested schedules (midweek matches).
• **Home Advantage**: Aston Villa benefits from playing at home (statistically boosts goal-scoring rate by ~22%).

**Prediction Summary**: Man City is predicted to win this fixture with **42.2%** confidence.",2026-09-13 12:36:55,0
4,2026-10-24,Chelsea,Tottenham,40.98,29.16,29.86,1-1,"• **Team Strength (Elo)**: Matchup is evenly balanced on historical Elo (differential of 21 points).
• **Squad Market Value**: Chelsea has a squad value advantage of €480.0M.
• **Transfer Activity**: Chelsea boosted by signing Pedro Neto; Tottenham boosted by signing Dominic Solanke.
• **Injuries & Availability**: Tottenham is healthier with 100% availability vs. 82% for the opponent.
• **Fatigue**: Both teams are facing congested schedules (midweek matches).
• **Home Advantage**: Chelsea benefits from playing at home (statistically boosts goal-scoring rate by ~22%).

**Prediction Summary**: Chelsea is predicted to win this fixture with **41.0%** confidence.",2026-09-13 12:36:55,0
4,2026-10-24,Coventry,Fulham,23.19,26.79,50.02,1-1,"• **Team Strength (Elo)**: Fulham is favored due to a higher Elo rating (differential of 71 points).
• **Transfer Activity**: Coventry boosted by signing Jack Rudoni; Fulham boosted by signing Emile Smith Rowe.
• **Home Advantage**: Coventry benefits from playing at home (statistically boosts goal-scoring rate by ~22%).

**Prediction Summary**: Fulham is predicted to win this fixture with **50.0%** confidence.",2026-09-13 12:36:55,0
4,2026-10-25,Crystal Palace,Newcastle,28.59,24.11,47.3,1-1,"• **Team Strength (Elo)**: Newcastle is favored due to a higher Elo rating (differential of 51 points).
• **Transfer Activity**: Crystal Palace boosted by signing Eddie Nketiah; Newcastle boosted by signing Lewis Hall.
• **Injuries & Availability**: Newcastle is healthier with 100% availability vs. 85% for the opponent.
• **Home Advantage**: Crystal Palace benefits from playing at home (statistically boosts goal-scoring rate by ~22%).

**Prediction Summary**: Newcastle is predicted to win this fixture with **47.3%** confidence.",2026-09-13 12:36:55,0
4,2026-10-25,Hull,Brentford,30.58,25.48,43.94,1-1,"• **Team Strength (Elo)**: Brentford is favored due to a higher Elo rating (differential of 77 points).
• **Squad Market Value**: Brentford has a squad value advantage of €472.0M.
• **Transfer Activity**: Hull boosted by signing Charlie Hughes; Brentford boosted by signing Igor Thiago.
• **Injuries & Availability**: Hull is healthier with 100% availability vs. 88% for the opponent.
• **Home Advantage**: Hull benefits from playing at home (statistically boosts goal-scoring rate by ~22%).

**Prediction Summary**: Brentford is predicted to win this fixture with **43.9%** confidence.",2026-09-13 12:36:55,0
5,2026-10-25,Liverpool,Brighton,35.29,26.92,37.79,1-1,"• **Team Strength (Elo)**: Matchup is evenly balanced on historical Elo (differential of 7 points).
• **Squad Market Value**: Liverpool has a squad value advantage of €335.0M.
• **Transfer Activity**: Liverpool boosted by signing Martin Zubimendi; Brighton boosted by signing Georginio Rutter.
• **Injuries & Availability**: Brighton is healthier with 100% availability vs. 82% for the opponent.
• **Fatigue**: Liverpool is on short rest (midweek match congestion) while Brighton is fully rested.
• **Home Advantage**: Liverpool benefits from playing at home (statistically boosts goal-scoring rate by ~22%).

**Prediction Summary**: This matchup is highly contested with a close outcome probability. A Draw (26.9%) is a very strong possibility.",2026-09-13 12:36:55,0
5,2026-10-25,Man United,Bournemouth,42.82,27.9,29.28,1-1,"• **Team Strength (Elo)**: Matchup is evenly balanced on historical Elo (differential of 8 points).
• **Squad Market Value**: Man United has a squad value advantage of €335.0M.
• **Transfer Activity**: Man United boosted by signing Leny Yoro; Bournemouth boosted by signing Evanilson.
• **Fatigue**: Man United is on short rest (midweek match congestion) while Bournemouth is fully rested.
• **Home Advantage**: Man United benefits from playing at home (statistically boosts goal-scoring rate by ~22%).

**Prediction Summary**: Man United is predicted to win this fixture with **42.8%** confidence.",2026-09-13 12:36:55,0
5,2026-10-25,Sunderland,Leeds,34.52,34.78,30.7,1-1,"• **Team Strength (Elo)**: Matchup is evenly balanced on historical Elo (differential of 14 points).
• **Transfer Activity**: Sunderland boosted by signing Salis Abdul Samed; Leeds boosted by signing Joe Rodon.
• **Home Advantage**: Sunderland benefits from playing at home (statistically boosts goal-scoring rate by ~22%).

**Prediction Summary**: This matchup is highly contested with a close outcome probability. A Draw (34.8%) is a very strong possibility.",2026-09-13 12:36:55,0
5,2026-10-31,Bournemouth,Leeds,42.31,34.04,23.65,1-1,"• **Team Strength (Elo)**: Matchup is evenly balanced on historical Elo (differential of 6 points).
• **Squad Market Value**: Bournemouth has a squad value advantage of €185.0M.
• **Transfer Activity**: Bournemouth boosted by signing Evanilson; Leeds boosted by signing Joe Rodon.
• **Home Advantage**: Bournemouth benefits from playing at home (statistically boosts goal-scoring rate by ~22%).

**Prediction Summary**: Bournemouth is predicted to win this fixture with **42.3%** confidence.",2026-09-13 12:36:55,0
5,2026-10-31,Aston Villa,Fulham,35.21,37.01,27.77,1-1,"• **Team Strength (Elo)**: Matchup is evenly balanced on historical Elo (differential of 5 points).
• **Squad Market Value**: Aston Villa has a squad value advantage of €235.0M.
• **Transfer Activity**: Aston Villa boosted by signing Amadou Onana; Fulham boosted by signing Emile Smith Rowe.
• **Fatigue**: Aston Villa is on short rest (midweek match congestion) while Fulham is fully rested.
• **Home Advantage**: Aston Villa benefits from playing at home (statistically boosts goal-scoring rate by ~22%).

**Prediction Summary**: Aston Villa is predicted to win this fixture with **35.2%** confidence.",2026-09-13 12:36:55,0
5,2026-10-31,Brentford,Nott'm Forest,34.48,34.42,31.1,1-1,"• **Team Strength (Elo)**: Matchup is evenly balanced on historical Elo (differential of 2 points).
• **Transfer Activity**: Brentford boosted by signing Igor Thiago; Nott'm Forest boosted by signing Elliot Anderson.
• **Injuries & Availability**: Nott'm Forest is healthier with 100% availability vs. 88% for the opponent.
• **Home Advantage**: Brentford benefits from playing at home (statistically boosts goal-scoring rate by ~22%).

**Prediction Summary**: This matchup is highly contested with a close outcome probability. A Draw (34.4%) is a very strong possibility.",2026-09-13 12:36:55,0
5,2026-10-31,Chelsea,Man United,30.7,26.87,42.42,1-1,"• **Team Strength (Elo)**: Matchup is evenly balanced on historical Elo (differential of 25 points).
• **Squad Market Value**: Chelsea has a squad value advantage of €515.0M.
• **Transfer Activity**: Chelsea boosted by signing Pedro Neto; Man United boosted by signing Leny Yoro.
• **Injuries & Availability**: Man United is healthier with 100% availability vs. 82% for the opponent.
• **Fatigue**: Both teams are facing congested schedules (midweek matches).
• **Home Advantage**: Chelsea benefits from playing at home (statistically boosts goal-scoring rate by ~22%).

**Prediction Summary**: Man United is predicted to win this fixture with **42.4%** confidence.",2026-09-13 12:36:55,0
5,2026-10-31,Coventry,Sunderland,21.8,25.86,52.34,0-1,"• **Team Strength (Elo)**: Sunderland is favored due to a higher Elo rating (differential of 80 points).
• **Squad Market Value**: Sunderland has a squad value advantage of €135.0M.
• **Transfer Activity**: Coventry boosted by signing Jack Rudoni; Sunderland boosted by signing Salis Abdul Samed.
• **Home Advantage**: Coventry benefits from playing at home (statistically boosts goal-scoring rate by ~22%).

**Prediction Summary**: Sunderland is predicted to win this fixture with **52.3%** confidence.",2026-09-13 12:36:55,0
5,2026-10-31,Hull,Ipswich,43.96,27.69,28.35,1-1,"• **Team Strength (Elo)**: Matchup is evenly balanced on historical Elo (differential of 3 points).
• **Squad Market Value**: Ipswich has a squad value advantage of €207.0M.
• **Transfer Activity**: Hull boosted by signing Charlie Hughes; Ipswich boosted by signing Omari Hutchinson.
• **Home Advantage**: Hull benefits from playing at home (statistically boosts goal-scoring rate by ~22%).

**Prediction Summary**: Hull is predicted to win this fixture with **44.0%** confidence.",2026-09-13 12:36:55,0
5,2026-10-31,Man City,Brighton,47.01,26.93,26.06,1-1,"• **Team Strength (Elo)**: Matchup is evenly balanced on historical Elo (differential of 41 points).
• **Squad Market Value**: Man City has a squad value advantage of €825.0M.
• **Transfer Activity**: Man City boosted by signing Tijjani Reijnders; Brighton boosted by signing Georginio Rutter.
• **Injuries & Availability**: Brighton is healthier with 100% availability vs. 80% for the opponent.
• **Fatigue**: Man City is on short rest (midweek match congestion) while Brighton is fully rested.
• **Home Advantage**: Man City benefits from playing at home (statistically boosts goal-scoring rate by ~22%).

**Prediction Summary**: Man City is predicted to win this fixture with **47.0%** confidence.",2026-09-13 12:36:55,0
6,2026-10-31,Tottenham,Crystal Palace,36.91,39.17,23.92,1-1,"• **Team Strength (Elo)**: Matchup is evenly balanced on historical Elo (differential of 14 points).
• **Squad Market Value**: Tottenham has a squad value advantage of €455.0M.
• **Transfer Activity**: Tottenham boosted by signing Dominic Solanke; Crystal Palace boosted by signing Eddie Nketiah.
• **Injuries & Availability**: Tottenham is healthier with 100% availability vs. 85% for the opponent.
• **Fatigue**: Tottenham is on short rest (midweek match congestion) while Crystal Palace is fully rested.
• **Home Advantage**: Tottenham benefits from playing at home (statistically boosts goal-scoring rate by ~22%).

**Prediction Summary**: Tottenham is predicted to win this fixture with **36.9%** confidence.",2026-09-13 12:36:55,0
6,2026-11-01,Liverpool,Arsenal,22.28,22.65,55.07,1-1,"• **Team Strength (Elo)**: Arsenal is favored due to a higher Elo rating (differential of 80 points).
• **Squad Market Value**: Arsenal has a squad value advantage of €450.0M.
• **Transfer Activity**: Liverpool boosted by signing Martin Zubimendi; Arsenal boosted by signing Viktor Gyökeres.
• **Injuries & Availability**: Arsenal is healthier with 100% availability vs. 82% for the opponent.
• **Fatigue**: Both teams are facing congested schedules (midweek matches).
• **Home Advantage**: Liverpool benefits from playing at home (statistically boosts goal-scoring rate by ~22%).

**Prediction Summary**: Arsenal is predicted to win this fixture with **55.1%** confidence.",2026-09-13 12:36:55,0
6,2026-11-02,Newcastle,Everton,45.66,28.85,25.49,1-1,"• **Team Strength (Elo)**: Matchup is evenly balanced on historical Elo (differential of 15 points).
• **Squad Market Value**: Newcastle has a squad value advantage of €145.0M.
• **Transfer Activity**: Newcastle boosted by signing Lewis Hall; Everton boosted by signing Iliman Ndiaye.
• **Home Advantage**: Newcastle benefits from playing at home (statistically boosts goal-scoring rate by ~22%).

**Prediction Summary**: Newcastle is predicted to win this fixture with **45.7%** confidence.",2026-09-13 12:36:55,0
6,2026-11-07,Arsenal,Hull,50.87,31.31,17.82,1-1,"• **Team Strength (Elo)**: Arsenal is favored due to a higher Elo rating (differential of 141 points).
• **Squad Market Value**: Arsenal has a squad value advantage of €1352.0M.
• **Transfer Activity**: Arsenal boosted by signing Viktor Gyökeres; Hull boosted by signing Charlie Hughes.
• **Fatigue**: Arsenal is on short rest (midweek match congestion) while Hull is fully rested.
• **Home Advantage**: Arsenal benefits from playing at home (statistically boosts goal-scoring rate by ~22%).

**Prediction Summary**: Arsenal is predicted to win this fixture with **50.9%** confidence.",2026-09-13 12:36:55,0
6,2026-11-07,Brighton,Brentford,42.81,34.67,22.52,1-1,"• **Team Strength (Elo)**: Matchup is evenly balanced on historical Elo (differential of 6 points).
• **Transfer Activity**: Brighton boosted by signing Georginio Rutter; Brentford boosted by signing Igor Thiago.
• **Injuries & Availability**: Brighton is healthier with 100% availability vs. 88% for the opponent.
• **Home Advantage**: Brighton benefits from playing at home (statistically boosts goal-scoring rate by ~22%).

**Prediction Summary**: Brighton is predicted to win this fixture with **42.8%** confidence.",2026-09-13 12:36:55,0
6,2026-11-07,Crystal Palace,Liverpool,26.47,31.88,41.65,1-1,"• **Team Strength (Elo)**: Matchup is evenly balanced on historical Elo (differential of 38 points).
• **Squad Market Value**: Liverpool has a squad value advantage of €500.0M.
• **Transfer Activity**: Crystal Palace boosted by signing Eddie Nketiah; Liverpool boosted by signing Martin Zubimendi.
• **Injuries & Availability**: Both squads are dealing with minor availability losses (~18% out).
• **Fatigue**: Liverpool is on short rest (midweek match congestion) while Crystal Palace is fully rested.
• **Home Advantage**: Crystal Palace benefits from playing at home (statistically boosts goal-scoring rate by ~22%).

**Prediction Summary**: Liverpool is predicted to win this fixture with **41.7%** confidence.",2026-09-13 12:36:55,0
6,2026-11-07,Everton,Coventry,52.58,32.74,14.68,0-0,"• **Team Strength (Elo)**: Everton is favored due to a higher Elo rating (differential of 85 points).
• **Squad Market Value**: Everton has a squad value advantage of €180.0M.
• **Transfer Activity**: Everton boosted by signing Iliman Ndiaye; Coventry boosted by signing Jack Rudoni.
• **Home Advantage**: Everton benefits from playing at home (statistically boosts goal-scoring rate by ~22%).

**Prediction Summary**: Everton is predicted to win this fixture with **52.6%** confidence.",2026-09-13 12:36:55,0
6,2026-11-07,Fulham,Newcastle,32.57,26.84,40.58,1-1,"• **Team Strength (Elo)**: Matchup is evenly balanced on historical Elo (differential of 31 points).
• **Squad Market Value**: Newcastle has a squad value advantage of €255.0M.
• **Transfer Activity**: Fulham boosted by signing Emile Smith Rowe; Newcastle boosted by signing Lewis Hall.
• **Home Advantage**: Fulham benefits from playing at home (statistically boosts goal-scoring rate by ~22%).

**Prediction Summary**: Newcastle is predicted to win this fixture with **40.6%** confidence.",2026-09-13 12:36:55,0
6,2026-11-07,Ipswich,Bournemouth,20.89,30.19,48.91,1-1,"• **Team Strength (Elo)**: Bournemouth is favored due to a higher Elo rating (differential of 92 points).
• **Squad Market Value**: Bournemouth has a squad value advantage of €280.0M.
• **Transfer Activity**: Ipswich boosted by signing Omari Hutchinson; Bournemouth boosted by signing Evanilson.
• **Home Advantage**: Ipswich benefits from playing at home (statistically boosts goal-scoring rate by ~22%).

**Prediction Summary**: Bournemouth is predicted to win this fixture with **48.9%** confidence.",2026-09-13 12:36:55,0
6,2026-11-07,Leeds,Tottenham,42.61,33.68,23.7,1-1,"• **Team Strength (Elo)**: Matchup is evenly balanced on historical Elo (differential of 20 points).
• **Squad Market Value**: Tottenham has a squad value advantage of €555.0M.
• **Transfer Activity**: Leeds boosted by signing Joe Rodon; Tottenham boosted by signing Dominic Solanke.
• **Injuries & Availability**: Leeds is healthier with 100% availability vs. 88% for the opponent.
• **Fatigue**: Tottenham is on short rest (midweek match congestion) while Leeds is fully rested.
• **Home Advantage**: Leeds benefits from playing at home (statistically boosts goal-scoring rate by ~22%).

**Prediction Summary**: Leeds is predicted to win this fixture with **42.6%** confidence.",2026-09-13 12:36:55,0
7,2026-11-07,Man United,Aston Villa,45.09,32.06,22.85,1-1,"• **Team Strength (Elo)**: Matchup is evenly balanced on historical Elo (differential of 33 points).
• **Squad Market Value**: Man United has a squad value advantage of €365.0M.
• **Transfer Activity**: Man United boosted by signing Leny Yoro; Aston Villa boosted by signing Amadou Onana.
• **Fatigue**: Both teams are facing congested schedules (midweek matches).
• **Home Advantage**: Man United benefits from playing at home (statistically boosts goal-scoring rate by ~22%).

**Prediction Summary**: Man United is predicted to win this fixture with **45.1%** confidence.",2026-09-13 12:36:55,0
7,2026-11-07,Nott'm Forest,Man City,33.69,31.72,34.58,1-1,"• **Team Strength (Elo)**: Man City is favored due to a higher Elo rating (differential of 53 points).
• **Squad Market Value**: Man City has a squad value advantage of €955.0M.
• **Transfer Activity**: Nott'm Forest boosted by signing Elliot Anderson; Man City boosted by signing Tijjani Reijnders.
• **Injuries & Availability**: Nott'm Forest is healthier with 100% availability vs. 62% for the opponent.
• **Fatigue**: Man City is on short rest (midweek match congestion) while Nott'm Forest is fully rested.
• **Home Advantage**: Nott'm Forest benefits from playing at home (statistically boosts goal-scoring rate by ~22%).

**Prediction Summary**: This matchup is highly contested with a close outcome probability. A Draw (31.7%) is a very strong possibility.",2026-09-13 12:36:55,0
7,2026-11-07,Sunderland,Chelsea,33.42,29.56,37.02,1-1,"• **Team Strength (Elo)**: Matchup is evenly balanced on historical Elo (differential of 11 points).
• **Squad Market Value**: Chelsea has a squad value advantage of €1050.0M.
• **Transfer Activity**: Sunderland boosted by signing Salis Abdul Samed; Chelsea boosted by signing Pedro Neto.
• **Injuries & Availability**: Sunderland is healthier with 100% availability vs. 82% for the opponent.
• **Fatigue**: Chelsea is on short rest (midweek match congestion) while Sunderland is fully rested.
• **Home Advantage**: Sunderland benefits from playing at home (statistically boosts goal-scoring rate by ~22%).

**Prediction Summary**: This matchup is highly contested with a close outcome probability. A Draw (29.6%) is a very strong possibility.",2026-09-13 12:36:55,0
7,2026-11-21,Bournemouth,Nott'm Forest,39.72,28.63,31.65,1-1,"• **Team Strength (Elo)**: Matchup is evenly balanced on historical Elo (differential of 8 points).
• **Transfer Activity**: Bournemouth boosted by signing Evanilson; Nott'm Forest boosted by signing Elliot Anderson.
• **Injuries & Availability**: Nott'm Forest is healthier with 100% availability vs. 90% for the opponent.
• **Home Advantage**: Bournemouth benefits from playing at home (statistically boosts goal-scoring rate by ~22%).

**Prediction Summary**: Bournemouth is predicted to win this fixture with **39.7%** confidence.",2026-09-13 12:36:55,0
7,2026-11-21,Aston Villa,Sunderland,41.67,29.7,28.63,1-1,"• **Team Strength (Elo)**: Matchup is evenly balanced on historical Elo (differential of 4 points).
• **Squad Market Value**: Aston Villa has a squad value advantage of €170.0M.
• **Transfer Activity**: Aston Villa boosted by signing Amadou Onana; Sunderland boosted by signing Salis Abdul Samed.
• **Home Advantage**: Aston Villa benefits from playing at home (statistically boosts goal-scoring rate by ~22%).

**Prediction Summary**: Aston Villa is predicted to win this fixture with **41.7%** confidence.",2026-09-13 12:36:55,0
7,2026-11-21,Brentford,Everton,44.11,28.63,27.26,1-1,"• **Team Strength (Elo)**: Matchup is evenly balanced on historical Elo (differential of 2 points).
• **Squad Market Value**: Brentford has a squad value advantage of €140.0M.
• **Transfer Activity**: Brentford boosted by signing Igor Thiago; Everton boosted by signing Iliman Ndiaye.
• **Home Advantage**: Brentford benefits from playing at home (statistically boosts goal-scoring rate by ~22%).

**Prediction Summary**: Brentford is predicted to win this fixture with **44.1%** confidence.",2026-09-13 12:36:55,0
7,2026-11-21,Chelsea,Leeds,42.2,26.15,31.65,1-1,"• **Team Strength (Elo)**: Matchup is evenly balanced on historical Elo (differential of 4 points).
• **Squad Market Value**: Chelsea has a squad value advantage of €1035.0M.
• **Transfer Activity**: Chelsea boosted by signing Pedro Neto; Leeds boosted by signing Joe Rodon.
• **Injuries & Availability**: Leeds is healthier with 100% availability vs. 85% for the opponent.
• **Home Advantage**: Chelsea benefits from playing at home (statistically boosts goal-scoring rate by ~22%).

**Prediction Summary**: Chelsea is predicted to win this fixture with **42.2%** confidence.",2026-09-13 12:36:55,0
7,2026-11-21,Coventry,Crystal Palace,27.54,27.21,45.26,0-1,"• **Team Strength (Elo)**: Crystal Palace is favored due to a higher Elo rating (differential of 56 points).
• **Squad Market Value**: Crystal Palace has a squad value advantage of €250.0M.
• **Transfer Activity**: Coventry boosted by signing Jack Rudoni; Crystal Palace boosted by signing Eddie Nketiah.
• **Home Advantage**: Coventry benefits from playing at home (statistically boosts goal-scoring rate by ~22%).

**Prediction Summary**: Crystal Palace is predicted to win this fixture with **45.3%** confidence.",2026-09-13 12:36:55,0
7,2026-11-21,Hull,Brighton,30.68,25.21,44.12,0-1,"• **Team Strength (Elo)**: Brighton is favored due to a higher Elo rating (differential of 85 points).
• **Squad Market Value**: Brighton has a squad value advantage of €567.0M.
• **Transfer Activity**: Hull boosted by signing Charlie Hughes; Brighton boosted by signing Georginio Rutter.
• **Home Advantage**: Hull benefits from playing at home (statistically boosts goal-scoring rate by ~22%).

**Prediction Summary**: Brighton is predicted to win this fixture with **44.1%** confidence.",2026-09-13 12:36:55,0
7,2026-11-21,Liverpool,Man United,43.69,24.31,32.0,1-1,"• **Team Strength (Elo)**: Matchup is evenly balanced on historical Elo (differential of 24 points).
• **Transfer Activity**: Liverpool boosted by signing Martin Zubimendi; Man United boosted by signing Leny Yoro.
• **Home Advantage**: Liverpool benefits from playing at home (statistically boosts goal-scoring rate by ~22%).

**Prediction Summary**: Liverpool is predicted to win this fixture with **43.7%** confidence.",2026-09-13 12:36:55,0
8,2026-11-21,Man City,Fulham,56.18,25.9,17.92,1-1,"• **Team Strength (Elo)**: Man City is favored due to a higher Elo rating (differential of 65 points).
• **Squad Market Value**: Man City has a squad value advantage of €1170.0M.
• **Transfer Activity**: Man City boosted by signing Tijjani Reijnders; Fulham boosted by signing Emile Smith Rowe.
• **Injuries & Availability**: Fulham is healthier with 100% availability vs. 82% for the opponent.
• **Home Advantage**: Man City benefits from playing at home (statistically boosts goal-scoring rate by ~22%).

**Prediction Summary**: Man City is predicted to win this fixture with **56.2%** confidence.",2026-09-13 12:36:55,0
8,2026-11-21,Newcastle,Arsenal,23.13,26.16,50.71,1-1,"• **Team Strength (Elo)**: Arsenal is favored due to a higher Elo rating (differential of 64 points).
• **Squad Market Value**: Arsenal has a squad value advantage of €875.0M.
• **Transfer Activity**: Newcastle boosted by signing Lewis Hall; Arsenal boosted by signing Viktor Gyökeres.
• **Injuries & Availability**: Newcastle is healthier with 100% availability vs. 85% for the opponent.
• **Home Advantage**: Newcastle benefits from playing at home (statistically boosts goal-scoring rate by ~22%).

**Prediction Summary**: Arsenal is predicted to win this fixture with **50.7%** confidence.",2026-09-13 12:36:55,0
8,2026-11-21,Tottenham,Ipswich,57.18,23.28,19.54,1-1,"• **Team Strength (Elo)**: Tottenham is favored due to a higher Elo rating (differential of 61 points).
• **Squad Market Value**: Tottenham has a squad value advantage of €650.0M.
• **Transfer Activity**: Tottenham boosted by signing Dominic Solanke; Ipswich boosted by signing Omari Hutchinson.
• **Injuries & Availability**: Ipswich is healthier with 100% availability vs. 88% for the opponent.
• **Home Advantage**: Tottenham benefits from playing at home (statistically boosts goal-scoring rate by ~22%).

**Prediction Summary**: Tottenham is predicted to win this fixture with **57.2%** confidence.",2026-09-13 12:36:55,0
8,2026-11-28,Arsenal,Man City,36.66,31.06,32.27,1-1,"• **Team Strength (Elo)**: Matchup is evenly balanced on historical Elo (differential of 18 points).
• **Transfer Activity**: Arsenal boosted by signing Viktor Gyökeres; Man City boosted by signing Tijjani Reijnders.
• **Injuries & Availability**: Both squads are dealing with minor availability losses (~18% out).
• **Fatigue**: Both teams are facing congested schedules (midweek matches).
• **Home Advantage**: Arsenal benefits from playing at home (statistically boosts goal-scoring rate by ~22%).

**Prediction Summary**: This matchup is highly contested with a close outcome probability. A Draw (31.1%) is a very strong possibility.",2026-09-13 12:36:55,0
8,2026-11-28,Brighton,Newcastle,41.42,27.54,31.04,1-1,"• **Team Strength (Elo)**: Matchup is evenly balanced on historical Elo (differential of 4 points).
• **Transfer Activity**: Brighton boosted by signing Georginio Rutter; Newcastle boosted by signing Lewis Hall.
• **Home Advantage**: Brighton benefits from playing at home (statistically boosts goal-scoring rate by ~22%).

**Prediction Summary**: Brighton is predicted to win this fixture with **41.4%** confidence.",2026-09-13 12:36:55,0
8,2026-11-28,Crystal Palace,Hull,39.39,35.61,25.01,0-0,"• **Team Strength (Elo)**: Matchup is evenly balanced on historical Elo (differential of 33 points).
• **Squad Market Value**: Crystal Palace has a squad value advantage of €402.0M.
• **Transfer Activity**: Crystal Palace boosted by signing Eddie Nketiah; Hull boosted by signing Charlie Hughes.
• **Home Advantage**: Crystal Palace benefits from playing at home (statistically boosts goal-scoring rate by ~22%).

**Prediction Summary**: Crystal Palace is predicted to win this fixture with **39.4%** confidence.",2026-09-13 12:36:55,0
8,2026-11-28,Everton,Liverpool,33.25,29.87,36.89,1-1,"• **Team Strength (Elo)**: Matchup is evenly balanced on historical Elo (differential of 6 points).
• **Squad Market Value**: Liverpool has a squad value advantage of €570.0M.
• **Transfer Activity**: Everton boosted by signing Iliman Ndiaye; Liverpool boosted by signing Martin Zubimendi.
• **Fatigue**: Liverpool is on short rest (midweek match congestion) while Everton is fully rested.
• **Home Advantage**: Everton benefits from playing at home (statistically boosts goal-scoring rate by ~22%).

**Prediction Summary**: This matchup is highly contested with a close outcome probability. A Draw (29.9%) is a very strong possibility.",2026-09-13 12:36:55,0
8,2026-11-28,Fulham,Bournemouth,35.0,28.79,36.21,1-1,"• **Team Strength (Elo)**: Matchup is evenly balanced on historical Elo (differential of 28 points).
• **Squad Market Value**: Bournemouth has a squad value advantage of €265.0M.
• **Transfer Activity**: Fulham boosted by signing Emile Smith Rowe; Bournemouth boosted by signing Evanilson.
• **Injuries & Availability**: Fulham is healthier with 100% availability vs. 90% for the opponent.
• **Home Advantage**: Fulham benefits from playing at home (statistically boosts goal-scoring rate by ~22%).

**Prediction Summary**: This matchup is highly contested with a close outcome probability. A Draw (28.8%) is a very strong possibility.",2026-09-13 12:36:55,0
8,2026-11-28,Ipswich,Aston Villa,26.14,26.79,47.07,1-1,"• **Team Strength (Elo)**: Aston Villa is favored due to a higher Elo rating (differential of 76 points).
• **Squad Market Value**: Aston Villa has a squad value advantage of €250.0M.
• **Transfer Activity**: Ipswich boosted by signing Omari Hutchinson; Aston Villa boosted by signing Amadou Onana.
• **Fatigue**: Aston Villa is on short rest (midweek match congestion) while Ipswich is fully rested.
• **Home Advantage**: Ipswich benefits from playing at home (statistically boosts goal-scoring rate by ~22%).

**Prediction Summary**: Aston Villa is predicted to win this fixture with **47.1%** confidence.",2026-09-13 12:36:55,0
8,2026-11-28,Leeds,Coventry,49.73,35.74,14.53,0-0,"• **Team Strength (Elo)**: Leeds is favored due to a higher Elo rating (differential of 92 points).
• **Squad Market Value**: Leeds has a squad value advantage of €150.0M.
• **Transfer Activity**: Leeds boosted by signing Joe Rodon; Coventry boosted by signing Jack Rudoni.
• **Home Advantage**: Leeds benefits from playing at home (statistically boosts goal-scoring rate by ~22%).

**Prediction Summary**: Leeds is predicted to win this fixture with **49.7%** confidence.",2026-09-13 12:36:55,0
9,2026-11-28,Man United,Brentford,40.61,32.8,26.59,1-1,"• **Team Strength (Elo)**: Matchup is evenly balanced on historical Elo (differential of 16 points).
• **Squad Market Value**: Man United has a squad value advantage of €350.0M.
• **Transfer Activity**: Man United boosted by signing Leny Yoro; Brentford boosted by signing Igor Thiago.
• **Fatigue**: Man United is on short rest (midweek match congestion) while Brentford is fully rested.
• **Home Advantage**: Man United benefits from playing at home (statistically boosts goal-scoring rate by ~22%).

**Prediction Summary**: Man United is predicted to win this fixture with **40.6%** confidence.",2026-09-13 12:36:55,0
9,2026-11-28,Nott'm Forest,Chelsea,38.06,27.97,33.97,1-1,"• **Team Strength (Elo)**: Matchup is evenly balanced on historical Elo (differential of 1 points).
• **Squad Market Value**: Chelsea has a squad value advantage of €900.0M.
• **Transfer Activity**: Nott'm Forest boosted by signing Elliot Anderson; Chelsea boosted by signing Pedro Neto.
• **Injuries & Availability**: Nott'm Forest is healthier with 100% availability vs. 85% for the opponent.
• **Fatigue**: Chelsea is on short rest (midweek match congestion) while Nott'm Forest is fully rested.
• **Home Advantage**: Nott'm Forest benefits from playing at home (statistically boosts goal-scoring rate by ~22%).

**Prediction Summary**: This matchup is highly contested with a close outcome probability. A Draw (28.0%) is a very strong possibility.",2026-09-13 12:36:55,0
9,2026-11-28,Sunderland,Tottenham,41.82,31.22,26.96,1-1,"• **Team Strength (Elo)**: Matchup is evenly balanced on historical Elo (differential of 7 points).
• **Squad Market Value**: Tottenham has a squad value advantage of €570.0M.
• **Transfer Activity**: Sunderland boosted by signing Salis Abdul Samed; Tottenham boosted by signing Dominic Solanke.
• **Injuries & Availability**: Sunderland is healthier with 100% availability vs. 88% for the opponent.
• **Fatigue**: Tottenham is on short rest (midweek match congestion) while Sunderland is fully rested.
• **Home Advantage**: Sunderland benefits from playing at home (statistically boosts goal-scoring rate by ~22%).

**Prediction Summary**: Sunderland is predicted to win this fixture with **41.8%** confidence.",2026-09-13 12:36:55,0
9,2026-12-02,Bournemouth,Brighton,35.78,26.98,37.23,1-1,"• **Team Strength (Elo)**: Matchup is evenly balanced on historical Elo (differential of 5 points).
• **Transfer Activity**: Bournemouth boosted by signing Evanilson; Brighton boosted by signing Georginio Rutter.
• **Injuries & Availability**: Brighton is healthier with 100% availability vs. 90% for the opponent.
• **Home Advantage**: Bournemouth benefits from playing at home (statistically boosts goal-scoring rate by ~22%).

**Prediction Summary**: This matchup is highly contested with a close outcome probability. A Draw (27.0%) is a very strong possibility.",2026-09-13 12:36:55,0
9,2026-12-02,Aston Villa,Everton,40.84,34.6,24.56,1-1,"• **Team Strength (Elo)**: Matchup is evenly balanced on historical Elo (differential of 6 points).
• **Squad Market Value**: Aston Villa has a squad value advantage of €125.0M.
• **Transfer Activity**: Aston Villa boosted by signing Amadou Onana; Everton boosted by signing Iliman Ndiaye.
• **Injuries & Availability**: Aston Villa is healthier with 100% availability vs. 88% for the opponent.
• **Home Advantage**: Aston Villa benefits from playing at home (statistically boosts goal-scoring rate by ~22%).

**Prediction Summary**: Aston Villa is predicted to win this fixture with **40.8%** confidence.",2026-09-13 12:36:55,0
9,2026-12-02,Brentford,Arsenal,23.1,30.09,46.81,1-1,"• **Team Strength (Elo)**: Arsenal is favored due to a higher Elo rating (differential of 79 points).
• **Squad Market Value**: Arsenal has a squad value advantage of €880.0M.
• **Transfer Activity**: Brentford boosted by signing Igor Thiago; Arsenal boosted by signing Viktor Gyökeres.
• **Injuries & Availability**: Brentford is healthier with 100% availability vs. 85% for the opponent.
• **Home Advantage**: Brentford benefits from playing at home (statistically boosts goal-scoring rate by ~22%).

**Prediction Summary**: Arsenal is predicted to win this fixture with **46.8%** confidence.",2026-09-13 12:36:55,0
9,2026-12-02,Chelsea,Crystal Palace,40.88,34.12,25.01,1-1,"• **Team Strength (Elo)**: Matchup is evenly balanced on historical Elo (differential of 33 points).
• **Squad Market Value**: Chelsea has a squad value advantage of €935.0M.
• **Transfer Activity**: Chelsea boosted by signing Pedro Neto; Crystal Palace boosted by signing Eddie Nketiah.
• **Injuries & Availability**: Crystal Palace is healthier with 100% availability vs. 85% for the opponent.
• **Home Advantage**: Chelsea benefits from playing at home (statistically boosts goal-scoring rate by ~22%).

**Prediction Summary**: Chelsea is predicted to win this fixture with **40.9%** confidence.",2026-09-13 12:36:55,0
9,2026-12-02,Coventry,Ipswich,28.64,33.05,38.31,0-0,"• **Team Strength (Elo)**: Matchup is evenly balanced on historical Elo (differential of 14 points).
• **Transfer Activity**: Coventry boosted by signing Jack Rudoni; Ipswich boosted by signing Omari Hutchinson.
• **Home Advantage**: Coventry benefits from playing at home (statistically boosts goal-scoring rate by ~22%).

**Prediction Summary**: Ipswich is predicted to win this fixture with **38.3%** confidence.",2026-09-13 12:36:55,0
9,2026-12-02,Hull,Nott'm Forest,30.8,32.53,36.68,0-0,"• **Team Strength (Elo)**: Nott'm Forest is favored due to a higher Elo rating (differential of 73 points).
• **Squad Market Value**: Nott'm Forest has a squad value advantage of €437.0M.
• **Transfer Activity**: Hull boosted by signing Charlie Hughes; Nott'm Forest boosted by signing Elliot Anderson.
• **Home Advantage**: Hull benefits from playing at home (statistically boosts goal-scoring rate by ~22%).

**Prediction Summary**: Nott'm Forest is predicted to win this fixture with **36.7%** confidence.",2026-09-13 12:36:55,0
9,2026-12-02,Liverpool,Sunderland,44.37,32.7,22.93,1-1,"• **Team Strength (Elo)**: Matchup is evenly balanced on historical Elo (differential of 12 points).
• **Squad Market Value**: Liverpool has a squad value advantage of €615.0M.
• **Transfer Activity**: Liverpool boosted by signing Martin Zubimendi; Sunderland boosted by signing Salis Abdul Samed.
• **Injuries & Availability**: Sunderland is healthier with 100% availability vs. 88% for the opponent.
• **Home Advantage**: Liverpool benefits from playing at home (statistically boosts goal-scoring rate by ~22%).

**Prediction Summary**: Liverpool is predicted to win this fixture with **44.4%** confidence.",2026-09-13 12:36:55,0
10,2026-12-02,Man City,Leeds,46.08,31.93,22.0,1-1,"• **Team Strength (Elo)**: Man City is favored due to a higher Elo rating (differential of 52 points).
• **Squad Market Value**: Man City has a squad value advantage of €1090.0M.
• **Transfer Activity**: Man City boosted by signing Tijjani Reijnders; Leeds boosted by signing Joe Rodon.
• **Injuries & Availability**: Leeds is healthier with 100% availability vs. 68% for the opponent.
• **Home Advantage**: Man City benefits from playing at home (statistically boosts goal-scoring rate by ~22%).

**Prediction Summary**: Man City is predicted to win this fixture with **46.1%** confidence.",2026-09-13 12:36:55,0
10,2026-12-02,Newcastle,Man United,40.15,24.29,35.56,1-1,"• **Team Strength (Elo)**: Matchup is evenly balanced on historical Elo (differential of 11 points).
• **Squad Market Value**: Man United has a squad value advantage of €345.0M.
• **Transfer Activity**: Newcastle boosted by signing Lewis Hall; Man United boosted by signing Leny Yoro.
• **Home Advantage**: Newcastle benefits from playing at home (statistically boosts goal-scoring rate by ~22%).

**Prediction Summary**: This matchup is highly contested with a close outcome probability. A Draw (24.3%) is a very strong possibility.",2026-09-13 12:36:55,0
10,2026-12-02,Tottenham,Fulham,32.69,33.71,33.6,1-1,"• **Team Strength (Elo)**: Matchup is evenly balanced on historical Elo (differential of 9 points).
• **Squad Market Value**: Tottenham has a squad value advantage of €635.0M.
• **Transfer Activity**: Tottenham boosted by signing Dominic Solanke; Fulham boosted by signing Emile Smith Rowe.
• **Injuries & Availability**: Fulham is healthier with 100% availability vs. 88% for the opponent.
• **Home Advantage**: Tottenham benefits from playing at home (statistically boosts goal-scoring rate by ~22%).

**Prediction Summary**: This matchup is highly contested with a close outcome probability. A Draw (33.7%) is a very strong possibility.",2026-09-13 12:36:55,0
10,2026-12-05,Bournemouth,Hull,33.32,42.4,24.28,0-0,"• **Team Strength (Elo)**: Bournemouth is favored due to a higher Elo rating (differential of 72 points).
• **Squad Market Value**: Bournemouth has a squad value advantage of €487.0M.
• **Transfer Activity**: Bournemouth boosted by signing Evanilson; Hull boosted by signing Charlie Hughes.
• **Injuries & Availability**: Hull is healthier with 100% availability vs. 90% for the opponent.
• **Fatigue**: Both teams are facing congested schedules (midweek matches).
• **Home Advantage**: Bournemouth benefits from playing at home (statistically boosts goal-scoring rate by ~22%).

**Prediction Summary**: Bournemouth is predicted to win this fixture with **33.3%** confidence.",2026-09-13 12:36:55,0
10,2026-12-05,Aston Villa,Crystal Palace,40.89,35.99,23.13,1-1,"• **Team Strength (Elo)**: Matchup is evenly balanced on historical Elo (differential of 22 points).
• **Transfer Activity**: Aston Villa boosted by signing Amadou Onana; Crystal Palace boosted by signing Eddie Nketiah.
• **Fatigue**: Both teams are facing congested schedules (midweek matches).
• **Home Advantage**: Aston Villa benefits from playing at home (statistically boosts goal-scoring rate by ~22%).

**Prediction Summary**: Aston Villa is predicted to win this fixture with **40.9%** confidence.",2026-09-13 12:36:55,0
10,2026-12-05,Brentford,Man City,30.81,29.6,39.59,1-1,"• **Team Strength (Elo)**: Man City is favored due to a higher Elo rating (differential of 60 points).
• **Squad Market Value**: Man City has a squad value advantage of €920.0M.
• **Transfer Activity**: Brentford boosted by signing Igor Thiago; Man City boosted by signing Tijjani Reijnders.
• **Injuries & Availability**: Brentford is healthier with 100% availability vs. 68% for the opponent.
• **Fatigue**: Both teams are facing congested schedules (midweek matches).
• **Home Advantage**: Brentford benefits from playing at home (statistically boosts goal-scoring rate by ~22%).

**Prediction Summary**: Man City is predicted to win this fixture with **39.6%** confidence.",2026-09-13 12:36:55,0
10,2026-12-05,Chelsea,Liverpool,35.74,26.79,37.47,1-1,"• **Team Strength (Elo)**: Matchup is evenly balanced on historical Elo (differential of 11 points).
• **Squad Market Value**: Chelsea has a squad value advantage of €435.0M.
• **Transfer Activity**: Chelsea boosted by signing Pedro Neto; Liverpool boosted by signing Martin Zubimendi.
• **Injuries & Availability**: Liverpool is healthier with 88% availability vs. 85% for the opponent.
• **Fatigue**: Both teams are facing congested schedules (midweek matches).
• **Home Advantage**: Chelsea benefits from playing at home (statistically boosts goal-scoring rate by ~22%).

**Prediction Summary**: This matchup is highly contested with a close outcome probability. A Draw (26.8%) is a very strong possibility.",2026-09-13 12:36:55,0
10,2026-12-05,Everton,Fulham,32.78,36.63,30.6,1-1,"• **Team Strength (Elo)**: Matchup is evenly balanced on historical Elo (differential of 2 points).
• **Squad Market Value**: Everton has a squad value advantage of €110.0M.
• **Transfer Activity**: Everton boosted by signing Iliman Ndiaye; Fulham boosted by signing Emile Smith Rowe.
• **Injuries & Availability**: Fulham is healthier with 100% availability vs. 88% for the opponent.
• **Fatigue**: Both teams are facing congested schedules (midweek matches).
• **Home Advantage**: Everton benefits from playing at home (statistically boosts goal-scoring rate by ~22%).

**Prediction Summary**: This matchup is highly contested with a close outcome probability. A Draw (36.6%) is a very strong possibility.",2026-09-13 12:36:55,0
10,2026-12-05,Leeds,Ipswich,53.0,29.53,17.48,1-1,"• **Team Strength (Elo)**: Leeds is favored due to a higher Elo rating (differential of 82 points).
• **Transfer Activity**: Leeds boosted by signing Joe Rodon; Ipswich boosted by signing Omari Hutchinson.
• **Fatigue**: Both teams are facing congested schedules (midweek matches).
• **Home Advantage**: Leeds benefits from playing at home (statistically boosts goal-scoring rate by ~22%).

**Prediction Summary**: Leeds is predicted to win this fixture with **53.0%** confidence.",2026-09-13 12:36:55,0
10,2026-12-05,Man United,Coventry,65.15,26.43,8.42,1-0,"• **Team Strength (Elo)**: Man United is favored due to a higher Elo rating (differential of 119 points).
• **Squad Market Value**: Man United has a squad value advantage of €670.0M.
• **Transfer Activity**: Man United boosted by signing Leny Yoro; Coventry boosted by signing Jack Rudoni.
• **Fatigue**: Both teams are facing congested schedules (midweek matches).
• **Home Advantage**: Man United benefits from playing at home (statistically boosts goal-scoring rate by ~22%).

**Prediction Summary**: Man United is predicted to win this fixture with **65.2%** confidence.",2026-09-13 12:36:55,0
11,2026-12-05,Newcastle,Sunderland,42.17,36.06,21.78,1-1,"• **Team Strength (Elo)**: Matchup is evenly balanced on historical Elo (differential of 20 points).
• **Squad Market Value**: Newcastle has a squad value advantage of €190.0M.
• **Transfer Activity**: Newcastle boosted by signing Lewis Hall; Sunderland boosted by signing Salis Abdul Samed.
• **Fatigue**: Both teams are facing congested schedules (midweek matches).
• **Home Advantage**: Newcastle benefits from playing at home (statistically boosts goal-scoring rate by ~22%).

**Prediction Summary**: Newcastle is predicted to win this fixture with **42.2%** confidence.",2026-09-13 12:36:55,0
11,2026-12-05,Nott'm Forest,Brighton,34.22,29.54,36.24,1-1,"• **Team Strength (Elo)**: Matchup is evenly balanced on historical Elo (differential of 20 points).
• **Squad Market Value**: Brighton has a squad value advantage of €130.0M.
• **Transfer Activity**: Nott'm Forest boosted by signing Elliot Anderson; Brighton boosted by signing Georginio Rutter.
• **Fatigue**: Both teams are facing congested schedules (midweek matches).
• **Home Advantage**: Nott'm Forest benefits from playing at home (statistically boosts goal-scoring rate by ~22%).

**Prediction Summary**: This matchup is highly contested with a close outcome probability. A Draw (29.5%) is a very strong possibility.",2026-09-13 12:36:55,0
11,2026-12-05,Tottenham,Arsenal,14.56,22.61,62.83,0-2,"• **Team Strength (Elo)**: Arsenal is favored due to a higher Elo rating (differential of 115 points).
• **Squad Market Value**: Arsenal has a squad value advantage of €495.0M.
• **Transfer Activity**: Tottenham boosted by signing Dominic Solanke; Arsenal boosted by signing Viktor Gyökeres.
• **Injuries & Availability**: Tottenham is healthier with 88% availability vs. 85% for the opponent.
• **Fatigue**: Both teams are facing congested schedules (midweek matches).
• **Home Advantage**: Tottenham benefits from playing at home (statistically boosts goal-scoring rate by ~22%).

**Prediction Summary**: Arsenal is predicted to win this fixture with **62.8%** confidence.",2026-09-13 12:36:55,0
11,2026-12-12,Arsenal,Bournemouth,57.55,25.01,17.44,1-1,"• **Team Strength (Elo)**: Arsenal is favored due to a higher Elo rating (differential of 82 points).
• **Squad Market Value**: Arsenal has a squad value advantage of €865.0M.
• **Transfer Activity**: Arsenal boosted by signing Viktor Gyökeres; Bournemouth boosted by signing Evanilson.
• **Injuries & Availability**: Bournemouth is healthier with 90% availability vs. 85% for the opponent.
• **Fatigue**: Arsenal is on short rest (midweek match congestion) while Bournemouth is fully rested.
• **Home Advantage**: Arsenal benefits from playing at home (statistically boosts goal-scoring rate by ~22%).

**Prediction Summary**: Arsenal is predicted to win this fixture with **57.6%** confidence.",2026-09-13 12:36:55,0
11,2026-12-12,Brighton,Everton,46.3,33.02,20.68,1-1,"• **Team Strength (Elo)**: Matchup is evenly balanced on historical Elo (differential of 24 points).
• **Squad Market Value**: Brighton has a squad value advantage of €235.0M.
• **Transfer Activity**: Brighton boosted by signing Georginio Rutter; Everton boosted by signing Iliman Ndiaye.
• **Injuries & Availability**: Brighton is healthier with 100% availability vs. 88% for the opponent.
• **Home Advantage**: Brighton benefits from playing at home (statistically boosts goal-scoring rate by ~22%).

**Prediction Summary**: Brighton is predicted to win this fixture with **46.3%** confidence.",2026-09-13 12:36:55,0
11,2026-12-12,Coventry,Aston Villa,9.49,32.45,58.06,0-1,"• **Team Strength (Elo)**: Aston Villa is favored due to a higher Elo rating (differential of 97 points).
• **Squad Market Value**: Aston Villa has a squad value advantage of €305.0M.
• **Transfer Activity**: Coventry boosted by signing Jack Rudoni; Aston Villa boosted by signing Amadou Onana.
• **Injuries & Availability**: Coventry is healthier with 100% availability vs. 85% for the opponent.
• **Fatigue**: Aston Villa is on short rest (midweek match congestion) while Coventry is fully rested.
• **Home Advantage**: Coventry benefits from playing at home (statistically boosts goal-scoring rate by ~22%).

**Prediction Summary**: Aston Villa is predicted to win this fixture with **58.1%** confidence.",2026-09-13 12:36:55,0
11,2026-12-12,Crystal Palace,Man United,32.2,26.8,41.01,1-1,"• **Team Strength (Elo)**: Man United is favored due to a higher Elo rating (differential of 64 points).
• **Squad Market Value**: Man United has a squad value advantage of €420.0M.
• **Transfer Activity**: Crystal Palace boosted by signing Eddie Nketiah; Man United boosted by signing Leny Yoro.
• **Fatigue**: Man United is on short rest (midweek match congestion) while Crystal Palace is fully rested.
• **Home Advantage**: Crystal Palace benefits from playing at home (statistically boosts goal-scoring rate by ~22%).

**Prediction Summary**: Man United is predicted to win this fixture with **41.0%** confidence.",2026-09-13 12:36:55,0
11,2026-12-12,Fulham,Brentford,32.58,31.25,36.17,1-1,"• **Team Strength (Elo)**: Matchup is evenly balanced on historical Elo (differential of 13 points).
• **Squad Market Value**: Brentford has a squad value advantage of €250.0M.
• **Transfer Activity**: Fulham boosted by signing Emile Smith Rowe; Brentford boosted by signing Igor Thiago.
• **Home Advantage**: Fulham benefits from playing at home (statistically boosts goal-scoring rate by ~22%).

**Prediction Summary**: This matchup is highly contested with a close outcome probability. A Draw (31.3%) is a very strong possibility.",2026-09-13 12:36:55,0
11,2026-12-12,Hull,Tottenham,41.35,33.38,25.26,0-0,"• **Team Strength (Elo)**: Matchup is evenly balanced on historical Elo (differential of 38 points).
• **Squad Market Value**: Tottenham has a squad value advantage of €857.0M.
• **Transfer Activity**: Hull boosted by signing Charlie Hughes; Tottenham boosted by signing Dominic Solanke.
• **Fatigue**: Tottenham is on short rest (midweek match congestion) while Hull is fully rested.
• **Home Advantage**: Hull benefits from playing at home (statistically boosts goal-scoring rate by ~22%).

**Prediction Summary**: Hull is predicted to win this fixture with **41.4%** confidence.",2026-09-13 12:36:55,0
11,2026-12-12,Ipswich,Newcastle,17.01,26.56,56.44,1-1,"• **Team Strength (Elo)**: Newcastle is favored due to a higher Elo rating (differential of 105 points).
• **Squad Market Value**: Newcastle has a squad value advantage of €270.0M.
• **Transfer Activity**: Ipswich boosted by signing Omari Hutchinson; Newcastle boosted by signing Lewis Hall.
• **Home Advantage**: Ipswich benefits from playing at home (statistically boosts goal-scoring rate by ~22%).

**Prediction Summary**: Newcastle is predicted to win this fixture with **56.4%** confidence.",2026-09-13 12:36:55,0
12,2026-12-12,Liverpool,Leeds,42.17,31.98,25.86,1-1,"• **Team Strength (Elo)**: Matchup is evenly balanced on historical Elo (differential of 2 points).
• **Squad Market Value**: Liverpool has a squad value advantage of €600.0M.
• **Transfer Activity**: Liverpool boosted by signing Martin Zubimendi; Leeds boosted by signing Joe Rodon.
• **Injuries & Availability**: Leeds is healthier with 100% availability vs. 88% for the opponent.
• **Fatigue**: Liverpool is on short rest (midweek match congestion) while Leeds is fully rested.
• **Home Advantage**: Liverpool benefits from playing at home (statistically boosts goal-scoring rate by ~22%).

**Prediction Summary**: Liverpool is predicted to win this fixture with **42.2%** confidence.",2026-09-13 12:36:55,0
12,2026-12-12,Man City,Chelsea,43.9,27.29,28.82,1-1,"• **Team Strength (Elo)**: Man City is favored due to a higher Elo rating (differential of 57 points).
• **Transfer Activity**: Man City boosted by signing Tijjani Reijnders; Chelsea boosted by signing Pedro Neto.
• **Injuries & Availability**: Chelsea is healthier with 85% availability vs. 68% for the opponent.
• **Fatigue**: Both teams are facing congested schedules (midweek matches).
• **Home Advantage**: Man City benefits from playing at home (statistically boosts goal-scoring rate by ~22%).

**Prediction Summary**: Man City is predicted to win this fixture with **43.9%** confidence.",2026-09-13 12:36:55,0
12,2026-12-12,Sunderland,Nott'm Forest,31.34,33.8,34.86,1-1,"• **Team Strength (Elo)**: Matchup is evenly balanced on historical Elo (differential of 14 points).
• **Squad Market Value**: Nott'm Forest has a squad value advantage of €150.0M.
• **Transfer Activity**: Sunderland boosted by signing Salis Abdul Samed; Nott'm Forest boosted by signing Elliot Anderson.
• **Home Advantage**: Sunderland benefits from playing at home (statistically boosts goal-scoring rate by ~22%).

**Prediction Summary**: This matchup is highly contested with a close outcome probability. A Draw (33.8%) is a very strong possibility.",2026-09-13 12:36:55,0
12,2026-12-19,Bournemouth,Coventry,51.63,37.87,10.49,0-0,"• **Team Strength (Elo)**: Bournemouth is favored due to a higher Elo rating (differential of 105 points).
• **Squad Market Value**: Bournemouth has a squad value advantage of €335.0M.
• **Transfer Activity**: Bournemouth boosted by signing Evanilson; Coventry boosted by signing Jack Rudoni.
• **Injuries & Availability**: Coventry is healthier with 100% availability vs. 90% for the opponent.
• **Home Advantage**: Bournemouth benefits from playing at home (statistically boosts goal-scoring rate by ~22%).

**Prediction Summary**: Bournemouth is predicted to win this fixture with **51.6%** confidence.",2026-09-13 12:36:55,0
12,2026-12-19,Arsenal,Man United,53.59,25.57,20.84,1-1,"• **Team Strength (Elo)**: Arsenal is favored due to a higher Elo rating (differential of 59 points).
• **Squad Market Value**: Arsenal has a squad value advantage of €530.0M.
• **Transfer Activity**: Arsenal boosted by signing Viktor Gyökeres; Man United boosted by signing Leny Yoro.
• **Injuries & Availability**: Man United is healthier with 100% availability vs. 85% for the opponent.
• **Fatigue**: Both teams are facing congested schedules (midweek matches).
• **Home Advantage**: Arsenal benefits from playing at home (statistically boosts goal-scoring rate by ~22%).

**Prediction Summary**: Arsenal is predicted to win this fixture with **53.6%** confidence.",2026-09-13 12:36:55,0
12,2026-12-19,Brentford,Newcastle,37.0,27.64,35.35,1-1,"• **Team Strength (Elo)**: Matchup is evenly balanced on historical Elo (differential of 23 points).
• **Transfer Activity**: Brentford boosted by signing Igor Thiago; Newcastle boosted by signing Lewis Hall.
• **Home Advantage**: Brentford benefits from playing at home (statistically boosts goal-scoring rate by ~22%).

**Prediction Summary**: This matchup is highly contested with a close outcome probability. A Draw (27.6%) is a very strong possibility.",2026-09-13 12:36:55,0
12,2026-12-19,Brighton,Ipswich,61.58,24.5,13.93,1-1,"• **Team Strength (Elo)**: Brighton is favored due to a higher Elo rating (differential of 106 points).
• **Squad Market Value**: Brighton has a squad value advantage of €360.0M.
• **Transfer Activity**: Brighton boosted by signing Georginio Rutter; Ipswich boosted by signing Omari Hutchinson.
• **Injuries & Availability**: Ipswich is healthier with 100% availability vs. 88% for the opponent.
• **Home Advantage**: Brighton benefits from playing at home (statistically boosts goal-scoring rate by ~22%).

**Prediction Summary**: Brighton is predicted to win this fixture with **61.6%** confidence.",2026-09-13 12:36:55,0
12,2026-12-19,Chelsea,Aston Villa,33.56,37.29,29.14,1-1,"• **Team Strength (Elo)**: Matchup is evenly balanced on historical Elo (differential of 3 points).
• **Squad Market Value**: Chelsea has a squad value advantage of €880.0M.
• **Transfer Activity**: Chelsea boosted by signing Pedro Neto; Aston Villa boosted by signing Amadou Onana.
• **Injuries & Availability**: Both squads are dealing with minor availability losses (~15% out).
• **Fatigue**: Both teams are facing congested schedules (midweek matches).
• **Home Advantage**: Chelsea benefits from playing at home (statistically boosts goal-scoring rate by ~22%).

**Prediction Summary**: This matchup is highly contested with a close outcome probability. A Draw (37.3%) is a very strong possibility.",2026-09-13 12:36:55,0
12,2026-12-19,Leeds,Fulham,34.82,35.59,29.59,1-1,"• **Team Strength (Elo)**: Matchup is evenly balanced on historical Elo (differential of 9 points).
• **Transfer Activity**: Leeds boosted by signing Joe Rodon; Fulham boosted by signing Emile Smith Rowe.
• **Home Advantage**: Leeds benefits from playing at home (statistically boosts goal-scoring rate by ~22%).

**Prediction Summary**: Leeds is predicted to win this fixture with **34.8%** confidence.",2026-09-13 12:36:55,0
12,2026-12-19,Liverpool,Tottenham,49.68,26.44,23.88,1-1,"• **Team Strength (Elo)**: Matchup is evenly balanced on historical Elo (differential of 33 points).
• **Transfer Activity**: Liverpool boosted by signing Martin Zubimendi; Tottenham boosted by signing Dominic Solanke.
• **Injuries & Availability**: Tottenham is healthier with 100% availability vs. 88% for the opponent.
• **Fatigue**: Both teams are facing congested schedules (midweek matches).
• **Home Advantage**: Liverpool benefits from playing at home (statistically boosts goal-scoring rate by ~22%).

**Prediction Summary**: Liverpool is predicted to win this fixture with **49.7%** confidence.",2026-09-13 12:36:55,0
13,2026-12-19,Man City,Hull,34.48,38.77,26.75,0-0,"• **Team Strength (Elo)**: Man City is favored due to a higher Elo rating (differential of 111 points).
• **Squad Market Value**: Man City has a squad value advantage of €1392.0M.
• **Transfer Activity**: Man City boosted by signing Tijjani Reijnders; Hull boosted by signing Charlie Hughes.
• **Injuries & Availability**: Hull is healthier with 100% availability vs. 68% for the opponent.
• **Fatigue**: Man City is on short rest (midweek match congestion) while Hull is fully rested.
• **Home Advantage**: Man City benefits from playing at home (statistically boosts goal-scoring rate by ~22%).

**Prediction Summary**: Man City is predicted to win this fixture with **34.5%** confidence.",2026-09-13 12:36:55,0
13,2026-12-19,Nott'm Forest,Everton,40.56,35.18,24.26,1-1,"• **Team Strength (Elo)**: Matchup is evenly balanced on historical Elo (differential of 5 points).
• **Squad Market Value**: Nott'm Forest has a squad value advantage of €105.0M.
• **Transfer Activity**: Nott'm Forest boosted by signing Elliot Anderson; Everton boosted by signing Iliman Ndiaye.
• **Injuries & Availability**: Nott'm Forest is healthier with 100% availability vs. 88% for the opponent.
• **Home Advantage**: Nott'm Forest benefits from playing at home (statistically boosts goal-scoring rate by ~22%).

**Prediction Summary**: Nott'm Forest is predicted to win this fixture with **40.6%** confidence.",2026-09-13 12:36:55,0
13,2026-12-19,Sunderland,Crystal Palace,36.66,33.73,29.62,1-1,"• **Team Strength (Elo)**: Matchup is evenly balanced on historical Elo (differential of 18 points).
• **Squad Market Value**: Crystal Palace has a squad value advantage of €115.0M.
• **Transfer Activity**: Sunderland boosted by signing Salis Abdul Samed; Crystal Palace boosted by signing Eddie Nketiah.
• **Home Advantage**: Sunderland benefits from playing at home (statistically boosts goal-scoring rate by ~22%).

**Prediction Summary**: Sunderland is predicted to win this fixture with **36.7%** confidence.",2026-09-13 12:36:55,0
13,2026-12-26,Aston Villa,Leeds,33.91,35.08,31.02,1-1,"• **Team Strength (Elo)**: Matchup is evenly balanced on historical Elo (differential of 7 points).
• **Squad Market Value**: Aston Villa has a squad value advantage of €155.0M.
• **Transfer Activity**: Aston Villa boosted by signing Amadou Onana; Leeds boosted by signing Joe Rodon.
• **Injuries & Availability**: Leeds is healthier with 100% availability vs. 85% for the opponent.
• **Home Advantage**: Aston Villa benefits from playing at home (statistically boosts goal-scoring rate by ~22%).

**Prediction Summary**: This matchup is highly contested with a close outcome probability. A Draw (35.1%) is a very strong possibility.",2026-09-13 12:36:55,0
13,2026-12-26,Everton,Sunderland,36.45,36.31,27.25,0-0,"• **Team Strength (Elo)**: Matchup is evenly balanced on historical Elo (differential of 6 points).
• **Transfer Activity**: Everton boosted by signing Iliman Ndiaye; Sunderland boosted by signing Salis Abdul Samed.
• **Home Advantage**: Everton benefits from playing at home (statistically boosts goal-scoring rate by ~22%).

**Prediction Summary**: Everton is predicted to win this fixture with **36.4%** confidence.",2026-09-13 12:36:55,0
13,2026-12-26,Fulham,Brighton,32.85,27.97,39.18,1-1,"• **Team Strength (Elo)**: Matchup is evenly balanced on historical Elo (differential of 35 points).
• **Squad Market Value**: Brighton has a squad value advantage of €345.0M.
• **Transfer Activity**: Fulham boosted by signing Emile Smith Rowe; Brighton boosted by signing Georginio Rutter.
• **Injuries & Availability**: Fulham is healthier with 100% availability vs. 88% for the opponent.
• **Home Advantage**: Fulham benefits from playing at home (statistically boosts goal-scoring rate by ~22%).

**Prediction Summary**: Brighton is predicted to win this fixture with **39.2%** confidence.",2026-09-13 12:36:55,0
13,2026-12-26,Hull,Liverpool,33.29,29.67,37.03,0-1,"• **Team Strength (Elo)**: Liverpool is favored due to a higher Elo rating (differential of 69 points).
• **Squad Market Value**: Liverpool has a squad value advantage of €902.0M.
• **Transfer Activity**: Hull boosted by signing Charlie Hughes; Liverpool boosted by signing Martin Zubimendi.
• **Injuries & Availability**: Hull is healthier with 100% availability vs. 88% for the opponent.
• **Home Advantage**: Hull benefits from playing at home (statistically boosts goal-scoring rate by ~22%).

**Prediction Summary**: This matchup is highly contested with a close outcome probability. A Draw (29.7%) is a very strong possibility.",2026-09-13 12:36:55,0
13,2026-12-26,Ipswich,Brentford,16.34,31.77,51.9,1-1,"• **Team Strength (Elo)**: Brentford is favored due to a higher Elo rating (differential of 98 points).
• **Squad Market Value**: Brentford has a squad value advantage of €265.0M.
• **Transfer Activity**: Ipswich boosted by signing Omari Hutchinson; Brentford boosted by signing Igor Thiago.
• **Home Advantage**: Ipswich benefits from playing at home (statistically boosts goal-scoring rate by ~22%).

**Prediction Summary**: Brentford is predicted to win this fixture with **51.9%** confidence.",2026-09-13 12:36:55,0
13,2026-12-26,Newcastle,Man City,34.37,27.2,38.43,1-1,"• **Team Strength (Elo)**: Matchup is evenly balanced on historical Elo (differential of 34 points).
• **Squad Market Value**: Man City has a squad value advantage of €915.0M.
• **Transfer Activity**: Newcastle boosted by signing Lewis Hall; Man City boosted by signing Tijjani Reijnders.
• **Injuries & Availability**: Newcastle is healthier with 100% availability vs. 68% for the opponent.
• **Home Advantage**: Newcastle benefits from playing at home (statistically boosts goal-scoring rate by ~22%).

**Prediction Summary**: This matchup is highly contested with a close outcome probability. A Draw (27.2%) is a very strong possibility.",2026-09-13 12:36:55,0
13,2026-12-26,Tottenham,Bournemouth,32.77,27.67,39.57,1-1,"• **Team Strength (Elo)**: Matchup is evenly balanced on historical Elo (differential of 39 points).
• **Squad Market Value**: Tottenham has a squad value advantage of €370.0M.
• **Transfer Activity**: Tottenham boosted by signing Dominic Solanke; Bournemouth boosted by signing Evanilson.
• **Home Advantage**: Tottenham benefits from playing at home (statistically boosts goal-scoring rate by ~22%).

**Prediction Summary**: Bournemouth is predicted to win this fixture with **39.6%** confidence.",2026-09-13 12:36:55,0
14,2026-12-27,Coventry,Chelsea,10.91,24.07,65.02,0-1,"• **Team Strength (Elo)**: Chelsea is favored due to a higher Elo rating (differential of 111 points).
• **Squad Market Value**: Chelsea has a squad value advantage of €1185.0M.
• **Transfer Activity**: Coventry boosted by signing Jack Rudoni; Chelsea boosted by signing Pedro Neto.
• **Home Advantage**: Coventry benefits from playing at home (statistically boosts goal-scoring rate by ~22%).

**Prediction Summary**: Chelsea is predicted to win this fixture with **65.0%** confidence.",2026-09-13 12:36:55,0
14,2026-12-27,Crystal Palace,Arsenal,17.41,17.63,64.96,0-2,"• **Team Strength (Elo)**: Arsenal is favored due to a higher Elo rating (differential of 134 points).
• **Squad Market Value**: Arsenal has a squad value advantage of €950.0M.
• **Transfer Activity**: Crystal Palace boosted by signing Eddie Nketiah; Arsenal boosted by signing Viktor Gyökeres.
• **Home Advantage**: Crystal Palace benefits from playing at home (statistically boosts goal-scoring rate by ~22%).

**Prediction Summary**: Arsenal is predicted to win this fixture with **65.0%** confidence.",2026-09-13 12:36:55,0
14,2026-12-27,Man United,Nott'm Forest,49.03,24.55,26.42,1-1,"• **Team Strength (Elo)**: Matchup is evenly balanced on historical Elo (differential of 26 points).
• **Squad Market Value**: Man United has a squad value advantage of €385.0M.
• **Transfer Activity**: Man United boosted by signing Leny Yoro; Nott'm Forest boosted by signing Elliot Anderson.
• **Home Advantage**: Man United benefits from playing at home (statistically boosts goal-scoring rate by ~22%).

**Prediction Summary**: Man United is predicted to win this fixture with **49.0%** confidence.",2026-09-13 12:36:55,0
14,2026-12-29,Everton,Man City,26.32,30.83,42.86,1-1,"• **Team Strength (Elo)**: Man City is favored due to a higher Elo rating (differential of 67 points).
• **Squad Market Value**: Man City has a squad value advantage of €1060.0M.
• **Transfer Activity**: Everton boosted by signing Iliman Ndiaye; Man City boosted by signing Tijjani Reijnders.
• **Injuries & Availability**: Everton is healthier with 100% availability vs. 68% for the opponent.
• **Fatigue**: Both teams are facing congested schedules (midweek matches).
• **Home Advantage**: Everton benefits from playing at home (statistically boosts goal-scoring rate by ~22%).

**Prediction Summary**: Man City is predicted to win this fixture with **42.9%** confidence.",2026-09-13 12:36:55,0
14,2026-12-29,Hull,Leeds,34.12,35.89,29.99,0-0,"• **Team Strength (Elo)**: Leeds is favored due to a higher Elo rating (differential of 66 points).
• **Squad Market Value**: Leeds has a squad value advantage of €302.0M.
• **Transfer Activity**: Hull boosted by signing Charlie Hughes; Leeds boosted by signing Joe Rodon.
• **Fatigue**: Both teams are facing congested schedules (midweek matches).
• **Home Advantage**: Hull benefits from playing at home (statistically boosts goal-scoring rate by ~22%).

**Prediction Summary**: This matchup is highly contested with a close outcome probability. A Draw (35.9%) is a very strong possibility.",2026-09-13 12:36:55,0
14,2026-12-29,Tottenham,Brighton,32.66,28.79,38.55,1-1,"• **Team Strength (Elo)**: Brighton is favored due to a higher Elo rating (differential of 58 points).
• **Squad Market Value**: Tottenham has a squad value advantage of €290.0M.
• **Transfer Activity**: Tottenham boosted by signing Dominic Solanke; Brighton boosted by signing Georginio Rutter.
• **Injuries & Availability**: Tottenham is healthier with 100% availability vs. 88% for the opponent.
• **Fatigue**: Both teams are facing congested schedules (midweek matches).
• **Home Advantage**: Tottenham benefits from playing at home (statistically boosts goal-scoring rate by ~22%).

**Prediction Summary**: Brighton is predicted to win this fixture with **38.5%** confidence.",2026-09-13 12:36:55,0
14,2026-12-30,Aston Villa,Liverpool,32.25,26.77,40.98,1-1,"• **Team Strength (Elo)**: Matchup is evenly balanced on historical Elo (differential of 20 points).
• **Squad Market Value**: Liverpool has a squad value advantage of €445.0M.
• **Transfer Activity**: Aston Villa boosted by signing Amadou Onana; Liverpool boosted by signing Martin Zubimendi.
• **Injuries & Availability**: Liverpool is healthier with 88% availability vs. 85% for the opponent.
• **Home Advantage**: Aston Villa benefits from playing at home (statistically boosts goal-scoring rate by ~22%).

**Prediction Summary**: Liverpool is predicted to win this fixture with **41.0%** confidence.",2026-09-13 12:36:55,0
14,2026-12-30,Coventry,Brentford,11.76,29.88,58.35,0-1,"• **Team Strength (Elo)**: Brentford is favored due to a higher Elo rating (differential of 124 points).
• **Squad Market Value**: Brentford has a squad value advantage of €320.0M.
• **Transfer Activity**: Coventry boosted by signing Jack Rudoni; Brentford boosted by signing Igor Thiago.
• **Fatigue**: Coventry is on short rest (midweek match congestion) while Brentford is fully rested.
• **Home Advantage**: Coventry benefits from playing at home (statistically boosts goal-scoring rate by ~22%).

**Prediction Summary**: Brentford is predicted to win this fixture with **58.4%** confidence.",2026-09-13 12:36:55,0
14,2026-12-30,Crystal Palace,Bournemouth,30.48,27.36,42.16,1-1,"• **Team Strength (Elo)**: Bournemouth is favored due to a higher Elo rating (differential of 56 points).
• **Transfer Activity**: Crystal Palace boosted by signing Eddie Nketiah; Bournemouth boosted by signing Evanilson.
• **Fatigue**: Crystal Palace is on short rest (midweek match congestion) while Bournemouth is fully rested.
• **Home Advantage**: Crystal Palace benefits from playing at home (statistically boosts goal-scoring rate by ~22%).

**Prediction Summary**: Bournemouth is predicted to win this fixture with **42.2%** confidence.",2026-09-13 12:36:55,0
14,2026-12-30,Fulham,Arsenal,18.35,20.75,60.9,0-2,"• **Team Strength (Elo)**: Arsenal is favored due to a higher Elo rating (differential of 119 points).
• **Squad Market Value**: Arsenal has a squad value advantage of €1130.0M.
• **Transfer Activity**: Fulham boosted by signing Emile Smith Rowe; Arsenal boosted by signing Viktor Gyökeres.
• **Fatigue**: Arsenal is on short rest (midweek match congestion) while Fulham is fully rested.
• **Home Advantage**: Fulham benefits from playing at home (statistically boosts goal-scoring rate by ~22%).

**Prediction Summary**: Arsenal is predicted to win this fixture with **60.9%** confidence.",2026-09-13 12:36:55,0
15,2026-12-30,Ipswich,Chelsea,18.6,18.17,63.23,1-2,"• **Team Strength (Elo)**: Chelsea is favored due to a higher Elo rating (differential of 111 points).
• **Squad Market Value**: Chelsea has a squad value advantage of €1130.0M.
• **Transfer Activity**: Ipswich boosted by signing Omari Hutchinson; Chelsea boosted by signing Pedro Neto.
• **Fatigue**: Chelsea is on short rest (midweek match congestion) while Ipswich is fully rested.
• **Home Advantage**: Ipswich benefits from playing at home (statistically boosts goal-scoring rate by ~22%).

**Prediction Summary**: Chelsea is predicted to win this fixture with **63.2%** confidence.",2026-09-13 12:36:55,0
15,2026-12-30,Man United,Sunderland,47.96,31.46,20.58,1-1,"• **Team Strength (Elo)**: Matchup is evenly balanced on historical Elo (differential of 39 points).
• **Squad Market Value**: Man United has a squad value advantage of €535.0M.
• **Transfer Activity**: Man United boosted by signing Leny Yoro; Sunderland boosted by signing Salis Abdul Samed.
• **Fatigue**: Man United is on short rest (midweek match congestion) while Sunderland is fully rested.
• **Home Advantage**: Man United benefits from playing at home (statistically boosts goal-scoring rate by ~22%).

**Prediction Summary**: Man United is predicted to win this fixture with **48.0%** confidence.",2026-09-13 12:36:55,0
15,2026-12-30,Newcastle,Nott'm Forest,42.56,33.65,23.79,1-1,"• **Team Strength (Elo)**: Matchup is evenly balanced on historical Elo (differential of 15 points).
• **Transfer Activity**: Newcastle boosted by signing Lewis Hall; Nott'm Forest boosted by signing Elliot Anderson.
• **Fatigue**: Nott'm Forest is on short rest (midweek match congestion) while Newcastle is fully rested.
• **Home Advantage**: Newcastle benefits from playing at home (statistically boosts goal-scoring rate by ~22%).

**Prediction Summary**: Newcastle is predicted to win this fixture with **42.6%** confidence.",2026-09-13 12:36:55,0
15,2027-01-01,Leeds,Everton,33.77,36.66,29.57,0-0,"• **Team Strength (Elo)**: Matchup is evenly balanced on historical Elo (differential of 8 points).
• **Transfer Activity**: Leeds boosted by signing Joe Rodon; Everton boosted by signing Iliman Ndiaye.
• **Fatigue**: Both teams are facing congested schedules (midweek matches).
• **Home Advantage**: Leeds benefits from playing at home (statistically boosts goal-scoring rate by ~22%).

**Prediction Summary**: This matchup is highly contested with a close outcome probability. A Draw (36.7%) is a very strong possibility.",2026-09-13 12:36:55,0
15,2027-01-02,Bournemouth,Aston Villa,39.85,37.76,22.4,1-1,"• **Team Strength (Elo)**: Matchup is evenly balanced on historical Elo (differential of 19 points).
• **Transfer Activity**: Bournemouth boosted by signing Evanilson; Aston Villa boosted by signing Amadou Onana.
• **Injuries & Availability**: Bournemouth is healthier with 100% availability vs. 85% for the opponent.
• **Fatigue**: Both teams are facing congested schedules (midweek matches).
• **Home Advantage**: Bournemouth benefits from playing at home (statistically boosts goal-scoring rate by ~22%).

**Prediction Summary**: Bournemouth is predicted to win this fixture with **39.8%** confidence.",2026-09-13 12:36:55,0
15,2027-01-02,Arsenal,Ipswich,84.82,7.91,7.27,4-0,"• **Team Strength (Elo)**: Arsenal is favored due to a higher Elo rating (differential of 207 points).
• **Squad Market Value**: Arsenal has a squad value advantage of €1145.0M.
• **Transfer Activity**: Arsenal boosted by signing Viktor Gyökeres; Ipswich boosted by signing Omari Hutchinson.
• **Fatigue**: Both teams are facing congested schedules (midweek matches).
• **Home Advantage**: Arsenal benefits from playing at home (statistically boosts goal-scoring rate by ~22%).

**Prediction Summary**: Arsenal is predicted to win this fixture with **84.8%** confidence.",2026-09-13 12:36:55,0
15,2027-01-02,Brentford,Crystal Palace,47.48,33.6,18.93,1-1,"• **Team Strength (Elo)**: Brentford is favored due to a higher Elo rating (differential of 53 points).
• **Transfer Activity**: Brentford boosted by signing Igor Thiago; Crystal Palace boosted by signing Eddie Nketiah.
• **Fatigue**: Both teams are facing congested schedules (midweek matches).
• **Home Advantage**: Brentford benefits from playing at home (statistically boosts goal-scoring rate by ~22%).

**Prediction Summary**: Brentford is predicted to win this fixture with **47.5%** confidence.",2026-09-13 12:36:55,0
15,2027-01-02,Brighton,Man United,39.55,25.34,35.11,1-1,"• **Team Strength (Elo)**: Matchup is evenly balanced on historical Elo (differential of 8 points).
• **Squad Market Value**: Man United has a squad value advantage of €255.0M.
• **Transfer Activity**: Brighton boosted by signing Georginio Rutter; Man United boosted by signing Leny Yoro.
• **Injuries & Availability**: Man United is healthier with 100% availability vs. 88% for the opponent.
• **Fatigue**: Man United is on short rest (midweek match congestion) while Brighton is fully rested.
• **Home Advantage**: Brighton benefits from playing at home (statistically boosts goal-scoring rate by ~22%).

**Prediction Summary**: This matchup is highly contested with a close outcome probability. A Draw (25.3%) is a very strong possibility.",2026-09-13 12:36:55,0
15,2027-01-02,Liverpool,Coventry,58.53,31.4,10.07,0-0,"• **Team Strength (Elo)**: Liverpool is favored due to a higher Elo rating (differential of 124 points).
• **Squad Market Value**: Liverpool has a squad value advantage of €750.0M.
• **Transfer Activity**: Liverpool boosted by signing Martin Zubimendi; Coventry boosted by signing Jack Rudoni.
• **Injuries & Availability**: Coventry is healthier with 100% availability vs. 88% for the opponent.
• **Fatigue**: Both teams are facing congested schedules (midweek matches).
• **Home Advantage**: Liverpool benefits from playing at home (statistically boosts goal-scoring rate by ~22%).

**Prediction Summary**: Liverpool is predicted to win this fixture with **58.5%** confidence.",2026-09-13 12:36:55,0
15,2027-01-02,Nott'm Forest,Fulham,38.96,35.66,25.37,1-1,"• **Team Strength (Elo)**: Matchup is evenly balanced on historical Elo (differential of 17 points).
• **Squad Market Value**: Nott'm Forest has a squad value advantage of €215.0M.
• **Transfer Activity**: Nott'm Forest boosted by signing Elliot Anderson; Fulham boosted by signing Emile Smith Rowe.
• **Fatigue**: Both teams are facing congested schedules (midweek matches).
• **Home Advantage**: Nott'm Forest benefits from playing at home (statistically boosts goal-scoring rate by ~22%).

**Prediction Summary**: Nott'm Forest is predicted to win this fixture with **39.0%** confidence.",2026-09-13 12:36:55,0
16,2027-01-02,Sunderland,Hull,30.98,37.61,31.41,0-0,"• **Team Strength (Elo)**: Matchup is evenly balanced on historical Elo (differential of 41 points).
• **Squad Market Value**: Sunderland has a squad value advantage of €287.0M.
• **Transfer Activity**: Sunderland boosted by signing Salis Abdul Samed; Hull boosted by signing Charlie Hughes.
• **Fatigue**: Sunderland is on short rest (midweek match congestion) while Hull is fully rested.
• **Home Advantage**: Sunderland benefits from playing at home (statistically boosts goal-scoring rate by ~22%).

**Prediction Summary**: This matchup is highly contested with a close outcome probability. A Draw (37.6%) is a very strong possibility.",2026-09-13 12:36:55,0
16,2027-01-03,Chelsea,Newcastle,41.64,24.4,33.96,1-1,"• **Team Strength (Elo)**: Matchup is evenly balanced on historical Elo (differential of 12 points).
• **Squad Market Value**: Chelsea has a squad value advantage of €860.0M.
• **Transfer Activity**: Chelsea boosted by signing Pedro Neto; Newcastle boosted by signing Lewis Hall.
• **Home Advantage**: Chelsea benefits from playing at home (statistically boosts goal-scoring rate by ~22%).

**Prediction Summary**: Chelsea is predicted to win this fixture with **41.6%** confidence.",2026-09-13 12:36:55,0
16,2027-01-03,Man City,Tottenham,55.08,24.82,20.1,1-1,"• **Team Strength (Elo)**: Man City is favored due to a higher Elo rating (differential of 88 points).
• **Squad Market Value**: Man City has a squad value advantage of €535.0M.
• **Transfer Activity**: Man City boosted by signing Tijjani Reijnders; Tottenham boosted by signing Dominic Solanke.
• **Injuries & Availability**: Tottenham is healthier with 100% availability vs. 68% for the opponent.
• **Home Advantage**: Man City benefits from playing at home (statistically boosts goal-scoring rate by ~22%).

**Prediction Summary**: Man City is predicted to win this fixture with **55.1%** confidence.",2026-09-13 12:36:55,0
16,2027-01-05,Arsenal,Brentford,59.44,27.12,13.44,1-1,"• **Team Strength (Elo)**: Arsenal is favored due to a higher Elo rating (differential of 95 points).
• **Squad Market Value**: Arsenal has a squad value advantage of €880.0M.
• **Transfer Activity**: Arsenal boosted by signing Viktor Gyökeres; Brentford boosted by signing Igor Thiago.
• **Fatigue**: Both teams are facing congested schedules (midweek matches).
• **Home Advantage**: Arsenal benefits from playing at home (statistically boosts goal-scoring rate by ~22%).

**Prediction Summary**: Arsenal is predicted to win this fixture with **59.4%** confidence.",2026-09-13 12:36:55,0
16,2027-01-05,Brighton,Bournemouth,38.51,28.03,33.46,1-1,"• **Team Strength (Elo)**: Matchup is evenly balanced on historical Elo (differential of 5 points).
• **Transfer Activity**: Brighton boosted by signing Georginio Rutter; Bournemouth boosted by signing Evanilson.
• **Injuries & Availability**: Bournemouth is healthier with 100% availability vs. 88% for the opponent.
• **Fatigue**: Both teams are facing congested schedules (midweek matches).
• **Home Advantage**: Brighton benefits from playing at home (statistically boosts goal-scoring rate by ~22%).

**Prediction Summary**: Brighton is predicted to win this fixture with **38.5%** confidence.",2026-09-13 12:36:55,0
16,2027-01-05,Everton,Aston Villa,35.54,38.77,25.68,1-1,"• **Team Strength (Elo)**: Matchup is evenly balanced on historical Elo (differential of 3 points).
• **Squad Market Value**: Aston Villa has a squad value advantage of €125.0M.
• **Transfer Activity**: Everton boosted by signing Iliman Ndiaye; Aston Villa boosted by signing Amadou Onana.
• **Injuries & Availability**: Everton is healthier with 100% availability vs. 85% for the opponent.
• **Fatigue**: Aston Villa is on short rest (midweek match congestion) while Everton is fully rested.
• **Home Advantage**: Everton benefits from playing at home (statistically boosts goal-scoring rate by ~22%).

**Prediction Summary**: Everton is predicted to win this fixture with **35.5%** confidence.",2026-09-13 12:36:55,0
16,2027-01-05,Nott'm Forest,Hull,32.29,40.0,27.7,0-0,"• **Team Strength (Elo)**: Nott'm Forest is favored due to a higher Elo rating (differential of 50 points).
• **Squad Market Value**: Nott'm Forest has a squad value advantage of €437.0M.
• **Transfer Activity**: Nott'm Forest boosted by signing Elliot Anderson; Hull boosted by signing Charlie Hughes.
• **Fatigue**: Both teams are facing congested schedules (midweek matches).
• **Home Advantage**: Nott'm Forest benefits from playing at home (statistically boosts goal-scoring rate by ~22%).

**Prediction Summary**: This matchup is highly contested with a close outcome probability. A Draw (40.0%) is a very strong possibility.",2026-09-13 12:36:55,0
16,2027-01-05,Sunderland,Liverpool,32.09,27.26,40.66,1-1,"• **Team Strength (Elo)**: Matchup is evenly balanced on historical Elo (differential of 36 points).
• **Squad Market Value**: Liverpool has a squad value advantage of €615.0M.
• **Transfer Activity**: Sunderland boosted by signing Salis Abdul Samed; Liverpool boosted by signing Martin Zubimendi.
• **Injuries & Availability**: Sunderland is healthier with 100% availability vs. 88% for the opponent.
• **Fatigue**: Both teams are facing congested schedules (midweek matches).
• **Home Advantage**: Sunderland benefits from playing at home (statistically boosts goal-scoring rate by ~22%).

**Prediction Summary**: Liverpool is predicted to win this fixture with **40.7%** confidence.",2026-09-13 12:36:55,0
16,2027-01-06,Crystal Palace,Chelsea,32.03,24.91,43.06,1-1,"• **Team Strength (Elo)**: Chelsea is favored due to a higher Elo rating (differential of 58 points).
• **Squad Market Value**: Chelsea has a squad value advantage of €935.0M.
• **Transfer Activity**: Crystal Palace boosted by signing Eddie Nketiah; Chelsea boosted by signing Pedro Neto.
• **Fatigue**: Chelsea is on short rest (midweek match congestion) while Crystal Palace is fully rested.
• **Home Advantage**: Crystal Palace benefits from playing at home (statistically boosts goal-scoring rate by ~22%).

**Prediction Summary**: Chelsea is predicted to win this fixture with **43.1%** confidence.",2026-09-13 12:36:55,0
16,2027-01-06,Fulham,Tottenham,41.3,27.37,31.33,1-1,"• **Team Strength (Elo)**: Matchup is evenly balanced on historical Elo (differential of 12 points).
• **Squad Market Value**: Tottenham has a squad value advantage of €635.0M.
• **Transfer Activity**: Fulham boosted by signing Emile Smith Rowe; Tottenham boosted by signing Dominic Solanke.
• **Fatigue**: Tottenham is on short rest (midweek match congestion) while Fulham is fully rested.
• **Home Advantage**: Fulham benefits from playing at home (statistically boosts goal-scoring rate by ~22%).

**Prediction Summary**: Fulham is predicted to win this fixture with **41.3%** confidence.",2026-09-13 12:36:55,0
17,2027-01-06,Ipswich,Coventry,43.16,35.83,21.0,0-0,"• **Team Strength (Elo)**: Matchup is evenly balanced on historical Elo (differential of 9 points).
• **Transfer Activity**: Ipswich boosted by signing Omari Hutchinson; Coventry boosted by signing Jack Rudoni.
• **Home Advantage**: Ipswich benefits from playing at home (statistically boosts goal-scoring rate by ~22%).

**Prediction Summary**: Ipswich is predicted to win this fixture with **43.2%** confidence.",2026-09-13 12:36:55,0
17,2027-01-06,Leeds,Man City,26.08,29.8,44.12,1-1,"• **Team Strength (Elo)**: Man City is favored due to a higher Elo rating (differential of 64 points).
• **Squad Market Value**: Man City has a squad value advantage of €1090.0M.
• **Transfer Activity**: Leeds boosted by signing Joe Rodon; Man City boosted by signing Tijjani Reijnders.
• **Injuries & Availability**: Leeds is healthier with 100% availability vs. 68% for the opponent.
• **Fatigue**: Man City is on short rest (midweek match congestion) while Leeds is fully rested.
• **Home Advantage**: Leeds benefits from playing at home (statistically boosts goal-scoring rate by ~22%).

**Prediction Summary**: Man City is predicted to win this fixture with **44.1%** confidence.",2026-09-13 12:36:55,0
17,2027-01-07,Man United,Newcastle,44.36,24.62,31.02,1-1,"• **Team Strength (Elo)**: Matchup is evenly balanced on historical Elo (differential of 7 points).
• **Squad Market Value**: Man United has a squad value advantage of €345.0M.
• **Transfer Activity**: Man United boosted by signing Leny Yoro; Newcastle boosted by signing Lewis Hall.
• **Fatigue**: Man United is on short rest (midweek match congestion) while Newcastle is fully rested.
• **Home Advantage**: Man United benefits from playing at home (statistically boosts goal-scoring rate by ~22%).

**Prediction Summary**: Man United is predicted to win this fixture with **44.4%** confidence.",2026-09-13 12:36:55,0
17,2027-01-16,Bournemouth,Ipswich,69.31,18.15,12.54,1-1,"• **Team Strength (Elo)**: Bournemouth is favored due to a higher Elo rating (differential of 121 points).
• **Squad Market Value**: Bournemouth has a squad value advantage of €280.0M.
• **Transfer Activity**: Bournemouth boosted by signing Evanilson; Ipswich boosted by signing Omari Hutchinson.
• **Home Advantage**: Bournemouth benefits from playing at home (statistically boosts goal-scoring rate by ~22%).

**Prediction Summary**: Bournemouth is predicted to win this fixture with **69.3%** confidence.",2026-09-13 12:36:55,0
17,2027-01-16,Aston Villa,Man United,31.45,22.56,45.99,1-1,"• **Team Strength (Elo)**: Matchup is evenly balanced on historical Elo (differential of 44 points).
• **Squad Market Value**: Man United has a squad value advantage of €365.0M.
• **Transfer Activity**: Aston Villa boosted by signing Amadou Onana; Man United boosted by signing Leny Yoro.
• **Injuries & Availability**: Man United is healthier with 100% availability vs. 85% for the opponent.
• **Home Advantage**: Aston Villa benefits from playing at home (statistically boosts goal-scoring rate by ~22%).

**Prediction Summary**: Man United is predicted to win this fixture with **46.0%** confidence.",2026-09-13 12:36:55,0
17,2027-01-16,Brentford,Brighton,43.08,26.94,29.98,1-1,"• **Team Strength (Elo)**: Matchup is evenly balanced on historical Elo (differential of 12 points).
• **Transfer Activity**: Brentford boosted by signing Igor Thiago; Brighton boosted by signing Georginio Rutter.
• **Injuries & Availability**: Brentford is healthier with 100% availability vs. 88% for the opponent.
• **Home Advantage**: Brentford benefits from playing at home (statistically boosts goal-scoring rate by ~22%).

**Prediction Summary**: Brentford is predicted to win this fixture with **43.1%** confidence.",2026-09-13 12:36:55,0
17,2027-01-16,Chelsea,Sunderland,51.24,25.26,23.5,1-1,"• **Team Strength (Elo)**: Matchup is evenly balanced on historical Elo (differential of 32 points).
• **Squad Market Value**: Chelsea has a squad value advantage of €1050.0M.
• **Transfer Activity**: Chelsea boosted by signing Pedro Neto; Sunderland boosted by signing Salis Abdul Samed.
• **Home Advantage**: Chelsea benefits from playing at home (statistically boosts goal-scoring rate by ~22%).

**Prediction Summary**: Chelsea is predicted to win this fixture with **51.2%** confidence.",2026-09-13 12:36:55,0
17,2027-01-16,Coventry,Everton,13.8,28.84,57.36,0-1,"• **Team Strength (Elo)**: Everton is favored due to a higher Elo rating (differential of 115 points).
• **Squad Market Value**: Everton has a squad value advantage of €180.0M.
• **Transfer Activity**: Coventry boosted by signing Jack Rudoni; Everton boosted by signing Iliman Ndiaye.
• **Home Advantage**: Coventry benefits from playing at home (statistically boosts goal-scoring rate by ~22%).

**Prediction Summary**: Everton is predicted to win this fixture with **57.4%** confidence.",2026-09-13 12:36:55,0
17,2027-01-16,Hull,Arsenal,15.17,22.01,62.82,0-1,"• **Team Strength (Elo)**: Arsenal is favored due to a higher Elo rating (differential of 167 points).
• **Squad Market Value**: Arsenal has a squad value advantage of €1352.0M.
• **Transfer Activity**: Hull boosted by signing Charlie Hughes; Arsenal boosted by signing Viktor Gyökeres.
• **Home Advantage**: Hull benefits from playing at home (statistically boosts goal-scoring rate by ~22%).

**Prediction Summary**: Arsenal is predicted to win this fixture with **62.8%** confidence.",2026-09-13 12:36:55,0
17,2027-01-16,Liverpool,Crystal Palace,63.09,19.43,17.48,1-1,"• **Team Strength (Elo)**: Liverpool is favored due to a higher Elo rating (differential of 64 points).
• **Squad Market Value**: Liverpool has a squad value advantage of €500.0M.
• **Transfer Activity**: Liverpool boosted by signing Martin Zubimendi; Crystal Palace boosted by signing Eddie Nketiah.
• **Home Advantage**: Liverpool benefits from playing at home (statistically boosts goal-scoring rate by ~22%).

**Prediction Summary**: Liverpool is predicted to win this fixture with **63.1%** confidence.",2026-09-13 12:36:55,0
18,2027-01-16,Man City,Nott'm Forest,56.16,23.88,19.96,1-1,"• **Team Strength (Elo)**: Man City is favored due to a higher Elo rating (differential of 63 points).
• **Squad Market Value**: Man City has a squad value advantage of €955.0M.
• **Transfer Activity**: Man City boosted by signing Tijjani Reijnders; Nott'm Forest boosted by signing Elliot Anderson.
• **Injuries & Availability**: Nott'm Forest is healthier with 100% availability vs. 82% for the opponent.
• **Home Advantage**: Man City benefits from playing at home (statistically boosts goal-scoring rate by ~22%).

**Prediction Summary**: Man City is predicted to win this fixture with **56.2%** confidence.",2026-09-13 12:36:55,0
18,2027-01-16,Newcastle,Fulham,49.75,25.94,24.31,1-1,"• **Team Strength (Elo)**: Matchup is evenly balanced on historical Elo (differential of 39 points).
• **Squad Market Value**: Newcastle has a squad value advantage of €255.0M.
• **Transfer Activity**: Newcastle boosted by signing Lewis Hall; Fulham boosted by signing Emile Smith Rowe.
• **Home Advantage**: Newcastle benefits from playing at home (statistically boosts goal-scoring rate by ~22%).

**Prediction Summary**: Newcastle is predicted to win this fixture with **49.8%** confidence.",2026-09-13 12:36:55,0
18,2027-01-16,Tottenham,Leeds,39.7,27.23,33.07,1-1,"• **Team Strength (Elo)**: Matchup is evenly balanced on historical Elo (differential of 30 points).
• **Squad Market Value**: Tottenham has a squad value advantage of €555.0M.
• **Transfer Activity**: Tottenham boosted by signing Dominic Solanke; Leeds boosted by signing Joe Rodon.
• **Home Advantage**: Tottenham benefits from playing at home (statistically boosts goal-scoring rate by ~22%).

**Prediction Summary**: Tottenham is predicted to win this fixture with **39.7%** confidence.",2026-09-13 12:36:55,0
18,2027-01-23,Arsenal,Newcastle,62.77,21.15,16.08,1-1,"• **Team Strength (Elo)**: Arsenal is favored due to a higher Elo rating (differential of 90 points).
• **Squad Market Value**: Arsenal has a squad value advantage of €875.0M.
• **Transfer Activity**: Arsenal boosted by signing Viktor Gyökeres; Newcastle boosted by signing Lewis Hall.
• **Fatigue**: Arsenal is on short rest (midweek match congestion) while Newcastle is fully rested.
• **Home Advantage**: Arsenal benefits from playing at home (statistically boosts goal-scoring rate by ~22%).

**Prediction Summary**: Arsenal is predicted to win this fixture with **62.8%** confidence.",2026-09-13 12:36:55,0
18,2027-01-23,Brighton,Man City,25.61,28.07,46.32,1-1,"• **Team Strength (Elo)**: Matchup is evenly balanced on historical Elo (differential of 50 points).
• **Squad Market Value**: Man City has a squad value advantage of €825.0M.
• **Transfer Activity**: Brighton boosted by signing Georginio Rutter; Man City boosted by signing Tijjani Reijnders.
• **Injuries & Availability**: Brighton is healthier with 88% availability vs. 82% for the opponent.
• **Fatigue**: Man City is on short rest (midweek match congestion) while Brighton is fully rested.
• **Home Advantage**: Brighton benefits from playing at home (statistically boosts goal-scoring rate by ~22%).

**Prediction Summary**: Man City is predicted to win this fixture with **46.3%** confidence.",2026-09-13 12:36:55,0
18,2027-01-23,Crystal Palace,Tottenham,38.58,29.56,31.85,1-1,"• **Team Strength (Elo)**: Matchup is evenly balanced on historical Elo (differential of 19 points).
• **Squad Market Value**: Tottenham has a squad value advantage of €455.0M.
• **Transfer Activity**: Crystal Palace boosted by signing Eddie Nketiah; Tottenham boosted by signing Dominic Solanke.
• **Fatigue**: Tottenham is on short rest (midweek match congestion) while Crystal Palace is fully rested.
• **Home Advantage**: Crystal Palace benefits from playing at home (statistically boosts goal-scoring rate by ~22%).

**Prediction Summary**: Crystal Palace is predicted to win this fixture with **38.6%** confidence.",2026-09-13 12:36:55,0
18,2027-01-23,Everton,Brentford,31.95,33.5,34.56,1-1,"• **Team Strength (Elo)**: Matchup is evenly balanced on historical Elo (differential of 18 points).
• **Squad Market Value**: Brentford has a squad value advantage of €140.0M.
• **Transfer Activity**: Everton boosted by signing Iliman Ndiaye; Brentford boosted by signing Igor Thiago.
• **Home Advantage**: Everton benefits from playing at home (statistically boosts goal-scoring rate by ~22%).

**Prediction Summary**: This matchup is highly contested with a close outcome probability. A Draw (33.5%) is a very strong possibility.",2026-09-13 12:36:55,0
18,2027-01-23,Fulham,Aston Villa,33.95,31.88,34.17,1-1,"• **Team Strength (Elo)**: Matchup is evenly balanced on historical Elo (differential of 13 points).
• **Squad Market Value**: Aston Villa has a squad value advantage of €235.0M.
• **Transfer Activity**: Fulham boosted by signing Emile Smith Rowe; Aston Villa boosted by signing Amadou Onana.
• **Fatigue**: Aston Villa is on short rest (midweek match congestion) while Fulham is fully rested.
• **Home Advantage**: Fulham benefits from playing at home (statistically boosts goal-scoring rate by ~22%).

**Prediction Summary**: This matchup is highly contested with a close outcome probability. A Draw (31.9%) is a very strong possibility.",2026-09-13 12:36:55,0
18,2027-01-23,Ipswich,Hull,21.21,29.57,49.23,0-0,"• **Team Strength (Elo)**: Hull is favored due to a higher Elo rating (differential of 59 points).
• **Squad Market Value**: Ipswich has a squad value advantage of €207.0M.
• **Transfer Activity**: Ipswich boosted by signing Omari Hutchinson; Hull boosted by signing Charlie Hughes.
• **Home Advantage**: Ipswich benefits from playing at home (statistically boosts goal-scoring rate by ~22%).

**Prediction Summary**: Hull is predicted to win this fixture with **49.2%** confidence.",2026-09-13 12:36:55,0
18,2027-01-23,Leeds,Chelsea,30.95,26.85,42.2,1-1,"• **Team Strength (Elo)**: Matchup is evenly balanced on historical Elo (differential of 22 points).
• **Squad Market Value**: Chelsea has a squad value advantage of €1035.0M.
• **Transfer Activity**: Leeds boosted by signing Joe Rodon; Chelsea boosted by signing Pedro Neto.
• **Fatigue**: Chelsea is on short rest (midweek match congestion) while Leeds is fully rested.
• **Home Advantage**: Leeds benefits from playing at home (statistically boosts goal-scoring rate by ~22%).

**Prediction Summary**: Chelsea is predicted to win this fixture with **42.2%** confidence.",2026-09-13 12:36:55,0
19,2027-01-23,Man United,Liverpool,42.55,24.59,32.86,1-1,"• **Team Strength (Elo)**: Matchup is evenly balanced on historical Elo (differential of 12 points).
• **Transfer Activity**: Man United boosted by signing Leny Yoro; Liverpool boosted by signing Martin Zubimendi.
• **Fatigue**: Both teams are facing congested schedules (midweek matches).
• **Home Advantage**: Man United benefits from playing at home (statistically boosts goal-scoring rate by ~22%).

**Prediction Summary**: Man United is predicted to win this fixture with **42.6%** confidence.",2026-09-13 12:36:55,0
19,2027-01-23,Nott'm Forest,Bournemouth,34.31,28.73,36.96,1-1,"• **Team Strength (Elo)**: Matchup is evenly balanced on historical Elo (differential of 25 points).
• **Transfer Activity**: Nott'm Forest boosted by signing Elliot Anderson; Bournemouth boosted by signing Evanilson.
• **Home Advantage**: Nott'm Forest benefits from playing at home (statistically boosts goal-scoring rate by ~22%).

**Prediction Summary**: This matchup is highly contested with a close outcome probability. A Draw (28.7%) is a very strong possibility.",2026-09-13 12:36:55,0
19,2027-01-23,Sunderland,Coventry,48.68,36.98,14.34,0-0,"• **Team Strength (Elo)**: Sunderland is favored due to a higher Elo rating (differential of 96 points).
• **Squad Market Value**: Sunderland has a squad value advantage of €135.0M.
• **Transfer Activity**: Sunderland boosted by signing Salis Abdul Samed; Coventry boosted by signing Jack Rudoni.
• **Home Advantage**: Sunderland benefits from playing at home (statistically boosts goal-scoring rate by ~22%).

**Prediction Summary**: Sunderland is predicted to win this fixture with **48.7%** confidence.",2026-09-13 12:36:55,0
19,2027-01-30,Bournemouth,Fulham,44.66,33.41,21.92,1-1,"• **Team Strength (Elo)**: Matchup is evenly balanced on historical Elo (differential of 38 points).
• **Squad Market Value**: Bournemouth has a squad value advantage of €265.0M.
• **Transfer Activity**: Bournemouth boosted by signing Evanilson; Fulham boosted by signing Emile Smith Rowe.
• **Home Advantage**: Bournemouth benefits from playing at home (statistically boosts goal-scoring rate by ~22%).

**Prediction Summary**: Bournemouth is predicted to win this fixture with **44.7%** confidence.",2026-09-13 12:36:55,0
19,2027-01-30,Aston Villa,Ipswich,62.02,25.21,12.77,1-1,"• **Team Strength (Elo)**: Aston Villa is favored due to a higher Elo rating (differential of 106 points).
• **Squad Market Value**: Aston Villa has a squad value advantage of €250.0M.
• **Transfer Activity**: Aston Villa boosted by signing Amadou Onana; Ipswich boosted by signing Omari Hutchinson.
• **Fatigue**: Aston Villa is on short rest (midweek match congestion) while Ipswich is fully rested.
• **Home Advantage**: Aston Villa benefits from playing at home (statistically boosts goal-scoring rate by ~22%).

**Prediction Summary**: Aston Villa is predicted to win this fixture with **62.0%** confidence.",2026-09-13 12:36:55,0
19,2027-01-30,Brentford,Man United,38.09,25.94,35.98,1-1,"• **Team Strength (Elo)**: Matchup is evenly balanced on historical Elo (differential of 24 points).
• **Squad Market Value**: Man United has a squad value advantage of €350.0M.
• **Transfer Activity**: Brentford boosted by signing Igor Thiago; Man United boosted by signing Leny Yoro.
• **Fatigue**: Man United is on short rest (midweek match congestion) while Brentford is fully rested.
• **Home Advantage**: Brentford benefits from playing at home (statistically boosts goal-scoring rate by ~22%).

**Prediction Summary**: This matchup is highly contested with a close outcome probability. A Draw (25.9%) is a very strong possibility.",2026-09-13 12:36:55,0
19,2027-01-30,Chelsea,Nott'm Forest,41.53,31.68,26.79,1-1,"• **Team Strength (Elo)**: Matchup is evenly balanced on historical Elo (differential of 19 points).
• **Squad Market Value**: Chelsea has a squad value advantage of €900.0M.
• **Transfer Activity**: Chelsea boosted by signing Pedro Neto; Nott'm Forest boosted by signing Elliot Anderson.
• **Fatigue**: Chelsea is on short rest (midweek match congestion) while Nott'm Forest is fully rested.
• **Home Advantage**: Chelsea benefits from playing at home (statistically boosts goal-scoring rate by ~22%).

**Prediction Summary**: Chelsea is predicted to win this fixture with **41.5%** confidence.",2026-09-13 12:36:55,0
19,2027-01-30,Coventry,Leeds,12.22,33.67,54.11,0-1,"• **Team Strength (Elo)**: Leeds is favored due to a higher Elo rating (differential of 120 points).
• **Squad Market Value**: Leeds has a squad value advantage of €150.0M.
• **Transfer Activity**: Coventry boosted by signing Jack Rudoni; Leeds boosted by signing Joe Rodon.
• **Home Advantage**: Coventry benefits from playing at home (statistically boosts goal-scoring rate by ~22%).

**Prediction Summary**: Leeds is predicted to win this fixture with **54.1%** confidence.",2026-09-13 12:36:55,0
19,2027-01-30,Hull,Crystal Palace,39.9,33.42,26.68,0-0,"• **Team Strength (Elo)**: Matchup is evenly balanced on historical Elo (differential of 4 points).
• **Squad Market Value**: Crystal Palace has a squad value advantage of €402.0M.
• **Transfer Activity**: Hull boosted by signing Charlie Hughes; Crystal Palace boosted by signing Eddie Nketiah.
• **Home Advantage**: Hull benefits from playing at home (statistically boosts goal-scoring rate by ~22%).

**Prediction Summary**: Hull is predicted to win this fixture with **39.9%** confidence.",2026-09-13 12:36:55,0
19,2027-01-30,Liverpool,Everton,46.9,30.91,22.19,1-1,"• **Team Strength (Elo)**: Matchup is evenly balanced on historical Elo (differential of 25 points).
• **Squad Market Value**: Liverpool has a squad value advantage of €570.0M.
• **Transfer Activity**: Liverpool boosted by signing Martin Zubimendi; Everton boosted by signing Iliman Ndiaye.
• **Fatigue**: Liverpool is on short rest (midweek match congestion) while Everton is fully rested.
• **Home Advantage**: Liverpool benefits from playing at home (statistically boosts goal-scoring rate by ~22%).

**Prediction Summary**: Liverpool is predicted to win this fixture with **46.9%** confidence.",2026-09-13 12:36:55,0
20,2027-01-30,Man City,Arsenal,28.29,23.97,47.74,1-1,"• **Team Strength (Elo)**: Arsenal is favored due to a higher Elo rating (differential of 55 points).
• **Transfer Activity**: Man City boosted by signing Tijjani Reijnders; Arsenal boosted by signing Viktor Gyökeres.
• **Injuries & Availability**: Arsenal is healthier with 100% availability vs. 82% for the opponent.
• **Fatigue**: Both teams are facing congested schedules (midweek matches).
• **Home Advantage**: Man City benefits from playing at home (statistically boosts goal-scoring rate by ~22%).

**Prediction Summary**: Arsenal is predicted to win this fixture with **47.7%** confidence.",2026-09-13 12:36:55,0
20,2027-01-30,Newcastle,Brighton,43.39,27.26,29.35,1-1,"• **Team Strength (Elo)**: Matchup is evenly balanced on historical Elo (differential of 1 points).
• **Transfer Activity**: Newcastle boosted by signing Lewis Hall; Brighton boosted by signing Georginio Rutter.
• **Injuries & Availability**: Newcastle is healthier with 100% availability vs. 88% for the opponent.
• **Home Advantage**: Newcastle benefits from playing at home (statistically boosts goal-scoring rate by ~22%).

**Prediction Summary**: Newcastle is predicted to win this fixture with **43.4%** confidence.",2026-09-13 12:36:55,0
20,2027-01-30,Tottenham,Sunderland,35.04,35.29,29.67,0-0,"• **Team Strength (Elo)**: Matchup is evenly balanced on historical Elo (differential of 13 points).
• **Squad Market Value**: Tottenham has a squad value advantage of €570.0M.
• **Transfer Activity**: Tottenham boosted by signing Dominic Solanke; Sunderland boosted by signing Salis Abdul Samed.
• **Fatigue**: Tottenham is on short rest (midweek match congestion) while Sunderland is fully rested.
• **Home Advantage**: Tottenham benefits from playing at home (statistically boosts goal-scoring rate by ~22%).

**Prediction Summary**: Tottenham is predicted to win this fixture with **35.0%** confidence.",2026-09-13 12:36:55,0
20,2027-02-06,Arsenal,Liverpool,56.8,22.88,20.32,1-1,"• **Team Strength (Elo)**: Arsenal is favored due to a higher Elo rating (differential of 94 points).
• **Squad Market Value**: Arsenal has a squad value advantage of €450.0M.
• **Transfer Activity**: Arsenal boosted by signing Viktor Gyökeres; Liverpool boosted by signing Martin Zubimendi.
• **Injuries & Availability**: Liverpool is healthier with 100% availability vs. 88% for the opponent.
• **Home Advantage**: Arsenal benefits from playing at home (statistically boosts goal-scoring rate by ~22%).

**Prediction Summary**: Arsenal is predicted to win this fixture with **56.8%** confidence.",2026-09-13 12:36:55,0
20,2027-02-06,Brighton,Hull,35.4,37.47,27.13,0-0,"• **Team Strength (Elo)**: Brighton is favored due to a higher Elo rating (differential of 62 points).
• **Squad Market Value**: Brighton has a squad value advantage of €567.0M.
• **Transfer Activity**: Brighton boosted by signing Georginio Rutter; Hull boosted by signing Charlie Hughes.
• **Home Advantage**: Brighton benefits from playing at home (statistically boosts goal-scoring rate by ~22%).

**Prediction Summary**: Brighton is predicted to win this fixture with **35.4%** confidence.",2026-09-13 12:36:55,0
20,2027-02-06,Crystal Palace,Coventry,46.61,38.95,14.44,0-0,"• **Team Strength (Elo)**: Crystal Palace is favored due to a higher Elo rating (differential of 72 points).
• **Squad Market Value**: Crystal Palace has a squad value advantage of €250.0M.
• **Transfer Activity**: Crystal Palace boosted by signing Eddie Nketiah; Coventry boosted by signing Jack Rudoni.
• **Home Advantage**: Crystal Palace benefits from playing at home (statistically boosts goal-scoring rate by ~22%).

**Prediction Summary**: Crystal Palace is predicted to win this fixture with **46.6%** confidence.",2026-09-13 12:36:55,0
20,2027-02-06,Everton,Newcastle,32.98,28.48,38.54,1-1,"• **Team Strength (Elo)**: Matchup is evenly balanced on historical Elo (differential of 32 points).
• **Squad Market Value**: Newcastle has a squad value advantage of €145.0M.
• **Transfer Activity**: Everton boosted by signing Iliman Ndiaye; Newcastle boosted by signing Lewis Hall.
• **Home Advantage**: Everton benefits from playing at home (statistically boosts goal-scoring rate by ~22%).

**Prediction Summary**: Newcastle is predicted to win this fixture with **38.5%** confidence.",2026-09-13 12:36:55,0
20,2027-02-06,Fulham,Man City,18.55,22.22,59.23,1-1,"• **Team Strength (Elo)**: Man City is favored due to a higher Elo rating (differential of 93 points).
• **Squad Market Value**: Man City has a squad value advantage of €1170.0M.
• **Transfer Activity**: Fulham boosted by signing Emile Smith Rowe; Man City boosted by signing Tijjani Reijnders.
• **Injuries & Availability**: Fulham is healthier with 100% availability vs. 82% for the opponent.
• **Home Advantage**: Fulham benefits from playing at home (statistically boosts goal-scoring rate by ~22%).

**Prediction Summary**: Man City is predicted to win this fixture with **59.2%** confidence.",2026-09-13 12:36:55,0
20,2027-02-06,Ipswich,Tottenham,30.22,22.85,46.93,1-1,"• **Team Strength (Elo)**: Tottenham is favored due to a higher Elo rating (differential of 87 points).
• **Squad Market Value**: Tottenham has a squad value advantage of €650.0M.
• **Transfer Activity**: Ipswich boosted by signing Omari Hutchinson; Tottenham boosted by signing Dominic Solanke.
• **Home Advantage**: Ipswich benefits from playing at home (statistically boosts goal-scoring rate by ~22%).

**Prediction Summary**: Tottenham is predicted to win this fixture with **46.9%** confidence.",2026-09-13 12:36:55,0
20,2027-02-06,Leeds,Bournemouth,30.77,28.5,40.73,1-1,"• **Team Strength (Elo)**: Matchup is evenly balanced on historical Elo (differential of 29 points).
• **Squad Market Value**: Bournemouth has a squad value advantage of €185.0M.
• **Transfer Activity**: Leeds boosted by signing Joe Rodon; Bournemouth boosted by signing Evanilson.
• **Home Advantage**: Leeds benefits from playing at home (statistically boosts goal-scoring rate by ~22%).

**Prediction Summary**: Bournemouth is predicted to win this fixture with **40.7%** confidence.",2026-09-13 12:36:55,0
21,2027-02-06,Man United,Chelsea,47.12,21.86,31.01,1-1,"• **Team Strength (Elo)**: Matchup is evenly balanced on historical Elo (differential of 16 points).
• **Squad Market Value**: Chelsea has a squad value advantage of €515.0M.
• **Transfer Activity**: Man United boosted by signing Leny Yoro; Chelsea boosted by signing Pedro Neto.
• **Home Advantage**: Man United benefits from playing at home (statistically boosts goal-scoring rate by ~22%).

**Prediction Summary**: Man United is predicted to win this fixture with **47.1%** confidence.",2026-09-13 12:36:55,0
21,2027-02-06,Nott'm Forest,Brentford,32.95,32.92,34.13,1-1,"• **Team Strength (Elo)**: Matchup is evenly balanced on historical Elo (differential of 20 points).
• **Transfer Activity**: Nott'm Forest boosted by signing Elliot Anderson; Brentford boosted by signing Igor Thiago.
• **Home Advantage**: Nott'm Forest benefits from playing at home (statistically boosts goal-scoring rate by ~22%).

**Prediction Summary**: This matchup is highly contested with a close outcome probability. A Draw (32.9%) is a very strong possibility.",2026-09-13 12:36:55,0
21,2027-02-06,Sunderland,Aston Villa,30.63,32.86,36.51,1-1,"• **Team Strength (Elo)**: Matchup is evenly balanced on historical Elo (differential of 20 points).
• **Squad Market Value**: Aston Villa has a squad value advantage of €170.0M.
• **Transfer Activity**: Sunderland boosted by signing Salis Abdul Samed; Aston Villa boosted by signing Amadou Onana.
• **Home Advantage**: Sunderland benefits from playing at home (statistically boosts goal-scoring rate by ~22%).

**Prediction Summary**: Aston Villa is predicted to win this fixture with **36.5%** confidence.",2026-09-13 12:36:55,0
21,2027-02-10,Aston Villa,Bournemouth,35.9,27.39,36.71,1-1,"• **Team Strength (Elo)**: Matchup is evenly balanced on historical Elo (differential of 31 points).
• **Transfer Activity**: Aston Villa boosted by signing Amadou Onana; Bournemouth boosted by signing Evanilson.
• **Home Advantage**: Aston Villa benefits from playing at home (statistically boosts goal-scoring rate by ~22%).

**Prediction Summary**: This matchup is highly contested with a close outcome probability. A Draw (27.4%) is a very strong possibility.",2026-09-13 12:36:55,0
21,2027-02-10,Coventry,Liverpool,12.04,21.07,66.89,0-1,"• **Team Strength (Elo)**: Liverpool is favored due to a higher Elo rating (differential of 154 points).
• **Squad Market Value**: Liverpool has a squad value advantage of €750.0M.
• **Transfer Activity**: Coventry boosted by signing Jack Rudoni; Liverpool boosted by signing Martin Zubimendi.
• **Home Advantage**: Coventry benefits from playing at home (statistically boosts goal-scoring rate by ~22%).

**Prediction Summary**: Liverpool is predicted to win this fixture with **66.9%** confidence.",2026-09-13 12:36:55,0
21,2027-02-10,Crystal Palace,Brentford,29.12,30.52,40.36,1-1,"• **Team Strength (Elo)**: Brentford is favored due to a higher Elo rating (differential of 67 points).
• **Transfer Activity**: Crystal Palace boosted by signing Eddie Nketiah; Brentford boosted by signing Igor Thiago.
• **Home Advantage**: Crystal Palace benefits from playing at home (statistically boosts goal-scoring rate by ~22%).

**Prediction Summary**: Brentford is predicted to win this fixture with **40.4%** confidence.",2026-09-13 12:36:55,0
21,2027-02-10,Everton,Leeds,37.15,34.64,28.21,1-1,"• **Team Strength (Elo)**: Matchup is evenly balanced on historical Elo (differential of 7 points).
• **Transfer Activity**: Everton boosted by signing Iliman Ndiaye; Leeds boosted by signing Joe Rodon.
• **Home Advantage**: Everton benefits from playing at home (statistically boosts goal-scoring rate by ~22%).

**Prediction Summary**: Everton is predicted to win this fixture with **37.1%** confidence.",2026-09-13 12:36:55,0
21,2027-02-10,Fulham,Nott'm Forest,31.95,31.82,36.22,1-1,"• **Team Strength (Elo)**: Matchup is evenly balanced on historical Elo (differential of 25 points).
• **Squad Market Value**: Nott'm Forest has a squad value advantage of €215.0M.
• **Transfer Activity**: Fulham boosted by signing Emile Smith Rowe; Nott'm Forest boosted by signing Elliot Anderson.
• **Home Advantage**: Fulham benefits from playing at home (statistically boosts goal-scoring rate by ~22%).

**Prediction Summary**: This matchup is highly contested with a close outcome probability. A Draw (31.8%) is a very strong possibility.",2026-09-13 12:36:55,0
21,2027-02-10,Hull,Sunderland,37.32,33.79,28.89,0-0,"• **Team Strength (Elo)**: Matchup is evenly balanced on historical Elo (differential of 27 points).
• **Squad Market Value**: Sunderland has a squad value advantage of €287.0M.
• **Transfer Activity**: Hull boosted by signing Charlie Hughes; Sunderland boosted by signing Salis Abdul Samed.
• **Home Advantage**: Hull benefits from playing at home (statistically boosts goal-scoring rate by ~22%).

**Prediction Summary**: Hull is predicted to win this fixture with **37.3%** confidence.",2026-09-13 12:36:55,0
21,2027-02-10,Ipswich,Arsenal,6.97,19.85,73.18,1-1,"• **Team Strength (Elo)**: Arsenal is favored due to a higher Elo rating (differential of 244 points).
• **Squad Market Value**: Arsenal has a squad value advantage of €1145.0M.
• **Transfer Activity**: Ipswich boosted by signing Omari Hutchinson; Arsenal boosted by signing Viktor Gyökeres.
• **Injuries & Availability**: Ipswich is healthier with 100% availability vs. 88% for the opponent.
• **Home Advantage**: Ipswich benefits from playing at home (statistically boosts goal-scoring rate by ~22%).

**Prediction Summary**: Arsenal is predicted to win this fixture with **73.2%** confidence.",2026-09-13 12:36:55,0
22,2027-02-10,Man United,Brighton,46.46,23.65,29.89,1-1,"• **Team Strength (Elo)**: Matchup is evenly balanced on historical Elo (differential of 15 points).
• **Squad Market Value**: Man United has a squad value advantage of €255.0M.
• **Transfer Activity**: Man United boosted by signing Leny Yoro; Brighton boosted by signing Georginio Rutter.
• **Home Advantage**: Man United benefits from playing at home (statistically boosts goal-scoring rate by ~22%).

**Prediction Summary**: Man United is predicted to win this fixture with **46.5%** confidence.",2026-09-13 12:36:55,0
22,2027-02-10,Newcastle,Chelsea,41.09,22.32,36.58,1-1,"• **Team Strength (Elo)**: Matchup is evenly balanced on historical Elo (differential of 1 points).
• **Squad Market Value**: Chelsea has a squad value advantage of €860.0M.
• **Transfer Activity**: Newcastle boosted by signing Lewis Hall; Chelsea boosted by signing Pedro Neto.
• **Home Advantage**: Newcastle benefits from playing at home (statistically boosts goal-scoring rate by ~22%).

**Prediction Summary**: This matchup is highly contested with a close outcome probability. A Draw (22.3%) is a very strong possibility.",2026-09-13 12:36:55,0
22,2027-02-10,Tottenham,Man City,18.47,20.28,61.25,1-1,"• **Team Strength (Elo)**: Man City is favored due to a higher Elo rating (differential of 109 points).
• **Squad Market Value**: Man City has a squad value advantage of €535.0M.
• **Transfer Activity**: Tottenham boosted by signing Dominic Solanke; Man City boosted by signing Tijjani Reijnders.
• **Injuries & Availability**: Tottenham is healthier with 100% availability vs. 82% for the opponent.
• **Home Advantage**: Tottenham benefits from playing at home (statistically boosts goal-scoring rate by ~22%).

**Prediction Summary**: Man City is predicted to win this fixture with **61.3%** confidence.",2026-09-13 12:36:55,0
22,2027-02-20,Bournemouth,Crystal Palace,55.96,24.6,19.45,1-1,"• **Team Strength (Elo)**: Bournemouth is favored due to a higher Elo rating (differential of 77 points).
• **Transfer Activity**: Bournemouth boosted by signing Evanilson; Crystal Palace boosted by signing Eddie Nketiah.
• **Home Advantage**: Bournemouth benefits from playing at home (statistically boosts goal-scoring rate by ~22%).

**Prediction Summary**: Bournemouth is predicted to win this fixture with **56.0%** confidence.",2026-09-13 12:36:55,0
22,2027-02-20,Arsenal,Fulham,65.7,23.01,11.28,1-1,"• **Team Strength (Elo)**: Arsenal is favored due to a higher Elo rating (differential of 152 points).
• **Squad Market Value**: Arsenal has a squad value advantage of €1130.0M.
• **Transfer Activity**: Arsenal boosted by signing Viktor Gyökeres; Fulham boosted by signing Emile Smith Rowe.
• **Injuries & Availability**: Fulham is healthier with 100% availability vs. 88% for the opponent.
• **Fatigue**: Arsenal is on short rest (midweek match congestion) while Fulham is fully rested.
• **Home Advantage**: Arsenal benefits from playing at home (statistically boosts goal-scoring rate by ~22%).

**Prediction Summary**: Arsenal is predicted to win this fixture with **65.7%** confidence.",2026-09-13 12:36:55,0
22,2027-02-20,Brentford,Coventry,63.0,25.37,11.63,1-0,"• **Team Strength (Elo)**: Brentford is favored due to a higher Elo rating (differential of 143 points).
• **Squad Market Value**: Brentford has a squad value advantage of €320.0M.
• **Transfer Activity**: Brentford boosted by signing Igor Thiago; Coventry boosted by signing Jack Rudoni.
• **Home Advantage**: Brentford benefits from playing at home (statistically boosts goal-scoring rate by ~22%).

**Prediction Summary**: Brentford is predicted to win this fixture with **63.0%** confidence.",2026-09-13 12:36:55,0
22,2027-02-20,Brighton,Tottenham,52.1,26.51,21.4,1-1,"• **Team Strength (Elo)**: Brighton is favored due to a higher Elo rating (differential of 50 points).
• **Squad Market Value**: Tottenham has a squad value advantage of €290.0M.
• **Transfer Activity**: Brighton boosted by signing Georginio Rutter; Tottenham boosted by signing Dominic Solanke.
• **Fatigue**: Tottenham is on short rest (midweek match congestion) while Brighton is fully rested.
• **Home Advantage**: Brighton benefits from playing at home (statistically boosts goal-scoring rate by ~22%).

**Prediction Summary**: Brighton is predicted to win this fixture with **52.1%** confidence.",2026-09-13 12:36:55,0
22,2027-02-20,Chelsea,Ipswich,67.97,20.1,11.93,1-1,"• **Team Strength (Elo)**: Chelsea is favored due to a higher Elo rating (differential of 144 points).
• **Squad Market Value**: Chelsea has a squad value advantage of €1130.0M.
• **Transfer Activity**: Chelsea boosted by signing Pedro Neto; Ipswich boosted by signing Omari Hutchinson.
• **Fatigue**: Chelsea is on short rest (midweek match congestion) while Ipswich is fully rested.
• **Home Advantage**: Chelsea benefits from playing at home (statistically boosts goal-scoring rate by ~22%).

**Prediction Summary**: Chelsea is predicted to win this fixture with **68.0%** confidence.",2026-09-13 12:36:55,0
22,2027-02-20,Leeds,Aston Villa,35.53,30.52,33.96,1-1,"• **Team Strength (Elo)**: Matchup is evenly balanced on historical Elo (differential of 5 points).
• **Squad Market Value**: Aston Villa has a squad value advantage of €155.0M.
• **Transfer Activity**: Leeds boosted by signing Joe Rodon; Aston Villa boosted by signing Amadou Onana.
• **Fatigue**: Aston Villa is on short rest (midweek match congestion) while Leeds is fully rested.
• **Home Advantage**: Leeds benefits from playing at home (statistically boosts goal-scoring rate by ~22%).

**Prediction Summary**: This matchup is highly contested with a close outcome probability. A Draw (30.5%) is a very strong possibility.",2026-09-13 12:36:55,0
22,2027-02-20,Liverpool,Hull,40.48,34.08,25.44,0-0,"• **Team Strength (Elo)**: Liverpool is favored due to a higher Elo rating (differential of 69 points).
• **Squad Market Value**: Liverpool has a squad value advantage of €902.0M.
• **Transfer Activity**: Liverpool boosted by signing Martin Zubimendi; Hull boosted by signing Charlie Hughes.
• **Fatigue**: Liverpool is on short rest (midweek match congestion) while Hull is fully rested.
• **Home Advantage**: Liverpool benefits from playing at home (statistically boosts goal-scoring rate by ~22%).

**Prediction Summary**: Liverpool is predicted to win this fixture with **40.5%** confidence.",2026-09-13 12:36:55,0
23,2027-02-20,Man City,Newcastle,51.3,22.8,25.9,1-1,"• **Team Strength (Elo)**: Man City is favored due to a higher Elo rating (differential of 52 points).
• **Squad Market Value**: Man City has a squad value advantage of €915.0M.
• **Transfer Activity**: Man City boosted by signing Tijjani Reijnders; Newcastle boosted by signing Lewis Hall.
• **Injuries & Availability**: Newcastle is healthier with 100% availability vs. 82% for the opponent.
• **Fatigue**: Man City is on short rest (midweek match congestion) while Newcastle is fully rested.
• **Home Advantage**: Man City benefits from playing at home (statistically boosts goal-scoring rate by ~22%).

**Prediction Summary**: Man City is predicted to win this fixture with **51.3%** confidence.",2026-09-13 12:36:55,0
23,2027-02-20,Nott'm Forest,Man United,34.91,26.98,38.11,1-1,"• **Team Strength (Elo)**: Matchup is evenly balanced on historical Elo (differential of 40 points).
• **Squad Market Value**: Man United has a squad value advantage of €385.0M.
• **Transfer Activity**: Nott'm Forest boosted by signing Elliot Anderson; Man United boosted by signing Leny Yoro.
• **Fatigue**: Man United is on short rest (midweek match congestion) while Nott'm Forest is fully rested.
• **Home Advantage**: Nott'm Forest benefits from playing at home (statistically boosts goal-scoring rate by ~22%).

**Prediction Summary**: This matchup is highly contested with a close outcome probability. A Draw (27.0%) is a very strong possibility.",2026-09-13 12:36:55,0
23,2027-02-20,Sunderland,Everton,35.52,28.76,35.72,0-0,"• **Team Strength (Elo)**: Matchup is evenly balanced on historical Elo (differential of 16 points).
• **Transfer Activity**: Sunderland boosted by signing Salis Abdul Samed; Everton boosted by signing Iliman Ndiaye.
• **Home Advantage**: Sunderland benefits from playing at home (statistically boosts goal-scoring rate by ~22%).

**Prediction Summary**: This matchup is highly contested with a close outcome probability. A Draw (28.8%) is a very strong possibility.",2026-09-13 12:36:55,0
23,2027-02-27,Aston Villa,Chelsea,33.39,25.99,40.62,1-1,"• **Team Strength (Elo)**: Matchup is evenly balanced on historical Elo (differential of 30 points).
• **Squad Market Value**: Chelsea has a squad value advantage of €880.0M.
• **Transfer Activity**: Aston Villa boosted by signing Amadou Onana; Chelsea boosted by signing Pedro Neto.
• **Fatigue**: Both teams are facing congested schedules (midweek matches).
• **Home Advantage**: Aston Villa benefits from playing at home (statistically boosts goal-scoring rate by ~22%).

**Prediction Summary**: Chelsea is predicted to win this fixture with **40.6%** confidence.",2026-09-13 12:36:55,0
23,2027-02-27,Coventry,Bournemouth,11.85,23.56,64.59,0-1,"• **Team Strength (Elo)**: Bournemouth is favored due to a higher Elo rating (differential of 164 points).
• **Squad Market Value**: Bournemouth has a squad value advantage of €335.0M.
• **Transfer Activity**: Coventry boosted by signing Jack Rudoni; Bournemouth boosted by signing Evanilson.
• **Home Advantage**: Coventry benefits from playing at home (statistically boosts goal-scoring rate by ~22%).

**Prediction Summary**: Bournemouth is predicted to win this fixture with **64.6%** confidence.",2026-09-13 12:36:55,0
23,2027-02-27,Crystal Palace,Sunderland,33.76,35.63,30.61,0-0,"• **Team Strength (Elo)**: Matchup is evenly balanced on historical Elo (differential of 30 points).
• **Squad Market Value**: Crystal Palace has a squad value advantage of €115.0M.
• **Transfer Activity**: Crystal Palace boosted by signing Eddie Nketiah; Sunderland boosted by signing Salis Abdul Samed.
• **Home Advantage**: Crystal Palace benefits from playing at home (statistically boosts goal-scoring rate by ~22%).

**Prediction Summary**: This matchup is highly contested with a close outcome probability. A Draw (35.6%) is a very strong possibility.",2026-09-13 12:36:55,0
23,2027-02-27,Everton,Nott'm Forest,33.67,34.67,31.67,1-1,"• **Team Strength (Elo)**: Matchup is evenly balanced on historical Elo (differential of 7 points).
• **Squad Market Value**: Nott'm Forest has a squad value advantage of €105.0M.
• **Transfer Activity**: Everton boosted by signing Iliman Ndiaye; Nott'm Forest boosted by signing Elliot Anderson.
• **Home Advantage**: Everton benefits from playing at home (statistically boosts goal-scoring rate by ~22%).

**Prediction Summary**: This matchup is highly contested with a close outcome probability. A Draw (34.7%) is a very strong possibility.",2026-09-13 12:36:55,0
23,2027-02-27,Fulham,Leeds,34.62,32.26,33.12,1-1,"• **Team Strength (Elo)**: Matchup is evenly balanced on historical Elo (differential of 27 points).
• **Transfer Activity**: Fulham boosted by signing Emile Smith Rowe; Leeds boosted by signing Joe Rodon.
• **Home Advantage**: Fulham benefits from playing at home (statistically boosts goal-scoring rate by ~22%).

**Prediction Summary**: This matchup is highly contested with a close outcome probability. A Draw (32.3%) is a very strong possibility.",2026-09-13 12:36:55,0
23,2027-02-27,Hull,Man City,22.96,26.8,50.24,0-1,"• **Team Strength (Elo)**: Man City is favored due to a higher Elo rating (differential of 124 points).
• **Squad Market Value**: Man City has a squad value advantage of €1392.0M.
• **Transfer Activity**: Hull boosted by signing Charlie Hughes; Man City boosted by signing Tijjani Reijnders.
• **Injuries & Availability**: Hull is healthier with 100% availability vs. 82% for the opponent.
• **Fatigue**: Man City is on short rest (midweek match congestion) while Hull is fully rested.
• **Home Advantage**: Hull benefits from playing at home (statistically boosts goal-scoring rate by ~22%).

**Prediction Summary**: Man City is predicted to win this fixture with **50.2%** confidence.",2026-09-13 12:36:55,0
23,2027-02-27,Ipswich,Brighton,12.97,24.84,62.19,1-1,"• **Team Strength (Elo)**: Brighton is favored due to a higher Elo rating (differential of 153 points).
• **Squad Market Value**: Brighton has a squad value advantage of €360.0M.
• **Transfer Activity**: Ipswich boosted by signing Omari Hutchinson; Brighton boosted by signing Georginio Rutter.
• **Home Advantage**: Ipswich benefits from playing at home (statistically boosts goal-scoring rate by ~22%).

**Prediction Summary**: Brighton is predicted to win this fixture with **62.2%** confidence.",2026-09-13 12:36:55,0
24,2027-02-27,Man United,Arsenal,27.24,23.35,49.41,1-1,"• **Team Strength (Elo)**: Arsenal is favored due to a higher Elo rating (differential of 97 points).
• **Squad Market Value**: Arsenal has a squad value advantage of €530.0M.
• **Transfer Activity**: Man United boosted by signing Leny Yoro; Arsenal boosted by signing Viktor Gyökeres.
• **Injuries & Availability**: Man United is healthier with 100% availability vs. 88% for the opponent.
• **Fatigue**: Both teams are facing congested schedules (midweek matches).
• **Home Advantage**: Man United benefits from playing at home (statistically boosts goal-scoring rate by ~22%).

**Prediction Summary**: Arsenal is predicted to win this fixture with **49.4%** confidence.",2026-09-13 12:36:55,0
24,2027-02-27,Newcastle,Brentford,37.73,31.63,30.64,1-1,"• **Team Strength (Elo)**: Matchup is evenly balanced on historical Elo (differential of 0 points).
• **Transfer Activity**: Newcastle boosted by signing Lewis Hall; Brentford boosted by signing Igor Thiago.
• **Home Advantage**: Newcastle benefits from playing at home (statistically boosts goal-scoring rate by ~22%).

**Prediction Summary**: Newcastle is predicted to win this fixture with **37.7%** confidence.",2026-09-13 12:36:55,0
24,2027-02-27,Tottenham,Liverpool,28.95,24.24,46.81,1-1,"• **Team Strength (Elo)**: Liverpool is favored due to a higher Elo rating (differential of 68 points).
• **Transfer Activity**: Tottenham boosted by signing Dominic Solanke; Liverpool boosted by signing Martin Zubimendi.
• **Fatigue**: Both teams are facing congested schedules (midweek matches).
• **Home Advantage**: Tottenham benefits from playing at home (statistically boosts goal-scoring rate by ~22%).

**Prediction Summary**: Liverpool is predicted to win this fixture with **46.8%** confidence.",2026-09-13 12:36:55,0
24,2027-03-03,Bournemouth,Tottenham,53.45,25.03,21.52,1-1,"• **Team Strength (Elo)**: Bournemouth is favored due to a higher Elo rating (differential of 70 points).
• **Squad Market Value**: Tottenham has a squad value advantage of €370.0M.
• **Transfer Activity**: Bournemouth boosted by signing Evanilson; Tottenham boosted by signing Dominic Solanke.
• **Home Advantage**: Bournemouth benefits from playing at home (statistically boosts goal-scoring rate by ~22%).

**Prediction Summary**: Bournemouth is predicted to win this fixture with **53.5%** confidence.",2026-09-13 12:36:55,0
24,2027-03-03,Arsenal,Crystal Palace,75.3,16.54,8.16,3-0,"• **Team Strength (Elo)**: Arsenal is favored due to a higher Elo rating (differential of 183 points).
• **Squad Market Value**: Arsenal has a squad value advantage of €950.0M.
• **Transfer Activity**: Arsenal boosted by signing Viktor Gyökeres; Crystal Palace boosted by signing Eddie Nketiah.
• **Injuries & Availability**: Crystal Palace is healthier with 100% availability vs. 88% for the opponent.
• **Home Advantage**: Arsenal benefits from playing at home (statistically boosts goal-scoring rate by ~22%).

**Prediction Summary**: Arsenal is predicted to win this fixture with **75.3%** confidence.",2026-09-13 12:36:55,0
24,2027-03-03,Brentford,Ipswich,67.97,21.52,10.51,1-1,"• **Team Strength (Elo)**: Brentford is favored due to a higher Elo rating (differential of 152 points).
• **Squad Market Value**: Brentford has a squad value advantage of €265.0M.
• **Transfer Activity**: Brentford boosted by signing Igor Thiago; Ipswich boosted by signing Omari Hutchinson.
• **Home Advantage**: Brentford benefits from playing at home (statistically boosts goal-scoring rate by ~22%).

**Prediction Summary**: Brentford is predicted to win this fixture with **68.0%** confidence.",2026-09-13 12:36:55,0
24,2027-03-03,Brighton,Fulham,48.44,31.73,19.82,1-1,"• **Team Strength (Elo)**: Brighton is favored due to a higher Elo rating (differential of 53 points).
• **Squad Market Value**: Brighton has a squad value advantage of €345.0M.
• **Transfer Activity**: Brighton boosted by signing Georginio Rutter; Fulham boosted by signing Emile Smith Rowe.
• **Home Advantage**: Brighton benefits from playing at home (statistically boosts goal-scoring rate by ~22%).

**Prediction Summary**: Brighton is predicted to win this fixture with **48.4%** confidence.",2026-09-13 12:36:55,0
24,2027-03-03,Chelsea,Coventry,63.95,26.91,9.14,0-0,"• **Team Strength (Elo)**: Chelsea is favored due to a higher Elo rating (differential of 157 points).
• **Squad Market Value**: Chelsea has a squad value advantage of €1185.0M.
• **Transfer Activity**: Chelsea boosted by signing Pedro Neto; Coventry boosted by signing Jack Rudoni.
• **Home Advantage**: Chelsea benefits from playing at home (statistically boosts goal-scoring rate by ~22%).

**Prediction Summary**: Chelsea is predicted to win this fixture with **63.9%** confidence.",2026-09-13 12:36:55,0
24,2027-03-03,Leeds,Hull,29.44,39.66,30.9,0-0,"• **Team Strength (Elo)**: Matchup is evenly balanced on historical Elo (differential of 35 points).
• **Squad Market Value**: Leeds has a squad value advantage of €302.0M.
• **Transfer Activity**: Leeds boosted by signing Joe Rodon; Hull boosted by signing Charlie Hughes.
• **Home Advantage**: Leeds benefits from playing at home (statistically boosts goal-scoring rate by ~22%).

**Prediction Summary**: This matchup is highly contested with a close outcome probability. A Draw (39.7%) is a very strong possibility.",2026-09-13 12:36:55,0
24,2027-03-03,Liverpool,Aston Villa,49.37,28.49,22.13,1-1,"• **Team Strength (Elo)**: Matchup is evenly balanced on historical Elo (differential of 34 points).
• **Squad Market Value**: Liverpool has a squad value advantage of €445.0M.
• **Transfer Activity**: Liverpool boosted by signing Martin Zubimendi; Aston Villa boosted by signing Amadou Onana.
• **Home Advantage**: Liverpool benefits from playing at home (statistically boosts goal-scoring rate by ~22%).

**Prediction Summary**: Liverpool is predicted to win this fixture with **49.4%** confidence.",2026-09-13 12:36:55,0
25,2027-03-03,Man City,Everton,60.2,26.39,13.4,1-1,"• **Team Strength (Elo)**: Man City is favored due to a higher Elo rating (differential of 90 points).
• **Squad Market Value**: Man City has a squad value advantage of €1060.0M.
• **Transfer Activity**: Man City boosted by signing Tijjani Reijnders; Everton boosted by signing Iliman Ndiaye.
• **Home Advantage**: Man City benefits from playing at home (statistically boosts goal-scoring rate by ~22%).

**Prediction Summary**: Man City is predicted to win this fixture with **60.2%** confidence.",2026-09-13 12:36:55,0
25,2027-03-03,Nott'm Forest,Newcastle,35.67,27.28,37.05,1-1,"• **Team Strength (Elo)**: Matchup is evenly balanced on historical Elo (differential of 28 points).
• **Transfer Activity**: Nott'm Forest boosted by signing Elliot Anderson; Newcastle boosted by signing Lewis Hall.
• **Home Advantage**: Nott'm Forest benefits from playing at home (statistically boosts goal-scoring rate by ~22%).

**Prediction Summary**: This matchup is highly contested with a close outcome probability. A Draw (27.3%) is a very strong possibility.",2026-09-13 12:36:55,0
25,2027-03-03,Sunderland,Man United,29.91,25.07,45.02,1-1,"• **Team Strength (Elo)**: Man United is favored due to a higher Elo rating (differential of 61 points).
• **Squad Market Value**: Man United has a squad value advantage of €535.0M.
• **Transfer Activity**: Sunderland boosted by signing Salis Abdul Samed; Man United boosted by signing Leny Yoro.
• **Home Advantage**: Sunderland benefits from playing at home (statistically boosts goal-scoring rate by ~22%).

**Prediction Summary**: Man United is predicted to win this fixture with **45.0%** confidence.",2026-09-13 12:36:55,0
25,2027-03-13,Bournemouth,Newcastle,43.97,23.98,32.05,1-1,"• **Team Strength (Elo)**: Matchup is evenly balanced on historical Elo (differential of 6 points).
• **Transfer Activity**: Bournemouth boosted by signing Evanilson; Newcastle boosted by signing Lewis Hall.
• **Home Advantage**: Bournemouth benefits from playing at home (statistically boosts goal-scoring rate by ~22%).

**Prediction Summary**: Bournemouth is predicted to win this fixture with **44.0%** confidence.",2026-09-13 12:36:55,0
25,2027-03-13,Aston Villa,Hull,36.32,35.27,28.41,0-0,"• **Team Strength (Elo)**: Matchup is evenly balanced on historical Elo (differential of 32 points).
• **Squad Market Value**: Aston Villa has a squad value advantage of €457.0M.
• **Transfer Activity**: Aston Villa boosted by signing Amadou Onana; Hull boosted by signing Charlie Hughes.
• **Fatigue**: Aston Villa is on short rest (midweek match congestion) while Hull is fully rested.
• **Home Advantage**: Aston Villa benefits from playing at home (statistically boosts goal-scoring rate by ~22%).

**Prediction Summary**: Aston Villa is predicted to win this fixture with **36.3%** confidence.",2026-09-13 12:36:55,0
25,2027-03-13,Chelsea,Arsenal,22.42,18.87,58.71,1-1,"• **Team Strength (Elo)**: Arsenal is favored due to a higher Elo rating (differential of 117 points).
• **Transfer Activity**: Chelsea boosted by signing Pedro Neto; Arsenal boosted by signing Viktor Gyökeres.
• **Fatigue**: Both teams are facing congested schedules (midweek matches).
• **Home Advantage**: Chelsea benefits from playing at home (statistically boosts goal-scoring rate by ~22%).

**Prediction Summary**: Arsenal is predicted to win this fixture with **58.7%** confidence.",2026-09-13 12:36:55,0
25,2027-03-13,Coventry,Man City,7.42,14.19,78.39,0-1,"• **Team Strength (Elo)**: Man City is favored due to a higher Elo rating (differential of 224 points).
• **Squad Market Value**: Man City has a squad value advantage of €1240.0M.
• **Transfer Activity**: Coventry boosted by signing Jack Rudoni; Man City boosted by signing Tijjani Reijnders.
• **Fatigue**: Man City is on short rest (midweek match congestion) while Coventry is fully rested.
• **Home Advantage**: Coventry benefits from playing at home (statistically boosts goal-scoring rate by ~22%).

**Prediction Summary**: Man City is predicted to win this fixture with **78.4%** confidence.",2026-09-13 12:36:55,0
25,2027-03-13,Crystal Palace,Fulham,35.98,29.03,34.99,1-1,"• **Team Strength (Elo)**: Matchup is evenly balanced on historical Elo (differential of 28 points).
• **Squad Market Value**: Crystal Palace has a squad value advantage of €180.0M.
• **Transfer Activity**: Crystal Palace boosted by signing Eddie Nketiah; Fulham boosted by signing Emile Smith Rowe.
• **Home Advantage**: Crystal Palace benefits from playing at home (statistically boosts goal-scoring rate by ~22%).

**Prediction Summary**: This matchup is highly contested with a close outcome probability. A Draw (29.0%) is a very strong possibility.",2026-09-13 12:36:55,0
25,2027-03-13,Leeds,Brighton,31.03,26.52,42.45,1-1,"• **Team Strength (Elo)**: Matchup is evenly balanced on historical Elo (differential of 40 points).
• **Squad Market Value**: Brighton has a squad value advantage of €265.0M.
• **Transfer Activity**: Leeds boosted by signing Joe Rodon; Brighton boosted by signing Georginio Rutter.
• **Home Advantage**: Leeds benefits from playing at home (statistically boosts goal-scoring rate by ~22%).

**Prediction Summary**: Brighton is predicted to win this fixture with **42.4%** confidence.",2026-09-13 12:36:55,0
25,2027-03-13,Liverpool,Ipswich,77.94,10.94,11.12,4-0,"• **Team Strength (Elo)**: Liverpool is favored due to a higher Elo rating (differential of 166 points).
• **Squad Market Value**: Liverpool has a squad value advantage of €695.0M.
• **Transfer Activity**: Liverpool boosted by signing Martin Zubimendi; Ipswich boosted by signing Omari Hutchinson.
• **Fatigue**: Liverpool is on short rest (midweek match congestion) while Ipswich is fully rested.
• **Home Advantage**: Liverpool benefits from playing at home (statistically boosts goal-scoring rate by ~22%).

**Prediction Summary**: Liverpool is predicted to win this fixture with **77.9%** confidence.",2026-09-13 12:36:55,0
26,2027-03-13,Man United,Everton,48.08,29.33,22.59,1-1,"• **Team Strength (Elo)**: Matchup is evenly balanced on historical Elo (differential of 45 points).
• **Squad Market Value**: Man United has a squad value advantage of €490.0M.
• **Transfer Activity**: Man United boosted by signing Leny Yoro; Everton boosted by signing Iliman Ndiaye.
• **Fatigue**: Man United is on short rest (midweek match congestion) while Everton is fully rested.
• **Home Advantage**: Man United benefits from playing at home (statistically boosts goal-scoring rate by ~22%).

**Prediction Summary**: Man United is predicted to win this fixture with **48.1%** confidence.",2026-09-13 12:36:55,0
26,2027-03-13,Sunderland,Brentford,30.3,25.92,43.78,1-1,"• **Team Strength (Elo)**: Brentford is favored due to a higher Elo rating (differential of 55 points).
• **Squad Market Value**: Brentford has a squad value advantage of €185.0M.
• **Transfer Activity**: Sunderland boosted by signing Salis Abdul Samed; Brentford boosted by signing Igor Thiago.
• **Home Advantage**: Sunderland benefits from playing at home (statistically boosts goal-scoring rate by ~22%).

**Prediction Summary**: Brentford is predicted to win this fixture with **43.8%** confidence.",2026-09-13 12:36:55,0
26,2027-03-13,Tottenham,Nott'm Forest,31.49,31.89,36.62,1-1,"• **Team Strength (Elo)**: Matchup is evenly balanced on historical Elo (differential of 38 points).
• **Squad Market Value**: Tottenham has a squad value advantage of €420.0M.
• **Transfer Activity**: Tottenham boosted by signing Dominic Solanke; Nott'm Forest boosted by signing Elliot Anderson.
• **Fatigue**: Tottenham is on short rest (midweek match congestion) while Nott'm Forest is fully rested.
• **Home Advantage**: Tottenham benefits from playing at home (statistically boosts goal-scoring rate by ~22%).

**Prediction Summary**: Nott'm Forest is predicted to win this fixture with **36.6%** confidence.",2026-09-13 12:36:55,0
26,2027-03-20,Arsenal,Sunderland,65.89,23.83,10.28,1-1,"• **Team Strength (Elo)**: Arsenal is favored due to a higher Elo rating (differential of 167 points).
• **Squad Market Value**: Arsenal has a squad value advantage of €1065.0M.
• **Transfer Activity**: Arsenal boosted by signing Viktor Gyökeres; Sunderland boosted by signing Salis Abdul Samed.
• **Fatigue**: Arsenal is on short rest (midweek match congestion) while Sunderland is fully rested.
• **Home Advantage**: Arsenal benefits from playing at home (statistically boosts goal-scoring rate by ~22%).

**Prediction Summary**: Arsenal is predicted to win this fixture with **65.9%** confidence.",2026-09-13 12:36:55,0
26,2027-03-20,Brentford,Bournemouth,39.26,26.22,34.53,1-1,"• **Team Strength (Elo)**: Matchup is evenly balanced on historical Elo (differential of 11 points).
• **Transfer Activity**: Brentford boosted by signing Igor Thiago; Bournemouth boosted by signing Evanilson.
• **Home Advantage**: Brentford benefits from playing at home (statistically boosts goal-scoring rate by ~22%).

**Prediction Summary**: This matchup is highly contested with a close outcome probability. A Draw (26.2%) is a very strong possibility.",2026-09-13 12:36:55,0
26,2027-03-20,Brighton,Coventry,59.25,30.43,10.32,0-0,"• **Team Strength (Elo)**: Brighton is favored due to a higher Elo rating (differential of 165 points).
• **Squad Market Value**: Brighton has a squad value advantage of €415.0M.
• **Transfer Activity**: Brighton boosted by signing Georginio Rutter; Coventry boosted by signing Jack Rudoni.
• **Home Advantage**: Brighton benefits from playing at home (statistically boosts goal-scoring rate by ~22%).

**Prediction Summary**: Brighton is predicted to win this fixture with **59.2%** confidence.",2026-09-13 12:36:55,0
26,2027-03-20,Everton,Tottenham,42.36,30.92,26.72,1-1,"• **Team Strength (Elo)**: Matchup is evenly balanced on historical Elo (differential of 27 points).
• **Squad Market Value**: Tottenham has a squad value advantage of €525.0M.
• **Transfer Activity**: Everton boosted by signing Iliman Ndiaye; Tottenham boosted by signing Dominic Solanke.
• **Fatigue**: Tottenham is on short rest (midweek match congestion) while Everton is fully rested.
• **Home Advantage**: Everton benefits from playing at home (statistically boosts goal-scoring rate by ~22%).

**Prediction Summary**: Everton is predicted to win this fixture with **42.4%** confidence.",2026-09-13 12:36:55,0
26,2027-03-20,Fulham,Liverpool,27.23,24.09,48.68,1-1,"• **Team Strength (Elo)**: Liverpool is favored due to a higher Elo rating (differential of 70 points).
• **Squad Market Value**: Liverpool has a squad value advantage of €680.0M.
• **Transfer Activity**: Fulham boosted by signing Emile Smith Rowe; Liverpool boosted by signing Martin Zubimendi.
• **Fatigue**: Liverpool is on short rest (midweek match congestion) while Fulham is fully rested.
• **Home Advantage**: Fulham benefits from playing at home (statistically boosts goal-scoring rate by ~22%).

**Prediction Summary**: Liverpool is predicted to win this fixture with **48.7%** confidence.",2026-09-13 12:36:55,0
26,2027-03-20,Hull,Chelsea,32.52,27.62,39.86,0-1,"• **Team Strength (Elo)**: Chelsea is favored due to a higher Elo rating (differential of 62 points).
• **Squad Market Value**: Chelsea has a squad value advantage of €1337.0M.
• **Transfer Activity**: Hull boosted by signing Charlie Hughes; Chelsea boosted by signing Pedro Neto.
• **Fatigue**: Chelsea is on short rest (midweek match congestion) while Hull is fully rested.
• **Home Advantage**: Hull benefits from playing at home (statistically boosts goal-scoring rate by ~22%).

**Prediction Summary**: Chelsea is predicted to win this fixture with **39.9%** confidence.",2026-09-13 12:36:55,0
26,2027-03-20,Ipswich,Crystal Palace,26.77,26.65,46.57,1-1,"• **Team Strength (Elo)**: Crystal Palace is favored due to a higher Elo rating (differential of 86 points).
• **Squad Market Value**: Crystal Palace has a squad value advantage of €195.0M.
• **Transfer Activity**: Ipswich boosted by signing Omari Hutchinson; Crystal Palace boosted by signing Eddie Nketiah.
• **Home Advantage**: Ipswich benefits from playing at home (statistically boosts goal-scoring rate by ~22%).

**Prediction Summary**: Crystal Palace is predicted to win this fixture with **46.6%** confidence.",2026-09-13 12:36:55,0
27,2027-03-20,Man City,Man United,56.78,21.64,21.57,1-1,"• **Team Strength (Elo)**: Man City is favored due to a higher Elo rating (differential of 53 points).
• **Squad Market Value**: Man City has a squad value advantage of €570.0M.
• **Transfer Activity**: Man City boosted by signing Tijjani Reijnders; Man United boosted by signing Leny Yoro.
• **Fatigue**: Both teams are facing congested schedules (midweek matches).
• **Home Advantage**: Man City benefits from playing at home (statistically boosts goal-scoring rate by ~22%).

**Prediction Summary**: Man City is predicted to win this fixture with **56.8%** confidence.",2026-09-13 12:36:55,0
27,2027-03-20,Newcastle,Leeds,44.73,32.01,23.25,1-1,"• **Team Strength (Elo)**: Matchup is evenly balanced on historical Elo (differential of 35 points).
• **Squad Market Value**: Newcastle has a squad value advantage of €175.0M.
• **Transfer Activity**: Newcastle boosted by signing Lewis Hall; Leeds boosted by signing Joe Rodon.
• **Home Advantage**: Newcastle benefits from playing at home (statistically boosts goal-scoring rate by ~22%).

**Prediction Summary**: Newcastle is predicted to win this fixture with **44.7%** confidence.",2026-09-13 12:36:55,0
27,2027-03-20,Nott'm Forest,Aston Villa,36.56,34.46,28.97,1-1,"• **Team Strength (Elo)**: Matchup is evenly balanced on historical Elo (differential of 1 points).
• **Transfer Activity**: Nott'm Forest boosted by signing Elliot Anderson; Aston Villa boosted by signing Amadou Onana.
• **Fatigue**: Aston Villa is on short rest (midweek match congestion) while Nott'm Forest is fully rested.
• **Home Advantage**: Nott'm Forest benefits from playing at home (statistically boosts goal-scoring rate by ~22%).

**Prediction Summary**: Nott'm Forest is predicted to win this fixture with **36.6%** confidence.",2026-09-13 12:36:55,0
27,2027-04-10,Bournemouth,Man City,26.66,18.96,54.38,1-1,"• **Team Strength (Elo)**: Man City is favored due to a higher Elo rating (differential of 67 points).
• **Squad Market Value**: Man City has a squad value advantage of €905.0M.
• **Transfer Activity**: Bournemouth boosted by signing Evanilson; Man City boosted by signing Tijjani Reijnders.
• **Home Advantage**: Bournemouth benefits from playing at home (statistically boosts goal-scoring rate by ~22%).

**Prediction Summary**: Man City is predicted to win this fixture with **54.4%** confidence.",2026-09-13 12:36:55,0
27,2027-04-10,Aston Villa,Brighton,33.14,25.3,41.56,1-1,"• **Team Strength (Elo)**: Matchup is evenly balanced on historical Elo (differential of 40 points).
• **Squad Market Value**: Brighton has a squad value advantage of €110.0M.
• **Transfer Activity**: Aston Villa boosted by signing Amadou Onana; Brighton boosted by signing Georginio Rutter.
• **Home Advantage**: Aston Villa benefits from playing at home (statistically boosts goal-scoring rate by ~22%).

**Prediction Summary**: Brighton is predicted to win this fixture with **41.6%** confidence.",2026-09-13 12:36:55,0
27,2027-04-10,Chelsea,Fulham,50.74,23.47,25.79,1-1,"• **Team Strength (Elo)**: Chelsea is favored due to a higher Elo rating (differential of 51 points).
• **Squad Market Value**: Chelsea has a squad value advantage of €1115.0M.
• **Transfer Activity**: Chelsea boosted by signing Pedro Neto; Fulham boosted by signing Emile Smith Rowe.
• **Home Advantage**: Chelsea benefits from playing at home (statistically boosts goal-scoring rate by ~22%).

**Prediction Summary**: Chelsea is predicted to win this fixture with **50.7%** confidence.",2026-09-13 12:36:55,0
27,2027-04-10,Coventry,Arsenal,10.0,10.63,79.37,0-2,"• **Team Strength (Elo)**: Arsenal is favored due to a higher Elo rating (differential of 284 points).
• **Squad Market Value**: Arsenal has a squad value advantage of €1200.0M.
• **Transfer Activity**: Coventry boosted by signing Jack Rudoni; Arsenal boosted by signing Viktor Gyökeres.
• **Home Advantage**: Coventry benefits from playing at home (statistically boosts goal-scoring rate by ~22%).

**Prediction Summary**: Arsenal is predicted to win this fixture with **79.4%** confidence.",2026-09-13 12:36:55,0
27,2027-04-10,Crystal Palace,Everton,33.67,28.1,38.23,1-1,"• **Team Strength (Elo)**: Matchup is evenly balanced on historical Elo (differential of 44 points).
• **Transfer Activity**: Crystal Palace boosted by signing Eddie Nketiah; Everton boosted by signing Iliman Ndiaye.
• **Home Advantage**: Crystal Palace benefits from playing at home (statistically boosts goal-scoring rate by ~22%).

**Prediction Summary**: This matchup is highly contested with a close outcome probability. A Draw (28.1%) is a very strong possibility.",2026-09-13 12:36:55,0
27,2027-04-10,Leeds,Nott'm Forest,33.38,28.2,38.42,1-1,"• **Team Strength (Elo)**: Matchup is evenly balanced on historical Elo (differential of 15 points).
• **Squad Market Value**: Nott'm Forest has a squad value advantage of €135.0M.
• **Transfer Activity**: Leeds boosted by signing Joe Rodon; Nott'm Forest boosted by signing Elliot Anderson.
• **Home Advantage**: Leeds benefits from playing at home (statistically boosts goal-scoring rate by ~22%).

**Prediction Summary**: Nott'm Forest is predicted to win this fixture with **38.4%** confidence.",2026-09-13 12:36:55,0
27,2027-04-10,Liverpool,Newcastle,50.12,20.74,29.14,1-1,"• **Team Strength (Elo)**: Matchup is evenly balanced on historical Elo (differential of 13 points).
• **Squad Market Value**: Liverpool has a squad value advantage of €425.0M.
• **Transfer Activity**: Liverpool boosted by signing Martin Zubimendi; Newcastle boosted by signing Lewis Hall.
• **Home Advantage**: Liverpool benefits from playing at home (statistically boosts goal-scoring rate by ~22%).

**Prediction Summary**: Liverpool is predicted to win this fixture with **50.1%** confidence.",2026-09-13 12:36:55,0
28,2027-04-10,Man United,Hull,50.61,23.8,25.59,1-0,"• **Team Strength (Elo)**: Man United is favored due to a higher Elo rating (differential of 71 points).
• **Squad Market Value**: Man United has a squad value advantage of €822.0M.
• **Transfer Activity**: Man United boosted by signing Leny Yoro; Hull boosted by signing Charlie Hughes.
• **Home Advantage**: Man United benefits from playing at home (statistically boosts goal-scoring rate by ~22%).

**Prediction Summary**: Man United is predicted to win this fixture with **50.6%** confidence.",2026-09-13 12:36:55,0
28,2027-04-10,Sunderland,Ipswich,56.07,23.61,20.32,1-0,"• **Team Strength (Elo)**: Sunderland is favored due to a higher Elo rating (differential of 105 points).
• **Transfer Activity**: Sunderland boosted by signing Salis Abdul Samed; Ipswich boosted by signing Omari Hutchinson.
• **Home Advantage**: Sunderland benefits from playing at home (statistically boosts goal-scoring rate by ~22%).

**Prediction Summary**: Sunderland is predicted to win this fixture with **56.1%** confidence.",2026-09-13 12:36:55,0
28,2027-04-10,Tottenham,Brentford,30.3,23.85,45.86,1-1,"• **Team Strength (Elo)**: Brentford is favored due to a higher Elo rating (differential of 69 points).
• **Squad Market Value**: Tottenham has a squad value advantage of €385.0M.
• **Transfer Activity**: Tottenham boosted by signing Dominic Solanke; Brentford boosted by signing Igor Thiago.
• **Home Advantage**: Tottenham benefits from playing at home (statistically boosts goal-scoring rate by ~22%).

**Prediction Summary**: Brentford is predicted to win this fixture with **45.9%** confidence.",2026-09-13 12:36:55,0
28,2027-04-17,Arsenal,Aston Villa,65.41,23.63,10.96,1-1,"• **Team Strength (Elo)**: Arsenal is favored due to a higher Elo rating (differential of 153 points).
• **Squad Market Value**: Arsenal has a squad value advantage of €895.0M.
• **Transfer Activity**: Arsenal boosted by signing Viktor Gyökeres; Aston Villa boosted by signing Amadou Onana.
• **Fatigue**: Both teams are facing congested schedules (midweek matches).
• **Home Advantage**: Arsenal benefits from playing at home (statistically boosts goal-scoring rate by ~22%).

**Prediction Summary**: Arsenal is predicted to win this fixture with **65.4%** confidence.",2026-09-13 12:36:55,0
28,2027-04-17,Brentford,Leeds,45.6,32.08,22.33,1-1,"• **Team Strength (Elo)**: Matchup is evenly balanced on historical Elo (differential of 40 points).
• **Squad Market Value**: Brentford has a squad value advantage of €170.0M.
• **Transfer Activity**: Brentford boosted by signing Igor Thiago; Leeds boosted by signing Joe Rodon.
• **Home Advantage**: Brentford benefits from playing at home (statistically boosts goal-scoring rate by ~22%).

**Prediction Summary**: Brentford is predicted to win this fixture with **45.6%** confidence.",2026-09-13 12:36:55,0
28,2027-04-17,Brighton,Chelsea,43.51,23.35,33.14,1-1,"• **Team Strength (Elo)**: Matchup is evenly balanced on historical Elo (differential of 7 points).
• **Squad Market Value**: Chelsea has a squad value advantage of €770.0M.
• **Transfer Activity**: Brighton boosted by signing Georginio Rutter; Chelsea boosted by signing Pedro Neto.
• **Fatigue**: Chelsea is on short rest (midweek match congestion) while Brighton is fully rested.
• **Home Advantage**: Brighton benefits from playing at home (statistically boosts goal-scoring rate by ~22%).

**Prediction Summary**: Brighton is predicted to win this fixture with **43.5%** confidence.",2026-09-13 12:36:55,0
28,2027-04-17,Everton,Bournemouth,31.47,28.22,40.31,1-1,"• **Team Strength (Elo)**: Matchup is evenly balanced on historical Elo (differential of 44 points).
• **Squad Market Value**: Bournemouth has a squad value advantage of €155.0M.
• **Transfer Activity**: Everton boosted by signing Iliman Ndiaye; Bournemouth boosted by signing Evanilson.
• **Home Advantage**: Everton benefits from playing at home (statistically boosts goal-scoring rate by ~22%).

**Prediction Summary**: Bournemouth is predicted to win this fixture with **40.3%** confidence.",2026-09-13 12:36:55,0
28,2027-04-17,Fulham,Sunderland,35.33,33.44,31.23,0-0,"• **Team Strength (Elo)**: Matchup is evenly balanced on historical Elo (differential of 5 points).
• **Transfer Activity**: Fulham boosted by signing Emile Smith Rowe; Sunderland boosted by signing Salis Abdul Samed.
• **Home Advantage**: Fulham benefits from playing at home (statistically boosts goal-scoring rate by ~22%).

**Prediction Summary**: This matchup is highly contested with a close outcome probability. A Draw (33.4%) is a very strong possibility.",2026-09-13 12:36:55,0
28,2027-04-17,Hull,Coventry,43.72,34.24,22.05,0-0,"• **Team Strength (Elo)**: Hull is favored due to a higher Elo rating (differential of 98 points).
• **Squad Market Value**: Coventry has a squad value advantage of €152.0M.
• **Transfer Activity**: Hull boosted by signing Charlie Hughes; Coventry boosted by signing Jack Rudoni.
• **Home Advantage**: Hull benefits from playing at home (statistically boosts goal-scoring rate by ~22%).

**Prediction Summary**: Hull is predicted to win this fixture with **43.7%** confidence.",2026-09-13 12:36:55,0
28,2027-04-17,Ipswich,Man United,11.64,29.51,58.85,1-1,"• **Team Strength (Elo)**: Man United is favored due to a higher Elo rating (differential of 180 points).
• **Squad Market Value**: Man United has a squad value advantage of €615.0M.
• **Transfer Activity**: Ipswich boosted by signing Omari Hutchinson; Man United boosted by signing Leny Yoro.
• **Fatigue**: Man United is on short rest (midweek match congestion) while Ipswich is fully rested.
• **Home Advantage**: Ipswich benefits from playing at home (statistically boosts goal-scoring rate by ~22%).

**Prediction Summary**: Man United is predicted to win this fixture with **58.9%** confidence.",2026-09-13 12:36:55,0
29,2027-04-17,Man City,Crystal Palace,69.65,20.54,9.81,1-1,"• **Team Strength (Elo)**: Man City is favored due to a higher Elo rating (differential of 150 points).
• **Squad Market Value**: Man City has a squad value advantage of €990.0M.
• **Transfer Activity**: Man City boosted by signing Tijjani Reijnders; Crystal Palace boosted by signing Eddie Nketiah.
• **Fatigue**: Man City is on short rest (midweek match congestion) while Crystal Palace is fully rested.
• **Home Advantage**: Man City benefits from playing at home (statistically boosts goal-scoring rate by ~22%).

**Prediction Summary**: Man City is predicted to win this fixture with **69.7%** confidence.",2026-09-13 12:36:55,0
29,2027-04-17,Newcastle,Tottenham,52.33,25.91,21.77,1-1,"• **Team Strength (Elo)**: Newcastle is favored due to a higher Elo rating (differential of 66 points).
• **Squad Market Value**: Tottenham has a squad value advantage of €380.0M.
• **Transfer Activity**: Newcastle boosted by signing Lewis Hall; Tottenham boosted by signing Dominic Solanke.
• **Fatigue**: Tottenham is on short rest (midweek match congestion) while Newcastle is fully rested.
• **Home Advantage**: Newcastle benefits from playing at home (statistically boosts goal-scoring rate by ~22%).

**Prediction Summary**: Newcastle is predicted to win this fixture with **52.3%** confidence.",2026-09-13 12:36:55,0
29,2027-04-17,Nott'm Forest,Liverpool,30.93,26.62,42.46,1-1,"• **Team Strength (Elo)**: Matchup is evenly balanced on historical Elo (differential of 46 points).
• **Squad Market Value**: Liverpool has a squad value advantage of €465.0M.
• **Transfer Activity**: Nott'm Forest boosted by signing Elliot Anderson; Liverpool boosted by signing Martin Zubimendi.
• **Fatigue**: Liverpool is on short rest (midweek match congestion) while Nott'm Forest is fully rested.
• **Home Advantage**: Nott'm Forest benefits from playing at home (statistically boosts goal-scoring rate by ~22%).

**Prediction Summary**: Liverpool is predicted to win this fixture with **42.5%** confidence.",2026-09-13 12:36:55,0
29,2027-04-24,Bournemouth,Arsenal,23.12,19.42,57.46,1-1,"• **Team Strength (Elo)**: Arsenal is favored due to a higher Elo rating (differential of 124 points).
• **Squad Market Value**: Arsenal has a squad value advantage of €865.0M.
• **Transfer Activity**: Bournemouth boosted by signing Evanilson; Arsenal boosted by signing Viktor Gyökeres.
• **Home Advantage**: Bournemouth benefits from playing at home (statistically boosts goal-scoring rate by ~22%).

**Prediction Summary**: Arsenal is predicted to win this fixture with **57.5%** confidence.",2026-09-13 12:36:55,0
29,2027-04-24,Aston Villa,Coventry,53.06,35.2,11.74,0-0,"• **Team Strength (Elo)**: Aston Villa is favored due to a higher Elo rating (differential of 128 points).
• **Squad Market Value**: Aston Villa has a squad value advantage of €305.0M.
• **Transfer Activity**: Aston Villa boosted by signing Amadou Onana; Coventry boosted by signing Jack Rudoni.
• **Home Advantage**: Aston Villa benefits from playing at home (statistically boosts goal-scoring rate by ~22%).

**Prediction Summary**: Aston Villa is predicted to win this fixture with **53.1%** confidence.",2026-09-13 12:36:55,0
29,2027-04-24,Brentford,Fulham,47.1,32.4,20.49,1-1,"• **Team Strength (Elo)**: Brentford is favored due to a higher Elo rating (differential of 57 points).
• **Squad Market Value**: Brentford has a squad value advantage of €250.0M.
• **Transfer Activity**: Brentford boosted by signing Igor Thiago; Fulham boosted by signing Emile Smith Rowe.
• **Home Advantage**: Brentford benefits from playing at home (statistically boosts goal-scoring rate by ~22%).

**Prediction Summary**: Brentford is predicted to win this fixture with **47.1%** confidence.",2026-09-13 12:36:55,0
29,2027-04-24,Chelsea,Man City,25.61,19.1,55.29,1-1,"• **Team Strength (Elo)**: Man City is favored due to a higher Elo rating (differential of 86 points).
• **Transfer Activity**: Chelsea boosted by signing Pedro Neto; Man City boosted by signing Tijjani Reijnders.
• **Home Advantage**: Chelsea benefits from playing at home (statistically boosts goal-scoring rate by ~22%).

**Prediction Summary**: Man City is predicted to win this fixture with **55.3%** confidence.",2026-09-13 12:36:55,0
29,2027-04-24,Everton,Brighton,30.04,27.29,42.66,1-1,"• **Team Strength (Elo)**: Brighton is favored due to a higher Elo rating (differential of 50 points).
• **Squad Market Value**: Brighton has a squad value advantage of €235.0M.
• **Transfer Activity**: Everton boosted by signing Iliman Ndiaye; Brighton boosted by signing Georginio Rutter.
• **Home Advantage**: Everton benefits from playing at home (statistically boosts goal-scoring rate by ~22%).

**Prediction Summary**: Brighton is predicted to win this fixture with **42.7%** confidence.",2026-09-13 12:36:55,0
29,2027-04-24,Leeds,Liverpool,27.38,22.86,49.75,1-1,"• **Team Strength (Elo)**: Liverpool is favored due to a higher Elo rating (differential of 67 points).
• **Squad Market Value**: Liverpool has a squad value advantage of €600.0M.
• **Transfer Activity**: Leeds boosted by signing Joe Rodon; Liverpool boosted by signing Martin Zubimendi.
• **Home Advantage**: Leeds benefits from playing at home (statistically boosts goal-scoring rate by ~22%).

**Prediction Summary**: Liverpool is predicted to win this fixture with **49.8%** confidence.",2026-09-13 12:36:55,0
29,2027-04-24,Man United,Crystal Palace,59.76,25.04,15.19,1-1,"• **Team Strength (Elo)**: Man United is favored due to a higher Elo rating (differential of 95 points).
• **Squad Market Value**: Man United has a squad value advantage of €420.0M.
• **Transfer Activity**: Man United boosted by signing Leny Yoro; Crystal Palace boosted by signing Eddie Nketiah.
• **Home Advantage**: Man United benefits from playing at home (statistically boosts goal-scoring rate by ~22%).

**Prediction Summary**: Man United is predicted to win this fixture with **59.8%** confidence.",2026-09-13 12:36:55,0
30,2027-04-24,Newcastle,Ipswich,66.81,22.4,10.79,1-1,"• **Team Strength (Elo)**: Newcastle is favored due to a higher Elo rating (differential of 168 points).
• **Squad Market Value**: Newcastle has a squad value advantage of €270.0M.
• **Transfer Activity**: Newcastle boosted by signing Lewis Hall; Ipswich boosted by signing Omari Hutchinson.
• **Home Advantage**: Newcastle benefits from playing at home (statistically boosts goal-scoring rate by ~22%).

**Prediction Summary**: Newcastle is predicted to win this fixture with **66.8%** confidence.",2026-09-13 12:36:55,0
30,2027-04-24,Nott'm Forest,Sunderland,39.7,35.35,24.95,0-0,"• **Team Strength (Elo)**: Matchup is evenly balanced on historical Elo (differential of 21 points).
• **Squad Market Value**: Nott'm Forest has a squad value advantage of €150.0M.
• **Transfer Activity**: Nott'm Forest boosted by signing Elliot Anderson; Sunderland boosted by signing Salis Abdul Samed.
• **Home Advantage**: Nott'm Forest benefits from playing at home (statistically boosts goal-scoring rate by ~22%).

**Prediction Summary**: Nott'm Forest is predicted to win this fixture with **39.7%** confidence.",2026-09-13 12:36:55,0
30,2027-04-24,Tottenham,Hull,32.35,34.26,33.39,0-0,"• **Team Strength (Elo)**: Matchup is evenly balanced on historical Elo (differential of 7 points).
• **Squad Market Value**: Tottenham has a squad value advantage of €857.0M.
• **Transfer Activity**: Tottenham boosted by signing Dominic Solanke; Hull boosted by signing Charlie Hughes.
• **Home Advantage**: Tottenham benefits from playing at home (statistically boosts goal-scoring rate by ~22%).

**Prediction Summary**: This matchup is highly contested with a close outcome probability. A Draw (34.3%) is a very strong possibility.",2026-09-13 12:36:55,0
30,2027-05-01,Arsenal,Tottenham,75.12,15.02,9.86,3-0,"• **Team Strength (Elo)**: Arsenal is favored due to a higher Elo rating (differential of 196 points).
• **Squad Market Value**: Arsenal has a squad value advantage of €495.0M.
• **Transfer Activity**: Arsenal boosted by signing Viktor Gyökeres; Tottenham boosted by signing Dominic Solanke.
• **Fatigue**: Both teams are facing congested schedules (midweek matches).
• **Home Advantage**: Arsenal benefits from playing at home (statistically boosts goal-scoring rate by ~22%).

**Prediction Summary**: Arsenal is predicted to win this fixture with **75.1%** confidence.",2026-09-13 12:36:55,0
30,2027-05-01,Brighton,Nott'm Forest,44.02,31.5,24.48,1-1,"• **Team Strength (Elo)**: Matchup is evenly balanced on historical Elo (differential of 37 points).
• **Squad Market Value**: Brighton has a squad value advantage of €130.0M.
• **Transfer Activity**: Brighton boosted by signing Georginio Rutter; Nott'm Forest boosted by signing Elliot Anderson.
• **Home Advantage**: Brighton benefits from playing at home (statistically boosts goal-scoring rate by ~22%).

**Prediction Summary**: Brighton is predicted to win this fixture with **44.0%** confidence.",2026-09-13 12:36:55,0
30,2027-05-01,Coventry,Man United,9.56,19.89,70.56,0-1,"• **Team Strength (Elo)**: Man United is favored due to a higher Elo rating (differential of 189 points).
• **Squad Market Value**: Man United has a squad value advantage of €670.0M.
• **Transfer Activity**: Coventry boosted by signing Jack Rudoni; Man United boosted by signing Leny Yoro.
• **Fatigue**: Man United is on short rest (midweek match congestion) while Coventry is fully rested.
• **Home Advantage**: Coventry benefits from playing at home (statistically boosts goal-scoring rate by ~22%).

**Prediction Summary**: Man United is predicted to win this fixture with **70.6%** confidence.",2026-09-13 12:36:55,0
30,2027-05-01,Crystal Palace,Aston Villa,29.86,33.99,36.15,1-1,"• **Team Strength (Elo)**: Aston Villa is favored due to a higher Elo rating (differential of 51 points).
• **Transfer Activity**: Crystal Palace boosted by signing Eddie Nketiah; Aston Villa boosted by signing Amadou Onana.
• **Fatigue**: Aston Villa is on short rest (midweek match congestion) while Crystal Palace is fully rested.
• **Home Advantage**: Crystal Palace benefits from playing at home (statistically boosts goal-scoring rate by ~22%).

**Prediction Summary**: Aston Villa is predicted to win this fixture with **36.1%** confidence.",2026-09-13 12:36:55,0
30,2027-05-01,Fulham,Everton,32.9,32.23,34.87,0-0,"• **Team Strength (Elo)**: Matchup is evenly balanced on historical Elo (differential of 21 points).
• **Squad Market Value**: Everton has a squad value advantage of €110.0M.
• **Transfer Activity**: Fulham boosted by signing Emile Smith Rowe; Everton boosted by signing Iliman Ndiaye.
• **Home Advantage**: Fulham benefits from playing at home (statistically boosts goal-scoring rate by ~22%).

**Prediction Summary**: This matchup is highly contested with a close outcome probability. A Draw (32.2%) is a very strong possibility.",2026-09-13 12:36:55,0
30,2027-05-01,Hull,Bournemouth,33.9,27.06,39.04,0-1,"• **Team Strength (Elo)**: Bournemouth is favored due to a higher Elo rating (differential of 66 points).
• **Squad Market Value**: Bournemouth has a squad value advantage of €487.0M.
• **Transfer Activity**: Hull boosted by signing Charlie Hughes; Bournemouth boosted by signing Evanilson.
• **Home Advantage**: Hull benefits from playing at home (statistically boosts goal-scoring rate by ~22%).

**Prediction Summary**: Bournemouth is predicted to win this fixture with **39.0%** confidence.",2026-09-13 12:36:55,0
30,2027-05-01,Ipswich,Leeds,22.49,25.68,51.83,1-1,"• **Team Strength (Elo)**: Leeds is favored due to a higher Elo rating (differential of 131 points).
• **Transfer Activity**: Ipswich boosted by signing Omari Hutchinson; Leeds boosted by signing Joe Rodon.
• **Home Advantage**: Ipswich benefits from playing at home (statistically boosts goal-scoring rate by ~22%).

**Prediction Summary**: Leeds is predicted to win this fixture with **51.8%** confidence.",2026-09-13 12:36:55,0
31,2027-05-01,Liverpool,Chelsea,49.62,20.33,30.05,1-1,"• **Team Strength (Elo)**: Matchup is evenly balanced on historical Elo (differential of 30 points).
• **Squad Market Value**: Chelsea has a squad value advantage of €435.0M.
• **Transfer Activity**: Liverpool boosted by signing Martin Zubimendi; Chelsea boosted by signing Pedro Neto.
• **Fatigue**: Both teams are facing congested schedules (midweek matches).
• **Home Advantage**: Liverpool benefits from playing at home (statistically boosts goal-scoring rate by ~22%).

**Prediction Summary**: Liverpool is predicted to win this fixture with **49.6%** confidence.",2026-09-13 12:36:55,0
31,2027-05-01,Man City,Brentford,55.05,26.5,18.45,1-1,"• **Team Strength (Elo)**: Man City is favored due to a higher Elo rating (differential of 77 points).
• **Squad Market Value**: Man City has a squad value advantage of €920.0M.
• **Transfer Activity**: Man City boosted by signing Tijjani Reijnders; Brentford boosted by signing Igor Thiago.
• **Fatigue**: Man City is on short rest (midweek match congestion) while Brentford is fully rested.
• **Home Advantage**: Man City benefits from playing at home (statistically boosts goal-scoring rate by ~22%).

**Prediction Summary**: Man City is predicted to win this fixture with **55.0%** confidence.",2026-09-13 12:36:55,0
31,2027-05-01,Sunderland,Newcastle,28.58,26.73,44.69,1-1,"• **Team Strength (Elo)**: Newcastle is favored due to a higher Elo rating (differential of 60 points).
• **Squad Market Value**: Newcastle has a squad value advantage of €190.0M.
• **Transfer Activity**: Sunderland boosted by signing Salis Abdul Samed; Newcastle boosted by signing Lewis Hall.
• **Home Advantage**: Sunderland benefits from playing at home (statistically boosts goal-scoring rate by ~22%).

**Prediction Summary**: Newcastle is predicted to win this fixture with **44.7%** confidence.",2026-09-13 12:36:55,0
31,2027-05-08,Bournemouth,Man United,38.81,24.65,36.54,1-1,"• **Team Strength (Elo)**: Matchup is evenly balanced on historical Elo (differential of 23 points).
• **Squad Market Value**: Man United has a squad value advantage of €335.0M.
• **Transfer Activity**: Bournemouth boosted by signing Evanilson; Man United boosted by signing Leny Yoro.
• **Fatigue**: Man United is on short rest (midweek match congestion) while Bournemouth is fully rested.
• **Home Advantage**: Bournemouth benefits from playing at home (statistically boosts goal-scoring rate by ~22%).

**Prediction Summary**: This matchup is highly contested with a close outcome probability. A Draw (24.7%) is a very strong possibility.",2026-09-13 12:36:55,0
31,2027-05-08,Brentford,Aston Villa,43.12,33.02,23.86,1-1,"• **Team Strength (Elo)**: Matchup is evenly balanced on historical Elo (differential of 30 points).
• **Transfer Activity**: Brentford boosted by signing Igor Thiago; Aston Villa boosted by signing Amadou Onana.
• **Fatigue**: Aston Villa is on short rest (midweek match congestion) while Brentford is fully rested.
• **Home Advantage**: Brentford benefits from playing at home (statistically boosts goal-scoring rate by ~22%).

**Prediction Summary**: Brentford is predicted to win this fixture with **43.1%** confidence.",2026-09-13 12:36:55,0
31,2027-05-08,Brighton,Sunderland,48.24,31.46,20.29,1-1,"• **Team Strength (Elo)**: Brighton is favored due to a higher Elo rating (differential of 62 points).
• **Squad Market Value**: Brighton has a squad value advantage of €280.0M.
• **Transfer Activity**: Brighton boosted by signing Georginio Rutter; Sunderland boosted by signing Salis Abdul Samed.
• **Home Advantage**: Brighton benefits from playing at home (statistically boosts goal-scoring rate by ~22%).

**Prediction Summary**: Brighton is predicted to win this fixture with **48.2%** confidence.",2026-09-13 12:36:55,0
31,2027-05-08,Everton,Hull,29.46,37.67,32.87,0-0,"• **Team Strength (Elo)**: Matchup is evenly balanced on historical Elo (differential of 17 points).
• **Squad Market Value**: Everton has a squad value advantage of €332.0M.
• **Transfer Activity**: Everton boosted by signing Iliman Ndiaye; Hull boosted by signing Charlie Hughes.
• **Home Advantage**: Everton benefits from playing at home (statistically boosts goal-scoring rate by ~22%).

**Prediction Summary**: This matchup is highly contested with a close outcome probability. A Draw (37.7%) is a very strong possibility.",2026-09-13 12:36:55,0
31,2027-05-08,Fulham,Ipswich,59.71,24.77,15.52,1-1,"• **Team Strength (Elo)**: Fulham is favored due to a higher Elo rating (differential of 111 points).
• **Transfer Activity**: Fulham boosted by signing Emile Smith Rowe; Ipswich boosted by signing Omari Hutchinson.
• **Home Advantage**: Fulham benefits from playing at home (statistically boosts goal-scoring rate by ~22%).

**Prediction Summary**: Fulham is predicted to win this fixture with **59.7%** confidence.",2026-09-13 12:36:55,0
31,2027-05-08,Leeds,Arsenal,19.12,19.08,61.8,1-1,"• **Team Strength (Elo)**: Arsenal is favored due to a higher Elo rating (differential of 177 points).
• **Squad Market Value**: Arsenal has a squad value advantage of €1050.0M.
• **Transfer Activity**: Leeds boosted by signing Joe Rodon; Arsenal boosted by signing Viktor Gyökeres.
• **Fatigue**: Arsenal is on short rest (midweek match congestion) while Leeds is fully rested.
• **Home Advantage**: Leeds benefits from playing at home (statistically boosts goal-scoring rate by ~22%).

**Prediction Summary**: Arsenal is predicted to win this fixture with **61.8%** confidence.",2026-09-13 12:36:55,0
31,2027-05-08,Man City,Liverpool,55.85,22.63,21.51,1-1,"• **Team Strength (Elo)**: Man City is favored due to a higher Elo rating (differential of 56 points).
• **Squad Market Value**: Man City has a squad value advantage of €490.0M.
• **Transfer Activity**: Man City boosted by signing Tijjani Reijnders; Liverpool boosted by signing Martin Zubimendi.
• **Fatigue**: Both teams are facing congested schedules (midweek matches).
• **Home Advantage**: Man City benefits from playing at home (statistically boosts goal-scoring rate by ~22%).

**Prediction Summary**: Man City is predicted to win this fixture with **55.9%** confidence.",2026-09-13 12:36:55,0
32,2027-05-08,Newcastle,Coventry,58.8,30.84,10.36,0-0,"• **Team Strength (Elo)**: Newcastle is favored due to a higher Elo rating (differential of 173 points).
• **Squad Market Value**: Newcastle has a squad value advantage of €325.0M.
• **Transfer Activity**: Newcastle boosted by signing Lewis Hall; Coventry boosted by signing Jack Rudoni.
• **Home Advantage**: Newcastle benefits from playing at home (statistically boosts goal-scoring rate by ~22%).

**Prediction Summary**: Newcastle is predicted to win this fixture with **58.8%** confidence.",2026-09-13 12:36:55,0
32,2027-05-08,Nott'm Forest,Crystal Palace,43.89,32.87,23.24,1-1,"• **Team Strength (Elo)**: Nott'm Forest is favored due to a higher Elo rating (differential of 51 points).
• **Transfer Activity**: Nott'm Forest boosted by signing Elliot Anderson; Crystal Palace boosted by signing Eddie Nketiah.
• **Home Advantage**: Nott'm Forest benefits from playing at home (statistically boosts goal-scoring rate by ~22%).

**Prediction Summary**: Nott'm Forest is predicted to win this fixture with **43.9%** confidence.",2026-09-13 12:36:55,0
32,2027-05-08,Tottenham,Chelsea,29.18,24.04,46.78,1-1,"• **Team Strength (Elo)**: Chelsea is favored due to a higher Elo rating (differential of 71 points).
• **Squad Market Value**: Chelsea has a squad value advantage of €480.0M.
• **Transfer Activity**: Tottenham boosted by signing Dominic Solanke; Chelsea boosted by signing Pedro Neto.
• **Fatigue**: Both teams are facing congested schedules (midweek matches).
• **Home Advantage**: Tottenham benefits from playing at home (statistically boosts goal-scoring rate by ~22%).

**Prediction Summary**: Chelsea is predicted to win this fixture with **46.8%** confidence.",2026-09-13 12:36:55,0
32,2027-05-15,Arsenal,Nott'm Forest,65.67,23.37,10.96,1-1,"• **Team Strength (Elo)**: Arsenal is favored due to a higher Elo rating (differential of 164 points).
• **Squad Market Value**: Arsenal has a squad value advantage of €915.0M.
• **Transfer Activity**: Arsenal boosted by signing Viktor Gyökeres; Nott'm Forest boosted by signing Elliot Anderson.
• **Home Advantage**: Arsenal benefits from playing at home (statistically boosts goal-scoring rate by ~22%).

**Prediction Summary**: Arsenal is predicted to win this fixture with **65.7%** confidence.",2026-09-13 12:36:55,0
32,2027-05-15,Aston Villa,Newcastle,34.11,26.8,39.09,1-1,"• **Team Strength (Elo)**: Matchup is evenly balanced on historical Elo (differential of 41 points).
• **Transfer Activity**: Aston Villa boosted by signing Amadou Onana; Newcastle boosted by signing Lewis Hall.
• **Home Advantage**: Aston Villa benefits from playing at home (statistically boosts goal-scoring rate by ~22%).

**Prediction Summary**: This matchup is highly contested with a close outcome probability. A Draw (26.8%) is a very strong possibility.",2026-09-13 12:36:55,0
32,2027-05-15,Chelsea,Everton,45.07,30.95,23.97,1-1,"• **Team Strength (Elo)**: Matchup is evenly balanced on historical Elo (differential of 37 points).
• **Squad Market Value**: Chelsea has a squad value advantage of €1005.0M.
• **Transfer Activity**: Chelsea boosted by signing Pedro Neto; Everton boosted by signing Iliman Ndiaye.
• **Home Advantage**: Chelsea benefits from playing at home (statistically boosts goal-scoring rate by ~22%).

**Prediction Summary**: Chelsea is predicted to win this fixture with **45.1%** confidence.",2026-09-13 12:36:55,0
32,2027-05-15,Coventry,Tottenham,20.19,34.15,45.66,0-0,"• **Team Strength (Elo)**: Tottenham is favored due to a higher Elo rating (differential of 101 points).
• **Squad Market Value**: Tottenham has a squad value advantage of €705.0M.
• **Transfer Activity**: Coventry boosted by signing Jack Rudoni; Tottenham boosted by signing Dominic Solanke.
• **Home Advantage**: Coventry benefits from playing at home (statistically boosts goal-scoring rate by ~22%).

**Prediction Summary**: Tottenham is predicted to win this fixture with **45.7%** confidence.",2026-09-13 12:36:55,0
32,2027-05-15,Crystal Palace,Brighton,26.69,24.59,48.72,1-1,"• **Team Strength (Elo)**: Brighton is favored due to a higher Elo rating (differential of 97 points).
• **Squad Market Value**: Brighton has a squad value advantage of €165.0M.
• **Transfer Activity**: Crystal Palace boosted by signing Eddie Nketiah; Brighton boosted by signing Georginio Rutter.
• **Home Advantage**: Crystal Palace benefits from playing at home (statistically boosts goal-scoring rate by ~22%).

**Prediction Summary**: Brighton is predicted to win this fixture with **48.7%** confidence.",2026-09-13 12:36:55,0
32,2027-05-15,Hull,Fulham,40.46,30.45,29.09,0-0,"• **Team Strength (Elo)**: Matchup is evenly balanced on historical Elo (differential of 3 points).
• **Squad Market Value**: Fulham has a squad value advantage of €222.0M.
• **Transfer Activity**: Hull boosted by signing Charlie Hughes; Fulham boosted by signing Emile Smith Rowe.
• **Home Advantage**: Hull benefits from playing at home (statistically boosts goal-scoring rate by ~22%).

**Prediction Summary**: Hull is predicted to win this fixture with **40.5%** confidence.",2026-09-13 12:36:55,0
32,2027-05-15,Ipswich,Man City,6.66,16.44,76.9,1-1,"• **Team Strength (Elo)**: Man City is favored due to a higher Elo rating (differential of 264 points).
• **Squad Market Value**: Man City has a squad value advantage of €1185.0M.
• **Transfer Activity**: Ipswich boosted by signing Omari Hutchinson; Man City boosted by signing Tijjani Reijnders.
• **Home Advantage**: Ipswich benefits from playing at home (statistically boosts goal-scoring rate by ~22%).

**Prediction Summary**: Man City is predicted to win this fixture with **76.9%** confidence.",2026-09-13 12:36:55,0
33,2027-05-15,Liverpool,Brentford,46.8,27.39,25.8,1-1,"• **Team Strength (Elo)**: Matchup is evenly balanced on historical Elo (differential of 22 points).
• **Squad Market Value**: Liverpool has a squad value advantage of €430.0M.
• **Transfer Activity**: Liverpool boosted by signing Martin Zubimendi; Brentford boosted by signing Igor Thiago.
• **Home Advantage**: Liverpool benefits from playing at home (statistically boosts goal-scoring rate by ~22%).

**Prediction Summary**: Liverpool is predicted to win this fixture with **46.8%** confidence.",2026-09-13 12:36:55,0
33,2027-05-15,Man United,Leeds,52.57,28.22,19.2,1-1,"• **Team Strength (Elo)**: Man United is favored due to a higher Elo rating (differential of 68 points).
• **Squad Market Value**: Man United has a squad value advantage of €520.0M.
• **Transfer Activity**: Man United boosted by signing Leny Yoro; Leeds boosted by signing Joe Rodon.
• **Home Advantage**: Man United benefits from playing at home (statistically boosts goal-scoring rate by ~22%).

**Prediction Summary**: Man United is predicted to win this fixture with **52.6%** confidence.",2026-09-13 12:36:55,0
33,2027-05-15,Sunderland,Bournemouth,28.35,26.91,44.73,1-1,"• **Team Strength (Elo)**: Bournemouth is favored due to a higher Elo rating (differential of 63 points).
• **Squad Market Value**: Bournemouth has a squad value advantage of €200.0M.
• **Transfer Activity**: Sunderland boosted by signing Salis Abdul Samed; Bournemouth boosted by signing Evanilson.
• **Home Advantage**: Sunderland benefits from playing at home (statistically boosts goal-scoring rate by ~22%).

**Prediction Summary**: Bournemouth is predicted to win this fixture with **44.7%** confidence.",2026-09-13 12:36:55,0
33,2027-05-23,Bournemouth,Chelsea,41.2,22.0,36.8,1-1,"• **Team Strength (Elo)**: Matchup is evenly balanced on historical Elo (differential of 3 points).
• **Squad Market Value**: Chelsea has a squad value advantage of €850.0M.
• **Transfer Activity**: Bournemouth boosted by signing Evanilson; Chelsea boosted by signing Pedro Neto.
• **Home Advantage**: Bournemouth benefits from playing at home (statistically boosts goal-scoring rate by ~22%).

**Prediction Summary**: This matchup is highly contested with a close outcome probability. A Draw (22.0%) is a very strong possibility.",2026-09-13 12:36:55,0
33,2027-05-23,Brentford,Hull,38.44,31.25,30.31,0-0,"• **Team Strength (Elo)**: Brentford is favored due to a higher Elo rating (differential of 53 points).
• **Squad Market Value**: Brentford has a squad value advantage of €472.0M.
• **Transfer Activity**: Brentford boosted by signing Igor Thiago; Hull boosted by signing Charlie Hughes.
• **Home Advantage**: Brentford benefits from playing at home (statistically boosts goal-scoring rate by ~22%).

**Prediction Summary**: Brentford is predicted to win this fixture with **38.4%** confidence.",2026-09-13 12:36:55,0
33,2027-05-23,Brighton,Liverpool,39.67,21.95,38.38,1-1,"• **Team Strength (Elo)**: Matchup is evenly balanced on historical Elo (differential of 16 points).
• **Squad Market Value**: Liverpool has a squad value advantage of €335.0M.
• **Transfer Activity**: Brighton boosted by signing Georginio Rutter; Liverpool boosted by signing Martin Zubimendi.
• **Home Advantage**: Brighton benefits from playing at home (statistically boosts goal-scoring rate by ~22%).

**Prediction Summary**: This matchup is highly contested with a close outcome probability. A Draw (22.0%) is a very strong possibility.",2026-09-13 12:36:55,0
33,2027-05-23,Everton,Arsenal,15.86,15.32,68.83,0-3,"• **Team Strength (Elo)**: Arsenal is favored due to a higher Elo rating (differential of 187 points).
• **Squad Market Value**: Arsenal has a squad value advantage of €1020.0M.
• **Transfer Activity**: Everton boosted by signing Iliman Ndiaye; Arsenal boosted by signing Viktor Gyökeres.
• **Home Advantage**: Everton benefits from playing at home (statistically boosts goal-scoring rate by ~22%).

**Prediction Summary**: Arsenal is predicted to win this fixture with **68.8%** confidence.",2026-09-13 12:36:55,0
33,2027-05-23,Fulham,Coventry,51.8,30.89,17.31,1-0,"• **Team Strength (Elo)**: Fulham is favored due to a higher Elo rating (differential of 111 points).
• **Transfer Activity**: Fulham boosted by signing Emile Smith Rowe; Coventry boosted by signing Jack Rudoni.
• **Home Advantage**: Fulham benefits from playing at home (statistically boosts goal-scoring rate by ~22%).

**Prediction Summary**: Fulham is predicted to win this fixture with **51.8%** confidence.",2026-09-13 12:36:55,0
33,2027-05-23,Leeds,Sunderland,38.45,31.33,30.23,0-0,"• **Team Strength (Elo)**: Matchup is evenly balanced on historical Elo (differential of 9 points).
• **Transfer Activity**: Leeds boosted by signing Joe Rodon; Sunderland boosted by signing Salis Abdul Samed.
• **Home Advantage**: Leeds benefits from playing at home (statistically boosts goal-scoring rate by ~22%).

**Prediction Summary**: Leeds is predicted to win this fixture with **38.4%** confidence.",2026-09-13 12:36:55,0
33,2027-05-23,Man City,Aston Villa,69.14,16.99,13.87,1-1,"• **Team Strength (Elo)**: Man City is favored due to a higher Elo rating (differential of 123 points).
• **Squad Market Value**: Man City has a squad value advantage of €935.0M.
• **Transfer Activity**: Man City boosted by signing Tijjani Reijnders; Aston Villa boosted by signing Amadou Onana.
• **Home Advantage**: Man City benefits from playing at home (statistically boosts goal-scoring rate by ~22%).

**Prediction Summary**: Man City is predicted to win this fixture with **69.1%** confidence.",2026-09-13 12:36:55,0
34,2027-05-23,Newcastle,Crystal Palace,56.3,24.15,19.54,1-1,"• **Team Strength (Elo)**: Newcastle is favored due to a higher Elo rating (differential of 92 points).
• **Transfer Activity**: Newcastle boosted by signing Lewis Hall; Crystal Palace boosted by signing Eddie Nketiah.
• **Home Advantage**: Newcastle benefits from playing at home (statistically boosts goal-scoring rate by ~22%).

**Prediction Summary**: Newcastle is predicted to win this fixture with **56.3%** confidence.",2026-09-13 12:36:55,0
34,2027-05-23,Nott'm Forest,Ipswich,65.72,20.83,13.45,1-1,"• **Team Strength (Elo)**: Nott'm Forest is favored due to a higher Elo rating (differential of 148 points).
• **Squad Market Value**: Nott'm Forest has a squad value advantage of €230.0M.
• **Transfer Activity**: Nott'm Forest boosted by signing Elliot Anderson; Ipswich boosted by signing Omari Hutchinson.
• **Home Advantage**: Nott'm Forest benefits from playing at home (statistically boosts goal-scoring rate by ~22%).

**Prediction Summary**: Nott'm Forest is predicted to win this fixture with **65.7%** confidence.",2026-09-13 12:36:55,0
34,2027-05-23,Tottenham,Man United,29.25,20.95,49.8,1-1,"• **Team Strength (Elo)**: Man United is favored due to a higher Elo rating (differential of 102 points).
• **Transfer Activity**: Tottenham boosted by signing Dominic Solanke; Man United boosted by signing Leny Yoro.
• **Home Advantage**: Tottenham benefits from playing at home (statistically boosts goal-scoring rate by ~22%).

**Prediction Summary**: Man United is predicted to win this fixture with **49.8%** confidence.",2026-09-13 12:36:55,0
34,2027-05-30,Arsenal,Brighton,66.71,18.74,14.55,1-1,"• **Team Strength (Elo)**: Arsenal is favored due to a higher Elo rating (differential of 133 points).
• **Squad Market Value**: Arsenal has a squad value advantage of €785.0M.
• **Transfer Activity**: Arsenal boosted by signing Viktor Gyökeres; Brighton boosted by signing Georginio Rutter.
• **Home Advantage**: Arsenal benefits from playing at home (statistically boosts goal-scoring rate by ~22%).

**Prediction Summary**: Arsenal is predicted to win this fixture with **66.7%** confidence.",2026-09-13 12:36:55,0
34,2027-05-30,Aston Villa,Tottenham,45.9,28.46,25.64,1-1,"• **Team Strength (Elo)**: Matchup is evenly balanced on historical Elo (differential of 36 points).
• **Squad Market Value**: Tottenham has a squad value advantage of €400.0M.
• **Transfer Activity**: Aston Villa boosted by signing Amadou Onana; Tottenham boosted by signing Dominic Solanke.
• **Home Advantage**: Aston Villa benefits from playing at home (statistically boosts goal-scoring rate by ~22%).

**Prediction Summary**: Aston Villa is predicted to win this fixture with **45.9%** confidence.",2026-09-13 12:36:55,0
34,2027-05-30,Chelsea,Brentford,39.34,28.8,31.86,1-1,"• **Team Strength (Elo)**: Matchup is evenly balanced on historical Elo (differential of 2 points).
• **Squad Market Value**: Chelsea has a squad value advantage of €865.0M.
• **Transfer Activity**: Chelsea boosted by signing Pedro Neto; Brentford boosted by signing Igor Thiago.
• **Home Advantage**: Chelsea benefits from playing at home (statistically boosts goal-scoring rate by ~22%).

**Prediction Summary**: Chelsea is predicted to win this fixture with **39.3%** confidence.",2026-09-13 12:36:55,0
34,2027-05-30,Coventry,Nott'm Forest,11.71,29.93,58.36,0-1,"• **Team Strength (Elo)**: Nott'm Forest is favored due to a higher Elo rating (differential of 149 points).
• **Squad Market Value**: Nott'm Forest has a squad value advantage of €285.0M.
• **Transfer Activity**: Coventry boosted by signing Jack Rudoni; Nott'm Forest boosted by signing Elliot Anderson.
• **Home Advantage**: Coventry benefits from playing at home (statistically boosts goal-scoring rate by ~22%).

**Prediction Summary**: Nott'm Forest is predicted to win this fixture with **58.4%** confidence.",2026-09-13 12:36:55,0
34,2027-05-30,Crystal Palace,Leeds,32.75,35.07,32.18,0-0,"• **Team Strength (Elo)**: Matchup is evenly balanced on historical Elo (differential of 42 points).
• **Transfer Activity**: Crystal Palace boosted by signing Eddie Nketiah; Leeds boosted by signing Joe Rodon.
• **Home Advantage**: Crystal Palace benefits from playing at home (statistically boosts goal-scoring rate by ~22%).

**Prediction Summary**: This matchup is highly contested with a close outcome probability. A Draw (35.1%) is a very strong possibility.",2026-09-13 12:36:55,0
34,2027-05-30,Hull,Newcastle,34.13,25.99,39.88,0-1,"• **Team Strength (Elo)**: Newcastle is favored due to a higher Elo rating (differential of 67 points).
• **Squad Market Value**: Newcastle has a squad value advantage of €477.0M.
• **Transfer Activity**: Hull boosted by signing Charlie Hughes; Newcastle boosted by signing Lewis Hall.
• **Home Advantage**: Hull benefits from playing at home (statistically boosts goal-scoring rate by ~22%).

**Prediction Summary**: Newcastle is predicted to win this fixture with **39.9%** confidence.",2026-09-13 12:36:55,0
34,2027-05-30,Ipswich,Everton,19.54,25.27,55.19,1-1,"• **Team Strength (Elo)**: Everton is favored due to a higher Elo rating (differential of 140 points).
• **Squad Market Value**: Everton has a squad value advantage of €125.0M.
• **Transfer Activity**: Ipswich boosted by signing Omari Hutchinson; Everton boosted by signing Iliman Ndiaye.
• **Home Advantage**: Ipswich benefits from playing at home (statistically boosts goal-scoring rate by ~22%).

**Prediction Summary**: Everton is predicted to win this fixture with **55.2%** confidence.",2026-09-13 12:36:55,0
35,2027-05-30,Liverpool,Bournemouth,49.78,22.01,28.21,1-1,"• **Team Strength (Elo)**: Matchup is evenly balanced on historical Elo (differential of 22 points).
• **Squad Market Value**: Liverpool has a squad value advantage of €415.0M.
• **Transfer Activity**: Liverpool boosted by signing Martin Zubimendi; Bournemouth boosted by signing Evanilson.
• **Home Advantage**: Liverpool benefits from playing at home (statistically boosts goal-scoring rate by ~22%).

**Prediction Summary**: Liverpool is predicted to win this fixture with **49.8%** confidence.",2026-09-13 12:36:55,0
35,2027-05-30,Man United,Fulham,54.39,28.63,16.98,1-1,"• **Team Strength (Elo)**: Man United is favored due to a higher Elo rating (differential of 86 points).
• **Squad Market Value**: Man United has a squad value advantage of €600.0M.
• **Transfer Activity**: Man United boosted by signing Leny Yoro; Fulham boosted by signing Emile Smith Rowe.
• **Home Advantage**: Man United benefits from playing at home (statistically boosts goal-scoring rate by ~22%).

**Prediction Summary**: Man United is predicted to win this fixture with **54.4%** confidence.",2026-09-13 12:36:55,0
35,2027-05-30,Sunderland,Man City,19.58,16.4,64.01,0-2,"• **Team Strength (Elo)**: Man City is favored due to a higher Elo rating (differential of 156 points).
• **Squad Market Value**: Man City has a squad value advantage of €1105.0M.
• **Transfer Activity**: Sunderland boosted by signing Salis Abdul Samed; Man City boosted by signing Tijjani Reijnders.
• **Home Advantage**: Sunderland benefits from playing at home (statistically boosts goal-scoring rate by ~22%).

**Prediction Summary**: Man City is predicted to win this fixture with **64.0%** confidence.",2026-09-13 12:36:55,0
