MatchDay,Date,HomeTeam,AwayTeam,HomeWin%,Draw%,AwayWin%,MostLikelyScore,Explanation
1,2026-08-21,Arsenal,Coventry,62.44,26.49,11.07,1-1,"• **Team Strength (Elo)**: Arsenal is favored due to a higher Elo rating (differential of 236 points).
• **Squad Market Value**: Arsenal has a squad value advantage of €1100.7M.
• **Home Advantage**: Arsenal benefits from playing at home (statistically boosts goal-scoring rate by ~22%).

**Prediction Summary**: Arsenal is predicted to win this fixture with **62.4%** confidence."
1,2026-08-22,Hull,Man United,24.8,18.38,56.82,1-2,"• **Team Strength (Elo)**: Man United is favored due to a higher Elo rating (differential of 182 points).
• **Squad Market Value**: Man United has a squad value advantage of €806.4M.
• **Injuries & Availability**: Hull is healthier with 100% availability vs. 90% for the opponent.
• **Home Advantage**: Hull benefits from playing at home (statistically boosts goal-scoring rate by ~22%).

**Prediction Summary**: Man United is predicted to win this fixture with **56.8%** confidence."
1,2026-08-22,Everton,Crystal Palace,41.65,28.51,29.84,1-1,"• **Team Strength (Elo)**: Matchup is evenly balanced on historical Elo (differential of 3 points).
• **Home Advantage**: Everton benefits from playing at home (statistically boosts goal-scoring rate by ~22%).

**Prediction Summary**: Everton is predicted to win this fixture with **41.6%** confidence."
1,2026-08-22,Ipswich,Sunderland,27.48,24.11,48.41,1-1,"• **Team Strength (Elo)**: Sunderland is favored due to a higher Elo rating (differential of 104 points).
• **Squad Market Value**: Sunderland has a squad value advantage of €190.5M.
• **Home Advantage**: Ipswich benefits from playing at home (statistically boosts goal-scoring rate by ~22%).

**Prediction Summary**: Sunderland is predicted to win this fixture with **48.4%** confidence."
1,2026-08-22,Nott'm Forest,Leeds,44.59,27.39,28.03,1-1,"• **Team Strength (Elo)**: Matchup is evenly balanced on historical Elo (differential of 8 points).
• **Squad Market Value**: Nott'm Forest has a squad value advantage of €154.0M.
• **Home Advantage**: Nott'm Forest benefits from playing at home (statistically boosts goal-scoring rate by ~22%).

**Prediction Summary**: Nott'm Forest is predicted to win this fixture with **44.6%** confidence."
1,2026-08-22,Brentford,Tottenham,54.03,25.73,20.24,1-1,"• **Team Strength (Elo)**: Brentford is favored due to a higher Elo rating (differential of 55 points).
• **Squad Market Value**: Tottenham has a squad value advantage of €357.2M.
• **Home Advantage**: Brentford benefits from playing at home (statistically boosts goal-scoring rate by ~22%).

**Prediction Summary**: Brentford is predicted to win this fixture with **54.0%** confidence."
1,2026-08-23,Man City,Bournemouth,43.49,27.17,29.33,1-1,"• **Team Strength (Elo)**: Man City is favored due to a higher Elo rating (differential of 60 points).
• **Squad Market Value**: Man City has a squad value advantage of €902.1M.
• **Injuries & Availability**: Bournemouth is healthier with 100% availability vs. 65% for the opponent.
• **Home Advantage**: Man City benefits from playing at home (statistically boosts goal-scoring rate by ~22%).

**Prediction Summary**: Man City is predicted to win this fixture with **43.5%** confidence."
1,2026-08-23,Newcastle,Liverpool,34.78,23.82,41.4,1-1,"• **Team Strength (Elo)**: Liverpool is favored due to a higher Elo rating (differential of 54 points).
• **Squad Market Value**: Liverpool has a squad value advantage of €387.7M.
• **Home Advantage**: Newcastle benefits from playing at home (statistically boosts goal-scoring rate by ~22%).

**Prediction Summary**: Liverpool is predicted to win this fixture with **41.4%** confidence."
1,2026-08-23,Brighton,Aston Villa,39.6,28.22,32.18,1-1,"• **Team Strength (Elo)**: Matchup is evenly balanced on historical Elo (differential of 37 points).
• **Squad Market Value**: Brighton has a squad value advantage of €155.8M.
• **Home Advantage**: Brighton benefits from playing at home (statistically boosts goal-scoring rate by ~22%).

**Prediction Summary**: Brighton is predicted to win this fixture with **39.6%** confidence."
1,2026-08-24,Fulham,Chelsea,36.89,28.24,34.87,1-1,"• **Team Strength (Elo)**: Matchup is evenly balanced on historical Elo (differential of 15 points).
• **Squad Market Value**: Chelsea has a squad value advantage of €863.8M.
• **Home Advantage**: Fulham benefits from playing at home (statistically boosts goal-scoring rate by ~22%).

**Prediction Summary**: This matchup is highly contested with a close outcome probability. A Draw (28.2%) is a very strong possibility."
2,2026-08-28,Crystal Palace,Man City,32.21,28.69,39.1,1-1,"• **Team Strength (Elo)**: Man City is favored due to a higher Elo rating (differential of 121 points).
• **Squad Market Value**: Man City has a squad value advantage of €899.5M.
• **Injuries & Availability**: Crystal Palace is healthier with 100% availability vs. 65% for the opponent.
• **Home Advantage**: Crystal Palace benefits from playing at home (statistically boosts goal-scoring rate by ~22%).

**Prediction Summary**: Man City is predicted to win this fixture with **39.1%** confidence."
2,2026-08-29,Bournemouth,Everton,49.75,27.18,23.07,1-1,"• **Team Strength (Elo)**: Bournemouth is favored due to a higher Elo rating (differential of 53 points).
• **Home Advantage**: Bournemouth benefits from playing at home (statistically boosts goal-scoring rate by ~22%).

**Prediction Summary**: Bournemouth is predicted to win this fixture with **49.8%** confidence."
2,2026-08-29,Tottenham,Newcastle,34.82,26.25,38.93,1-1,"• **Team Strength (Elo)**: Matchup is evenly balanced on historical Elo (differential of 48 points).
• **Squad Market Value**: Tottenham has a squad value advantage of €288.7M.
• **Home Advantage**: Tottenham benefits from playing at home (statistically boosts goal-scoring rate by ~22%).

**Prediction Summary**: This matchup is highly contested with a close outcome probability. A Draw (26.3%) is a very strong possibility."
2,2026-08-29,Coventry,Hull,51.78,24.51,23.72,1-1,"• **Team Strength (Elo)**: Matchup is evenly balanced on historical Elo (differential of 4 points).
• **Squad Market Value**: Coventry has a squad value advantage of €133.2M.
• **Home Advantage**: Coventry benefits from playing at home (statistically boosts goal-scoring rate by ~22%).

**Prediction Summary**: Coventry is predicted to win this fixture with **51.8%** confidence."
2,2026-08-29,Liverpool,Nott'm Forest,52.82,26.26,20.91,1-1,"• **Team Strength (Elo)**: Liverpool is favored due to a higher Elo rating (differential of 57 points).
• **Squad Market Value**: Liverpool has a squad value advantage of €471.7M.
• **Home Advantage**: Liverpool benefits from playing at home (statistically boosts goal-scoring rate by ~22%).

**Prediction Summary**: Liverpool is predicted to win this fixture with **52.8%** confidence."
2,2026-08-30,Man United,Ipswich,69.93,19.06,11.01,2-0,"• **Team Strength (Elo)**: Man United is favored due to a higher Elo rating (differential of 181 points).
• **Squad Market Value**: Man United has a squad value advantage of €663.8M.
• **Injuries & Availability**: Ipswich is healthier with 100% availability vs. 90% for the opponent.
• **Home Advantage**: Man United benefits from playing at home (statistically boosts goal-scoring rate by ~22%).

**Prediction Summary**: Man United is predicted to win this fixture with **69.9%** confidence."
2,2026-08-30,Sunderland,Fulham,37.58,31.01,31.41,1-1,"• **Team Strength (Elo)**: Matchup is evenly balanced on historical Elo (differential of 12 points).
• **Home Advantage**: Sunderland benefits from playing at home (statistically boosts goal-scoring rate by ~22%).

**Prediction Summary**: Sunderland is predicted to win this fixture with **37.6%** confidence."
2,2026-08-30,Chelsea,Brighton,38.44,27.59,33.97,1-1,"• **Team Strength (Elo)**: Matchup is evenly balanced on historical Elo (differential of 6 points).
• **Squad Market Value**: Chelsea has a squad value advantage of €542.0M.
• **Home Advantage**: Chelsea benefits from playing at home (statistically boosts goal-scoring rate by ~22%).

**Prediction Summary**: This matchup is highly contested with a close outcome probability. A Draw (27.6%) is a very strong possibility."
2,2026-08-30,Leeds,Brentford,36.61,27.13,36.26,1-1,"• **Team Strength (Elo)**: Matchup is evenly balanced on historical Elo (differential of 33 points).
• **Squad Market Value**: Brentford has a squad value advantage of €169.5M.
• **Home Advantage**: Leeds benefits from playing at home (statistically boosts goal-scoring rate by ~22%).

**Prediction Summary**: This matchup is highly contested with a close outcome probability. A Draw (27.1%) is a very strong possibility."
2,2026-08-31,Aston Villa,Arsenal,27.59,27.08,45.33,1-1,"• **Team Strength (Elo)**: Arsenal is favored due to a higher Elo rating (differential of 81 points).
• **Squad Market Value**: Arsenal has a squad value advantage of €777.8M.
• **Home Advantage**: Aston Villa benefits from playing at home (statistically boosts goal-scoring rate by ~22%).

**Prediction Summary**: Arsenal is predicted to win this fixture with **45.3%** confidence."
3,2026-09-04,Ipswich,Liverpool,14.54,24.17,61.29,1-1,"• **Team Strength (Elo)**: Liverpool is favored due to a higher Elo rating (differential of 175 points).
• **Squad Market Value**: Liverpool has a squad value advantage of €770.8M.
• **Home Advantage**: Ipswich benefits from playing at home (statistically boosts goal-scoring rate by ~22%).

**Prediction Summary**: Liverpool is predicted to win this fixture with **61.3%** confidence."
3,2026-09-05,Nott'm Forest,Tottenham,50.06,26.99,22.94,1-1,"• **Team Strength (Elo)**: Matchup is evenly balanced on historical Elo (differential of 42 points).
• **Squad Market Value**: Tottenham has a squad value advantage of €372.7M.
• **Home Advantage**: Nott'm Forest benefits from playing at home (statistically boosts goal-scoring rate by ~22%).

**Prediction Summary**: Nott'm Forest is predicted to win this fixture with **50.1%** confidence."
3,2026-09-05,Newcastle,Bournemouth,34.06,27.3,38.64,1-1,"• **Team Strength (Elo)**: Bournemouth is favored due to a higher Elo rating (differential of 51 points).
• **Injuries & Availability**: Bournemouth is healthier with 100% availability vs. 85% for the opponent.
• **Home Advantage**: Newcastle benefits from playing at home (statistically boosts goal-scoring rate by ~22%).

**Prediction Summary**: This matchup is highly contested with a close outcome probability. A Draw (27.3%) is a very strong possibility."
3,2026-09-05,Man City,Coventry,55.3,24.29,20.41,1-1,"• **Team Strength (Elo)**: Man City is favored due to a higher Elo rating (differential of 209 points).
• **Squad Market Value**: Man City has a squad value advantage of €1240.7M.
• **Injuries & Availability**: Coventry is healthier with 100% availability vs. 65% for the opponent.
• **Home Advantage**: Man City benefits from playing at home (statistically boosts goal-scoring rate by ~22%).

**Prediction Summary**: Man City is predicted to win this fixture with **55.3%** confidence."
3,2026-09-05,Hull,Aston Villa,26.44,19.97,53.58,0-1,"• **Team Strength (Elo)**: Aston Villa is favored due to a higher Elo rating (differential of 167 points).
• **Squad Market Value**: Aston Villa has a squad value advantage of €456.1M.
• **Home Advantage**: Hull benefits from playing at home (statistically boosts goal-scoring rate by ~22%).

**Prediction Summary**: Aston Villa is predicted to win this fixture with **53.6%** confidence."
3,2026-09-05,Brighton,Leeds,45.9,27.86,26.24,1-1,"• **Team Strength (Elo)**: Matchup is evenly balanced on historical Elo (differential of 29 points).
• **Squad Market Value**: Brighton has a squad value advantage of €324.2M.
• **Home Advantage**: Brighton benefits from playing at home (statistically boosts goal-scoring rate by ~22%).

**Prediction Summary**: Brighton is predicted to win this fixture with **45.9%** confidence."
3,2026-09-05,Brentford,Sunderland,47.57,27.93,24.51,1-1,"• **Team Strength (Elo)**: Matchup is evenly balanced on historical Elo (differential of 27 points).
• **Squad Market Value**: Brentford has a squad value advantage of €124.1M.
• **Home Advantage**: Brentford benefits from playing at home (statistically boosts goal-scoring rate by ~22%).

**Prediction Summary**: Brentford is predicted to win this fixture with **47.6%** confidence."
3,2026-09-05,Fulham,Crystal Palace,40.84,28.73,30.42,1-1,"• **Team Strength (Elo)**: Matchup is evenly balanced on historical Elo (differential of 7 points).
• **Squad Market Value**: Crystal Palace has a squad value advantage of €184.3M.
• **Home Advantage**: Fulham benefits from playing at home (statistically boosts goal-scoring rate by ~22%).

**Prediction Summary**: Fulham is predicted to win this fixture with **40.8%** confidence."
3,2026-09-06,Everton,Man United,33.09,27.97,38.95,1-1,"• **Team Strength (Elo)**: Man United is favored due to a higher Elo rating (differential of 81 points).
• **Squad Market Value**: Man United has a squad value advantage of €429.4M.
• **Injuries & Availability**: Everton is healthier with 100% availability vs. 90% for the opponent.
• **Home Advantage**: Everton benefits from playing at home (statistically boosts goal-scoring rate by ~22%).

**Prediction Summary**: Man United is predicted to win this fixture with **38.9%** confidence."
3,2026-09-06,Arsenal,Chelsea,59.26,22.48,18.26,1-0,"• **Team Strength (Elo)**: Arsenal is favored due to a higher Elo rating (differential of 117 points).
• **Injuries & Availability**: Chelsea is healthier with 100% availability vs. 85% for the opponent.
• **Home Advantage**: Arsenal benefits from playing at home (statistically boosts goal-scoring rate by ~22%).

**Prediction Summary**: Arsenal is predicted to win this fixture with **59.3%** confidence."
4,2026-09-12,Tottenham,Everton,36.66,28.91,34.43,1-1,"• **Team Strength (Elo)**: Matchup is evenly balanced on historical Elo (differential of 39 points).
• **Squad Market Value**: Tottenham has a squad value advantage of €437.4M.
• **Home Advantage**: Tottenham benefits from playing at home (statistically boosts goal-scoring rate by ~22%).

**Prediction Summary**: This matchup is highly contested with a close outcome probability. A Draw (28.9%) is a very strong possibility."
4,2026-09-12,Bournemouth,Brentford,43.05,27.12,29.83,1-1,"• **Team Strength (Elo)**: Matchup is evenly balanced on historical Elo (differential of 28 points).
• **Home Advantage**: Bournemouth benefits from playing at home (statistically boosts goal-scoring rate by ~22%).

**Prediction Summary**: Bournemouth is predicted to win this fixture with **43.0%** confidence."
4,2026-09-12,Aston Villa,Nott'm Forest,46.67,28.81,24.52,1-1,"• **Team Strength (Elo)**: Matchup is evenly balanced on historical Elo (differential of 49 points).
• **Home Advantage**: Aston Villa benefits from playing at home (statistically boosts goal-scoring rate by ~22%).

**Prediction Summary**: Aston Villa is predicted to win this fixture with **46.7%** confidence."
4,2026-09-12,Chelsea,Hull,54.11,26.03,19.86,1-1,"• **Team Strength (Elo)**: Chelsea is favored due to a higher Elo rating (differential of 125 points).
• **Squad Market Value**: Chelsea has a squad value advantage of €1153.8M.
• **Home Advantage**: Chelsea benefits from playing at home (statistically boosts goal-scoring rate by ~22%).

**Prediction Summary**: Chelsea is predicted to win this fixture with **54.1%** confidence."
4,2026-09-12,Crystal Palace,Ipswich,67.54,18.49,13.97,2-0,"• **Team Strength (Elo)**: Crystal Palace is favored due to a higher Elo rating (differential of 111 points).
• **Squad Market Value**: Crystal Palace has a squad value advantage of €331.8M.
• **Home Advantage**: Crystal Palace benefits from playing at home (statistically boosts goal-scoring rate by ~22%).

**Prediction Summary**: Crystal Palace is predicted to win this fixture with **67.5%** confidence."
4,2026-09-12,Liverpool,Fulham,55.33,25.14,19.53,1-1,"• **Team Strength (Elo)**: Liverpool is favored due to a higher Elo rating (differential of 61 points).
• **Squad Market Value**: Liverpool has a squad value advantage of €623.3M.
• **Home Advantage**: Liverpool benefits from playing at home (statistically boosts goal-scoring rate by ~22%).

**Prediction Summary**: Liverpool is predicted to win this fixture with **55.3%** confidence."
4,2026-09-12,Sunderland,Arsenal,21.48,29.05,49.47,0-1,"• **Team Strength (Elo)**: Arsenal is favored due to a higher Elo rating (differential of 146 points).
• **Squad Market Value**: Arsenal has a squad value advantage of €900.8M.
• **Injuries & Availability**: Sunderland is healthier with 100% availability vs. 85% for the opponent.
• **Home Advantage**: Sunderland benefits from playing at home (statistically boosts goal-scoring rate by ~22%).

**Prediction Summary**: Arsenal is predicted to win this fixture with **49.5%** confidence."
4,2026-09-13,Coventry,Brighton,31.52,27.6,40.88,1-1,"• **Team Strength (Elo)**: Brighton is favored due to a higher Elo rating (differential of 121 points).
• **Squad Market Value**: Brighton has a squad value advantage of €478.6M.
• **Home Advantage**: Coventry benefits from playing at home (statistically boosts goal-scoring rate by ~22%).

**Prediction Summary**: Brighton is predicted to win this fixture with **40.9%** confidence."
4,2026-09-13,Man United,Man City,42.75,27.44,29.81,1-1,"• **Team Strength (Elo)**: Matchup is evenly balanced on historical Elo (differential of 33 points).
• **Squad Market Value**: Man City has a squad value advantage of €567.5M.
• **Injuries & Availability**: Man United is healthier with 90% availability vs. 65% for the opponent.
• **Home Advantage**: Man United benefits from playing at home (statistically boosts goal-scoring rate by ~22%).

**Prediction Summary**: Man United is predicted to win this fixture with **42.8%** confidence."
4,2026-09-14,Leeds,Newcastle,43.1,26.79,30.11,1-1,"• **Team Strength (Elo)**: Matchup is evenly balanced on historical Elo (differential of 15 points).
• **Squad Market Value**: Newcastle has a squad value advantage of €238.0M.
• **Injuries & Availability**: Leeds is healthier with 100% availability vs. 85% for the opponent.
• **Home Advantage**: Leeds benefits from playing at home (statistically boosts goal-scoring rate by ~22%).

**Prediction Summary**: Leeds is predicted to win this fixture with **43.1%** confidence."
5,2026-09-18,Brentford,Chelsea,45.63,26.97,27.4,1-1,"• **Team Strength (Elo)**: Matchup is evenly balanced on historical Elo (differential of 8 points).
• **Squad Market Value**: Chelsea has a squad value advantage of €696.7M.
• **Fatigue**: Chelsea is on short rest (midweek match congestion) while Brentford is fully rested.
• **Home Advantage**: Brentford benefits from playing at home (statistically boosts goal-scoring rate by ~22%).

**Prediction Summary**: Brentford is predicted to win this fixture with **45.6%** confidence."
5,2026-09-19,Tottenham,Aston Villa,29.39,29.41,41.2,1-1,"• **Team Strength (Elo)**: Aston Villa is favored due to a higher Elo rating (differential of 99 points).
• **Squad Market Value**: Tottenham has a squad value advantage of €358.3M.
• **Fatigue**: Both teams are facing congested schedules (midweek matches).
• **Home Advantage**: Tottenham benefits from playing at home (statistically boosts goal-scoring rate by ~22%).

**Prediction Summary**: Aston Villa is predicted to win this fixture with **41.2%** confidence."
5,2026-09-19,Nott'm Forest,Coventry,57.05,23.54,19.41,1-1,"• **Team Strength (Elo)**: Nott'm Forest is favored due to a higher Elo rating (differential of 101 points).
• **Squad Market Value**: Nott'm Forest has a squad value advantage of €308.5M.
• **Home Advantage**: Nott'm Forest benefits from playing at home (statistically boosts goal-scoring rate by ~22%).

**Prediction Summary**: Nott'm Forest is predicted to win this fixture with **57.1%** confidence."
5,2026-09-19,Man City,Sunderland,50.07,25.91,24.02,1-0,"• **Team Strength (Elo)**: Man City is favored due to a higher Elo rating (differential of 113 points).
• **Squad Market Value**: Man City has a squad value advantage of €1040.8M.
• **Injuries & Availability**: Sunderland is healthier with 100% availability vs. 65% for the opponent.
• **Fatigue**: Man City is on short rest (midweek match congestion) while Sunderland is fully rested.
• **Home Advantage**: Man City benefits from playing at home (statistically boosts goal-scoring rate by ~22%).

**Prediction Summary**: Man City is predicted to win this fixture with **50.1%** confidence."
5,2026-09-19,Leeds,Crystal Palace,41.33,27.8,30.87,1-1,"• **Team Strength (Elo)**: Matchup is evenly balanced on historical Elo (differential of 11 points).
• **Squad Market Value**: Crystal Palace has a squad value advantage of €186.7M.
• **Home Advantage**: Leeds benefits from playing at home (statistically boosts goal-scoring rate by ~22%).

**Prediction Summary**: Leeds is predicted to win this fixture with **41.3%** confidence."
5,2026-09-19,Newcastle,Hull,49.65,28.75,21.61,1-0,"• **Team Strength (Elo)**: Newcastle is favored due to a higher Elo rating (differential of 111 points).
• **Squad Market Value**: Newcastle has a squad value advantage of €525.6M.
• **Injuries & Availability**: Hull is healthier with 100% availability vs. 85% for the opponent.
• **Home Advantage**: Newcastle benefits from playing at home (statistically boosts goal-scoring rate by ~22%).

**Prediction Summary**: Newcastle is predicted to win this fixture with **49.6%** confidence."
5,2026-09-19,Everton,Ipswich,68.12,18.58,13.31,2-0,"• **Team Strength (Elo)**: Everton is favored due to a higher Elo rating (differential of 112 points).
• **Squad Market Value**: Everton has a squad value advantage of €234.4M.
• **Home Advantage**: Everton benefits from playing at home (statistically boosts goal-scoring rate by ~22%).

**Prediction Summary**: Everton is predicted to win this fixture with **68.1%** confidence."
5,2026-09-19,Brighton,Arsenal,29.32,31.32,39.36,1-1,"• **Team Strength (Elo)**: Arsenal is favored due to a higher Elo rating (differential of 118 points).
• **Squad Market Value**: Arsenal has a squad value advantage of €622.0M.
• **Injuries & Availability**: Brighton is healthier with 100% availability vs. 85% for the opponent.
• **Fatigue**: Arsenal is on short rest (midweek match congestion) while Brighton is fully rested.
• **Home Advantage**: Brighton benefits from playing at home (statistically boosts goal-scoring rate by ~22%).

**Prediction Summary**: Arsenal is predicted to win this fixture with **39.4%** confidence."
5,2026-09-20,Fulham,Man United,33.93,29.39,36.68,1-1,"• **Team Strength (Elo)**: Man United is favored due to a higher Elo rating (differential of 76 points).
• **Squad Market Value**: Man United has a squad value advantage of €516.3M.
• **Injuries & Availability**: Fulham is healthier with 100% availability vs. 85% for the opponent.
• **Fatigue**: Man United is on short rest (midweek match congestion) while Fulham is fully rested.
• **Home Advantage**: Fulham benefits from playing at home (statistically boosts goal-scoring rate by ~22%).

**Prediction Summary**: This matchup is highly contested with a close outcome probability. A Draw (29.4%) is a very strong possibility."
5,2026-09-20,Bournemouth,Liverpool,38.01,26.51,35.48,1-1,"• **Team Strength (Elo)**: Matchup is evenly balanced on historical Elo (differential of 18 points).
• **Squad Market Value**: Liverpool has a squad value advantage of €441.6M.
• **Fatigue**: Liverpool is on short rest (midweek match congestion) while Bournemouth is fully rested.
• **Home Advantage**: Bournemouth benefits from playing at home (statistically boosts goal-scoring rate by ~22%).

**Prediction Summary**: This matchup is highly contested with a close outcome probability. A Draw (26.5%) is a very strong possibility."
6,2026-10-10,Sunderland,Brighton,33.54,29.27,37.19,1-1,"• **Team Strength (Elo)**: Matchup is evenly balanced on historical Elo (differential of 33 points).
• **Squad Market Value**: Brighton has a squad value advantage of €278.8M.
• **Home Advantage**: Sunderland benefits from playing at home (statistically boosts goal-scoring rate by ~22%).

**Prediction Summary**: This matchup is highly contested with a close outcome probability. A Draw (29.3%) is a very strong possibility."
6,2026-10-10,Man United,Tottenham,57.49,22.29,20.22,2-1,"• **Team Strength (Elo)**: Man United is favored due to a higher Elo rating (differential of 116 points).
• **Injuries & Availability**: Tottenham is healthier with 100% availability vs. 85% for the opponent.
• **Home Advantage**: Man United benefits from playing at home (statistically boosts goal-scoring rate by ~22%).

**Prediction Summary**: Man United is predicted to win this fixture with **57.5%** confidence."
6,2026-10-10,Liverpool,Man City,41.55,22.94,35.51,1-1,"• **Team Strength (Elo)**: Matchup is evenly balanced on historical Elo (differential of 43 points).
• **Squad Market Value**: Man City has a squad value advantage of €460.5M.
• **Injuries & Availability**: Liverpool is healthier with 82% availability vs. 60% for the opponent.
• **Home Advantage**: Liverpool benefits from playing at home (statistically boosts goal-scoring rate by ~22%).

**Prediction Summary**: Liverpool is predicted to win this fixture with **41.6%** confidence."
6,2026-10-10,Ipswich,Fulham,22.86,23.71,53.43,1-1,"• **Team Strength (Elo)**: Fulham is favored due to a higher Elo rating (differential of 124 points).
• **Squad Market Value**: Fulham has a squad value advantage of €147.5M.
• **Home Advantage**: Ipswich benefits from playing at home (statistically boosts goal-scoring rate by ~22%).

**Prediction Summary**: Fulham is predicted to win this fixture with **53.4%** confidence."
6,2026-10-10,Hull,Everton,22.89,24.22,52.9,0-1,"• **Team Strength (Elo)**: Everton is favored due to a higher Elo rating (differential of 112 points).
• **Squad Market Value**: Everton has a squad value advantage of €377.0M.
• **Home Advantage**: Hull benefits from playing at home (statistically boosts goal-scoring rate by ~22%).

**Prediction Summary**: Everton is predicted to win this fixture with **52.9%** confidence."
6,2026-10-10,Coventry,Newcastle,32.29,26.08,41.63,1-1,"• **Team Strength (Elo)**: Newcastle is favored due to a higher Elo rating (differential of 105 points).
• **Squad Market Value**: Newcastle has a squad value advantage of €392.4M.
• **Injuries & Availability**: Coventry is healthier with 100% availability vs. 85% for the opponent.
• **Home Advantage**: Coventry benefits from playing at home (statistically boosts goal-scoring rate by ~22%).

**Prediction Summary**: Newcastle is predicted to win this fixture with **41.6%** confidence."
6,2026-10-10,Chelsea,Bournemouth,32.24,24.86,42.9,1-1,"• **Team Strength (Elo)**: Matchup is evenly balanced on historical Elo (differential of 40 points).
• **Squad Market Value**: Chelsea has a squad value advantage of €682.1M.
• **Injuries & Availability**: Bournemouth is healthier with 100% availability vs. 82% for the opponent.
• **Home Advantage**: Chelsea benefits from playing at home (statistically boosts goal-scoring rate by ~22%).

**Prediction Summary**: Bournemouth is predicted to win this fixture with **42.9%** confidence."
6,2026-10-10,Aston Villa,Brentford,48.16,26.22,25.62,1-1,"• **Team Strength (Elo)**: Matchup is evenly balanced on historical Elo (differential of 28 points).
• **Injuries & Availability**: Aston Villa is healthier with 100% availability vs. 88% for the opponent.
• **Home Advantage**: Aston Villa benefits from playing at home (statistically boosts goal-scoring rate by ~22%).

**Prediction Summary**: Aston Villa is predicted to win this fixture with **48.2%** confidence."
6,2026-10-10,Arsenal,Leeds,64.49,21.05,14.46,2-0,"• **Team Strength (Elo)**: Arsenal is favored due to a higher Elo rating (differential of 149 points).
• **Squad Market Value**: Arsenal has a squad value advantage of €946.2M.
• **Injuries & Availability**: Leeds is healthier with 100% availability vs. 85% for the opponent.
• **Home Advantage**: Arsenal benefits from playing at home (statistically boosts goal-scoring rate by ~22%).

**Prediction Summary**: Arsenal is predicted to win this fixture with **64.5%** confidence."
6,2026-10-10,Crystal Palace,Nott'm Forest,35.07,27.66,37.27,1-1,"• **Team Strength (Elo)**: Matchup is evenly balanced on historical Elo (differential of 11 points).
• **Injuries & Availability**: Nott'm Forest is healthier with 88% availability vs. 85% for the opponent.
• **Home Advantage**: Crystal Palace benefits from playing at home (statistically boosts goal-scoring rate by ~22%).

**Prediction Summary**: This matchup is highly contested with a close outcome probability. A Draw (27.7%) is a very strong possibility."
7,2026-10-17,Man City,Ipswich,71.92,15.86,12.22,2-0,"• **Team Strength (Elo)**: Man City is favored due to a higher Elo rating (differential of 223 points).
• **Squad Market Value**: Man City has a squad value advantage of €1231.3M.
• **Injuries & Availability**: Ipswich is healthier with 100% availability vs. 60% for the opponent.
• **Home Advantage**: Man City benefits from playing at home (statistically boosts goal-scoring rate by ~22%).

**Prediction Summary**: Man City is predicted to win this fixture with **71.9%** confidence."
7,2026-10-17,Tottenham,Coventry,48.97,27.37,23.66,1-1,"• **Team Strength (Elo)**: Tottenham is favored due to a higher Elo rating (differential of 55 points).
• **Squad Market Value**: Tottenham has a squad value advantage of €681.1M.
• **Home Advantage**: Tottenham benefits from playing at home (statistically boosts goal-scoring rate by ~22%).

**Prediction Summary**: Tottenham is predicted to win this fixture with **49.0%** confidence."
7,2026-10-17,Nott'm Forest,Arsenal,18.45,25.0,56.56,1-1,"• **Team Strength (Elo)**: Arsenal is favored due to a higher Elo rating (differential of 139 points).
• **Squad Market Value**: Arsenal has a squad value advantage of €792.2M.
• **Injuries & Availability**: Arsenal is healthier with 100% availability vs. 88% for the opponent.
• **Home Advantage**: Nott'm Forest benefits from playing at home (statistically boosts goal-scoring rate by ~22%).

**Prediction Summary**: Arsenal is predicted to win this fixture with **56.6%** confidence."
7,2026-10-17,Newcastle,Aston Villa,38.18,26.06,35.76,1-1,"• **Team Strength (Elo)**: Aston Villa is favored due to a higher Elo rating (differential of 51 points).
• **Home Advantage**: Newcastle benefits from playing at home (statistically boosts goal-scoring rate by ~22%).

**Prediction Summary**: This matchup is highly contested with a close outcome probability. A Draw (26.1%) is a very strong possibility."
7,2026-10-17,Leeds,Man United,34.06,26.75,39.18,1-1,"• **Team Strength (Elo)**: Man United is favored due to a higher Elo rating (differential of 90 points).
• **Squad Market Value**: Man United has a squad value advantage of €518.8M.
• **Injuries & Availability**: Leeds is healthier with 100% availability vs. 85% for the opponent.
• **Home Advantage**: Leeds benefits from playing at home (statistically boosts goal-scoring rate by ~22%).

**Prediction Summary**: Man United is predicted to win this fixture with **39.2%** confidence."
7,2026-10-17,Bournemouth,Sunderland,51.81,27.78,20.41,1-1,"• **Team Strength (Elo)**: Bournemouth is favored due to a higher Elo rating (differential of 60 points).
• **Squad Market Value**: Bournemouth has a squad value advantage of €138.7M.
• **Home Advantage**: Bournemouth benefits from playing at home (statistically boosts goal-scoring rate by ~22%).

**Prediction Summary**: Bournemouth is predicted to win this fixture with **51.8%** confidence."
7,2026-10-17,Everton,Chelsea,44.65,27.85,27.5,1-1,"• **Team Strength (Elo)**: Matchup is evenly balanced on historical Elo (differential of 13 points).
• **Squad Market Value**: Chelsea has a squad value advantage of €776.9M.
• **Injuries & Availability**: Everton is healthier with 100% availability vs. 82% for the opponent.
• **Home Advantage**: Everton benefits from playing at home (statistically boosts goal-scoring rate by ~22%).

**Prediction Summary**: Everton is predicted to win this fixture with **44.7%** confidence."
7,2026-10-17,Brighton,Crystal Palace,49.35,27.02,23.63,1-1,"• **Team Strength (Elo)**: Matchup is evenly balanced on historical Elo (differential of 28 points).
• **Squad Market Value**: Brighton has a squad value advantage of €137.5M.
• **Injuries & Availability**: Brighton is healthier with 100% availability vs. 85% for the opponent.
• **Home Advantage**: Brighton benefits from playing at home (statistically boosts goal-scoring rate by ~22%).

**Prediction Summary**: Brighton is predicted to win this fixture with **49.3%** confidence."
7,2026-10-17,Brentford,Liverpool,38.71,26.84,34.45,1-1,"• **Team Strength (Elo)**: Matchup is evenly balanced on historical Elo (differential of 43 points).
• **Squad Market Value**: Liverpool has a squad value advantage of €456.2M.
• **Injuries & Availability**: Brentford is healthier with 88% availability vs. 82% for the opponent.
• **Home Advantage**: Brentford benefits from playing at home (statistically boosts goal-scoring rate by ~22%).

**Prediction Summary**: This matchup is highly contested with a close outcome probability. A Draw (26.8%) is a very strong possibility."
7,2026-10-17,Fulham,Hull,49.38,29.59,21.03,1-0,"• **Team Strength (Elo)**: Fulham is favored due to a higher Elo rating (differential of 112 points).
• **Squad Market Value**: Fulham has a squad value advantage of €290.0M.
• **Home Advantage**: Fulham benefits from playing at home (statistically boosts goal-scoring rate by ~22%).

**Prediction Summary**: Fulham is predicted to win this fixture with **49.4%** confidence."
8,2026-10-24,Ipswich,Nott'm Forest,23.61,25.42,50.97,1-1,"• **Team Strength (Elo)**: Nott'm Forest is favored due to a higher Elo rating (differential of 127 points).
• **Squad Market Value**: Nott'm Forest has a squad value advantage of €299.1M.
• **Injuries & Availability**: Ipswich is healthier with 100% availability vs. 88% for the opponent.
• **Home Advantage**: Ipswich benefits from playing at home (statistically boosts goal-scoring rate by ~22%).

**Prediction Summary**: Nott'm Forest is predicted to win this fixture with **51.0%** confidence."
8,2026-10-24,Sunderland,Leeds,37.25,29.73,33.02,1-1,"• **Team Strength (Elo)**: Matchup is evenly balanced on historical Elo (differential of 2 points).
• **Home Advantage**: Sunderland benefits from playing at home (statistically boosts goal-scoring rate by ~22%).

**Prediction Summary**: This matchup is highly contested with a close outcome probability. A Draw (29.7%) is a very strong possibility."
8,2026-10-24,Man United,Bournemouth,42.65,27.5,29.84,1-1,"• **Team Strength (Elo)**: Matchup is evenly balanced on historical Elo (differential of 20 points).
• **Squad Market Value**: Man United has a squad value advantage of €334.7M.
• **Fatigue**: Man United is on short rest (midweek match congestion) while Bournemouth is fully rested.
• **Home Advantage**: Man United benefits from playing at home (statistically boosts goal-scoring rate by ~22%).

**Prediction Summary**: Man United is predicted to win this fixture with **42.7%** confidence."
8,2026-10-24,Liverpool,Brighton,40.73,28.21,31.07,1-1,"• **Team Strength (Elo)**: Matchup is evenly balanced on historical Elo (differential of 36 points).
• **Squad Market Value**: Liverpool has a squad value advantage of €301.5M.
• **Injuries & Availability**: Brighton is healthier with 100% availability vs. 82% for the opponent.
• **Fatigue**: Liverpool is on short rest (midweek match congestion) while Brighton is fully rested.
• **Home Advantage**: Liverpool benefits from playing at home (statistically boosts goal-scoring rate by ~22%).

**Prediction Summary**: Liverpool is predicted to win this fixture with **40.7%** confidence."
8,2026-10-24,Hull,Brentford,17.22,25.95,56.82,0-1,"• **Team Strength (Elo)**: Brentford is favored due to a higher Elo rating (differential of 140 points).
• **Squad Market Value**: Brentford has a squad value advantage of €457.1M.
• **Injuries & Availability**: Hull is healthier with 100% availability vs. 88% for the opponent.
• **Home Advantage**: Hull benefits from playing at home (statistically boosts goal-scoring rate by ~22%).

**Prediction Summary**: Brentford is predicted to win this fixture with **56.8%** confidence."
8,2026-10-24,Arsenal,Everton,64.16,21.37,14.47,1-0,"• **Team Strength (Elo)**: Arsenal is favored due to a higher Elo rating (differential of 140 points).
• **Squad Market Value**: Arsenal has a squad value advantage of €856.9M.
• **Fatigue**: Arsenal is on short rest (midweek match congestion) while Everton is fully rested.
• **Home Advantage**: Arsenal benefits from playing at home (statistically boosts goal-scoring rate by ~22%).

**Prediction Summary**: Arsenal is predicted to win this fixture with **64.2%** confidence."
8,2026-10-24,Coventry,Fulham,32.5,28.13,39.36,1-1,"• **Team Strength (Elo)**: Fulham is favored due to a higher Elo rating (differential of 104 points).
• **Squad Market Value**: Fulham has a squad value advantage of €156.8M.
• **Home Advantage**: Coventry benefits from playing at home (statistically boosts goal-scoring rate by ~22%).

**Prediction Summary**: Fulham is predicted to win this fixture with **39.4%** confidence."
8,2026-10-24,Chelsea,Tottenham,44.89,27.88,27.23,1-1,"• **Team Strength (Elo)**: Chelsea is favored due to a higher Elo rating (differential of 51 points).
• **Squad Market Value**: Chelsea has a squad value advantage of €339.5M.
• **Injuries & Availability**: Tottenham is healthier with 100% availability vs. 82% for the opponent.
• **Fatigue**: Both teams are facing congested schedules (midweek matches).
• **Home Advantage**: Chelsea benefits from playing at home (statistically boosts goal-scoring rate by ~22%).

**Prediction Summary**: Chelsea is predicted to win this fixture with **44.9%** confidence."
8,2026-10-24,Aston Villa,Man City,42.93,26.4,30.67,1-1,"• **Team Strength (Elo)**: Man City is favored due to a higher Elo rating (differential of 51 points).
• **Squad Market Value**: Man City has a squad value advantage of €917.8M.
• **Injuries & Availability**: Aston Villa is healthier with 100% availability vs. 60% for the opponent.
• **Fatigue**: Both teams are facing congested schedules (midweek matches).
• **Home Advantage**: Aston Villa benefits from playing at home (statistically boosts goal-scoring rate by ~22%).

**Prediction Summary**: Aston Villa is predicted to win this fixture with **42.9%** confidence."
8,2026-10-24,Crystal Palace,Newcastle,31.98,25.86,42.16,1-1,"• **Team Strength (Elo)**: Matchup is evenly balanced on historical Elo (differential of 19 points).
• **Injuries & Availability**: Newcastle is healthier with 100% availability vs. 85% for the opponent.
• **Home Advantage**: Crystal Palace benefits from playing at home (statistically boosts goal-scoring rate by ~22%).

**Prediction Summary**: Newcastle is predicted to win this fixture with **42.2%** confidence."
9,2026-10-31,Tottenham,Crystal Palace,42.47,27.97,29.56,1-1,"• **Team Strength (Elo)**: Matchup is evenly balanced on historical Elo (differential of 31 points).
• **Squad Market Value**: Tottenham has a squad value advantage of €340.0M.
• **Injuries & Availability**: Tottenham is healthier with 100% availability vs. 85% for the opponent.
• **Fatigue**: Tottenham is on short rest (midweek match congestion) while Crystal Palace is fully rested.
• **Home Advantage**: Tottenham benefits from playing at home (statistically boosts goal-scoring rate by ~22%).

**Prediction Summary**: Tottenham is predicted to win this fixture with **42.5%** confidence."
9,2026-10-31,Newcastle,Everton,45.09,27.03,27.87,1-1,"• **Team Strength (Elo)**: Matchup is evenly balanced on historical Elo (differential of 5 points).
• **Squad Market Value**: Newcastle has a squad value advantage of €148.6M.
• **Home Advantage**: Newcastle benefits from playing at home (statistically boosts goal-scoring rate by ~22%).

**Prediction Summary**: Newcastle is predicted to win this fixture with **45.1%** confidence."
9,2026-10-31,Man City,Brighton,41.3,26.19,32.51,1-1,"• **Team Strength (Elo)**: Man City is favored due to a higher Elo rating (differential of 70 points).
• **Squad Market Value**: Man City has a squad value advantage of €762.0M.
• **Injuries & Availability**: Brighton is healthier with 100% availability vs. 60% for the opponent.
• **Fatigue**: Man City is on short rest (midweek match congestion) while Brighton is fully rested.
• **Home Advantage**: Man City benefits from playing at home (statistically boosts goal-scoring rate by ~22%).

**Prediction Summary**: Man City is predicted to win this fixture with **41.3%** confidence."
9,2026-10-31,Liverpool,Arsenal,24.01,27.71,48.28,1-1,"• **Team Strength (Elo)**: Arsenal is favored due to a higher Elo rating (differential of 86 points).
• **Squad Market Value**: Arsenal has a squad value advantage of €320.5M.
• **Injuries & Availability**: Arsenal is healthier with 100% availability vs. 82% for the opponent.
• **Fatigue**: Both teams are facing congested schedules (midweek matches).
• **Home Advantage**: Liverpool benefits from playing at home (statistically boosts goal-scoring rate by ~22%).

**Prediction Summary**: Arsenal is predicted to win this fixture with **48.3%** confidence."
9,2026-10-31,Hull,Ipswich,35.19,31.61,33.2,0-0,"• **Team Strength (Elo)**: Matchup is evenly balanced on historical Elo (differential of 1 points).
• **Squad Market Value**: Ipswich has a squad value advantage of €142.5M.
• **Home Advantage**: Hull benefits from playing at home (statistically boosts goal-scoring rate by ~22%).

**Prediction Summary**: This matchup is highly contested with a close outcome probability. A Draw (31.6%) is a very strong possibility."
9,2026-10-31,Chelsea,Man United,28.98,26.48,44.54,1-1,"• **Team Strength (Elo)**: Man United is favored due to a higher Elo rating (differential of 71 points).
• **Squad Market Value**: Chelsea has a squad value advantage of €347.5M.
• **Injuries & Availability**: Man United is healthier with 100% availability vs. 82% for the opponent.
• **Fatigue**: Both teams are facing congested schedules (midweek matches).
• **Home Advantage**: Chelsea benefits from playing at home (statistically boosts goal-scoring rate by ~22%).

**Prediction Summary**: Man United is predicted to win this fixture with **44.5%** confidence."
9,2026-10-31,Brentford,Nott'm Forest,38.95,27.5,33.55,1-1,"• **Team Strength (Elo)**: Matchup is evenly balanced on historical Elo (differential of 15 points).
• **Injuries & Availability**: Nott'm Forest is healthier with 100% availability vs. 88% for the opponent.
• **Home Advantage**: Brentford benefits from playing at home (statistically boosts goal-scoring rate by ~22%).

**Prediction Summary**: Brentford is predicted to win this fixture with **39.0%** confidence."
9,2026-10-31,Aston Villa,Fulham,47.25,28.31,24.45,1-1,"• **Team Strength (Elo)**: Matchup is evenly balanced on historical Elo (differential of 47 points).
• **Squad Market Value**: Aston Villa has a squad value advantage of €166.0M.
• **Fatigue**: Aston Villa is on short rest (midweek match congestion) while Fulham is fully rested.
• **Home Advantage**: Aston Villa benefits from playing at home (statistically boosts goal-scoring rate by ~22%).

**Prediction Summary**: Aston Villa is predicted to win this fixture with **47.2%** confidence."
9,2026-10-31,Bournemouth,Leeds,52.31,25.98,21.71,1-1,"• **Team Strength (Elo)**: Bournemouth is favored due to a higher Elo rating (differential of 63 points).
• **Squad Market Value**: Bournemouth has a squad value advantage of €184.1M.
• **Home Advantage**: Bournemouth benefits from playing at home (statistically boosts goal-scoring rate by ~22%).

**Prediction Summary**: Bournemouth is predicted to win this fixture with **52.3%** confidence."
9,2026-10-31,Coventry,Sunderland,34.0,27.9,38.1,1-1,"• **Team Strength (Elo)**: Sunderland is favored due to a higher Elo rating (differential of 90 points).
• **Squad Market Value**: Sunderland has a squad value advantage of €199.8M.
• **Home Advantage**: Coventry benefits from playing at home (statistically boosts goal-scoring rate by ~22%).

**Prediction Summary**: This matchup is highly contested with a close outcome probability. A Draw (27.9%) is a very strong possibility."
10,2026-11-07,Leeds,Tottenham,49.79,26.65,23.56,1-1,"• **Team Strength (Elo)**: Matchup is evenly balanced on historical Elo (differential of 31 points).
• **Squad Market Value**: Tottenham has a squad value advantage of €526.7M.
• **Injuries & Availability**: Leeds is healthier with 100% availability vs. 88% for the opponent.
• **Fatigue**: Tottenham is on short rest (midweek match congestion) while Leeds is fully rested.
• **Home Advantage**: Leeds benefits from playing at home (statistically boosts goal-scoring rate by ~22%).

**Prediction Summary**: Leeds is predicted to win this fixture with **49.8%** confidence."
10,2026-11-07,Sunderland,Chelsea,40.6,30.52,28.88,1-1,"• **Team Strength (Elo)**: Matchup is evenly balanced on historical Elo (differential of 19 points).
• **Squad Market Value**: Chelsea has a squad value advantage of €820.8M.
• **Injuries & Availability**: Sunderland is healthier with 100% availability vs. 82% for the opponent.
• **Fatigue**: Chelsea is on short rest (midweek match congestion) while Sunderland is fully rested.
• **Home Advantage**: Sunderland benefits from playing at home (statistically boosts goal-scoring rate by ~22%).

**Prediction Summary**: Sunderland is predicted to win this fixture with **40.6%** confidence."
10,2026-11-07,Nott'm Forest,Man City,40.76,27.81,31.43,1-1,"• **Team Strength (Elo)**: Man City is favored due to a higher Elo rating (differential of 90 points).
• **Squad Market Value**: Man City has a squad value advantage of €932.2M.
• **Injuries & Availability**: Nott'm Forest is healthier with 100% availability vs. 60% for the opponent.
• **Fatigue**: Man City is on short rest (midweek match congestion) while Nott'm Forest is fully rested.
• **Home Advantage**: Nott'm Forest benefits from playing at home (statistically boosts goal-scoring rate by ~22%).

**Prediction Summary**: Nott'm Forest is predicted to win this fixture with **40.8%** confidence."
10,2026-11-07,Man United,Aston Villa,43.19,27.92,28.89,1-1,"• **Team Strength (Elo)**: Matchup is evenly balanced on historical Elo (differential of 21 points).
• **Squad Market Value**: Man United has a squad value advantage of €350.3M.
• **Fatigue**: Both teams are facing congested schedules (midweek matches).
• **Home Advantage**: Man United benefits from playing at home (statistically boosts goal-scoring rate by ~22%).

**Prediction Summary**: Man United is predicted to win this fixture with **43.2%** confidence."
10,2026-11-07,Ipswich,Bournemouth,13.29,19.56,67.16,0-2,"• **Team Strength (Elo)**: Bournemouth is favored due to a higher Elo rating (differential of 183 points).
• **Squad Market Value**: Bournemouth has a squad value advantage of €329.2M.
• **Home Advantage**: Ipswich benefits from playing at home (statistically boosts goal-scoring rate by ~22%).

**Prediction Summary**: Bournemouth is predicted to win this fixture with **67.2%** confidence."
10,2026-11-07,Brighton,Brentford,45.07,26.77,28.15,1-1,"• **Team Strength (Elo)**: Matchup is evenly balanced on historical Elo (differential of 4 points).
• **Squad Market Value**: Brighton has a squad value advantage of €154.7M.
• **Injuries & Availability**: Brighton is healthier with 100% availability vs. 88% for the opponent.
• **Home Advantage**: Brighton benefits from playing at home (statistically boosts goal-scoring rate by ~22%).

**Prediction Summary**: Brighton is predicted to win this fixture with **45.1%** confidence."
10,2026-11-07,Everton,Coventry,52.24,24.66,23.11,1-1,"• **Team Strength (Elo)**: Everton is favored due to a higher Elo rating (differential of 98 points).
• **Squad Market Value**: Everton has a squad value advantage of €243.8M.
• **Home Advantage**: Everton benefits from playing at home (statistically boosts goal-scoring rate by ~22%).

**Prediction Summary**: Everton is predicted to win this fixture with **52.2%** confidence."
10,2026-11-07,Crystal Palace,Liverpool,28.82,27.99,43.19,1-1,"• **Team Strength (Elo)**: Liverpool is favored due to a higher Elo rating (differential of 73 points).
• **Squad Market Value**: Liverpool has a squad value advantage of €439.0M.
• **Injuries & Availability**: Both squads are dealing with minor availability losses (~18% out).
• **Fatigue**: Liverpool is on short rest (midweek match congestion) while Crystal Palace is fully rested.
• **Home Advantage**: Crystal Palace benefits from playing at home (statistically boosts goal-scoring rate by ~22%).

**Prediction Summary**: Liverpool is predicted to win this fixture with **43.2%** confidence."
10,2026-11-07,Fulham,Newcastle,35.33,28.1,36.57,1-1,"• **Team Strength (Elo)**: Matchup is evenly balanced on historical Elo (differential of 8 points).
• **Squad Market Value**: Newcastle has a squad value advantage of €235.6M.
• **Home Advantage**: Fulham benefits from playing at home (statistically boosts goal-scoring rate by ~22%).

**Prediction Summary**: This matchup is highly contested with a close outcome probability. A Draw (28.1%) is a very strong possibility."
10,2026-11-07,Arsenal,Hull,43.89,27.16,28.95,0-1,"• **Team Strength (Elo)**: Arsenal is favored due to a higher Elo rating (differential of 250 points).
• **Squad Market Value**: Arsenal has a squad value advantage of €1233.8M.
• **Fatigue**: Arsenal is on short rest (midweek match congestion) while Hull is fully rested.
• **Home Advantage**: Arsenal benefits from playing at home (statistically boosts goal-scoring rate by ~22%).

**Prediction Summary**: Arsenal is predicted to win this fixture with **43.9%** confidence."
11,2026-11-21,Tottenham,Ipswich,60.31,23.33,16.36,1-1,"• **Team Strength (Elo)**: Tottenham is favored due to a higher Elo rating (differential of 84 points).
• **Squad Market Value**: Tottenham has a squad value advantage of €671.8M.
• **Injuries & Availability**: Ipswich is healthier with 100% availability vs. 88% for the opponent.
• **Home Advantage**: Tottenham benefits from playing at home (statistically boosts goal-scoring rate by ~22%).

**Prediction Summary**: Tottenham is predicted to win this fixture with **60.3%** confidence."
11,2026-11-21,Newcastle,Arsenal,27.7,26.05,46.25,1-1,"• **Team Strength (Elo)**: Arsenal is favored due to a higher Elo rating (differential of 132 points).
• **Squad Market Value**: Arsenal has a squad value advantage of €708.2M.
• **Injuries & Availability**: Newcastle is healthier with 100% availability vs. 85% for the opponent.
• **Home Advantage**: Newcastle benefits from playing at home (statistically boosts goal-scoring rate by ~22%).

**Prediction Summary**: Arsenal is predicted to win this fixture with **46.3%** confidence."
11,2026-11-21,Man City,Fulham,50.21,25.33,24.46,1-0,"• **Team Strength (Elo)**: Man City is favored due to a higher Elo rating (differential of 93 points).
• **Squad Market Value**: Man City has a squad value advantage of €1083.8M.
• **Injuries & Availability**: Fulham is healthier with 100% availability vs. 62% for the opponent.
• **Home Advantage**: Man City benefits from playing at home (statistically boosts goal-scoring rate by ~22%).

**Prediction Summary**: Man City is predicted to win this fixture with **50.2%** confidence."
11,2026-11-21,Liverpool,Man United,45.03,25.02,29.95,1-1,"• **Team Strength (Elo)**: Matchup is evenly balanced on historical Elo (differential of 17 points).
• **Squad Market Value**: Liverpool has a squad value advantage of €107.0M.
• **Home Advantage**: Liverpool benefits from playing at home (statistically boosts goal-scoring rate by ~22%).

**Prediction Summary**: Liverpool is predicted to win this fixture with **45.0%** confidence."
11,2026-11-21,Hull,Brighton,16.93,32.02,51.05,0-1,"• **Team Strength (Elo)**: Brighton is favored due to a higher Elo rating (differential of 148 points).
• **Squad Market Value**: Brighton has a squad value advantage of €611.9M.
• **Home Advantage**: Hull benefits from playing at home (statistically boosts goal-scoring rate by ~22%).

**Prediction Summary**: Brighton is predicted to win this fixture with **51.1%** confidence."
11,2026-11-21,Chelsea,Leeds,45.86,26.14,28.0,1-1,"• **Team Strength (Elo)**: Matchup is evenly balanced on historical Elo (differential of 14 points).
• **Squad Market Value**: Chelsea has a squad value advantage of €866.2M.
• **Home Advantage**: Chelsea benefits from playing at home (statistically boosts goal-scoring rate by ~22%).

**Prediction Summary**: Chelsea is predicted to win this fixture with **45.9%** confidence."
11,2026-11-21,Brentford,Everton,48.08,25.97,25.94,1-1,"• **Team Strength (Elo)**: Matchup is evenly balanced on historical Elo (differential of 24 points).
• **Home Advantage**: Brentford benefits from playing at home (statistically boosts goal-scoring rate by ~22%).

**Prediction Summary**: Brentford is predicted to win this fixture with **48.1%** confidence."
11,2026-11-21,Aston Villa,Sunderland,52.46,27.49,20.05,1-0,"• **Team Strength (Elo)**: Aston Villa is favored due to a higher Elo rating (differential of 66 points).
• **Squad Market Value**: Aston Villa has a squad value advantage of €123.0M.
• **Home Advantage**: Aston Villa benefits from playing at home (statistically boosts goal-scoring rate by ~22%).

**Prediction Summary**: Aston Villa is predicted to win this fixture with **52.5%** confidence."
11,2026-11-21,Bournemouth,Nott'm Forest,45.41,26.02,28.57,1-1,"• **Team Strength (Elo)**: Matchup is evenly balanced on historical Elo (differential of 42 points).
• **Injuries & Availability**: Nott'm Forest is healthier with 100% availability vs. 90% for the opponent.
• **Home Advantage**: Bournemouth benefits from playing at home (statistically boosts goal-scoring rate by ~22%).

**Prediction Summary**: Bournemouth is predicted to win this fixture with **45.4%** confidence."
11,2026-11-21,Coventry,Crystal Palace,36.31,25.7,37.99,1-1,"• **Team Strength (Elo)**: Crystal Palace is favored due to a higher Elo rating (differential of 88 points).
• **Squad Market Value**: Crystal Palace has a squad value advantage of €341.2M.
• **Home Advantage**: Coventry benefits from playing at home (statistically boosts goal-scoring rate by ~22%).

**Prediction Summary**: This matchup is highly contested with a close outcome probability. A Draw (25.7%) is a very strong possibility."
12,2026-11-28,Leeds,Coventry,49.28,25.44,25.28,1-1,"• **Team Strength (Elo)**: Leeds is favored due to a higher Elo rating (differential of 84 points).
• **Squad Market Value**: Leeds has a squad value advantage of €154.5M.
• **Home Advantage**: Leeds benefits from playing at home (statistically boosts goal-scoring rate by ~22%).

**Prediction Summary**: Leeds is predicted to win this fixture with **49.3%** confidence."
12,2026-11-28,Sunderland,Tottenham,45.79,28.51,25.69,1-1,"• **Team Strength (Elo)**: Matchup is evenly balanced on historical Elo (differential of 28 points).
• **Squad Market Value**: Tottenham has a squad value advantage of €481.3M.
• **Injuries & Availability**: Sunderland is healthier with 100% availability vs. 88% for the opponent.
• **Fatigue**: Tottenham is on short rest (midweek match congestion) while Sunderland is fully rested.
• **Home Advantage**: Sunderland benefits from playing at home (statistically boosts goal-scoring rate by ~22%).

**Prediction Summary**: Sunderland is predicted to win this fixture with **45.8%** confidence."
12,2026-11-28,Nott'm Forest,Chelsea,43.74,27.83,28.43,1-1,"• **Team Strength (Elo)**: Matchup is evenly balanced on historical Elo (differential of 6 points).
• **Squad Market Value**: Chelsea has a squad value advantage of €712.2M.
• **Fatigue**: Chelsea is on short rest (midweek match congestion) while Nott'm Forest is fully rested.
• **Home Advantage**: Nott'm Forest benefits from playing at home (statistically boosts goal-scoring rate by ~22%).

**Prediction Summary**: Nott'm Forest is predicted to win this fixture with **43.7%** confidence."
12,2026-11-28,Man United,Brentford,46.98,25.83,27.2,1-1,"• **Team Strength (Elo)**: Matchup is evenly balanced on historical Elo (differential of 46 points).
• **Squad Market Value**: Man United has a squad value advantage of €349.2M.
• **Fatigue**: Man United is on short rest (midweek match congestion) while Brentford is fully rested.
• **Home Advantage**: Man United benefits from playing at home (statistically boosts goal-scoring rate by ~22%).

**Prediction Summary**: Man United is predicted to win this fixture with **47.0%** confidence."
12,2026-11-28,Ipswich,Aston Villa,15.63,19.7,64.67,0-2,"• **Team Strength (Elo)**: Aston Villa is favored due to a higher Elo rating (differential of 188 points).
• **Squad Market Value**: Aston Villa has a squad value advantage of €313.5M.
• **Fatigue**: Aston Villa is on short rest (midweek match congestion) while Ipswich is fully rested.
• **Home Advantage**: Ipswich benefits from playing at home (statistically boosts goal-scoring rate by ~22%).

**Prediction Summary**: Aston Villa is predicted to win this fixture with **64.7%** confidence."
12,2026-11-28,Fulham,Bournemouth,36.69,28.39,34.93,1-1,"• **Team Strength (Elo)**: Bournemouth is favored due to a higher Elo rating (differential of 53 points).
• **Squad Market Value**: Bournemouth has a squad value advantage of €181.7M.
• **Injuries & Availability**: Fulham is healthier with 100% availability vs. 90% for the opponent.
• **Home Advantage**: Fulham benefits from playing at home (statistically boosts goal-scoring rate by ~22%).

**Prediction Summary**: This matchup is highly contested with a close outcome probability. A Draw (28.4%) is a very strong possibility."
12,2026-11-28,Everton,Liverpool,31.89,27.18,40.93,1-1,"• **Team Strength (Elo)**: Liverpool is favored due to a higher Elo rating (differential of 66 points).
• **Squad Market Value**: Liverpool has a squad value advantage of €536.4M.
• **Fatigue**: Liverpool is on short rest (midweek match congestion) while Everton is fully rested.
• **Home Advantage**: Everton benefits from playing at home (statistically boosts goal-scoring rate by ~22%).

**Prediction Summary**: Liverpool is predicted to win this fixture with **40.9%** confidence."
12,2026-11-28,Crystal Palace,Hull,42.21,39.82,17.97,0-0,"• **Team Strength (Elo)**: Crystal Palace is favored due to a higher Elo rating (differential of 98 points).
• **Squad Market Value**: Crystal Palace has a squad value advantage of €474.4M.
• **Home Advantage**: Crystal Palace benefits from playing at home (statistically boosts goal-scoring rate by ~22%).

**Prediction Summary**: Crystal Palace is predicted to win this fixture with **42.2%** confidence."
12,2026-11-28,Brighton,Newcastle,42.37,27.14,30.49,1-1,"• **Team Strength (Elo)**: Matchup is evenly balanced on historical Elo (differential of 19 points).
• **Home Advantage**: Brighton benefits from playing at home (statistically boosts goal-scoring rate by ~22%).

**Prediction Summary**: Brighton is predicted to win this fixture with **42.4%** confidence."
12,2026-11-28,Arsenal,Man City,51.93,27.0,21.07,1-1,"• **Team Strength (Elo)**: Matchup is evenly balanced on historical Elo (differential of 44 points).
• **Squad Market Value**: Man City has a squad value advantage of €140.0M.
• **Injuries & Availability**: Arsenal is healthier with 85% availability vs. 62% for the opponent.
• **Fatigue**: Both teams are facing congested schedules (midweek matches).
• **Home Advantage**: Arsenal benefits from playing at home (statistically boosts goal-scoring rate by ~22%).

**Prediction Summary**: Arsenal is predicted to win this fixture with **51.9%** confidence."
13,2026-12-02,Tottenham,Fulham,35.51,28.18,36.31,1-1,"• **Team Strength (Elo)**: Matchup is evenly balanced on historical Elo (differential of 48 points).
• **Squad Market Value**: Tottenham has a squad value advantage of €524.3M.
• **Injuries & Availability**: Fulham is healthier with 100% availability vs. 88% for the opponent.
• **Home Advantage**: Tottenham benefits from playing at home (statistically boosts goal-scoring rate by ~22%).

**Prediction Summary**: This matchup is highly contested with a close outcome probability. A Draw (28.2%) is a very strong possibility."
13,2026-12-02,Newcastle,Man United,35.74,24.79,39.47,1-1,"• **Team Strength (Elo)**: Man United is favored due to a higher Elo rating (differential of 66 points).
• **Squad Market Value**: Man United has a squad value advantage of €280.8M.
• **Home Advantage**: Newcastle benefits from playing at home (statistically boosts goal-scoring rate by ~22%).

**Prediction Summary**: This matchup is highly contested with a close outcome probability. A Draw (24.8%) is a very strong possibility."
13,2026-12-02,Man City,Leeds,48.75,25.01,26.24,1-1,"• **Team Strength (Elo)**: Man City is favored due to a higher Elo rating (differential of 102 points).
• **Squad Market Value**: Man City has a squad value advantage of €1086.2M.
• **Injuries & Availability**: Leeds is healthier with 100% availability vs. 62% for the opponent.
• **Home Advantage**: Man City benefits from playing at home (statistically boosts goal-scoring rate by ~22%).

**Prediction Summary**: Man City is predicted to win this fixture with **48.7%** confidence."
13,2026-12-02,Liverpool,Sunderland,50.1,27.14,22.76,1-1,"• **Team Strength (Elo)**: Liverpool is favored due to a higher Elo rating (differential of 72 points).
• **Squad Market Value**: Liverpool has a squad value advantage of €580.3M.
• **Injuries & Availability**: Sunderland is healthier with 100% availability vs. 80% for the opponent.
• **Home Advantage**: Liverpool benefits from playing at home (statistically boosts goal-scoring rate by ~22%).

**Prediction Summary**: Liverpool is predicted to win this fixture with **50.1%** confidence."
13,2026-12-02,Hull,Nott'm Forest,14.65,34.48,50.87,0-1,"• **Team Strength (Elo)**: Nott'm Forest is favored due to a higher Elo rating (differential of 131 points).
• **Squad Market Value**: Nott'm Forest has a squad value advantage of €441.6M.
• **Home Advantage**: Hull benefits from playing at home (statistically boosts goal-scoring rate by ~22%).

**Prediction Summary**: Nott'm Forest is predicted to win this fixture with **50.9%** confidence."
13,2026-12-02,Coventry,Ipswich,44.51,27.42,28.07,1-1,"• **Team Strength (Elo)**: Matchup is evenly balanced on historical Elo (differential of 28 points).
• **Home Advantage**: Coventry benefits from playing at home (statistically boosts goal-scoring rate by ~22%).

**Prediction Summary**: Coventry is predicted to win this fixture with **44.5%** confidence."
13,2026-12-02,Chelsea,Crystal Palace,45.93,26.86,27.21,1-1,"• **Team Strength (Elo)**: Matchup is evenly balanced on historical Elo (differential of 18 points).
• **Squad Market Value**: Chelsea has a squad value advantage of €679.5M.
• **Home Advantage**: Chelsea benefits from playing at home (statistically boosts goal-scoring rate by ~22%).

**Prediction Summary**: Chelsea is predicted to win this fixture with **45.9%** confidence."
13,2026-12-02,Brentford,Arsenal,28.9,27.78,43.31,1-1,"• **Team Strength (Elo)**: Arsenal is favored due to a higher Elo rating (differential of 117 points).
• **Squad Market Value**: Arsenal has a squad value advantage of €776.7M.
• **Injuries & Availability**: Brentford is healthier with 100% availability vs. 85% for the opponent.
• **Home Advantage**: Brentford benefits from playing at home (statistically boosts goal-scoring rate by ~22%).

**Prediction Summary**: Arsenal is predicted to win this fixture with **43.3%** confidence."
13,2026-12-02,Aston Villa,Everton,55.52,25.57,18.91,1-1,"• **Team Strength (Elo)**: Aston Villa is favored due to a higher Elo rating (differential of 62 points).
• **Injuries & Availability**: Aston Villa is healthier with 100% availability vs. 88% for the opponent.
• **Home Advantage**: Aston Villa benefits from playing at home (statistically boosts goal-scoring rate by ~22%).

**Prediction Summary**: Aston Villa is predicted to win this fixture with **55.5%** confidence."
13,2026-12-02,Bournemouth,Brighton,39.93,26.96,33.1,1-1,"• **Team Strength (Elo)**: Matchup is evenly balanced on historical Elo (differential of 20 points).
• **Squad Market Value**: Brighton has a squad value advantage of €140.1M.
• **Injuries & Availability**: Brighton is healthier with 100% availability vs. 90% for the opponent.
• **Home Advantage**: Bournemouth benefits from playing at home (statistically boosts goal-scoring rate by ~22%).

**Prediction Summary**: Bournemouth is predicted to win this fixture with **39.9%** confidence."
14,2026-12-05,Nott'm Forest,Brighton,39.43,28.98,31.58,1-1,"• **Team Strength (Elo)**: Matchup is evenly balanced on historical Elo (differential of 21 points).
• **Squad Market Value**: Brighton has a squad value advantage of €170.2M.
• **Fatigue**: Both teams are facing congested schedules (midweek matches).
• **Home Advantage**: Nott'm Forest benefits from playing at home (statistically boosts goal-scoring rate by ~22%).

**Prediction Summary**: Nott'm Forest is predicted to win this fixture with **39.4%** confidence."
14,2026-12-05,Newcastle,Sunderland,46.25,28.32,25.43,1-1,"• **Team Strength (Elo)**: Matchup is evenly balanced on historical Elo (differential of 19 points).
• **Squad Market Value**: Newcastle has a squad value advantage of €192.6M.
• **Fatigue**: Both teams are facing congested schedules (midweek matches).
• **Home Advantage**: Newcastle benefits from playing at home (statistically boosts goal-scoring rate by ~22%).

**Prediction Summary**: Newcastle is predicted to win this fixture with **46.2%** confidence."
14,2026-12-05,Man United,Coventry,53.24,26.92,19.83,1-0,"• **Team Strength (Elo)**: Man United is favored due to a higher Elo rating (differential of 166 points).
• **Squad Market Value**: Man United has a squad value advantage of €673.2M.
• **Fatigue**: Both teams are facing congested schedules (midweek matches).
• **Home Advantage**: Man United benefits from playing at home (statistically boosts goal-scoring rate by ~22%).

**Prediction Summary**: Man United is predicted to win this fixture with **53.2%** confidence."
14,2026-12-05,Leeds,Ipswich,70.06,18.34,11.6,2-0,"• **Team Strength (Elo)**: Leeds is favored due to a higher Elo rating (differential of 122 points).
• **Squad Market Value**: Leeds has a squad value advantage of €145.1M.
• **Fatigue**: Both teams are facing congested schedules (midweek matches).
• **Home Advantage**: Leeds benefits from playing at home (statistically boosts goal-scoring rate by ~22%).

**Prediction Summary**: Leeds is predicted to win this fixture with **70.1%** confidence."
14,2026-12-05,Tottenham,Arsenal,16.44,21.35,62.21,0-2,"• **Team Strength (Elo)**: Arsenal is favored due to a higher Elo rating (differential of 194 points).
• **Squad Market Value**: Arsenal has a squad value advantage of €419.5M.
• **Injuries & Availability**: Tottenham is healthier with 88% availability vs. 85% for the opponent.
• **Fatigue**: Both teams are facing congested schedules (midweek matches).
• **Home Advantage**: Tottenham benefits from playing at home (statistically boosts goal-scoring rate by ~22%).

**Prediction Summary**: Arsenal is predicted to win this fixture with **62.2%** confidence."
14,2026-12-05,Chelsea,Liverpool,40.74,27.64,31.62,1-1,"• **Team Strength (Elo)**: Liverpool is favored due to a higher Elo rating (differential of 57 points).
• **Squad Market Value**: Chelsea has a squad value advantage of €240.5M.
• **Injuries & Availability**: Chelsea is healthier with 100% availability vs. 80% for the opponent.
• **Fatigue**: Both teams are facing congested schedules (midweek matches).
• **Home Advantage**: Chelsea benefits from playing at home (statistically boosts goal-scoring rate by ~22%).

**Prediction Summary**: Chelsea is predicted to win this fixture with **40.7%** confidence."
14,2026-12-05,Brentford,Man City,42.63,25.98,31.39,1-1,"• **Team Strength (Elo)**: Man City is favored due to a higher Elo rating (differential of 66 points).
• **Squad Market Value**: Man City has a squad value advantage of €916.7M.
• **Injuries & Availability**: Brentford is healthier with 100% availability vs. 62% for the opponent.
• **Fatigue**: Both teams are facing congested schedules (midweek matches).
• **Home Advantage**: Brentford benefits from playing at home (statistically boosts goal-scoring rate by ~22%).

**Prediction Summary**: Brentford is predicted to win this fixture with **42.6%** confidence."
14,2026-12-05,Aston Villa,Crystal Palace,52.78,27.15,20.07,1-1,"• **Team Strength (Elo)**: Aston Villa is favored due to a higher Elo rating (differential of 70 points).
• **Fatigue**: Both teams are facing congested schedules (midweek matches).
• **Home Advantage**: Aston Villa benefits from playing at home (statistically boosts goal-scoring rate by ~22%).

**Prediction Summary**: Aston Villa is predicted to win this fixture with **52.8%** confidence."
14,2026-12-05,Bournemouth,Hull,37.41,38.7,23.88,0-0,"• **Team Strength (Elo)**: Bournemouth is favored due to a higher Elo rating (differential of 160 points).
• **Squad Market Value**: Bournemouth has a squad value advantage of €471.7M.
• **Injuries & Availability**: Hull is healthier with 100% availability vs. 90% for the opponent.
• **Fatigue**: Both teams are facing congested schedules (midweek matches).
• **Home Advantage**: Bournemouth benefits from playing at home (statistically boosts goal-scoring rate by ~22%).

**Prediction Summary**: Bournemouth is predicted to win this fixture with **37.4%** confidence."
14,2026-12-05,Everton,Fulham,35.01,29.65,35.34,0-0,"• **Team Strength (Elo)**: Matchup is evenly balanced on historical Elo (differential of 14 points).
• **Injuries & Availability**: Fulham is healthier with 100% availability vs. 88% for the opponent.
• **Fatigue**: Both teams are facing congested schedules (midweek matches).
• **Home Advantage**: Everton benefits from playing at home (statistically boosts goal-scoring rate by ~22%).

**Prediction Summary**: This matchup is highly contested with a close outcome probability. A Draw (29.6%) is a very strong possibility."
15,2026-12-12,Sunderland,Nott'm Forest,32.39,28.59,39.02,1-1,"• **Team Strength (Elo)**: Matchup is evenly balanced on historical Elo (differential of 31 points).
• **Squad Market Value**: Nott'm Forest has a squad value advantage of €108.6M.
• **Home Advantage**: Sunderland benefits from playing at home (statistically boosts goal-scoring rate by ~22%).

**Prediction Summary**: Nott'm Forest is predicted to win this fixture with **39.0%** confidence."
15,2026-12-12,Man City,Chelsea,45.5,26.23,28.27,1-0,"• **Team Strength (Elo)**: Man City is favored due to a higher Elo rating (differential of 81 points).
• **Squad Market Value**: Man City has a squad value advantage of €220.0M.
• **Injuries & Availability**: Chelsea is healthier with 100% availability vs. 62% for the opponent.
• **Fatigue**: Both teams are facing congested schedules (midweek matches).
• **Home Advantage**: Man City benefits from playing at home (statistically boosts goal-scoring rate by ~22%).

**Prediction Summary**: Man City is predicted to win this fixture with **45.5%** confidence."
15,2026-12-12,Liverpool,Leeds,49.31,24.97,25.73,1-1,"• **Team Strength (Elo)**: Liverpool is favored due to a higher Elo rating (differential of 62 points).
• **Squad Market Value**: Liverpool has a squad value advantage of €625.7M.
• **Injuries & Availability**: Leeds is healthier with 100% availability vs. 80% for the opponent.
• **Fatigue**: Liverpool is on short rest (midweek match congestion) while Leeds is fully rested.
• **Home Advantage**: Liverpool benefits from playing at home (statistically boosts goal-scoring rate by ~22%).

**Prediction Summary**: Liverpool is predicted to win this fixture with **49.3%** confidence."
15,2026-12-12,Ipswich,Newcastle,14.83,20.7,64.48,1-1,"• **Team Strength (Elo)**: Newcastle is favored due to a higher Elo rating (differential of 153 points).
• **Squad Market Value**: Newcastle has a squad value advantage of €383.1M.
• **Home Advantage**: Ipswich benefits from playing at home (statistically boosts goal-scoring rate by ~22%).

**Prediction Summary**: Newcastle is predicted to win this fixture with **64.5%** confidence."
15,2026-12-12,Hull,Tottenham,17.59,39.43,42.98,0-0,"• **Team Strength (Elo)**: Tottenham is favored due to a higher Elo rating (differential of 72 points).
• **Squad Market Value**: Tottenham has a squad value advantage of €814.4M.
• **Fatigue**: Tottenham is on short rest (midweek match congestion) while Hull is fully rested.
• **Home Advantage**: Hull benefits from playing at home (statistically boosts goal-scoring rate by ~22%).

**Prediction Summary**: Tottenham is predicted to win this fixture with **43.0%** confidence."
15,2026-12-12,Fulham,Brentford,34.66,27.41,37.93,1-1,"• **Team Strength (Elo)**: Matchup is evenly balanced on historical Elo (differential of 26 points).
• **Squad Market Value**: Brentford has a squad value advantage of €167.1M.
• **Home Advantage**: Fulham benefits from playing at home (statistically boosts goal-scoring rate by ~22%).

**Prediction Summary**: This matchup is highly contested with a close outcome probability. A Draw (27.4%) is a very strong possibility."
15,2026-12-12,Crystal Palace,Man United,29.97,28.74,41.29,1-1,"• **Team Strength (Elo)**: Man United is favored due to a higher Elo rating (differential of 88 points).
• **Squad Market Value**: Man United has a squad value advantage of €332.0M.
• **Fatigue**: Man United is on short rest (midweek match congestion) while Crystal Palace is fully rested.
• **Home Advantage**: Crystal Palace benefits from playing at home (statistically boosts goal-scoring rate by ~22%).

**Prediction Summary**: Man United is predicted to win this fixture with **41.3%** confidence."
15,2026-12-12,Coventry,Aston Villa,36.96,24.35,38.69,1-1,"• **Team Strength (Elo)**: Aston Villa is favored due to a higher Elo rating (differential of 149 points).
• **Squad Market Value**: Aston Villa has a squad value advantage of €322.9M.
• **Injuries & Availability**: Coventry is healthier with 100% availability vs. 85% for the opponent.
• **Fatigue**: Aston Villa is on short rest (midweek match congestion) while Coventry is fully rested.
• **Home Advantage**: Coventry benefits from playing at home (statistically boosts goal-scoring rate by ~22%).

**Prediction Summary**: This matchup is highly contested with a close outcome probability. A Draw (24.3%) is a very strong possibility."
15,2026-12-12,Brighton,Everton,50.47,26.17,23.35,1-1,"• **Team Strength (Elo)**: Matchup is evenly balanced on historical Elo (differential of 38 points).
• **Squad Market Value**: Brighton has a squad value advantage of €234.9M.
• **Injuries & Availability**: Brighton is healthier with 100% availability vs. 88% for the opponent.
• **Home Advantage**: Brighton benefits from playing at home (statistically boosts goal-scoring rate by ~22%).

**Prediction Summary**: Brighton is predicted to win this fixture with **50.5%** confidence."
15,2026-12-12,Arsenal,Bournemouth,61.53,21.28,17.19,1-0,"• **Team Strength (Elo)**: Arsenal is favored due to a higher Elo rating (differential of 98 points).
• **Squad Market Value**: Arsenal has a squad value advantage of €762.1M.
• **Injuries & Availability**: Bournemouth is healthier with 90% availability vs. 85% for the opponent.
• **Fatigue**: Arsenal is on short rest (midweek match congestion) while Bournemouth is fully rested.
• **Home Advantage**: Arsenal benefits from playing at home (statistically boosts goal-scoring rate by ~22%).

**Prediction Summary**: Arsenal is predicted to win this fixture with **61.5%** confidence."
16,2026-12-19,Nott'm Forest,Everton,49.07,26.41,24.52,1-1,"• **Team Strength (Elo)**: Matchup is evenly balanced on historical Elo (differential of 21 points).
• **Injuries & Availability**: Nott'm Forest is healthier with 100% availability vs. 88% for the opponent.
• **Home Advantage**: Nott'm Forest benefits from playing at home (statistically boosts goal-scoring rate by ~22%).

**Prediction Summary**: Nott'm Forest is predicted to win this fixture with **49.1%** confidence."
16,2026-12-19,Man City,Hull,32.46,37.74,29.8,0-0,"• **Team Strength (Elo)**: Man City is favored due to a higher Elo rating (differential of 192 points).
• **Squad Market Value**: Man City has a squad value advantage of €1373.8M.
• **Injuries & Availability**: Hull is healthier with 100% availability vs. 62% for the opponent.
• **Fatigue**: Man City is on short rest (midweek match congestion) while Hull is fully rested.
• **Home Advantage**: Man City benefits from playing at home (statistically boosts goal-scoring rate by ~22%).

**Prediction Summary**: This matchup is highly contested with a close outcome probability. A Draw (37.7%) is a very strong possibility."
16,2026-12-19,Liverpool,Tottenham,56.52,23.01,20.47,1-1,"• **Team Strength (Elo)**: Liverpool is favored due to a higher Elo rating (differential of 99 points).
• **Injuries & Availability**: Tottenham is healthier with 100% availability vs. 80% for the opponent.
• **Fatigue**: Both teams are facing congested schedules (midweek matches).
• **Home Advantage**: Liverpool benefits from playing at home (statistically boosts goal-scoring rate by ~22%).

**Prediction Summary**: Liverpool is predicted to win this fixture with **56.5%** confidence."
16,2026-12-19,Leeds,Fulham,40.53,27.78,31.69,1-1,"• **Team Strength (Elo)**: Matchup is evenly balanced on historical Elo (differential of 11 points).
• **Home Advantage**: Leeds benefits from playing at home (statistically boosts goal-scoring rate by ~22%).

**Prediction Summary**: Leeds is predicted to win this fixture with **40.5%** confidence."
16,2026-12-19,Sunderland,Crystal Palace,37.61,29.82,32.58,1-1,"• **Team Strength (Elo)**: Matchup is evenly balanced on historical Elo (differential of 4 points).
• **Squad Market Value**: Crystal Palace has a squad value advantage of €141.4M.
• **Home Advantage**: Sunderland benefits from playing at home (statistically boosts goal-scoring rate by ~22%).

**Prediction Summary**: Sunderland is predicted to win this fixture with **37.6%** confidence."
16,2026-12-19,Brighton,Ipswich,73.36,15.9,10.74,2-0,"• **Team Strength (Elo)**: Brighton is favored due to a higher Elo rating (differential of 172 points).
• **Squad Market Value**: Brighton has a squad value advantage of €469.3M.
• **Injuries & Availability**: Ipswich is healthier with 100% availability vs. 88% for the opponent.
• **Home Advantage**: Brighton benefits from playing at home (statistically boosts goal-scoring rate by ~22%).

**Prediction Summary**: Brighton is predicted to win this fixture with **73.4%** confidence."
16,2026-12-19,Brentford,Newcastle,43.62,25.03,31.35,1-1,"• **Team Strength (Elo)**: Matchup is evenly balanced on historical Elo (differential of 11 points).
• **Home Advantage**: Brentford benefits from playing at home (statistically boosts goal-scoring rate by ~22%).

**Prediction Summary**: Brentford is predicted to win this fixture with **43.6%** confidence."
16,2026-12-19,Arsenal,Man United,50.61,27.85,21.54,1-1,"• **Team Strength (Elo)**: Arsenal is favored due to a higher Elo rating (differential of 71 points).
• **Squad Market Value**: Arsenal has a squad value advantage of €427.5M.
• **Injuries & Availability**: Man United is healthier with 100% availability vs. 85% for the opponent.
• **Fatigue**: Both teams are facing congested schedules (midweek matches).
• **Home Advantage**: Arsenal benefits from playing at home (statistically boosts goal-scoring rate by ~22%).

**Prediction Summary**: Arsenal is predicted to win this fixture with **50.6%** confidence."
16,2026-12-19,Bournemouth,Coventry,48.72,25.11,26.17,1-1,"• **Team Strength (Elo)**: Bournemouth is favored due to a higher Elo rating (differential of 132 points).
• **Squad Market Value**: Bournemouth has a squad value advantage of €338.5M.
• **Injuries & Availability**: Coventry is healthier with 100% availability vs. 90% for the opponent.
• **Home Advantage**: Bournemouth benefits from playing at home (statistically boosts goal-scoring rate by ~22%).

**Prediction Summary**: Bournemouth is predicted to win this fixture with **48.7%** confidence."
16,2026-12-19,Chelsea,Aston Villa,42.03,28.41,29.56,1-1,"• **Team Strength (Elo)**: Matchup is evenly balanced on historical Elo (differential of 47 points).
• **Squad Market Value**: Chelsea has a squad value advantage of €697.8M.
• **Injuries & Availability**: Chelsea is healthier with 100% availability vs. 85% for the opponent.
• **Fatigue**: Both teams are facing congested schedules (midweek matches).
• **Home Advantage**: Chelsea benefits from playing at home (statistically boosts goal-scoring rate by ~22%).

**Prediction Summary**: Chelsea is predicted to win this fixture with **42.0%** confidence."
17,2026-12-26,Newcastle,Man City,42.69,24.81,32.49,1-1,"• **Team Strength (Elo)**: Man City is favored due to a higher Elo rating (differential of 63 points).
• **Squad Market Value**: Man City has a squad value advantage of €848.2M.
• **Injuries & Availability**: Newcastle is healthier with 100% availability vs. 62% for the opponent.
• **Home Advantage**: Newcastle benefits from playing at home (statistically boosts goal-scoring rate by ~22%).

**Prediction Summary**: Newcastle is predicted to win this fixture with **42.7%** confidence."
17,2026-12-26,Man United,Nott'm Forest,49.66,25.82,24.52,1-1,"• **Team Strength (Elo)**: Man United is favored due to a higher Elo rating (differential of 53 points).
• **Squad Market Value**: Man United has a squad value advantage of €364.7M.
• **Home Advantage**: Man United benefits from playing at home (statistically boosts goal-scoring rate by ~22%).

**Prediction Summary**: Man United is predicted to win this fixture with **49.7%** confidence."
17,2026-12-26,Ipswich,Brentford,12.52,19.28,68.2,0-2,"• **Team Strength (Elo)**: Brentford is favored due to a higher Elo rating (differential of 179 points).
• **Squad Market Value**: Brentford has a squad value advantage of €314.6M.
• **Home Advantage**: Ipswich benefits from playing at home (statistically boosts goal-scoring rate by ~22%).

**Prediction Summary**: Brentford is predicted to win this fixture with **68.2%** confidence."
17,2026-12-26,Hull,Liverpool,10.61,31.0,58.39,0-1,"• **Team Strength (Elo)**: Liverpool is favored due to a higher Elo rating (differential of 173 points).
• **Squad Market Value**: Liverpool has a squad value advantage of €913.4M.
• **Injuries & Availability**: Hull is healthier with 100% availability vs. 80% for the opponent.
• **Home Advantage**: Hull benefits from playing at home (statistically boosts goal-scoring rate by ~22%).

**Prediction Summary**: Liverpool is predicted to win this fixture with **58.4%** confidence."
17,2026-12-26,Tottenham,Bournemouth,28.88,25.84,45.28,1-1,"• **Team Strength (Elo)**: Bournemouth is favored due to a higher Elo rating (differential of 91 points).
• **Squad Market Value**: Tottenham has a squad value advantage of €342.6M.
• **Home Advantage**: Tottenham benefits from playing at home (statistically boosts goal-scoring rate by ~22%).

**Prediction Summary**: Bournemouth is predicted to win this fixture with **45.3%** confidence."
17,2026-12-26,Everton,Sunderland,40.64,29.88,29.48,0-0,"• **Team Strength (Elo)**: Matchup is evenly balanced on historical Elo (differential of 9 points).
• **Home Advantage**: Everton benefits from playing at home (statistically boosts goal-scoring rate by ~22%).

**Prediction Summary**: Everton is predicted to win this fixture with **40.6%** confidence."
17,2026-12-26,Crystal Palace,Arsenal,17.37,23.65,58.98,0-2,"• **Team Strength (Elo)**: Arsenal is favored due to a higher Elo rating (differential of 166 points).
• **Squad Market Value**: Arsenal has a squad value advantage of €759.5M.
• **Home Advantage**: Crystal Palace benefits from playing at home (statistically boosts goal-scoring rate by ~22%).

**Prediction Summary**: Arsenal is predicted to win this fixture with **59.0%** confidence."
17,2026-12-26,Coventry,Chelsea,35.32,27.43,37.25,1-1,"• **Team Strength (Elo)**: Chelsea is favored due to a higher Elo rating (differential of 97 points).
• **Squad Market Value**: Chelsea has a squad value advantage of €1020.6M.
• **Home Advantage**: Coventry benefits from playing at home (statistically boosts goal-scoring rate by ~22%).

**Prediction Summary**: This matchup is highly contested with a close outcome probability. A Draw (27.4%) is a very strong possibility."
17,2026-12-26,Aston Villa,Leeds,45.88,26.76,27.36,1-1,"• **Team Strength (Elo)**: Aston Villa is favored due to a higher Elo rating (differential of 55 points).
• **Squad Market Value**: Aston Villa has a squad value advantage of €168.4M.
• **Injuries & Availability**: Leeds is healthier with 100% availability vs. 85% for the opponent.
• **Home Advantage**: Aston Villa benefits from playing at home (statistically boosts goal-scoring rate by ~22%).

**Prediction Summary**: Aston Villa is predicted to win this fixture with **45.9%** confidence."
17,2026-12-26,Fulham,Brighton,37.79,28.62,33.59,1-1,"• **Team Strength (Elo)**: Matchup is evenly balanced on historical Elo (differential of 31 points).
• **Squad Market Value**: Brighton has a squad value advantage of €321.8M.
• **Injuries & Availability**: Fulham is healthier with 100% availability vs. 88% for the opponent.
• **Home Advantage**: Fulham benefits from playing at home (statistically boosts goal-scoring rate by ~22%).

**Prediction Summary**: This matchup is highly contested with a close outcome probability. A Draw (28.6%) is a very strong possibility."
18,2026-12-30,Tottenham,Brighton,33.47,25.11,41.42,1-1,"• **Team Strength (Elo)**: Brighton is favored due to a higher Elo rating (differential of 85 points).
• **Squad Market Value**: Tottenham has a squad value advantage of €202.5M.
• **Injuries & Availability**: Tottenham is healthier with 100% availability vs. 88% for the opponent.
• **Home Advantage**: Tottenham benefits from playing at home (statistically boosts goal-scoring rate by ~22%).

**Prediction Summary**: Brighton is predicted to win this fixture with **41.4%** confidence."
18,2026-12-30,Newcastle,Nott'm Forest,44.44,25.17,30.39,1-1,"• **Team Strength (Elo)**: Matchup is evenly balanced on historical Elo (differential of 5 points).
• **Home Advantage**: Newcastle benefits from playing at home (statistically boosts goal-scoring rate by ~22%).

**Prediction Summary**: Newcastle is predicted to win this fixture with **44.4%** confidence."
18,2026-12-30,Man United,Sunderland,56.61,24.84,18.55,1-0,"• **Team Strength (Elo)**: Man United is favored due to a higher Elo rating (differential of 87 points).
• **Squad Market Value**: Man United has a squad value advantage of €473.4M.
• **Home Advantage**: Man United benefits from playing at home (statistically boosts goal-scoring rate by ~22%).

**Prediction Summary**: Man United is predicted to win this fixture with **56.6%** confidence."
18,2026-12-30,Ipswich,Chelsea,18.15,21.66,60.18,1-1,"• **Team Strength (Elo)**: Chelsea is favored due to a higher Elo rating (differential of 163 points).
• **Squad Market Value**: Chelsea has a squad value advantage of €1011.3M.
• **Home Advantage**: Ipswich benefits from playing at home (statistically boosts goal-scoring rate by ~22%).

**Prediction Summary**: Chelsea is predicted to win this fixture with **60.2%** confidence."
18,2026-12-30,Hull,Leeds,13.41,34.8,51.79,0-1,"• **Team Strength (Elo)**: Leeds is favored due to a higher Elo rating (differential of 118 points).
• **Squad Market Value**: Leeds has a squad value advantage of €287.6M.
• **Home Advantage**: Hull benefits from playing at home (statistically boosts goal-scoring rate by ~22%).

**Prediction Summary**: Leeds is predicted to win this fixture with **51.8%** confidence."
18,2026-12-30,Fulham,Arsenal,20.07,23.77,56.15,0-1,"• **Team Strength (Elo)**: Arsenal is favored due to a higher Elo rating (differential of 152 points).
• **Squad Market Value**: Arsenal has a squad value advantage of €943.8M.
• **Home Advantage**: Fulham benefits from playing at home (statistically boosts goal-scoring rate by ~22%).

**Prediction Summary**: Arsenal is predicted to win this fixture with **56.2%** confidence."
18,2026-12-30,Crystal Palace,Bournemouth,32.25,25.8,41.95,1-1,"• **Team Strength (Elo)**: Bournemouth is favored due to a higher Elo rating (differential of 68 points).
• **Home Advantage**: Crystal Palace benefits from playing at home (statistically boosts goal-scoring rate by ~22%).

**Prediction Summary**: Bournemouth is predicted to win this fixture with **41.9%** confidence."
18,2026-12-30,Coventry,Brentford,32.69,25.87,41.44,1-1,"• **Team Strength (Elo)**: Brentford is favored due to a higher Elo rating (differential of 124 points).
• **Squad Market Value**: Brentford has a squad value advantage of €323.9M.
• **Home Advantage**: Coventry benefits from playing at home (statistically boosts goal-scoring rate by ~22%).

**Prediction Summary**: Brentford is predicted to win this fixture with **41.4%** confidence."
18,2026-12-30,Aston Villa,Liverpool,39.28,26.3,34.42,1-1,"• **Team Strength (Elo)**: Matchup is evenly balanced on historical Elo (differential of 14 points).
• **Squad Market Value**: Liverpool has a squad value advantage of €457.3M.
• **Injuries & Availability**: Aston Villa is healthier with 85% availability vs. 80% for the opponent.
• **Home Advantage**: Aston Villa benefits from playing at home (statistically boosts goal-scoring rate by ~22%).

**Prediction Summary**: This matchup is highly contested with a close outcome probability. A Draw (26.3%) is a very strong possibility."
18,2026-12-30,Everton,Man City,36.28,28.41,35.31,1-1,"• **Team Strength (Elo)**: Man City is favored due to a higher Elo rating (differential of 86 points).
• **Squad Market Value**: Man City has a squad value advantage of €996.9M.
• **Injuries & Availability**: Everton is healthier with 100% availability vs. 62% for the opponent.
• **Home Advantage**: Everton benefits from playing at home (statistically boosts goal-scoring rate by ~22%).

**Prediction Summary**: This matchup is highly contested with a close outcome probability. A Draw (28.4%) is a very strong possibility."
19,2027-01-02,Liverpool,Coventry,46.34,26.3,27.36,1-0,"• **Team Strength (Elo)**: Liverpool is favored due to a higher Elo rating (differential of 142 points).
• **Squad Market Value**: Liverpool has a squad value advantage of €780.1M.
• **Injuries & Availability**: Coventry is healthier with 100% availability vs. 80% for the opponent.
• **Fatigue**: Both teams are facing congested schedules (midweek matches).
• **Home Advantage**: Liverpool benefits from playing at home (statistically boosts goal-scoring rate by ~22%).

**Prediction Summary**: Liverpool is predicted to win this fixture with **46.3%** confidence."
19,2027-01-02,Nott'm Forest,Fulham,43.74,27.76,28.5,1-1,"• **Team Strength (Elo)**: Matchup is evenly balanced on historical Elo (differential of 17 points).
• **Squad Market Value**: Nott'm Forest has a squad value advantage of €151.6M.
• **Fatigue**: Both teams are facing congested schedules (midweek matches).
• **Home Advantage**: Nott'm Forest benefits from playing at home (statistically boosts goal-scoring rate by ~22%).

**Prediction Summary**: Nott'm Forest is predicted to win this fixture with **43.7%** confidence."
19,2027-01-02,Man City,Tottenham,50.88,26.13,22.99,1-0,"• **Team Strength (Elo)**: Man City is favored due to a higher Elo rating (differential of 123 points).
• **Squad Market Value**: Man City has a squad value advantage of €559.5M.
• **Injuries & Availability**: Tottenham is healthier with 100% availability vs. 62% for the opponent.
• **Fatigue**: Both teams are facing congested schedules (midweek matches).
• **Home Advantage**: Man City benefits from playing at home (statistically boosts goal-scoring rate by ~22%).

**Prediction Summary**: Man City is predicted to win this fixture with **50.9%** confidence."
19,2027-01-02,Leeds,Everton,40.54,27.66,31.8,1-1,"• **Team Strength (Elo)**: Matchup is evenly balanced on historical Elo (differential of 3 points).
• **Fatigue**: Both teams are facing congested schedules (midweek matches).
• **Home Advantage**: Leeds benefits from playing at home (statistically boosts goal-scoring rate by ~22%).

**Prediction Summary**: Leeds is predicted to win this fixture with **40.5%** confidence."
19,2027-01-02,Sunderland,Hull,36.08,47.83,16.09,0-0,"• **Team Strength (Elo)**: Sunderland is favored due to a higher Elo rating (differential of 97 points).
• **Squad Market Value**: Sunderland has a squad value advantage of €333.0M.
• **Fatigue**: Both teams are facing congested schedules (midweek matches).
• **Home Advantage**: Sunderland benefits from playing at home (statistically boosts goal-scoring rate by ~22%).

**Prediction Summary**: Sunderland is predicted to win this fixture with **36.1%** confidence."
19,2027-01-02,Brighton,Man United,34.45,27.32,38.23,1-1,"• **Team Strength (Elo)**: Matchup is evenly balanced on historical Elo (differential of 41 points).
• **Squad Market Value**: Man United has a squad value advantage of €194.5M.
• **Injuries & Availability**: Man United is healthier with 100% availability vs. 88% for the opponent.
• **Fatigue**: Both teams are facing congested schedules (midweek matches).
• **Home Advantage**: Brighton benefits from playing at home (statistically boosts goal-scoring rate by ~22%).

**Prediction Summary**: This matchup is highly contested with a close outcome probability. A Draw (27.3%) is a very strong possibility."
19,2027-01-02,Brentford,Crystal Palace,51.37,25.8,22.83,1-1,"• **Team Strength (Elo)**: Brentford is favored due to a higher Elo rating (differential of 52 points).
• **Fatigue**: Both teams are facing congested schedules (midweek matches).
• **Home Advantage**: Brentford benefits from playing at home (statistically boosts goal-scoring rate by ~22%).

**Prediction Summary**: Brentford is predicted to win this fixture with **51.4%** confidence."
19,2027-01-02,Arsenal,Ipswich,87.99,6.3,5.72,3-0,"• **Team Strength (Elo)**: Arsenal is favored due to a higher Elo rating (differential of 306 points).
• **Squad Market Value**: Arsenal has a squad value advantage of €1091.3M.
• **Fatigue**: Both teams are facing congested schedules (midweek matches).
• **Home Advantage**: Arsenal benefits from playing at home (statistically boosts goal-scoring rate by ~22%).

**Prediction Summary**: Arsenal is predicted to win this fixture with **88.0%** confidence."
19,2027-01-02,Bournemouth,Aston Villa,44.53,26.97,28.51,1-1,"• **Team Strength (Elo)**: Matchup is evenly balanced on historical Elo (differential of 2 points).
• **Injuries & Availability**: Bournemouth is healthier with 100% availability vs. 85% for the opponent.
• **Fatigue**: Both teams are facing congested schedules (midweek matches).
• **Home Advantage**: Bournemouth benefits from playing at home (statistically boosts goal-scoring rate by ~22%).

**Prediction Summary**: Bournemouth is predicted to win this fixture with **44.5%** confidence."
19,2027-01-02,Chelsea,Newcastle,40.33,26.49,33.18,1-1,"• **Team Strength (Elo)**: Matchup is evenly balanced on historical Elo (differential of 8 points).
• **Squad Market Value**: Chelsea has a squad value advantage of €628.2M.
• **Fatigue**: Both teams are facing congested schedules (midweek matches).
• **Home Advantage**: Chelsea benefits from playing at home (statistically boosts goal-scoring rate by ~22%).

**Prediction Summary**: Chelsea is predicted to win this fixture with **40.3%** confidence."
20,2027-01-06,Sunderland,Liverpool,29.97,27.52,42.51,1-1,"• **Team Strength (Elo)**: Liverpool is favored due to a higher Elo rating (differential of 79 points).
• **Squad Market Value**: Liverpool has a squad value advantage of €580.3M.
• **Injuries & Availability**: Sunderland is healthier with 100% availability vs. 80% for the opponent.
• **Home Advantage**: Sunderland benefits from playing at home (statistically boosts goal-scoring rate by ~22%).

**Prediction Summary**: Liverpool is predicted to win this fixture with **42.5%** confidence."
20,2027-01-06,Nott'm Forest,Hull,45.03,38.47,16.5,0-0,"• **Team Strength (Elo)**: Nott'm Forest is favored due to a higher Elo rating (differential of 128 points).
• **Squad Market Value**: Nott'm Forest has a squad value advantage of €441.6M.
• **Home Advantage**: Nott'm Forest benefits from playing at home (statistically boosts goal-scoring rate by ~22%).

**Prediction Summary**: Nott'm Forest is predicted to win this fixture with **45.0%** confidence."
20,2027-01-06,Man United,Newcastle,51.57,23.49,24.94,1-1,"• **Team Strength (Elo)**: Man United is favored due to a higher Elo rating (differential of 53 points).
• **Squad Market Value**: Man United has a squad value advantage of €280.8M.
• **Home Advantage**: Man United benefits from playing at home (statistically boosts goal-scoring rate by ~22%).

**Prediction Summary**: Man United is predicted to win this fixture with **51.6%** confidence."
20,2027-01-06,Leeds,Man City,37.84,26.97,35.19,1-1,"• **Team Strength (Elo)**: Man City is favored due to a higher Elo rating (differential of 78 points).
• **Squad Market Value**: Man City has a squad value advantage of €1086.2M.
• **Injuries & Availability**: Leeds is healthier with 100% availability vs. 62% for the opponent.
• **Home Advantage**: Leeds benefits from playing at home (statistically boosts goal-scoring rate by ~22%).

**Prediction Summary**: This matchup is highly contested with a close outcome probability. A Draw (27.0%) is a very strong possibility."
20,2027-01-06,Ipswich,Coventry,32.14,27.29,40.57,1-1,"• **Team Strength (Elo)**: Coventry is favored due to a higher Elo rating (differential of 72 points).
• **Home Advantage**: Ipswich benefits from playing at home (statistically boosts goal-scoring rate by ~22%).

**Prediction Summary**: Coventry is predicted to win this fixture with **40.6%** confidence."
20,2027-01-06,Fulham,Tottenham,48.3,26.51,25.19,1-1,"• **Team Strength (Elo)**: Matchup is evenly balanced on historical Elo (differential of 45 points).
• **Squad Market Value**: Tottenham has a squad value advantage of €524.3M.
• **Home Advantage**: Fulham benefits from playing at home (statistically boosts goal-scoring rate by ~22%).

**Prediction Summary**: Fulham is predicted to win this fixture with **48.3%** confidence."
20,2027-01-06,Everton,Aston Villa,36.55,26.09,37.37,1-1,"• **Team Strength (Elo)**: Aston Villa is favored due to a higher Elo rating (differential of 56 points).
• **Injuries & Availability**: Everton is healthier with 100% availability vs. 85% for the opponent.
• **Home Advantage**: Everton benefits from playing at home (statistically boosts goal-scoring rate by ~22%).

**Prediction Summary**: This matchup is highly contested with a close outcome probability. A Draw (26.1%) is a very strong possibility."
20,2027-01-06,Crystal Palace,Chelsea,36.23,26.86,36.91,1-1,"• **Team Strength (Elo)**: Matchup is evenly balanced on historical Elo (differential of 33 points).
• **Squad Market Value**: Chelsea has a squad value advantage of €679.5M.
• **Home Advantage**: Crystal Palace benefits from playing at home (statistically boosts goal-scoring rate by ~22%).

**Prediction Summary**: This matchup is highly contested with a close outcome probability. A Draw (26.9%) is a very strong possibility."
20,2027-01-06,Brighton,Bournemouth,37.45,26.5,36.05,1-1,"• **Team Strength (Elo)**: Matchup is evenly balanced on historical Elo (differential of 20 points).
• **Squad Market Value**: Brighton has a squad value advantage of €140.1M.
• **Injuries & Availability**: Bournemouth is healthier with 100% availability vs. 88% for the opponent.
• **Home Advantage**: Brighton benefits from playing at home (statistically boosts goal-scoring rate by ~22%).

**Prediction Summary**: This matchup is highly contested with a close outcome probability. A Draw (26.5%) is a very strong possibility."
20,2027-01-06,Arsenal,Brentford,66.62,18.17,15.21,2-0,"• **Team Strength (Elo)**: Arsenal is favored due to a higher Elo rating (differential of 123 points).
• **Squad Market Value**: Arsenal has a squad value advantage of €776.7M.
• **Home Advantage**: Arsenal benefits from playing at home (statistically boosts goal-scoring rate by ~22%).

**Prediction Summary**: Arsenal is predicted to win this fixture with **66.6%** confidence."
21,2027-01-16,Newcastle,Fulham,48.68,24.72,26.61,1-1,"• **Team Strength (Elo)**: Matchup is evenly balanced on historical Elo (differential of 19 points).
• **Squad Market Value**: Newcastle has a squad value advantage of €235.6M.
• **Home Advantage**: Newcastle benefits from playing at home (statistically boosts goal-scoring rate by ~22%).

**Prediction Summary**: Newcastle is predicted to win this fixture with **48.7%** confidence."
21,2027-01-16,Man City,Nott'm Forest,44.2,24.17,31.63,1-0,"• **Team Strength (Elo)**: Man City is favored due to a higher Elo rating (differential of 52 points).
• **Squad Market Value**: Man City has a squad value advantage of €932.2M.
• **Injuries & Availability**: Nott'm Forest is healthier with 100% availability vs. 62% for the opponent.
• **Home Advantage**: Man City benefits from playing at home (statistically boosts goal-scoring rate by ~22%).

**Prediction Summary**: Man City is predicted to win this fixture with **44.2%** confidence."
21,2027-01-16,Liverpool,Crystal Palace,60.15,22.54,17.31,1-1,"• **Team Strength (Elo)**: Liverpool is favored due to a higher Elo rating (differential of 82 points).
• **Squad Market Value**: Liverpool has a squad value advantage of €439.0M.
• **Home Advantage**: Liverpool benefits from playing at home (statistically boosts goal-scoring rate by ~22%).

**Prediction Summary**: Liverpool is predicted to win this fixture with **60.2%** confidence."
21,2027-01-16,Hull,Arsenal,15.98,23.28,60.74,0-1,"• **Team Strength (Elo)**: Arsenal is favored due to a higher Elo rating (differential of 269 points).
• **Squad Market Value**: Arsenal has a squad value advantage of €1233.8M.
• **Home Advantage**: Hull benefits from playing at home (statistically boosts goal-scoring rate by ~22%).

**Prediction Summary**: Arsenal is predicted to win this fixture with **60.7%** confidence."
21,2027-01-16,Tottenham,Leeds,37.6,25.38,37.02,1-1,"• **Team Strength (Elo)**: Matchup is evenly balanced on historical Elo (differential of 46 points).
• **Squad Market Value**: Tottenham has a squad value advantage of €526.7M.
• **Home Advantage**: Tottenham benefits from playing at home (statistically boosts goal-scoring rate by ~22%).

**Prediction Summary**: This matchup is highly contested with a close outcome probability. A Draw (25.4%) is a very strong possibility."
21,2027-01-16,Chelsea,Sunderland,47.37,26.87,25.76,1-1,"• **Team Strength (Elo)**: Matchup is evenly balanced on historical Elo (differential of 29 points).
• **Squad Market Value**: Chelsea has a squad value advantage of €820.8M.
• **Home Advantage**: Chelsea benefits from playing at home (statistically boosts goal-scoring rate by ~22%).

**Prediction Summary**: Chelsea is predicted to win this fixture with **47.4%** confidence."
21,2027-01-16,Brentford,Brighton,47.78,24.2,28.02,1-1,"• **Team Strength (Elo)**: Matchup is evenly balanced on historical Elo (differential of 3 points).
• **Squad Market Value**: Brighton has a squad value advantage of €154.7M.
• **Injuries & Availability**: Brentford is healthier with 100% availability vs. 88% for the opponent.
• **Home Advantage**: Brentford benefits from playing at home (statistically boosts goal-scoring rate by ~22%).

**Prediction Summary**: Brentford is predicted to win this fixture with **47.8%** confidence."
21,2027-01-16,Aston Villa,Man United,34.96,25.45,39.59,1-1,"• **Team Strength (Elo)**: Matchup is evenly balanced on historical Elo (differential of 31 points).
• **Squad Market Value**: Man United has a squad value advantage of €350.3M.
• **Injuries & Availability**: Man United is healthier with 100% availability vs. 85% for the opponent.
• **Home Advantage**: Aston Villa benefits from playing at home (statistically boosts goal-scoring rate by ~22%).

**Prediction Summary**: This matchup is highly contested with a close outcome probability. A Draw (25.5%) is a very strong possibility."
21,2027-01-16,Bournemouth,Ipswich,80.99,12.21,6.81,3-0,"• **Team Strength (Elo)**: Bournemouth is favored due to a higher Elo rating (differential of 209 points).
• **Squad Market Value**: Bournemouth has a squad value advantage of €329.2M.
• **Home Advantage**: Bournemouth benefits from playing at home (statistically boosts goal-scoring rate by ~22%).

**Prediction Summary**: Bournemouth is predicted to win this fixture with **81.0%** confidence."
21,2027-01-16,Coventry,Everton,38.61,24.57,36.82,1-1,"• **Team Strength (Elo)**: Everton is favored due to a higher Elo rating (differential of 79 points).
• **Squad Market Value**: Everton has a squad value advantage of €243.8M.
• **Home Advantage**: Coventry benefits from playing at home (statistically boosts goal-scoring rate by ~22%).

**Prediction Summary**: This matchup is highly contested with a close outcome probability. A Draw (24.6%) is a very strong possibility."
22,2027-01-23,Nott'm Forest,Bournemouth,38.92,26.35,34.73,1-1,"• **Team Strength (Elo)**: Matchup is evenly balanced on historical Elo (differential of 36 points).
• **Home Advantage**: Nott'm Forest benefits from playing at home (statistically boosts goal-scoring rate by ~22%).

**Prediction Summary**: This matchup is highly contested with a close outcome probability. A Draw (26.3%) is a very strong possibility."
22,2027-01-23,Man United,Liverpool,39.94,26.06,34.0,1-1,"• **Team Strength (Elo)**: Matchup is evenly balanced on historical Elo (differential of 12 points).
• **Squad Market Value**: Liverpool has a squad value advantage of €107.0M.
• **Fatigue**: Both teams are facing congested schedules (midweek matches).
• **Home Advantage**: Man United benefits from playing at home (statistically boosts goal-scoring rate by ~22%).

**Prediction Summary**: Man United is predicted to win this fixture with **39.9%** confidence."
22,2027-01-23,Leeds,Chelsea,40.75,27.0,32.25,1-1,"• **Team Strength (Elo)**: Matchup is evenly balanced on historical Elo (differential of 12 points).
• **Squad Market Value**: Chelsea has a squad value advantage of €866.2M.
• **Fatigue**: Chelsea is on short rest (midweek match congestion) while Leeds is fully rested.
• **Home Advantage**: Leeds benefits from playing at home (statistically boosts goal-scoring rate by ~22%).

**Prediction Summary**: Leeds is predicted to win this fixture with **40.7%** confidence."
22,2027-01-23,Ipswich,Hull,29.73,44.96,25.31,0-0,"• **Team Strength (Elo)**: Matchup is evenly balanced on historical Elo (differential of 46 points).
• **Squad Market Value**: Ipswich has a squad value advantage of €142.5M.
• **Home Advantage**: Ipswich benefits from playing at home (statistically boosts goal-scoring rate by ~22%).

**Prediction Summary**: This matchup is highly contested with a close outcome probability. A Draw (45.0%) is a very strong possibility."
22,2027-01-23,Sunderland,Coventry,47.32,24.41,28.28,1-1,"• **Team Strength (Elo)**: Sunderland is favored due to a higher Elo rating (differential of 59 points).
• **Squad Market Value**: Sunderland has a squad value advantage of €199.8M.
• **Home Advantage**: Sunderland benefits from playing at home (statistically boosts goal-scoring rate by ~22%).

**Prediction Summary**: Sunderland is predicted to win this fixture with **47.3%** confidence."
22,2027-01-23,Everton,Brentford,34.44,26.39,39.16,1-1,"• **Team Strength (Elo)**: Matchup is evenly balanced on historical Elo (differential of 43 points).
• **Home Advantage**: Everton benefits from playing at home (statistically boosts goal-scoring rate by ~22%).

**Prediction Summary**: This matchup is highly contested with a close outcome probability. A Draw (26.4%) is a very strong possibility."
22,2027-01-23,Crystal Palace,Tottenham,44.15,27.58,28.27,1-1,"• **Team Strength (Elo)**: Matchup is evenly balanced on historical Elo (differential of 19 points).
• **Squad Market Value**: Tottenham has a squad value advantage of €340.0M.
• **Fatigue**: Tottenham is on short rest (midweek match congestion) while Crystal Palace is fully rested.
• **Home Advantage**: Crystal Palace benefits from playing at home (statistically boosts goal-scoring rate by ~22%).

**Prediction Summary**: Crystal Palace is predicted to win this fixture with **44.2%** confidence."
22,2027-01-23,Brighton,Man City,39.12,28.36,32.52,1-1,"• **Team Strength (Elo)**: Matchup is evenly balanced on historical Elo (differential of 43 points).
• **Squad Market Value**: Man City has a squad value advantage of €762.0M.
• **Injuries & Availability**: Brighton is healthier with 88% availability vs. 62% for the opponent.
• **Fatigue**: Man City is on short rest (midweek match congestion) while Brighton is fully rested.
• **Home Advantage**: Brighton benefits from playing at home (statistically boosts goal-scoring rate by ~22%).

**Prediction Summary**: Brighton is predicted to win this fixture with **39.1%** confidence."
22,2027-01-23,Arsenal,Newcastle,66.37,18.16,15.47,2-0,"• **Team Strength (Elo)**: Arsenal is favored due to a higher Elo rating (differential of 137 points).
• **Squad Market Value**: Arsenal has a squad value advantage of €708.2M.
• **Fatigue**: Arsenal is on short rest (midweek match congestion) while Newcastle is fully rested.
• **Home Advantage**: Arsenal benefits from playing at home (statistically boosts goal-scoring rate by ~22%).

**Prediction Summary**: Arsenal is predicted to win this fixture with **66.4%** confidence."
22,2027-01-23,Fulham,Aston Villa,34.5,28.24,37.27,1-1,"• **Team Strength (Elo)**: Aston Villa is favored due to a higher Elo rating (differential of 50 points).
• **Squad Market Value**: Aston Villa has a squad value advantage of €166.0M.
• **Fatigue**: Aston Villa is on short rest (midweek match congestion) while Fulham is fully rested.
• **Home Advantage**: Fulham benefits from playing at home (statistically boosts goal-scoring rate by ~22%).

**Prediction Summary**: This matchup is highly contested with a close outcome probability. A Draw (28.2%) is a very strong possibility."
23,2027-01-30,Tottenham,Sunderland,38.77,28.41,32.82,1-1,"• **Team Strength (Elo)**: Matchup is evenly balanced on historical Elo (differential of 25 points).
• **Squad Market Value**: Tottenham has a squad value advantage of €481.3M.
• **Fatigue**: Tottenham is on short rest (midweek match congestion) while Sunderland is fully rested.
• **Home Advantage**: Tottenham benefits from playing at home (statistically boosts goal-scoring rate by ~22%).

**Prediction Summary**: Tottenham is predicted to win this fixture with **38.8%** confidence."
23,2027-01-30,Newcastle,Brighton,46.09,24.98,28.93,1-1,"• **Team Strength (Elo)**: Matchup is evenly balanced on historical Elo (differential of 10 points).
• **Injuries & Availability**: Newcastle is healthier with 100% availability vs. 88% for the opponent.
• **Home Advantage**: Newcastle benefits from playing at home (statistically boosts goal-scoring rate by ~22%).

**Prediction Summary**: Newcastle is predicted to win this fixture with **46.1%** confidence."
23,2027-01-30,Man City,Arsenal,24.8,23.53,51.66,0-2,"• **Team Strength (Elo)**: Arsenal is favored due to a higher Elo rating (differential of 95 points).
• **Squad Market Value**: Man City has a squad value advantage of €140.0M.
• **Injuries & Availability**: Arsenal is healthier with 100% availability vs. 62% for the opponent.
• **Fatigue**: Both teams are facing congested schedules (midweek matches).
• **Home Advantage**: Man City benefits from playing at home (statistically boosts goal-scoring rate by ~22%).

**Prediction Summary**: Arsenal is predicted to win this fixture with **51.7%** confidence."
23,2027-01-30,Liverpool,Everton,55.39,24.67,19.95,1-1,"• **Team Strength (Elo)**: Liverpool is favored due to a higher Elo rating (differential of 70 points).
• **Squad Market Value**: Liverpool has a squad value advantage of €536.4M.
• **Fatigue**: Liverpool is on short rest (midweek match congestion) while Everton is fully rested.
• **Home Advantage**: Liverpool benefits from playing at home (statistically boosts goal-scoring rate by ~22%).

**Prediction Summary**: Liverpool is predicted to win this fixture with **55.4%** confidence."
23,2027-01-30,Hull,Crystal Palace,13.96,36.08,49.96,0-1,"• **Team Strength (Elo)**: Crystal Palace is favored due to a higher Elo rating (differential of 97 points).
• **Squad Market Value**: Crystal Palace has a squad value advantage of €474.4M.
• **Home Advantage**: Hull benefits from playing at home (statistically boosts goal-scoring rate by ~22%).

**Prediction Summary**: Crystal Palace is predicted to win this fixture with **50.0%** confidence."
23,2027-01-30,Coventry,Leeds,36.41,25.71,37.88,1-1,"• **Team Strength (Elo)**: Leeds is favored due to a higher Elo rating (differential of 81 points).
• **Squad Market Value**: Leeds has a squad value advantage of €154.5M.
• **Home Advantage**: Coventry benefits from playing at home (statistically boosts goal-scoring rate by ~22%).

**Prediction Summary**: This matchup is highly contested with a close outcome probability. A Draw (25.7%) is a very strong possibility."
23,2027-01-30,Brentford,Man United,40.79,24.25,34.96,1-1,"• **Team Strength (Elo)**: Matchup is evenly balanced on historical Elo (differential of 42 points).
• **Squad Market Value**: Man United has a squad value advantage of €349.2M.
• **Fatigue**: Man United is on short rest (midweek match congestion) while Brentford is fully rested.
• **Home Advantage**: Brentford benefits from playing at home (statistically boosts goal-scoring rate by ~22%).

**Prediction Summary**: Brentford is predicted to win this fixture with **40.8%** confidence."
23,2027-01-30,Aston Villa,Ipswich,78.5,15.76,5.74,2-0,"• **Team Strength (Elo)**: Aston Villa is favored due to a higher Elo rating (differential of 210 points).
• **Squad Market Value**: Aston Villa has a squad value advantage of €313.5M.
• **Fatigue**: Aston Villa is on short rest (midweek match congestion) while Ipswich is fully rested.
• **Home Advantage**: Aston Villa benefits from playing at home (statistically boosts goal-scoring rate by ~22%).

**Prediction Summary**: Aston Villa is predicted to win this fixture with **78.5%** confidence."
23,2027-01-30,Bournemouth,Fulham,52.24,25.62,22.14,1-1,"• **Team Strength (Elo)**: Bournemouth is favored due to a higher Elo rating (differential of 53 points).
• **Squad Market Value**: Bournemouth has a squad value advantage of €181.7M.
• **Home Advantage**: Bournemouth benefits from playing at home (statistically boosts goal-scoring rate by ~22%).

**Prediction Summary**: Bournemouth is predicted to win this fixture with **52.2%** confidence."
23,2027-01-30,Chelsea,Nott'm Forest,38.56,26.46,34.98,1-1,"• **Team Strength (Elo)**: Matchup is evenly balanced on historical Elo (differential of 12 points).
• **Squad Market Value**: Chelsea has a squad value advantage of €712.2M.
• **Fatigue**: Chelsea is on short rest (midweek match congestion) while Nott'm Forest is fully rested.
• **Home Advantage**: Chelsea benefits from playing at home (statistically boosts goal-scoring rate by ~22%).

**Prediction Summary**: This matchup is highly contested with a close outcome probability. A Draw (26.5%) is a very strong possibility."
24,2027-02-06,Leeds,Bournemouth,33.5,23.92,42.58,1-1,"• **Team Strength (Elo)**: Bournemouth is favored due to a higher Elo rating (differential of 59 points).
• **Squad Market Value**: Bournemouth has a squad value advantage of €184.1M.
• **Home Advantage**: Leeds benefits from playing at home (statistically boosts goal-scoring rate by ~22%).

**Prediction Summary**: Bournemouth is predicted to win this fixture with **42.6%** confidence."
24,2027-02-06,Sunderland,Aston Villa,28.26,28.3,43.44,1-1,"• **Team Strength (Elo)**: Aston Villa is favored due to a higher Elo rating (differential of 77 points).
• **Squad Market Value**: Aston Villa has a squad value advantage of €123.0M.
• **Home Advantage**: Sunderland benefits from playing at home (statistically boosts goal-scoring rate by ~22%).

**Prediction Summary**: Aston Villa is predicted to win this fixture with **43.4%** confidence."
24,2027-02-06,Nott'm Forest,Brentford,39.22,25.5,35.28,1-1,"• **Team Strength (Elo)**: Matchup is evenly balanced on historical Elo (differential of 18 points).
• **Home Advantage**: Nott'm Forest benefits from playing at home (statistically boosts goal-scoring rate by ~22%).

**Prediction Summary**: This matchup is highly contested with a close outcome probability. A Draw (25.5%) is a very strong possibility."
24,2027-02-06,Man United,Chelsea,51.5,25.02,23.48,1-1,"• **Team Strength (Elo)**: Man United is favored due to a higher Elo rating (differential of 64 points).
• **Squad Market Value**: Chelsea has a squad value advantage of €347.5M.
• **Home Advantage**: Man United benefits from playing at home (statistically boosts goal-scoring rate by ~22%).

**Prediction Summary**: Man United is predicted to win this fixture with **51.5%** confidence."
24,2027-02-06,Ipswich,Tottenham,21.62,22.87,55.51,1-1,"• **Team Strength (Elo)**: Tottenham is favored due to a higher Elo rating (differential of 123 points).
• **Squad Market Value**: Tottenham has a squad value advantage of €671.8M.
• **Home Advantage**: Ipswich benefits from playing at home (statistically boosts goal-scoring rate by ~22%).

**Prediction Summary**: Tottenham is predicted to win this fixture with **55.5%** confidence."
24,2027-02-06,Fulham,Man City,35.89,28.7,35.42,1-1,"• **Team Strength (Elo)**: Man City is favored due to a higher Elo rating (differential of 67 points).
• **Squad Market Value**: Man City has a squad value advantage of €1083.8M.
• **Injuries & Availability**: Fulham is healthier with 100% availability vs. 62% for the opponent.
• **Home Advantage**: Fulham benefits from playing at home (statistically boosts goal-scoring rate by ~22%).

**Prediction Summary**: This matchup is highly contested with a close outcome probability. A Draw (28.7%) is a very strong possibility."
24,2027-02-06,Everton,Newcastle,34.76,26.14,39.1,1-1,"• **Team Strength (Elo)**: Matchup is evenly balanced on historical Elo (differential of 32 points).
• **Squad Market Value**: Newcastle has a squad value advantage of €148.6M.
• **Home Advantage**: Everton benefits from playing at home (statistically boosts goal-scoring rate by ~22%).

**Prediction Summary**: This matchup is highly contested with a close outcome probability. A Draw (26.1%) is a very strong possibility."
24,2027-02-06,Crystal Palace,Coventry,47.56,24.25,28.2,1-1,"• **Team Strength (Elo)**: Crystal Palace is favored due to a higher Elo rating (differential of 58 points).
• **Squad Market Value**: Crystal Palace has a squad value advantage of €341.2M.
• **Home Advantage**: Crystal Palace benefits from playing at home (statistically boosts goal-scoring rate by ~22%).

**Prediction Summary**: Crystal Palace is predicted to win this fixture with **47.6%** confidence."
24,2027-02-06,Brighton,Hull,47.39,36.15,16.46,0-0,"• **Team Strength (Elo)**: Brighton is favored due to a higher Elo rating (differential of 141 points).
• **Squad Market Value**: Brighton has a squad value advantage of €611.9M.
• **Home Advantage**: Brighton benefits from playing at home (statistically boosts goal-scoring rate by ~22%).

**Prediction Summary**: Brighton is predicted to win this fixture with **47.4%** confidence."
24,2027-02-06,Arsenal,Liverpool,54.44,24.22,21.34,1-1,"• **Team Strength (Elo)**: Arsenal is favored due to a higher Elo rating (differential of 98 points).
• **Squad Market Value**: Arsenal has a squad value advantage of €320.5M.
• **Injuries & Availability**: Liverpool is healthier with 100% availability vs. 88% for the opponent.
• **Home Advantage**: Arsenal benefits from playing at home (statistically boosts goal-scoring rate by ~22%).

**Prediction Summary**: Arsenal is predicted to win this fixture with **54.4%** confidence."
25,2027-02-10,Tottenham,Man City,33.25,23.24,43.51,0-1,"• **Team Strength (Elo)**: Man City is favored due to a higher Elo rating (differential of 108 points).
• **Squad Market Value**: Man City has a squad value advantage of €559.5M.
• **Injuries & Availability**: Tottenham is healthier with 100% availability vs. 62% for the opponent.
• **Home Advantage**: Tottenham benefits from playing at home (statistically boosts goal-scoring rate by ~22%).

**Prediction Summary**: Man City is predicted to win this fixture with **43.5%** confidence."
25,2027-02-10,Newcastle,Chelsea,46.03,23.97,30.0,1-1,"• **Team Strength (Elo)**: Matchup is evenly balanced on historical Elo (differential of 9 points).
• **Squad Market Value**: Chelsea has a squad value advantage of €628.2M.
• **Home Advantage**: Newcastle benefits from playing at home (statistically boosts goal-scoring rate by ~22%).

**Prediction Summary**: Newcastle is predicted to win this fixture with **46.0%** confidence."
25,2027-02-10,Man United,Brighton,49.23,25.06,25.7,1-1,"• **Team Strength (Elo)**: Matchup is evenly balanced on historical Elo (differential of 45 points).
• **Squad Market Value**: Man United has a squad value advantage of €194.5M.
• **Home Advantage**: Man United benefits from playing at home (statistically boosts goal-scoring rate by ~22%).

**Prediction Summary**: Man United is predicted to win this fixture with **49.2%** confidence."
25,2027-02-10,Ipswich,Arsenal,5.56,8.8,85.64,0-3,"• **Team Strength (Elo)**: Arsenal is favored due to a higher Elo rating (differential of 335 points).
• **Squad Market Value**: Arsenal has a squad value advantage of €1091.3M.
• **Injuries & Availability**: Ipswich is healthier with 100% availability vs. 88% for the opponent.
• **Home Advantage**: Ipswich benefits from playing at home (statistically boosts goal-scoring rate by ~22%).

**Prediction Summary**: Arsenal is predicted to win this fixture with **85.6%** confidence."
25,2027-02-10,Hull,Sunderland,13.76,39.64,46.6,0-0,"• **Team Strength (Elo)**: Sunderland is favored due to a higher Elo rating (differential of 99 points).
• **Squad Market Value**: Sunderland has a squad value advantage of €333.0M.
• **Home Advantage**: Hull benefits from playing at home (statistically boosts goal-scoring rate by ~22%).

**Prediction Summary**: Sunderland is predicted to win this fixture with **46.6%** confidence."
25,2027-02-10,Everton,Leeds,39.67,26.44,33.88,1-1,"• **Team Strength (Elo)**: Matchup is evenly balanced on historical Elo (differential of 13 points).
• **Home Advantage**: Everton benefits from playing at home (statistically boosts goal-scoring rate by ~22%).

**Prediction Summary**: Everton is predicted to win this fixture with **39.7%** confidence."
25,2027-02-10,Crystal Palace,Brentford,33.6,25.16,41.24,1-1,"• **Team Strength (Elo)**: Brentford is favored due to a higher Elo rating (differential of 62 points).
• **Home Advantage**: Crystal Palace benefits from playing at home (statistically boosts goal-scoring rate by ~22%).

**Prediction Summary**: Brentford is predicted to win this fixture with **41.2%** confidence."
25,2027-02-10,Coventry,Liverpool,32.49,22.64,44.87,1-1,"• **Team Strength (Elo)**: Liverpool is favored due to a higher Elo rating (differential of 143 points).
• **Squad Market Value**: Liverpool has a squad value advantage of €780.1M.
• **Home Advantage**: Coventry benefits from playing at home (statistically boosts goal-scoring rate by ~22%).

**Prediction Summary**: Liverpool is predicted to win this fixture with **44.9%** confidence."
25,2027-02-10,Aston Villa,Bournemouth,42.74,25.28,31.98,1-1,"• **Team Strength (Elo)**: Matchup is evenly balanced on historical Elo (differential of 6 points).
• **Home Advantage**: Aston Villa benefits from playing at home (statistically boosts goal-scoring rate by ~22%).

**Prediction Summary**: Aston Villa is predicted to win this fixture with **42.7%** confidence."
25,2027-02-10,Fulham,Nott'm Forest,35.86,27.07,37.07,1-1,"• **Team Strength (Elo)**: Matchup is evenly balanced on historical Elo (differential of 25 points).
• **Squad Market Value**: Nott'm Forest has a squad value advantage of €151.6M.
• **Home Advantage**: Fulham benefits from playing at home (statistically boosts goal-scoring rate by ~22%).

**Prediction Summary**: This matchup is highly contested with a close outcome probability. A Draw (27.1%) is a very strong possibility."
26,2027-02-20,Liverpool,Hull,46.34,32.2,21.47,0-0,"• **Team Strength (Elo)**: Liverpool is favored due to a higher Elo rating (differential of 174 points).
• **Squad Market Value**: Liverpool has a squad value advantage of €913.4M.
• **Fatigue**: Liverpool is on short rest (midweek match congestion) while Hull is fully rested.
• **Home Advantage**: Liverpool benefits from playing at home (statistically boosts goal-scoring rate by ~22%).

**Prediction Summary**: Liverpool is predicted to win this fixture with **46.3%** confidence."
26,2027-02-20,Sunderland,Everton,36.93,28.13,34.94,0-0,"• **Team Strength (Elo)**: Matchup is evenly balanced on historical Elo (differential of 12 points).
• **Home Advantage**: Sunderland benefits from playing at home (statistically boosts goal-scoring rate by ~22%).

**Prediction Summary**: This matchup is highly contested with a close outcome probability. A Draw (28.1%) is a very strong possibility."
26,2027-02-20,Nott'm Forest,Man United,36.74,26.16,37.1,1-1,"• **Team Strength (Elo)**: Man United is favored due to a higher Elo rating (differential of 55 points).
• **Squad Market Value**: Man United has a squad value advantage of €364.7M.
• **Fatigue**: Man United is on short rest (midweek match congestion) while Nott'm Forest is fully rested.
• **Home Advantage**: Nott'm Forest benefits from playing at home (statistically boosts goal-scoring rate by ~22%).

**Prediction Summary**: This matchup is highly contested with a close outcome probability. A Draw (26.2%) is a very strong possibility."
26,2027-02-20,Man City,Newcastle,42.25,22.11,35.64,1-0,"• **Team Strength (Elo)**: Matchup is evenly balanced on historical Elo (differential of 39 points).
• **Squad Market Value**: Man City has a squad value advantage of €848.2M.
• **Injuries & Availability**: Newcastle is healthier with 100% availability vs. 62% for the opponent.
• **Fatigue**: Man City is on short rest (midweek match congestion) while Newcastle is fully rested.
• **Home Advantage**: Man City benefits from playing at home (statistically boosts goal-scoring rate by ~22%).

**Prediction Summary**: Man City is predicted to win this fixture with **42.3%** confidence."
26,2027-02-20,Leeds,Aston Villa,34.27,26.61,39.12,1-1,"• **Team Strength (Elo)**: Aston Villa is favored due to a higher Elo rating (differential of 56 points).
• **Squad Market Value**: Aston Villa has a squad value advantage of €168.4M.
• **Fatigue**: Aston Villa is on short rest (midweek match congestion) while Leeds is fully rested.
• **Home Advantage**: Leeds benefits from playing at home (statistically boosts goal-scoring rate by ~22%).

**Prediction Summary**: This matchup is highly contested with a close outcome probability. A Draw (26.6%) is a very strong possibility."
26,2027-02-20,Bournemouth,Crystal Palace,56.62,23.94,19.45,1-1,"• **Team Strength (Elo)**: Bournemouth is favored due to a higher Elo rating (differential of 81 points).
• **Home Advantage**: Bournemouth benefits from playing at home (statistically boosts goal-scoring rate by ~22%).

**Prediction Summary**: Bournemouth is predicted to win this fixture with **56.6%** confidence."
26,2027-02-20,Brighton,Tottenham,55.1,25.42,19.48,1-1,"• **Team Strength (Elo)**: Brighton is favored due to a higher Elo rating (differential of 69 points).
• **Squad Market Value**: Tottenham has a squad value advantage of €202.5M.
• **Fatigue**: Tottenham is on short rest (midweek match congestion) while Brighton is fully rested.
• **Home Advantage**: Brighton benefits from playing at home (statistically boosts goal-scoring rate by ~22%).

**Prediction Summary**: Brighton is predicted to win this fixture with **55.1%** confidence."
26,2027-02-20,Brentford,Coventry,53.61,22.14,24.25,1-1,"• **Team Strength (Elo)**: Brentford is favored due to a higher Elo rating (differential of 112 points).
• **Squad Market Value**: Brentford has a squad value advantage of €323.9M.
• **Home Advantage**: Brentford benefits from playing at home (statistically boosts goal-scoring rate by ~22%).

**Prediction Summary**: Brentford is predicted to win this fixture with **53.6%** confidence."
26,2027-02-20,Arsenal,Fulham,67.21,19.09,13.7,2-0,"• **Team Strength (Elo)**: Arsenal is favored due to a higher Elo rating (differential of 169 points).
• **Squad Market Value**: Arsenal has a squad value advantage of €943.8M.
• **Injuries & Availability**: Fulham is healthier with 100% availability vs. 88% for the opponent.
• **Fatigue**: Arsenal is on short rest (midweek match congestion) while Fulham is fully rested.
• **Home Advantage**: Arsenal benefits from playing at home (statistically boosts goal-scoring rate by ~22%).

**Prediction Summary**: Arsenal is predicted to win this fixture with **67.2%** confidence."
26,2027-02-20,Chelsea,Ipswich,76.84,14.78,8.39,2-0,"• **Team Strength (Elo)**: Chelsea is favored due to a higher Elo rating (differential of 185 points).
• **Squad Market Value**: Chelsea has a squad value advantage of €1011.3M.
• **Fatigue**: Chelsea is on short rest (midweek match congestion) while Ipswich is fully rested.
• **Home Advantage**: Chelsea benefits from playing at home (statistically boosts goal-scoring rate by ~22%).

**Prediction Summary**: Chelsea is predicted to win this fixture with **76.8%** confidence."
27,2027-02-27,Ipswich,Brighton,14.57,19.3,66.12,0-2,"• **Team Strength (Elo)**: Brighton is favored due to a higher Elo rating (differential of 210 points).
• **Squad Market Value**: Brighton has a squad value advantage of €469.3M.
• **Home Advantage**: Ipswich benefits from playing at home (statistically boosts goal-scoring rate by ~22%).

**Prediction Summary**: Brighton is predicted to win this fixture with **66.1%** confidence."
27,2027-02-27,Tottenham,Liverpool,26.41,24.39,49.19,1-1,"• **Team Strength (Elo)**: Liverpool is favored due to a higher Elo rating (differential of 109 points).
• **Fatigue**: Both teams are facing congested schedules (midweek matches).
• **Home Advantage**: Tottenham benefits from playing at home (statistically boosts goal-scoring rate by ~22%).

**Prediction Summary**: Liverpool is predicted to win this fixture with **49.2%** confidence."
27,2027-02-27,Newcastle,Brentford,41.78,23.64,34.58,1-1,"• **Team Strength (Elo)**: Matchup is evenly balanced on historical Elo (differential of 15 points).
• **Home Advantage**: Newcastle benefits from playing at home (statistically boosts goal-scoring rate by ~22%).

**Prediction Summary**: Newcastle is predicted to win this fixture with **41.8%** confidence."
27,2027-02-27,Man United,Arsenal,30.2,25.47,44.33,1-1,"• **Team Strength (Elo)**: Arsenal is favored due to a higher Elo rating (differential of 96 points).
• **Squad Market Value**: Arsenal has a squad value advantage of €427.5M.
• **Injuries & Availability**: Man United is healthier with 100% availability vs. 88% for the opponent.
• **Fatigue**: Both teams are facing congested schedules (midweek matches).
• **Home Advantage**: Man United benefits from playing at home (statistically boosts goal-scoring rate by ~22%).

**Prediction Summary**: Arsenal is predicted to win this fixture with **44.3%** confidence."
27,2027-02-27,Hull,Man City,11.0,37.58,51.41,0-1,"• **Team Strength (Elo)**: Man City is favored due to a higher Elo rating (differential of 182 points).
• **Squad Market Value**: Man City has a squad value advantage of €1373.8M.
• **Injuries & Availability**: Hull is healthier with 100% availability vs. 62% for the opponent.
• **Fatigue**: Man City is on short rest (midweek match congestion) while Hull is fully rested.
• **Home Advantage**: Hull benefits from playing at home (statistically boosts goal-scoring rate by ~22%).

**Prediction Summary**: Man City is predicted to win this fixture with **51.4%** confidence."
27,2027-02-27,Aston Villa,Chelsea,48.21,26.52,25.26,1-1,"• **Team Strength (Elo)**: Matchup is evenly balanced on historical Elo (differential of 38 points).
• **Squad Market Value**: Chelsea has a squad value advantage of €697.8M.
• **Fatigue**: Both teams are facing congested schedules (midweek matches).
• **Home Advantage**: Aston Villa benefits from playing at home (statistically boosts goal-scoring rate by ~22%).

**Prediction Summary**: Aston Villa is predicted to win this fixture with **48.2%** confidence."
27,2027-02-27,Everton,Nott'm Forest,34.97,27.13,37.9,1-1,"• **Team Strength (Elo)**: Matchup is evenly balanced on historical Elo (differential of 36 points).
• **Home Advantage**: Everton benefits from playing at home (statistically boosts goal-scoring rate by ~22%).

**Prediction Summary**: This matchup is highly contested with a close outcome probability. A Draw (27.1%) is a very strong possibility."
27,2027-02-27,Crystal Palace,Sunderland,39.14,29.31,31.55,0-0,"• **Team Strength (Elo)**: Matchup is evenly balanced on historical Elo (differential of 7 points).
• **Squad Market Value**: Crystal Palace has a squad value advantage of €141.4M.
• **Home Advantage**: Crystal Palace benefits from playing at home (statistically boosts goal-scoring rate by ~22%).

**Prediction Summary**: Crystal Palace is predicted to win this fixture with **39.1%** confidence."
27,2027-02-27,Coventry,Bournemouth,33.67,23.55,42.78,1-1,"• **Team Strength (Elo)**: Bournemouth is favored due to a higher Elo rating (differential of 133 points).
• **Squad Market Value**: Bournemouth has a squad value advantage of €338.5M.
• **Home Advantage**: Coventry benefits from playing at home (statistically boosts goal-scoring rate by ~22%).

**Prediction Summary**: Bournemouth is predicted to win this fixture with **42.8%** confidence."
27,2027-02-27,Fulham,Leeds,37.8,27.37,34.83,1-1,"• **Team Strength (Elo)**: Matchup is evenly balanced on historical Elo (differential of 7 points).
• **Home Advantage**: Fulham benefits from playing at home (statistically boosts goal-scoring rate by ~22%).

**Prediction Summary**: This matchup is highly contested with a close outcome probability. A Draw (27.4%) is a very strong possibility."
28,2027-03-03,Sunderland,Man United,28.16,26.98,44.86,1-1,"• **Team Strength (Elo)**: Man United is favored due to a higher Elo rating (differential of 98 points).
• **Squad Market Value**: Man United has a squad value advantage of €473.4M.
• **Home Advantage**: Sunderland benefits from playing at home (statistically boosts goal-scoring rate by ~22%).

**Prediction Summary**: Man United is predicted to win this fixture with **44.9%** confidence."
28,2027-03-03,Nott'm Forest,Newcastle,41.07,23.85,35.08,1-1,"• **Team Strength (Elo)**: Matchup is evenly balanced on historical Elo (differential of 3 points).
• **Home Advantage**: Nott'm Forest benefits from playing at home (statistically boosts goal-scoring rate by ~22%).

**Prediction Summary**: Nott'm Forest is predicted to win this fixture with **41.1%** confidence."
28,2027-03-03,Man City,Everton,55.83,23.58,20.6,1-0,"• **Team Strength (Elo)**: Man City is favored due to a higher Elo rating (differential of 77 points).
• **Squad Market Value**: Man City has a squad value advantage of €996.9M.
• **Injuries & Availability**: Everton is healthier with 100% availability vs. 80% for the opponent.
• **Home Advantage**: Man City benefits from playing at home (statistically boosts goal-scoring rate by ~22%).

**Prediction Summary**: Man City is predicted to win this fixture with **55.8%** confidence."
28,2027-03-03,Liverpool,Aston Villa,47.16,24.23,28.61,1-1,"• **Team Strength (Elo)**: Matchup is evenly balanced on historical Elo (differential of 9 points).
• **Squad Market Value**: Liverpool has a squad value advantage of €457.3M.
• **Home Advantage**: Liverpool benefits from playing at home (statistically boosts goal-scoring rate by ~22%).

**Prediction Summary**: Liverpool is predicted to win this fixture with **47.2%** confidence."
28,2027-03-03,Leeds,Hull,44.85,38.6,16.55,0-0,"• **Team Strength (Elo)**: Leeds is favored due to a higher Elo rating (differential of 114 points).
• **Squad Market Value**: Leeds has a squad value advantage of €287.6M.
• **Home Advantage**: Leeds benefits from playing at home (statistically boosts goal-scoring rate by ~22%).

**Prediction Summary**: Leeds is predicted to win this fixture with **44.9%** confidence."
28,2027-03-03,Brighton,Fulham,47.64,26.46,25.9,1-1,"• **Team Strength (Elo)**: Matchup is evenly balanced on historical Elo (differential of 36 points).
• **Squad Market Value**: Brighton has a squad value advantage of €321.8M.
• **Home Advantage**: Brighton benefits from playing at home (statistically boosts goal-scoring rate by ~22%).

**Prediction Summary**: Brighton is predicted to win this fixture with **47.6%** confidence."
28,2027-03-03,Brentford,Ipswich,78.99,11.73,9.28,3-0,"• **Team Strength (Elo)**: Brentford is favored due to a higher Elo rating (differential of 217 points).
• **Squad Market Value**: Brentford has a squad value advantage of €314.6M.
• **Home Advantage**: Brentford benefits from playing at home (statistically boosts goal-scoring rate by ~22%).

**Prediction Summary**: Brentford is predicted to win this fixture with **79.0%** confidence."
28,2027-03-03,Arsenal,Crystal Palace,72.19,17.07,10.74,2-0,"• **Team Strength (Elo)**: Arsenal is favored due to a higher Elo rating (differential of 194 points).
• **Squad Market Value**: Arsenal has a squad value advantage of €759.5M.
• **Injuries & Availability**: Crystal Palace is healthier with 100% availability vs. 88% for the opponent.
• **Home Advantage**: Arsenal benefits from playing at home (statistically boosts goal-scoring rate by ~22%).

**Prediction Summary**: Arsenal is predicted to win this fixture with **72.2%** confidence."
28,2027-03-03,Bournemouth,Tottenham,62.94,19.79,17.27,1-1,"• **Team Strength (Elo)**: Bournemouth is favored due to a higher Elo rating (differential of 102 points).
• **Squad Market Value**: Tottenham has a squad value advantage of €342.6M.
• **Home Advantage**: Bournemouth benefits from playing at home (statistically boosts goal-scoring rate by ~22%).

**Prediction Summary**: Bournemouth is predicted to win this fixture with **62.9%** confidence."
28,2027-03-03,Chelsea,Coventry,49.79,23.4,26.81,1-1,"• **Team Strength (Elo)**: Chelsea is favored due to a higher Elo rating (differential of 84 points).
• **Squad Market Value**: Chelsea has a squad value advantage of €1020.6M.
• **Home Advantage**: Chelsea benefits from playing at home (statistically boosts goal-scoring rate by ~22%).

**Prediction Summary**: Chelsea is predicted to win this fixture with **49.8%** confidence."
29,2027-03-13,Liverpool,Ipswich,82.31,11.6,6.1,3-0,"• **Team Strength (Elo)**: Liverpool is favored due to a higher Elo rating (differential of 244 points).
• **Squad Market Value**: Liverpool has a squad value advantage of €770.8M.
• **Fatigue**: Liverpool is on short rest (midweek match congestion) while Ipswich is fully rested.
• **Home Advantage**: Liverpool benefits from playing at home (statistically boosts goal-scoring rate by ~22%).

**Prediction Summary**: Liverpool is predicted to win this fixture with **82.3%** confidence."
29,2027-03-13,Sunderland,Brentford,32.08,25.59,42.33,1-1,"• **Team Strength (Elo)**: Brentford is favored due to a higher Elo rating (differential of 66 points).
• **Squad Market Value**: Brentford has a squad value advantage of €124.1M.
• **Home Advantage**: Sunderland benefits from playing at home (statistically boosts goal-scoring rate by ~22%).

**Prediction Summary**: Brentford is predicted to win this fixture with **42.3%** confidence."
29,2027-03-13,Man United,Everton,54.35,24.46,21.19,1-0,"• **Team Strength (Elo)**: Man United is favored due to a higher Elo rating (differential of 85 points).
• **Squad Market Value**: Man United has a squad value advantage of €429.4M.
• **Fatigue**: Man United is on short rest (midweek match congestion) while Everton is fully rested.
• **Home Advantage**: Man United benefits from playing at home (statistically boosts goal-scoring rate by ~22%).

**Prediction Summary**: Man United is predicted to win this fixture with **54.3%** confidence."
29,2027-03-13,Tottenham,Nott'm Forest,33.26,24.52,42.23,1-1,"• **Team Strength (Elo)**: Nott'm Forest is favored due to a higher Elo rating (differential of 72 points).
• **Squad Market Value**: Tottenham has a squad value advantage of €372.7M.
• **Fatigue**: Tottenham is on short rest (midweek match congestion) while Nott'm Forest is fully rested.
• **Home Advantage**: Tottenham benefits from playing at home (statistically boosts goal-scoring rate by ~22%).

**Prediction Summary**: Nott'm Forest is predicted to win this fixture with **42.2%** confidence."
29,2027-03-13,Leeds,Brighton,37.46,25.41,37.13,1-1,"• **Team Strength (Elo)**: Matchup is evenly balanced on historical Elo (differential of 39 points).
• **Squad Market Value**: Brighton has a squad value advantage of €324.2M.
• **Home Advantage**: Leeds benefits from playing at home (statistically boosts goal-scoring rate by ~22%).

**Prediction Summary**: This matchup is highly contested with a close outcome probability. A Draw (25.4%) is a very strong possibility."
29,2027-03-13,Chelsea,Arsenal,22.07,24.72,53.21,1-1,"• **Team Strength (Elo)**: Arsenal is favored due to a higher Elo rating (differential of 163 points).
• **Fatigue**: Both teams are facing congested schedules (midweek matches).
• **Home Advantage**: Chelsea benefits from playing at home (statistically boosts goal-scoring rate by ~22%).

**Prediction Summary**: Arsenal is predicted to win this fixture with **53.2%** confidence."
29,2027-03-13,Coventry,Man City,40.47,22.24,37.29,0-1,"• **Team Strength (Elo)**: Man City is favored due to a higher Elo rating (differential of 133 points).
• **Squad Market Value**: Man City has a squad value advantage of €1240.7M.
• **Injuries & Availability**: Coventry is healthier with 100% availability vs. 80% for the opponent.
• **Fatigue**: Man City is on short rest (midweek match congestion) while Coventry is fully rested.
• **Home Advantage**: Coventry benefits from playing at home (statistically boosts goal-scoring rate by ~22%).

**Prediction Summary**: This matchup is highly contested with a close outcome probability. A Draw (22.2%) is a very strong possibility."
29,2027-03-13,Aston Villa,Hull,40.95,36.58,22.47,0-0,"• **Team Strength (Elo)**: Aston Villa is favored due to a higher Elo rating (differential of 160 points).
• **Squad Market Value**: Aston Villa has a squad value advantage of €456.1M.
• **Fatigue**: Aston Villa is on short rest (midweek match congestion) while Hull is fully rested.
• **Home Advantage**: Aston Villa benefits from playing at home (statistically boosts goal-scoring rate by ~22%).

**Prediction Summary**: Aston Villa is predicted to win this fixture with **40.9%** confidence."
29,2027-03-13,Bournemouth,Newcastle,49.54,22.69,27.78,1-1,"• **Team Strength (Elo)**: Matchup is evenly balanced on historical Elo (differential of 31 points).
• **Home Advantage**: Bournemouth benefits from playing at home (statistically boosts goal-scoring rate by ~22%).

**Prediction Summary**: Bournemouth is predicted to win this fixture with **49.5%** confidence."
29,2027-03-13,Crystal Palace,Fulham,39.09,27.52,33.39,1-1,"• **Team Strength (Elo)**: Matchup is evenly balanced on historical Elo (differential of 24 points).
• **Squad Market Value**: Crystal Palace has a squad value advantage of €184.3M.
• **Home Advantage**: Crystal Palace benefits from playing at home (statistically boosts goal-scoring rate by ~22%).

**Prediction Summary**: Crystal Palace is predicted to win this fixture with **39.1%** confidence."
30,2027-03-20,Nott'm Forest,Aston Villa,38.97,25.6,35.42,1-1,"• **Team Strength (Elo)**: Matchup is evenly balanced on historical Elo (differential of 30 points).
• **Fatigue**: Aston Villa is on short rest (midweek match congestion) while Nott'm Forest is fully rested.
• **Home Advantage**: Nott'm Forest benefits from playing at home (statistically boosts goal-scoring rate by ~22%).

**Prediction Summary**: This matchup is highly contested with a close outcome probability. A Draw (25.6%) is a very strong possibility."
30,2027-03-20,Newcastle,Leeds,47.46,23.78,28.76,1-1,"• **Team Strength (Elo)**: Matchup is evenly balanced on historical Elo (differential of 25 points).
• **Squad Market Value**: Newcastle has a squad value advantage of €238.0M.
• **Home Advantage**: Newcastle benefits from playing at home (statistically boosts goal-scoring rate by ~22%).

**Prediction Summary**: Newcastle is predicted to win this fixture with **47.5%** confidence."
30,2027-03-20,Man City,Man United,41.78,28.18,30.04,1-0,"• **Team Strength (Elo)**: Matchup is evenly balanced on historical Elo (differential of 13 points).
• **Squad Market Value**: Man City has a squad value advantage of €567.5M.
• **Injuries & Availability**: Man United is healthier with 100% availability vs. 80% for the opponent.
• **Fatigue**: Both teams are facing congested schedules (midweek matches).
• **Home Advantage**: Man City benefits from playing at home (statistically boosts goal-scoring rate by ~22%).

**Prediction Summary**: Man City is predicted to win this fixture with **41.8%** confidence."
30,2027-03-20,Ipswich,Crystal Palace,20.11,23.3,56.58,0-1,"• **Team Strength (Elo)**: Crystal Palace is favored due to a higher Elo rating (differential of 161 points).
• **Squad Market Value**: Crystal Palace has a squad value advantage of €331.8M.
• **Home Advantage**: Ipswich benefits from playing at home (statistically boosts goal-scoring rate by ~22%).

**Prediction Summary**: Crystal Palace is predicted to win this fixture with **56.6%** confidence."
30,2027-03-20,Hull,Chelsea,12.37,33.15,54.47,0-1,"• **Team Strength (Elo)**: Chelsea is favored due to a higher Elo rating (differential of 127 points).
• **Squad Market Value**: Chelsea has a squad value advantage of €1153.8M.
• **Fatigue**: Chelsea is on short rest (midweek match congestion) while Hull is fully rested.
• **Home Advantage**: Hull benefits from playing at home (statistically boosts goal-scoring rate by ~22%).

**Prediction Summary**: Chelsea is predicted to win this fixture with **54.5%** confidence."
30,2027-03-20,Everton,Tottenham,49.12,26.59,24.29,1-1,"• **Team Strength (Elo)**: Matchup is evenly balanced on historical Elo (differential of 36 points).
• **Squad Market Value**: Tottenham has a squad value advantage of €437.4M.
• **Fatigue**: Tottenham is on short rest (midweek match congestion) while Everton is fully rested.
• **Home Advantage**: Everton benefits from playing at home (statistically boosts goal-scoring rate by ~22%).

**Prediction Summary**: Everton is predicted to win this fixture with **49.1%** confidence."
30,2027-03-20,Brighton,Coventry,51.87,22.52,25.61,1-1,"• **Team Strength (Elo)**: Brighton is favored due to a higher Elo rating (differential of 99 points).
• **Squad Market Value**: Brighton has a squad value advantage of €478.6M.
• **Home Advantage**: Brighton benefits from playing at home (statistically boosts goal-scoring rate by ~22%).

**Prediction Summary**: Brighton is predicted to win this fixture with **51.9%** confidence."
30,2027-03-20,Brentford,Bournemouth,42.87,24.0,33.13,1-1,"• **Team Strength (Elo)**: Matchup is evenly balanced on historical Elo (differential of 18 points).
• **Home Advantage**: Brentford benefits from playing at home (statistically boosts goal-scoring rate by ~22%).

**Prediction Summary**: Brentford is predicted to win this fixture with **42.9%** confidence."
30,2027-03-20,Arsenal,Sunderland,72.13,17.6,10.28,2-0,"• **Team Strength (Elo)**: Arsenal is favored due to a higher Elo rating (differential of 198 points).
• **Squad Market Value**: Arsenal has a squad value advantage of €900.8M.
• **Fatigue**: Arsenal is on short rest (midweek match congestion) while Sunderland is fully rested.
• **Home Advantage**: Arsenal benefits from playing at home (statistically boosts goal-scoring rate by ~22%).

**Prediction Summary**: Arsenal is predicted to win this fixture with **72.1%** confidence."
30,2027-03-20,Fulham,Liverpool,29.62,25.63,44.74,1-1,"• **Team Strength (Elo)**: Liverpool is favored due to a higher Elo rating (differential of 74 points).
• **Squad Market Value**: Liverpool has a squad value advantage of €623.3M.
• **Fatigue**: Liverpool is on short rest (midweek match congestion) while Fulham is fully rested.
• **Home Advantage**: Fulham benefits from playing at home (statistically boosts goal-scoring rate by ~22%).

**Prediction Summary**: Liverpool is predicted to win this fixture with **44.7%** confidence."
31,2027-04-10,Liverpool,Newcastle,51.21,22.21,26.58,1-1,"• **Team Strength (Elo)**: Matchup is evenly balanced on historical Elo (differential of 42 points).
• **Squad Market Value**: Liverpool has a squad value advantage of €387.7M.
• **Home Advantage**: Liverpool benefits from playing at home (statistically boosts goal-scoring rate by ~22%).

**Prediction Summary**: Liverpool is predicted to win this fixture with **51.2%** confidence."
31,2027-04-10,Tottenham,Brentford,26.86,20.09,53.05,1-1,"• **Team Strength (Elo)**: Brentford is favored due to a higher Elo rating (differential of 98 points).
• **Squad Market Value**: Tottenham has a squad value advantage of €357.2M.
• **Home Advantage**: Tottenham benefits from playing at home (statistically boosts goal-scoring rate by ~22%).

**Prediction Summary**: Brentford is predicted to win this fixture with **53.1%** confidence."
31,2027-04-10,Sunderland,Ipswich,68.62,19.17,12.21,1-0,"• **Team Strength (Elo)**: Sunderland is favored due to a higher Elo rating (differential of 158 points).
• **Squad Market Value**: Sunderland has a squad value advantage of €190.5M.
• **Home Advantage**: Sunderland benefits from playing at home (statistically boosts goal-scoring rate by ~22%).

**Prediction Summary**: Sunderland is predicted to win this fixture with **68.6%** confidence."
31,2027-04-10,Man United,Hull,47.38,31.75,20.87,0-0,"• **Team Strength (Elo)**: Man United is favored due to a higher Elo rating (differential of 182 points).
• **Squad Market Value**: Man United has a squad value advantage of €806.4M.
• **Home Advantage**: Man United benefits from playing at home (statistically boosts goal-scoring rate by ~22%).

**Prediction Summary**: Man United is predicted to win this fixture with **47.4%** confidence."
31,2027-04-10,Leeds,Nott'm Forest,36.46,24.42,39.12,1-1,"• **Team Strength (Elo)**: Matchup is evenly balanced on historical Elo (differential of 30 points).
• **Squad Market Value**: Nott'm Forest has a squad value advantage of €154.0M.
• **Home Advantage**: Leeds benefits from playing at home (statistically boosts goal-scoring rate by ~22%).

**Prediction Summary**: This matchup is highly contested with a close outcome probability. A Draw (24.4%) is a very strong possibility."
31,2027-04-10,Bournemouth,Man City,36.46,24.05,39.49,1-1,"• **Team Strength (Elo)**: Matchup is evenly balanced on historical Elo (differential of 9 points).
• **Squad Market Value**: Man City has a squad value advantage of €902.1M.
• **Injuries & Availability**: Bournemouth is healthier with 100% availability vs. 80% for the opponent.
• **Home Advantage**: Bournemouth benefits from playing at home (statistically boosts goal-scoring rate by ~22%).

**Prediction Summary**: This matchup is highly contested with a close outcome probability. A Draw (24.1%) is a very strong possibility."
31,2027-04-10,Coventry,Arsenal,27.05,20.24,52.71,1-2,"• **Team Strength (Elo)**: Arsenal is favored due to a higher Elo rating (differential of 238 points).
• **Squad Market Value**: Arsenal has a squad value advantage of €1100.7M.
• **Home Advantage**: Coventry benefits from playing at home (statistically boosts goal-scoring rate by ~22%).

**Prediction Summary**: Arsenal is predicted to win this fixture with **52.7%** confidence."
31,2027-04-10,Chelsea,Fulham,45.57,25.23,29.21,1-1,"• **Team Strength (Elo)**: Matchup is evenly balanced on historical Elo (differential of 16 points).
• **Squad Market Value**: Chelsea has a squad value advantage of €863.8M.
• **Home Advantage**: Chelsea benefits from playing at home (statistically boosts goal-scoring rate by ~22%).

**Prediction Summary**: Chelsea is predicted to win this fixture with **45.6%** confidence."
31,2027-04-10,Aston Villa,Brighton,41.85,26.63,31.52,1-1,"• **Team Strength (Elo)**: Matchup is evenly balanced on historical Elo (differential of 16 points).
• **Squad Market Value**: Brighton has a squad value advantage of €155.8M.
• **Home Advantage**: Aston Villa benefits from playing at home (statistically boosts goal-scoring rate by ~22%).

**Prediction Summary**: Aston Villa is predicted to win this fixture with **41.9%** confidence."
31,2027-04-10,Crystal Palace,Everton,36.54,25.94,37.52,1-1,"• **Team Strength (Elo)**: Matchup is evenly balanced on historical Elo (differential of 17 points).
• **Home Advantage**: Crystal Palace benefits from playing at home (statistically boosts goal-scoring rate by ~22%).

**Prediction Summary**: This matchup is highly contested with a close outcome probability. A Draw (25.9%) is a very strong possibility."
32,2027-04-17,Ipswich,Man United,12.65,16.57,70.78,0-2,"• **Team Strength (Elo)**: Man United is favored due to a higher Elo rating (differential of 261 points).
• **Squad Market Value**: Man United has a squad value advantage of €663.8M.
• **Fatigue**: Man United is on short rest (midweek match congestion) while Ipswich is fully rested.
• **Home Advantage**: Ipswich benefits from playing at home (statistically boosts goal-scoring rate by ~22%).

**Prediction Summary**: Man United is predicted to win this fixture with **70.8%** confidence."
32,2027-04-17,Nott'm Forest,Liverpool,35.24,24.66,40.1,1-1,"• **Team Strength (Elo)**: Matchup is evenly balanced on historical Elo (differential of 47 points).
• **Squad Market Value**: Liverpool has a squad value advantage of €471.7M.
• **Fatigue**: Liverpool is on short rest (midweek match congestion) while Nott'm Forest is fully rested.
• **Home Advantage**: Nott'm Forest benefits from playing at home (statistically boosts goal-scoring rate by ~22%).

**Prediction Summary**: This matchup is highly contested with a close outcome probability. A Draw (24.7%) is a very strong possibility."
32,2027-04-17,Newcastle,Tottenham,57.25,22.68,20.07,1-1,"• **Team Strength (Elo)**: Newcastle is favored due to a higher Elo rating (differential of 76 points).
• **Squad Market Value**: Tottenham has a squad value advantage of €288.7M.
• **Fatigue**: Tottenham is on short rest (midweek match congestion) while Newcastle is fully rested.
• **Home Advantage**: Newcastle benefits from playing at home (statistically boosts goal-scoring rate by ~22%).

**Prediction Summary**: Newcastle is predicted to win this fixture with **57.2%** confidence."
32,2027-04-17,Man City,Crystal Palace,56.16,23.24,20.6,1-0,"• **Team Strength (Elo)**: Man City is favored due to a higher Elo rating (differential of 88 points).
• **Squad Market Value**: Man City has a squad value advantage of €899.5M.
• **Injuries & Availability**: Crystal Palace is healthier with 100% availability vs. 80% for the opponent.
• **Fatigue**: Man City is on short rest (midweek match congestion) while Crystal Palace is fully rested.
• **Home Advantage**: Man City benefits from playing at home (statistically boosts goal-scoring rate by ~22%).

**Prediction Summary**: Man City is predicted to win this fixture with **56.2%** confidence."
32,2027-04-17,Hull,Coventry,35.12,25.87,39.01,1-1,"• **Team Strength (Elo)**: Matchup is evenly balanced on historical Elo (differential of 49 points).
• **Squad Market Value**: Coventry has a squad value advantage of €133.2M.
• **Home Advantage**: Hull benefits from playing at home (statistically boosts goal-scoring rate by ~22%).

**Prediction Summary**: This matchup is highly contested with a close outcome probability. A Draw (25.9%) is a very strong possibility."
32,2027-04-17,Arsenal,Aston Villa,62.92,22.45,14.63,2-0,"• **Team Strength (Elo)**: Arsenal is favored due to a higher Elo rating (differential of 121 points).
• **Squad Market Value**: Arsenal has a squad value advantage of €777.8M.
• **Fatigue**: Both teams are facing congested schedules (midweek matches).
• **Home Advantage**: Arsenal benefits from playing at home (statistically boosts goal-scoring rate by ~22%).

**Prediction Summary**: Arsenal is predicted to win this fixture with **62.9%** confidence."
32,2027-04-17,Everton,Bournemouth,31.91,25.32,42.77,1-1,"• **Team Strength (Elo)**: Bournemouth is favored due to a higher Elo rating (differential of 70 points).
• **Home Advantage**: Everton benefits from playing at home (statistically boosts goal-scoring rate by ~22%).

**Prediction Summary**: Bournemouth is predicted to win this fixture with **42.8%** confidence."
32,2027-04-17,Brighton,Chelsea,45.15,26.23,28.62,1-1,"• **Team Strength (Elo)**: Matchup is evenly balanced on historical Elo (differential of 20 points).
• **Squad Market Value**: Chelsea has a squad value advantage of €542.0M.
• **Fatigue**: Chelsea is on short rest (midweek match congestion) while Brighton is fully rested.
• **Home Advantage**: Brighton benefits from playing at home (statistically boosts goal-scoring rate by ~22%).

**Prediction Summary**: Brighton is predicted to win this fixture with **45.2%** confidence."
32,2027-04-17,Brentford,Leeds,50.14,23.37,26.49,1-1,"• **Team Strength (Elo)**: Brentford is favored due to a higher Elo rating (differential of 51 points).
• **Squad Market Value**: Brentford has a squad value advantage of €169.5M.
• **Home Advantage**: Brentford benefits from playing at home (statistically boosts goal-scoring rate by ~22%).

**Prediction Summary**: Brentford is predicted to win this fixture with **50.1%** confidence."
32,2027-04-17,Fulham,Sunderland,40.05,29.69,30.26,0-0,"• **Team Strength (Elo)**: Matchup is evenly balanced on historical Elo (differential of 16 points).
• **Home Advantage**: Fulham benefits from playing at home (statistically boosts goal-scoring rate by ~22%).

**Prediction Summary**: Fulham is predicted to win this fixture with **40.0%** confidence."
33,2027-04-24,Tottenham,Hull,42.14,39.8,18.06,0-0,"• **Team Strength (Elo)**: Tottenham is favored due to a higher Elo rating (differential of 58 points).
• **Squad Market Value**: Tottenham has a squad value advantage of €814.4M.
• **Home Advantage**: Tottenham benefits from playing at home (statistically boosts goal-scoring rate by ~22%).

**Prediction Summary**: Tottenham is predicted to win this fixture with **42.1%** confidence."
33,2027-04-24,Nott'm Forest,Sunderland,47.17,26.65,26.18,1-1,"• **Team Strength (Elo)**: Matchup is evenly balanced on historical Elo (differential of 43 points).
• **Squad Market Value**: Nott'm Forest has a squad value advantage of €108.6M.
• **Home Advantage**: Nott'm Forest benefits from playing at home (statistically boosts goal-scoring rate by ~22%).

**Prediction Summary**: Nott'm Forest is predicted to win this fixture with **47.2%** confidence."
33,2027-04-24,Newcastle,Ipswich,78.76,11.71,9.53,3-0,"• **Team Strength (Elo)**: Newcastle is favored due to a higher Elo rating (differential of 213 points).
• **Squad Market Value**: Newcastle has a squad value advantage of €383.1M.
• **Home Advantage**: Newcastle benefits from playing at home (statistically boosts goal-scoring rate by ~22%).

**Prediction Summary**: Newcastle is predicted to win this fixture with **78.8%** confidence."
33,2027-04-24,Man United,Crystal Palace,57.49,23.49,19.02,1-1,"• **Team Strength (Elo)**: Man United is favored due to a higher Elo rating (differential of 96 points).
• **Squad Market Value**: Man United has a squad value advantage of €332.0M.
• **Home Advantage**: Man United benefits from playing at home (statistically boosts goal-scoring rate by ~22%).

**Prediction Summary**: Man United is predicted to win this fixture with **57.5%** confidence."
33,2027-04-24,Leeds,Liverpool,28.64,22.21,49.15,1-1,"• **Team Strength (Elo)**: Liverpool is favored due to a higher Elo rating (differential of 83 points).
• **Squad Market Value**: Liverpool has a squad value advantage of €625.7M.
• **Home Advantage**: Leeds benefits from playing at home (statistically boosts goal-scoring rate by ~22%).

**Prediction Summary**: Liverpool is predicted to win this fixture with **49.2%** confidence."
33,2027-04-24,Chelsea,Man City,33.66,26.74,39.6,1-1,"• **Team Strength (Elo)**: Man City is favored due to a higher Elo rating (differential of 56 points).
• **Squad Market Value**: Man City has a squad value advantage of €220.0M.
• **Injuries & Availability**: Chelsea is healthier with 100% availability vs. 80% for the opponent.
• **Home Advantage**: Chelsea benefits from playing at home (statistically boosts goal-scoring rate by ~22%).

**Prediction Summary**: Man City is predicted to win this fixture with **39.6%** confidence."
33,2027-04-24,Brentford,Fulham,51.63,24.07,24.3,1-1,"• **Team Strength (Elo)**: Brentford is favored due to a higher Elo rating (differential of 52 points).
• **Squad Market Value**: Brentford has a squad value advantage of €167.1M.
• **Home Advantage**: Brentford benefits from playing at home (statistically boosts goal-scoring rate by ~22%).

**Prediction Summary**: Brentford is predicted to win this fixture with **51.6%** confidence."
33,2027-04-24,Aston Villa,Coventry,52.54,23.47,23.99,1-1,"• **Team Strength (Elo)**: Aston Villa is favored due to a higher Elo rating (differential of 108 points).
• **Squad Market Value**: Aston Villa has a squad value advantage of €322.9M.
• **Home Advantage**: Aston Villa benefits from playing at home (statistically boosts goal-scoring rate by ~22%).

**Prediction Summary**: Aston Villa is predicted to win this fixture with **52.5%** confidence."
33,2027-04-24,Bournemouth,Arsenal,24.6,23.86,51.54,1-1,"• **Team Strength (Elo)**: Arsenal is favored due to a higher Elo rating (differential of 120 points).
• **Squad Market Value**: Arsenal has a squad value advantage of €762.1M.
• **Home Advantage**: Bournemouth benefits from playing at home (statistically boosts goal-scoring rate by ~22%).

**Prediction Summary**: Arsenal is predicted to win this fixture with **51.5%** confidence."
33,2027-04-24,Everton,Brighton,34.17,27.15,38.68,1-1,"• **Team Strength (Elo)**: Matchup is evenly balanced on historical Elo (differential of 49 points).
• **Squad Market Value**: Brighton has a squad value advantage of €234.9M.
• **Home Advantage**: Everton benefits from playing at home (statistically boosts goal-scoring rate by ~22%).

**Prediction Summary**: This matchup is highly contested with a close outcome probability. A Draw (27.2%) is a very strong possibility."
34,2027-05-01,Ipswich,Leeds,19.05,21.29,59.67,0-2,"• **Team Strength (Elo)**: Leeds is favored due to a higher Elo rating (differential of 187 points).
• **Squad Market Value**: Leeds has a squad value advantage of €145.1M.
• **Home Advantage**: Ipswich benefits from playing at home (statistically boosts goal-scoring rate by ~22%).

**Prediction Summary**: Leeds is predicted to win this fixture with **59.7%** confidence."
34,2027-05-01,Man City,Brentford,46.79,23.05,30.17,1-0,"• **Team Strength (Elo)**: Matchup is evenly balanced on historical Elo (differential of 17 points).
• **Squad Market Value**: Man City has a squad value advantage of €916.7M.
• **Injuries & Availability**: Brentford is healthier with 100% availability vs. 80% for the opponent.
• **Fatigue**: Man City is on short rest (midweek match congestion) while Brentford is fully rested.
• **Home Advantage**: Man City benefits from playing at home (statistically boosts goal-scoring rate by ~22%).

**Prediction Summary**: Man City is predicted to win this fixture with **46.8%** confidence."
34,2027-05-01,Liverpool,Chelsea,55.79,22.98,21.23,1-1,"• **Team Strength (Elo)**: Liverpool is favored due to a higher Elo rating (differential of 64 points).
• **Squad Market Value**: Chelsea has a squad value advantage of €240.5M.
• **Fatigue**: Both teams are facing congested schedules (midweek matches).
• **Home Advantage**: Liverpool benefits from playing at home (statistically boosts goal-scoring rate by ~22%).

**Prediction Summary**: Liverpool is predicted to win this fixture with **55.8%** confidence."
34,2027-05-01,Sunderland,Newcastle,31.8,26.16,42.03,1-1,"• **Team Strength (Elo)**: Newcastle is favored due to a higher Elo rating (differential of 54 points).
• **Squad Market Value**: Newcastle has a squad value advantage of €192.6M.
• **Home Advantage**: Sunderland benefits from playing at home (statistically boosts goal-scoring rate by ~22%).

**Prediction Summary**: Newcastle is predicted to win this fixture with **42.0%** confidence."
34,2027-05-01,Hull,Bournemouth,10.17,28.12,61.71,0-1,"• **Team Strength (Elo)**: Bournemouth is favored due to a higher Elo rating (differential of 174 points).
• **Squad Market Value**: Bournemouth has a squad value advantage of €471.7M.
• **Home Advantage**: Hull benefits from playing at home (statistically boosts goal-scoring rate by ~22%).

**Prediction Summary**: Bournemouth is predicted to win this fixture with **61.7%** confidence."
34,2027-05-01,Coventry,Man United,34.87,21.78,43.35,1-1,"• **Team Strength (Elo)**: Man United is favored due to a higher Elo rating (differential of 132 points).
• **Squad Market Value**: Man United has a squad value advantage of €673.2M.
• **Fatigue**: Man United is on short rest (midweek match congestion) while Coventry is fully rested.
• **Home Advantage**: Coventry benefits from playing at home (statistically boosts goal-scoring rate by ~22%).

**Prediction Summary**: Man United is predicted to win this fixture with **43.3%** confidence."
34,2027-05-01,Crystal Palace,Aston Villa,30.46,27.56,41.98,1-1,"• **Team Strength (Elo)**: Aston Villa is favored due to a higher Elo rating (differential of 75 points).
• **Fatigue**: Aston Villa is on short rest (midweek match congestion) while Crystal Palace is fully rested.
• **Home Advantage**: Crystal Palace benefits from playing at home (statistically boosts goal-scoring rate by ~22%).

**Prediction Summary**: Aston Villa is predicted to win this fixture with **42.0%** confidence."
34,2027-05-01,Brighton,Nott'm Forest,42.05,26.29,31.66,1-1,"• **Team Strength (Elo)**: Matchup is evenly balanced on historical Elo (differential of 10 points).
• **Squad Market Value**: Brighton has a squad value advantage of €170.2M.
• **Home Advantage**: Brighton benefits from playing at home (statistically boosts goal-scoring rate by ~22%).

**Prediction Summary**: Brighton is predicted to win this fixture with **42.0%** confidence."
34,2027-05-01,Arsenal,Tottenham,77.49,15.24,7.27,3-0,"• **Team Strength (Elo)**: Arsenal is favored due to a higher Elo rating (differential of 231 points).
• **Squad Market Value**: Arsenal has a squad value advantage of €419.5M.
• **Fatigue**: Both teams are facing congested schedules (midweek matches).
• **Home Advantage**: Arsenal benefits from playing at home (statistically boosts goal-scoring rate by ~22%).

**Prediction Summary**: Arsenal is predicted to win this fixture with **77.5%** confidence."
34,2027-05-01,Fulham,Everton,38.63,28.27,33.11,0-0,"• **Team Strength (Elo)**: Matchup is evenly balanced on historical Elo (differential of 1 points).
• **Home Advantage**: Fulham benefits from playing at home (statistically boosts goal-scoring rate by ~22%).

**Prediction Summary**: Fulham is predicted to win this fixture with **38.6%** confidence."
35,2027-05-08,Tottenham,Chelsea,32.34,25.32,42.34,1-1,"• **Team Strength (Elo)**: Chelsea is favored due to a higher Elo rating (differential of 69 points).
• **Squad Market Value**: Chelsea has a squad value advantage of €339.5M.
• **Fatigue**: Both teams are facing congested schedules (midweek matches).
• **Home Advantage**: Tottenham benefits from playing at home (statistically boosts goal-scoring rate by ~22%).

**Prediction Summary**: Chelsea is predicted to win this fixture with **42.3%** confidence."
35,2027-05-08,Nott'm Forest,Crystal Palace,48.47,25.47,26.05,1-1,"• **Team Strength (Elo)**: Matchup is evenly balanced on historical Elo (differential of 48 points).
• **Home Advantage**: Nott'm Forest benefits from playing at home (statistically boosts goal-scoring rate by ~22%).

**Prediction Summary**: Nott'm Forest is predicted to win this fixture with **48.5%** confidence."
35,2027-05-08,Newcastle,Coventry,51.95,21.7,26.36,1-1,"• **Team Strength (Elo)**: Newcastle is favored due to a higher Elo rating (differential of 82 points).
• **Squad Market Value**: Newcastle has a squad value advantage of €392.4M.
• **Home Advantage**: Newcastle benefits from playing at home (statistically boosts goal-scoring rate by ~22%).

**Prediction Summary**: Newcastle is predicted to win this fixture with **51.9%** confidence."
35,2027-05-08,Man City,Liverpool,39.75,26.39,33.86,1-1,"• **Team Strength (Elo)**: Matchup is evenly balanced on historical Elo (differential of 16 points).
• **Squad Market Value**: Man City has a squad value advantage of €460.5M.
• **Injuries & Availability**: Liverpool is healthier with 100% availability vs. 80% for the opponent.
• **Fatigue**: Both teams are facing congested schedules (midweek matches).
• **Home Advantage**: Man City benefits from playing at home (statistically boosts goal-scoring rate by ~22%).

**Prediction Summary**: Man City is predicted to win this fixture with **39.8%** confidence."
35,2027-05-08,Leeds,Arsenal,18.25,23.11,58.64,1-1,"• **Team Strength (Elo)**: Arsenal is favored due to a higher Elo rating (differential of 189 points).
• **Squad Market Value**: Arsenal has a squad value advantage of €946.2M.
• **Fatigue**: Arsenal is on short rest (midweek match congestion) while Leeds is fully rested.
• **Home Advantage**: Leeds benefits from playing at home (statistically boosts goal-scoring rate by ~22%).

**Prediction Summary**: Arsenal is predicted to win this fixture with **58.6%** confidence."
35,2027-05-08,Fulham,Ipswich,71.96,17.51,10.53,1-0,"• **Team Strength (Elo)**: Fulham is favored due to a higher Elo rating (differential of 184 points).
• **Squad Market Value**: Fulham has a squad value advantage of €147.5M.
• **Home Advantage**: Fulham benefits from playing at home (statistically boosts goal-scoring rate by ~22%).

**Prediction Summary**: Fulham is predicted to win this fixture with **72.0%** confidence."
35,2027-05-08,Everton,Hull,43.35,39.46,17.19,0-0,"• **Team Strength (Elo)**: Everton is favored due to a higher Elo rating (differential of 100 points).
• **Squad Market Value**: Everton has a squad value advantage of €377.0M.
• **Home Advantage**: Everton benefits from playing at home (statistically boosts goal-scoring rate by ~22%).

**Prediction Summary**: Everton is predicted to win this fixture with **43.3%** confidence."
35,2027-05-08,Brighton,Sunderland,48.34,26.74,24.93,0-0,"• **Team Strength (Elo)**: Brighton is favored due to a higher Elo rating (differential of 57 points).
• **Squad Market Value**: Brighton has a squad value advantage of €278.8M.
• **Home Advantage**: Brighton benefits from playing at home (statistically boosts goal-scoring rate by ~22%).

**Prediction Summary**: Brighton is predicted to win this fixture with **48.3%** confidence."
35,2027-05-08,Brentford,Aston Villa,46.03,24.66,29.31,1-1,"• **Team Strength (Elo)**: Matchup is evenly balanced on historical Elo (differential of 5 points).
• **Fatigue**: Aston Villa is on short rest (midweek match congestion) while Brentford is fully rested.
• **Home Advantage**: Brentford benefits from playing at home (statistically boosts goal-scoring rate by ~22%).

**Prediction Summary**: Brentford is predicted to win this fixture with **46.0%** confidence."
35,2027-05-08,Bournemouth,Man United,43.03,25.55,31.42,1-1,"• **Team Strength (Elo)**: Matchup is evenly balanced on historical Elo (differential of 15 points).
• **Squad Market Value**: Man United has a squad value advantage of €334.7M.
• **Fatigue**: Man United is on short rest (midweek match congestion) while Bournemouth is fully rested.
• **Home Advantage**: Bournemouth benefits from playing at home (statistically boosts goal-scoring rate by ~22%).

**Prediction Summary**: Bournemouth is predicted to win this fixture with **43.0%** confidence."
36,2027-05-15,Man United,Leeds,55.36,23.32,21.32,1-1,"• **Team Strength (Elo)**: Man United is favored due to a higher Elo rating (differential of 80 points).
• **Squad Market Value**: Man United has a squad value advantage of €518.8M.
• **Home Advantage**: Man United benefits from playing at home (statistically boosts goal-scoring rate by ~22%).

**Prediction Summary**: Man United is predicted to win this fixture with **55.4%** confidence."
36,2027-05-15,Sunderland,Bournemouth,28.69,25.97,45.34,1-1,"• **Team Strength (Elo)**: Bournemouth is favored due to a higher Elo rating (differential of 88 points).
• **Squad Market Value**: Bournemouth has a squad value advantage of €138.7M.
• **Home Advantage**: Sunderland benefits from playing at home (statistically boosts goal-scoring rate by ~22%).

**Prediction Summary**: Bournemouth is predicted to win this fixture with **45.3%** confidence."
36,2027-05-15,Ipswich,Man City,9.07,17.45,73.47,0-2,"• **Team Strength (Elo)**: Man City is favored due to a higher Elo rating (differential of 264 points).
• **Squad Market Value**: Man City has a squad value advantage of €1231.3M.
• **Injuries & Availability**: Ipswich is healthier with 100% availability vs. 80% for the opponent.
• **Home Advantage**: Ipswich benefits from playing at home (statistically boosts goal-scoring rate by ~22%).

**Prediction Summary**: Man City is predicted to win this fixture with **73.5%** confidence."
36,2027-05-15,Hull,Fulham,15.2,35.78,49.02,0-1,"• **Team Strength (Elo)**: Fulham is favored due to a higher Elo rating (differential of 112 points).
• **Squad Market Value**: Fulham has a squad value advantage of €290.0M.
• **Home Advantage**: Hull benefits from playing at home (statistically boosts goal-scoring rate by ~22%).

**Prediction Summary**: Fulham is predicted to win this fixture with **49.0%** confidence."
36,2027-05-15,Liverpool,Brentford,51.4,22.24,26.37,1-1,"• **Team Strength (Elo)**: Matchup is evenly balanced on historical Elo (differential of 30 points).
• **Squad Market Value**: Liverpool has a squad value advantage of €456.2M.
• **Home Advantage**: Liverpool benefits from playing at home (statistically boosts goal-scoring rate by ~22%).

**Prediction Summary**: Liverpool is predicted to win this fixture with **51.4%** confidence."
36,2027-05-15,Coventry,Tottenham,41.83,24.39,33.78,1-1,"• **Team Strength (Elo)**: Matchup is evenly balanced on historical Elo (differential of 4 points).
• **Squad Market Value**: Tottenham has a squad value advantage of €681.1M.
• **Home Advantage**: Coventry benefits from playing at home (statistically boosts goal-scoring rate by ~22%).

**Prediction Summary**: Coventry is predicted to win this fixture with **41.8%** confidence."
36,2027-05-15,Chelsea,Everton,45.23,26.02,28.75,1-1,"• **Team Strength (Elo)**: Matchup is evenly balanced on historical Elo (differential of 24 points).
• **Squad Market Value**: Chelsea has a squad value advantage of €776.9M.
• **Home Advantage**: Chelsea benefits from playing at home (statistically boosts goal-scoring rate by ~22%).

**Prediction Summary**: Chelsea is predicted to win this fixture with **45.2%** confidence."
36,2027-05-15,Aston Villa,Newcastle,45.84,24.19,29.97,1-1,"• **Team Strength (Elo)**: Matchup is evenly balanced on historical Elo (differential of 20 points).
• **Home Advantage**: Aston Villa benefits from playing at home (statistically boosts goal-scoring rate by ~22%).

**Prediction Summary**: Aston Villa is predicted to win this fixture with **45.8%** confidence."
36,2027-05-15,Arsenal,Nott'm Forest,70.18,16.28,13.54,2-0,"• **Team Strength (Elo)**: Arsenal is favored due to a higher Elo rating (differential of 159 points).
• **Squad Market Value**: Arsenal has a squad value advantage of €792.2M.
• **Home Advantage**: Arsenal benefits from playing at home (statistically boosts goal-scoring rate by ~22%).

**Prediction Summary**: Arsenal is predicted to win this fixture with **70.2%** confidence."
36,2027-05-15,Crystal Palace,Brighton,32.21,26.73,41.06,1-1,"• **Team Strength (Elo)**: Brighton is favored due to a higher Elo rating (differential of 63 points).
• **Squad Market Value**: Brighton has a squad value advantage of €137.5M.
• **Home Advantage**: Crystal Palace benefits from playing at home (statistically boosts goal-scoring rate by ~22%).

**Prediction Summary**: Brighton is predicted to win this fixture with **41.1%** confidence."
37,2027-05-23,Tottenham,Man United,26.28,23.12,50.6,1-1,"• **Team Strength (Elo)**: Man United is favored due to a higher Elo rating (differential of 133 points).
• **Home Advantage**: Tottenham benefits from playing at home (statistically boosts goal-scoring rate by ~22%).

**Prediction Summary**: Man United is predicted to win this fixture with **50.6%** confidence."
37,2027-05-23,Nott'm Forest,Ipswich,79.87,13.64,6.49,2-0,"• **Team Strength (Elo)**: Nott'm Forest is favored due to a higher Elo rating (differential of 223 points).
• **Squad Market Value**: Nott'm Forest has a squad value advantage of €299.1M.
• **Home Advantage**: Nott'm Forest benefits from playing at home (statistically boosts goal-scoring rate by ~22%).

**Prediction Summary**: Nott'm Forest is predicted to win this fixture with **79.9%** confidence."
37,2027-05-23,Man City,Aston Villa,46.67,26.48,26.85,1-0,"• **Team Strength (Elo)**: Matchup is evenly balanced on historical Elo (differential of 15 points).
• **Squad Market Value**: Man City has a squad value advantage of €917.8M.
• **Injuries & Availability**: Aston Villa is healthier with 100% availability vs. 80% for the opponent.
• **Home Advantage**: Man City benefits from playing at home (statistically boosts goal-scoring rate by ~22%).

**Prediction Summary**: Man City is predicted to win this fixture with **46.7%** confidence."
37,2027-05-23,Leeds,Sunderland,43.7,26.66,29.64,1-1,"• **Team Strength (Elo)**: Matchup is evenly balanced on historical Elo (differential of 16 points).
• **Home Advantage**: Leeds benefits from playing at home (statistically boosts goal-scoring rate by ~22%).

**Prediction Summary**: Leeds is predicted to win this fixture with **43.7%** confidence."
37,2027-05-23,Newcastle,Crystal Palace,52.36,22.82,24.82,1-1,"• **Team Strength (Elo)**: Newcastle is favored due to a higher Elo rating (differential of 54 points).
• **Home Advantage**: Newcastle benefits from playing at home (statistically boosts goal-scoring rate by ~22%).

**Prediction Summary**: Newcastle is predicted to win this fixture with **52.4%** confidence."
37,2027-05-23,Everton,Arsenal,18.74,20.41,60.84,0-2,"• **Team Strength (Elo)**: Arsenal is favored due to a higher Elo rating (differential of 201 points).
• **Squad Market Value**: Arsenal has a squad value advantage of €856.9M.
• **Home Advantage**: Everton benefits from playing at home (statistically boosts goal-scoring rate by ~22%).

**Prediction Summary**: Arsenal is predicted to win this fixture with **60.8%** confidence."
37,2027-05-23,Brighton,Liverpool,36.8,23.74,39.46,1-1,"• **Team Strength (Elo)**: Matchup is evenly balanced on historical Elo (differential of 47 points).
• **Squad Market Value**: Liverpool has a squad value advantage of €301.5M.
• **Home Advantage**: Brighton benefits from playing at home (statistically boosts goal-scoring rate by ~22%).

**Prediction Summary**: This matchup is highly contested with a close outcome probability. A Draw (23.7%) is a very strong possibility."
37,2027-05-23,Brentford,Hull,55.0,30.09,14.91,0-0,"• **Team Strength (Elo)**: Brentford is favored due to a higher Elo rating (differential of 161 points).
• **Squad Market Value**: Brentford has a squad value advantage of €457.1M.
• **Home Advantage**: Brentford benefits from playing at home (statistically boosts goal-scoring rate by ~22%).

**Prediction Summary**: Brentford is predicted to win this fixture with **55.0%** confidence."
37,2027-05-23,Bournemouth,Chelsea,49.44,24.11,26.45,1-1,"• **Team Strength (Elo)**: Matchup is evenly balanced on historical Elo (differential of 46 points).
• **Squad Market Value**: Chelsea has a squad value advantage of €682.1M.
• **Home Advantage**: Bournemouth benefits from playing at home (statistically boosts goal-scoring rate by ~22%).

**Prediction Summary**: Bournemouth is predicted to win this fixture with **49.4%** confidence."
37,2027-05-23,Fulham,Coventry,48.88,22.01,29.1,2-1,"• **Team Strength (Elo)**: Matchup is evenly balanced on historical Elo (differential of 48 points).
• **Squad Market Value**: Fulham has a squad value advantage of €156.8M.
• **Home Advantage**: Fulham benefits from playing at home (statistically boosts goal-scoring rate by ~22%).

**Prediction Summary**: Fulham is predicted to win this fixture with **48.9%** confidence."
38,2027-05-30,Man United,Fulham,55.18,24.58,20.24,1-1,"• **Team Strength (Elo)**: Man United is favored due to a higher Elo rating (differential of 81 points).
• **Squad Market Value**: Man United has a squad value advantage of €516.3M.
• **Home Advantage**: Man United benefits from playing at home (statistically boosts goal-scoring rate by ~22%).

**Prediction Summary**: Man United is predicted to win this fixture with **55.2%** confidence."
38,2027-05-30,Arsenal,Brighton,69.1,17.16,13.75,2-0,"• **Team Strength (Elo)**: Arsenal is favored due to a higher Elo rating (differential of 156 points).
• **Squad Market Value**: Arsenal has a squad value advantage of €622.0M.
• **Home Advantage**: Arsenal benefits from playing at home (statistically boosts goal-scoring rate by ~22%).

**Prediction Summary**: Arsenal is predicted to win this fixture with **69.1%** confidence."
38,2027-05-30,Aston Villa,Tottenham,61.83,20.57,17.59,1-0,"• **Team Strength (Elo)**: Aston Villa is favored due to a higher Elo rating (differential of 107 points).
• **Squad Market Value**: Tottenham has a squad value advantage of €358.3M.
• **Home Advantage**: Aston Villa benefits from playing at home (statistically boosts goal-scoring rate by ~22%).

**Prediction Summary**: Aston Villa is predicted to win this fixture with **61.8%** confidence."
38,2027-05-30,Chelsea,Brentford,37.67,23.82,38.51,1-1,"• **Team Strength (Elo)**: Matchup is evenly balanced on historical Elo (differential of 37 points).
• **Squad Market Value**: Chelsea has a squad value advantage of €696.7M.
• **Home Advantage**: Chelsea benefits from playing at home (statistically boosts goal-scoring rate by ~22%).

**Prediction Summary**: This matchup is highly contested with a close outcome probability. A Draw (23.8%) is a very strong possibility."
38,2027-05-30,Coventry,Nott'm Forest,36.01,24.25,39.74,1-1,"• **Team Strength (Elo)**: Nott'm Forest is favored due to a higher Elo rating (differential of 83 points).
• **Squad Market Value**: Nott'm Forest has a squad value advantage of €308.5M.
• **Home Advantage**: Coventry benefits from playing at home (statistically boosts goal-scoring rate by ~22%).

**Prediction Summary**: This matchup is highly contested with a close outcome probability. A Draw (24.3%) is a very strong possibility."
38,2027-05-30,Crystal Palace,Leeds,36.51,26.5,36.99,1-1,"• **Team Strength (Elo)**: Matchup is evenly balanced on historical Elo (differential of 21 points).
• **Squad Market Value**: Crystal Palace has a squad value advantage of €186.7M.
• **Home Advantage**: Crystal Palace benefits from playing at home (statistically boosts goal-scoring rate by ~22%).

**Prediction Summary**: This matchup is highly contested with a close outcome probability. A Draw (26.5%) is a very strong possibility."
38,2027-05-30,Hull,Newcastle,12.13,27.94,59.92,0-1,"• **Team Strength (Elo)**: Newcastle is favored due to a higher Elo rating (differential of 152 points).
• **Squad Market Value**: Newcastle has a squad value advantage of €525.6M.
• **Home Advantage**: Hull benefits from playing at home (statistically boosts goal-scoring rate by ~22%).

**Prediction Summary**: Newcastle is predicted to win this fixture with **59.9%** confidence."
38,2027-05-30,Ipswich,Everton,19.25,22.75,58.0,0-1,"• **Team Strength (Elo)**: Everton is favored due to a higher Elo rating (differential of 191 points).
• **Squad Market Value**: Everton has a squad value advantage of €234.4M.
• **Home Advantage**: Ipswich benefits from playing at home (statistically boosts goal-scoring rate by ~22%).

**Prediction Summary**: Everton is predicted to win this fixture with **58.0%** confidence."
38,2027-05-30,Liverpool,Bournemouth,48.16,22.75,29.09,1-1,"• **Team Strength (Elo)**: Matchup is evenly balanced on historical Elo (differential of 20 points).
• **Squad Market Value**: Liverpool has a squad value advantage of €441.6M.
• **Home Advantage**: Liverpool benefits from playing at home (statistically boosts goal-scoring rate by ~22%).

**Prediction Summary**: Liverpool is predicted to win this fixture with **48.2%** confidence."
38,2027-05-30,Sunderland,Man City,25.84,30.12,44.04,0-0,"• **Team Strength (Elo)**: Man City is favored due to a higher Elo rating (differential of 96 points).
• **Squad Market Value**: Man City has a squad value advantage of €1040.8M.
• **Injuries & Availability**: Sunderland is healthier with 100% availability vs. 80% for the opponent.
• **Home Advantage**: Sunderland benefits from playing at home (statistically boosts goal-scoring rate by ~22%).

**Prediction Summary**: Man City is predicted to win this fixture with **44.0%** confidence."
